schema_version,ordinal,pack_status,t_ms,state,mode,line_mask,opp_mask,heading_cdeg,gyro_z_dps10,ax_mg,ay_mg,duty_l_127,duty_r_127,vbat_cv,flags,tick_max_us,raw_hex
1,0,0,0,2,1,0,0,0,0,0,0,0,0,1110,80,0,00000000020100000000000000000000000000005604500000
1,1,0,40,2,1,0,0,0,0,0,0,0,0,1110,80,0,28000000020100000000000000000000000000005604500000
1,2,0,80,2,1,0,0,0,0,0,0,0,0,1110,80,0,50000000020100000000000000000000000000005604500000
1,3,0,120,2,1,0,0,0,0,0,0,0,0,1110,80,0,78000000020100000000000000000000000000005604500000
1,4,0,160,2,1,0,0,0,0,0,0,0,0,1110,80,0,a0000000020100000000000000000000000000005604500000
1,5,0,200,2,1,0,0,0,0,0,0,0,0,1110,80,0,c8000000020100000000000000000000000000005604500000
1,6,0,240,2,1,0,0,0,0,0,0,0,0,1110,80,0,f0000000020100000000000000000000000000005604500000
1,7,0,280,2,1,0,0,0,0,0,0,0,0,1110,80,0,18010000020100000000000000000000000000005604500000
1,8,0,320,2,1,0,0,0,0,0,0,0,0,1110,80,0,40010000020100000000000000000000000000005604500000
1,9,0,360,2,1,0,0,0,0,0,0,0,0,1110,80,0,68010000020100000000000000000000000000005604500000
1,10,0,400,2,1,0,0,0,0,0,0,0,0,1110,80,0,90010000020100000000000000000000000000005604500000
1,11,0,440,2,1,0,0,0,0,0,0,0,0,1110,80,0,b8010000020100000000000000000000000000005604500000
1,12,0,480,2,1,0,0,0,0,0,0,0,0,1110,80,0,e0010000020100000000000000000000000000005604500000
1,13,0,520,2,1,0,0,0,0,0,0,0,0,1110,80,0,08020000020100000000000000000000000000005604500000
1,14,0,560,2,1,0,0,0,0,0,0,0,0,1110,80,0,30020000020100000000000000000000000000005604500000
1,15,0,600,2,1,0,0,0,0,0,0,0,0,1110,80,0,58020000020100000000000000000000000000005604500000
1,16,0,640,2,1,0,0,0,0,0,0,0,0,1110,80,0,80020000020100000000000000000000000000005604500000
1,17,0,680,2,1,0,0,0,0,0,0,0,0,1110,80,0,a8020000020100000000000000000000000000005604500000
1,18,0,720,2,1,0,0,0,0,0,0,0,0,1110,80,0,d0020000020100000000000000000000000000005604500000
1,19,0,760,2,1,0,0,0,0,0,0,0,0,1110,80,0,f8020000020100000000000000000000000000005604500000
1,20,0,800,2,1,0,0,0,0,0,0,0,0,1110,80,0,20030000020100000000000000000000000000005604500000
1,21,0,840,2,1,0,0,0,0,0,0,0,0,1110,80,0,48030000020100000000000000000000000000005604500000
1,22,0,880,2,1,0,0,0,0,0,0,0,0,1110,80,0,70030000020100000000000000000000000000005604500000
1,23,0,920,2,1,0,0,0,0,0,0,0,0,1110,80,0,98030000020100000000000000000000000000005604500000
1,24,0,960,2,1,0,0,0,0,0,0,0,0,1110,80,0,c0030000020100000000000000000000000000005604500000
1,25,0,1000,2,1,0,0,0,0,0,0,0,0,1110,80,0,e8030000020100000000000000000000000000005604500000
1,26,0,1040,2,1,0,0,0,0,0,0,0,0,1110,80,0,10040000020100000000000000000000000000005604500000
1,27,0,1080,2,1,0,0,0,0,0,0,0,0,1110,80,0,38040000020100000000000000000000000000005604500000
1,28,0,1120,2,1,0,0,0,0,0,0,0,0,1110,80,0,60040000020100000000000000000000000000005604500000
1,29,0,1160,2,1,0,0,0,0,0,0,0,0,1110,80,0,88040000020100000000000000000000000000005604500000
1,30,0,1200,2,1,0,0,0,0,0,0,0,0,1110,80,0,b0040000020100000000000000000000000000005604500000
1,31,0,1240,2,1,0,0,0,0,0,0,0,0,1110,80,0,d8040000020100000000000000000000000000005604500000
1,32,0,1280,2,1,0,0,0,0,0,0,0,0,1110,80,0,00050000020100000000000000000000000000005604500000
1,33,0,1320,2,1,0,0,0,0,0,0,0,0,1110,80,0,28050000020100000000000000000000000000005604500000
1,34,0,1360,2,1,0,0,0,0,0,0,0,0,1110,80,0,50050000020100000000000000000000000000005604500000
1,35,0,1400,2,1,0,0,0,0,0,0,0,0,1110,80,0,78050000020100000000000000000000000000005604500000
1,36,0,1440,2,1,0,0,0,0,0,0,0,0,1110,80,0,a0050000020100000000000000000000000000005604500000
1,37,0,1480,2,1,0,0,0,0,0,0,0,0,1110,80,0,c8050000020100000000000000000000000000005604500000
1,38,0,1520,2,1,0,0,0,0,0,0,0,0,1110,80,0,f0050000020100000000000000000000000000005604500000
1,39,0,1560,2,1,0,0,0,0,0,0,0,0,1110,80,0,18060000020100000000000000000000000000005604500000
1,40,0,1600,2,1,0,0,0,0,0,0,0,0,1110,80,0,40060000020100000000000000000000000000005604500000
1,41,0,1640,2,1,0,0,0,0,0,0,0,0,1110,80,0,68060000020100000000000000000000000000005604500000
1,42,0,1680,2,1,0,0,0,0,0,0,0,0,1110,80,0,90060000020100000000000000000000000000005604500000
1,43,0,1720,2,1,0,0,0,0,0,0,0,0,1110,80,0,b8060000020100000000000000000000000000005604500000
1,44,0,1760,2,1,0,0,0,0,0,0,0,0,1110,80,0,e0060000020100000000000000000000000000005604500000
1,45,0,1800,2,1,0,0,0,0,0,0,0,0,1110,80,0,08070000020100000000000000000000000000005604500000
1,46,0,1840,2,1,0,0,0,0,0,0,0,0,1110,80,0,30070000020100000000000000000000000000005604500000
1,47,0,1880,2,1,0,0,0,0,0,0,0,0,1110,80,0,58070000020100000000000000000000000000005604500000
1,48,0,1920,2,1,0,0,0,0,0,0,0,0,1110,80,0,80070000020100000000000000000000000000005604500000
1,49,0,1960,2,1,0,0,0,0,0,0,0,0,1110,80,0,a8070000020100000000000000000000000000005604500000
1,50,0,2000,2,1,0,0,0,0,0,0,0,0,1110,80,0,d0070000020100000000000000000000000000005604500000
1,51,0,2040,2,1,0,0,0,0,0,0,0,0,1110,80,0,f8070000020100000000000000000000000000005604500000
1,52,0,2080,2,1,0,0,0,0,0,0,0,0,1110,80,0,20080000020100000000000000000000000000005604500000
1,53,0,2120,2,1,0,0,0,0,0,0,0,0,1110,80,0,48080000020100000000000000000000000000005604500000
1,54,0,2160,2,1,0,0,0,0,0,0,0,0,1110,80,0,70080000020100000000000000000000000000005604500000
1,55,0,2200,2,1,0,0,0,0,0,0,0,0,1110,80,0,98080000020100000000000000000000000000005604500000
1,56,0,2240,2,1,0,0,0,0,0,0,0,0,1110,80,0,c0080000020100000000000000000000000000005604500000
1,57,0,2280,2,1,0,0,0,0,0,0,0,0,1110,80,0,e8080000020100000000000000000000000000005604500000
1,58,0,2320,2,1,0,0,0,0,0,0,0,0,1110,80,0,10090000020100000000000000000000000000005604500000
1,59,0,2360,2,1,0,0,0,0,0,0,0,0,1110,80,0,38090000020100000000000000000000000000005604500000
1,60,0,2400,2,1,0,0,0,0,0,0,0,0,1110,80,0,60090000020100000000000000000000000000005604500000
1,61,0,2440,2,1,0,0,0,0,0,0,0,0,1110,80,0,88090000020100000000000000000000000000005604500000
1,62,0,2480,2,1,0,0,0,0,0,0,0,0,1110,80,0,b0090000020100000000000000000000000000005604500000
1,63,0,2520,2,1,0,0,0,0,0,0,0,0,1110,80,0,d8090000020100000000000000000000000000005604500000
1,64,0,2560,2,1,0,0,0,0,0,0,0,0,1110,80,0,000a0000020100000000000000000000000000005604500000
1,65,0,2600,2,1,0,0,0,0,0,0,0,0,1110,80,0,280a0000020100000000000000000000000000005604500000
1,66,0,2640,2,1,0,0,0,0,0,0,0,0,1110,80,0,500a0000020100000000000000000000000000005604500000
1,67,0,2680,2,1,0,0,0,0,0,0,0,0,1110,80,0,780a0000020100000000000000000000000000005604500000
1,68,0,2720,2,1,0,0,0,0,0,0,0,0,1110,80,0,a00a0000020100000000000000000000000000005604500000
1,69,0,2760,2,1,0,0,0,0,0,0,0,0,1110,80,0,c80a0000020100000000000000000000000000005604500000
1,70,0,2800,2,1,0,0,0,0,0,0,0,0,1110,80,0,f00a0000020100000000000000000000000000005604500000
1,71,0,2840,2,1,0,0,0,0,0,0,0,0,1110,80,0,180b0000020100000000000000000000000000005604500000
1,72,0,2880,2,1,0,0,0,0,0,0,0,0,1110,80,0,400b0000020100000000000000000000000000005604500000
1,73,0,2920,2,1,0,0,0,0,0,0,0,0,1110,80,0,680b0000020100000000000000000000000000005604500000
1,74,0,2960,2,1,0,0,0,0,0,0,0,0,1110,80,0,900b0000020100000000000000000000000000005604500000
1,75,0,3000,2,1,0,0,0,0,0,0,0,0,1110,80,0,b80b0000020100000000000000000000000000005604500000
1,76,0,3040,2,1,0,0,0,0,0,0,0,0,1110,80,0,e00b0000020100000000000000000000000000005604500000
1,77,0,3080,2,1,0,0,0,0,0,0,0,0,1110,80,0,080c0000020100000000000000000000000000005604500000
1,78,0,3120,2,1,0,0,0,0,0,0,0,0,1110,80,0,300c0000020100000000000000000000000000005604500000
1,79,0,3160,2,1,0,0,0,0,0,0,0,0,1110,80,0,580c0000020100000000000000000000000000005604500000
1,80,0,3200,2,1,0,0,0,0,0,0,0,0,1110,80,0,800c0000020100000000000000000000000000005604500000
1,81,0,3240,2,1,0,0,0,0,0,0,0,0,1110,80,0,a80c0000020100000000000000000000000000005604500000
1,82,0,3280,2,1,0,0,0,0,0,0,0,0,1110,80,0,d00c0000020100000000000000000000000000005604500000
1,83,0,3320,2,1,0,0,0,0,0,0,0,0,1110,80,0,f80c0000020100000000000000000000000000005604500000
1,84,0,3360,2,1,0,0,0,0,0,0,0,0,1110,80,0,200d0000020100000000000000000000000000005604500000
1,85,0,3400,2,1,0,0,0,0,0,0,0,0,1110,80,0,480d0000020100000000000000000000000000005604500000
1,86,0,3440,2,1,0,0,0,0,0,0,0,0,1110,80,0,700d0000020100000000000000000000000000005604500000
1,87,0,3480,2,1,0,0,0,0,0,0,0,0,1110,80,0,980d0000020100000000000000000000000000005604500000
1,88,0,3520,2,1,0,0,0,0,0,0,0,0,1110,80,0,c00d0000020100000000000000000000000000005604500000
1,89,0,3560,2,1,0,0,0,0,0,0,0,0,1110,80,0,e80d0000020100000000000000000000000000005604500000
1,90,0,3600,2,1,0,0,0,0,0,0,0,0,1110,80,0,100e0000020100000000000000000000000000005604500000
1,91,0,3640,2,1,0,0,0,0,0,0,0,0,1110,80,0,380e0000020100000000000000000000000000005604500000
1,92,0,3680,2,1,0,0,0,0,0,0,0,0,1110,80,0,600e0000020100000000000000000000000000005604500000
1,93,0,3720,2,1,0,0,0,0,0,0,0,0,1110,80,0,880e0000020100000000000000000000000000005604500000
1,94,0,3760,2,1,0,0,0,0,0,0,0,0,1110,80,0,b00e0000020100000000000000000000000000005604500000
1,95,0,3800,2,1,0,0,0,0,0,0,0,0,1110,80,0,d80e0000020100000000000000000000000000005604500000
1,96,0,3840,2,1,0,0,0,0,0,0,0,0,1110,80,0,000f0000020100000000000000000000000000005604500000
1,97,0,3880,2,1,0,0,0,0,0,0,0,0,1110,80,0,280f0000020100000000000000000000000000005604500000
1,98,0,3920,2,1,0,0,0,0,0,0,0,0,1110,80,0,500f0000020100000000000000000000000000005604500000
1,99,0,3960,2,1,0,0,0,0,0,0,0,0,1110,80,0,780f0000020100000000000000000000000000005604500000
1,100,0,4000,2,1,0,0,0,0,0,0,0,0,1110,80,0,a00f0000020100000000000000000000000000005604500000
1,101,0,4040,2,1,0,0,0,0,0,0,0,0,1110,80,0,c80f0000020100000000000000000000000000005604500000
1,102,0,4080,2,1,0,0,0,0,0,0,0,0,1110,80,0,f00f0000020100000000000000000000000000005604500000
1,103,0,4120,2,1,0,0,0,0,0,0,0,0,1110,80,0,18100000020100000000000000000000000000005604500000
1,104,0,4160,2,1,0,0,0,0,0,0,0,0,1110,80,0,40100000020100000000000000000000000000005604500000
1,105,0,4200,2,1,0,0,0,0,0,0,0,0,1110,80,0,68100000020100000000000000000000000000005604500000
1,106,0,4240,2,1,0,0,0,0,0,0,0,0,1110,80,0,90100000020100000000000000000000000000005604500000
1,107,0,4280,2,1,0,0,0,0,0,0,0,0,1110,80,0,b8100000020100000000000000000000000000005604500000
1,108,0,4320,2,1,0,0,0,0,0,0,0,0,1110,80,0,e0100000020100000000000000000000000000005604500000
1,109,0,4360,2,1,0,0,0,0,0,0,0,0,1110,80,0,08110000020100000000000000000000000000005604500000
1,110,0,4400,2,1,0,0,0,0,0,0,0,0,1110,80,0,30110000020100000000000000000000000000005604500000
1,111,0,4440,2,1,0,0,0,0,0,0,0,0,1110,80,0,58110000020100000000000000000000000000005604500000
1,112,0,4480,2,1,0,0,0,0,0,0,0,0,1110,80,0,80110000020100000000000000000000000000005604500000
1,113,0,4520,2,1,0,0,0,0,0,0,0,0,1110,88,0,a8110000020100000000000000000000000000005604580000
1,114,0,4560,2,1,0,0,0,0,0,0,0,0,1110,88,0,d0110000020100000000000000000000000000005604580000
1,115,0,4600,2,1,0,0,0,0,0,0,0,0,1110,88,0,f8110000020100000000000000000000000000005604580000
1,116,0,4640,2,1,0,0,0,0,0,0,0,0,1110,88,0,20120000020100000000000000000000000000005604580000
1,117,0,4680,2,1,0,0,0,0,0,0,0,0,1110,88,0,48120000020100000000000000000000000000005604580000
1,118,0,4720,2,1,0,0,0,0,0,0,0,0,1110,88,0,70120000020100000000000000000000000000005604580000
1,119,0,4760,2,1,0,0,0,0,0,0,0,0,1110,88,0,98120000020100000000000000000000000000005604580000
1,120,0,4800,2,1,0,0,0,0,0,0,0,0,1110,88,0,c0120000020100000000000000000000000000005604580000
1,121,0,4840,2,1,0,0,0,0,0,0,0,0,1110,88,0,e8120000020100000000000000000000000000005604580000
1,122,0,4880,2,1,0,0,0,0,0,0,0,0,1110,88,0,10130000020100000000000000000000000000005604580000
1,123,0,4920,2,1,0,0,0,0,0,0,0,0,1110,88,0,38130000020100000000000000000000000000005604580000
1,124,0,4960,2,1,0,0,0,0,0,0,0,0,1110,88,0,60130000020100000000000000000000000000005604580000
1,125,0,5000,2,1,0,0,0,0,0,0,0,0,1110,88,0,88130000020100000000000000000000000000005604580000
1,126,0,5040,2,1,0,0,0,0,0,0,0,0,1110,88,0,b0130000020100000000000000000000000000005604580000
1,127,0,5080,2,1,0,0,0,0,0,0,0,0,1110,88,0,d8130000020100000000000000000000000000005604580000
1,128,0,5120,3,1,0,2,0,0,0,0,0,0,1110,88,0,00140000030100020000000000000000000000005604580000
1,129,0,5160,3,1,0,2,0,0,0,0,0,0,1110,88,0,28140000030100020000000000000000000000005604580000
1,130,0,5200,5,1,0,2,0,0,0,0,0,0,1110,88,0,50140000050100020000000000000000000000005604580000
1,131,0,5240,6,1,0,2,0,0,0,0,0,0,1110,88,0,78140000060100020000000000000000000000005604580000
1,132,0,5280,6,1,0,2,0,0,0,0,0,0,1110,88,0,a0140000060100020000000000000000000000005604580000
1,133,0,5320,6,1,0,2,0,0,0,0,0,0,1110,88,0,c8140000060100020000000000000000000000005604580000
1,134,0,5360,6,1,0,2,0,0,0,0,0,0,1110,88,0,f0140000060100020000000000000000000000005604580000
1,135,0,5400,6,1,0,2,0,0,0,0,0,0,1110,88,0,18150000060100020000000000000000000000005604580000
1,136,0,5440,6,1,0,2,0,0,0,0,0,0,1110,88,0,40150000060100020000000000000000000000005604580000
1,137,0,5480,6,1,0,2,0,0,0,0,0,0,1110,88,0,68150000060100020000000000000000000000005604580000
1,138,0,5520,6,1,0,2,0,0,0,0,0,0,1110,88,0,90150000060100020000000000000000000000005604580000
1,139,0,5560,6,1,0,2,0,0,0,0,0,0,1110,88,0,b8150000060100020000000000000000000000005604580000
1,140,0,5600,6,1,0,2,0,0,0,0,0,0,1110,88,0,e0150000060100020000000000000000000000005604580000
1,141,0,5640,6,1,0,2,0,0,0,0,0,0,1110,88,0,08160000060100020000000000000000000000005604580000
1,142,0,5680,6,1,0,2,0,0,0,0,0,0,1110,88,0,30160000060100020000000000000000000000005604580000
1,143,0,5720,6,1,0,2,0,0,0,0,0,0,1110,88,0,58160000060100020000000000000000000000005604580000
1,144,0,5760,6,1,0,2,0,0,0,0,0,0,1110,88,0,80160000060100020000000000000000000000005604580000
1,145,0,5800,6,1,0,2,0,0,0,0,0,0,1110,88,0,a8160000060100020000000000000000000000005604580000
1,146,0,5840,6,1,0,2,0,0,0,0,0,0,1110,88,0,d0160000060100020000000000000000000000005604580000
1,147,0,5880,6,1,0,2,0,0,0,0,0,0,1110,88,0,f8160000060100020000000000000000000000005604580000
1,148,0,5920,6,1,0,2,0,0,0,0,0,0,1110,88,0,20170000060100020000000000000000000000005604580000
1,149,0,5960,6,1,0,2,0,0,0,0,0,0,1110,88,0,48170000060100020000000000000000000000005604580000
1,150,0,6000,6,1,0,2,0,0,0,0,0,0,1110,88,0,70170000060100020000000000000000000000005604580000
1,151,0,6040,6,1,0,2,0,0,0,0,0,0,1110,88,0,98170000060100020000000000000000000000005604580000
1,152,0,6080,6,1,0,2,0,0,0,0,0,0,1110,88,0,c0170000060100020000000000000000000000005604580000
1,153,0,6120,6,1,0,2,0,0,0,0,0,0,1110,88,0,e8170000060100020000000000000000000000005604580000
1,154,0,6160,6,1,0,2,0,0,0,0,0,0,1110,88,0,10180000060100020000000000000000000000005604580000
1,155,0,6200,6,1,0,2,0,0,0,0,0,0,1110,88,0,38180000060100020000000000000000000000005604580000
1,156,0,6240,6,1,0,2,0,0,0,0,0,0,1110,88,0,60180000060100020000000000000000000000005604580000
1,157,0,6280,6,1,0,2,0,0,0,0,0,0,1110,88,0,88180000060100020000000000000000000000005604580000
1,158,0,6320,6,1,0,2,0,0,0,0,0,0,1110,88,0,b0180000060100020000000000000000000000005604580000
1,159,0,6360,6,1,0,2,0,0,0,0,0,0,1110,88,0,d8180000060100020000000000000000000000005604580000
1,160,0,6400,6,1,0,2,0,0,0,0,0,0,1110,88,0,00190000060100020000000000000000000000005604580000
1,161,0,6440,6,1,0,2,0,0,0,0,0,0,1110,88,0,28190000060100020000000000000000000000005604580000
1,162,0,6480,6,1,0,2,0,0,0,0,0,0,1110,88,0,50190000060100020000000000000000000000005604580000
1,163,0,6520,6,1,0,2,0,0,0,0,0,0,1110,88,0,78190000060100020000000000000000000000005604580000
1,164,0,6560,6,1,0,2,0,0,0,0,0,0,1110,88,0,a0190000060100020000000000000000000000005604580000
1,165,0,6600,6,1,0,2,0,0,0,0,0,0,1110,88,0,c8190000060100020000000000000000000000005604580000
1,166,0,6640,6,1,0,2,0,0,0,0,0,0,1110,88,0,f0190000060100020000000000000000000000005604580000
1,167,0,6680,6,1,0,2,0,0,0,0,0,0,1110,88,0,181a0000060100020000000000000000000000005604580000
1,168,0,6720,6,1,0,2,0,0,0,0,0,0,1110,88,0,401a0000060100020000000000000000000000005604580000
1,169,0,6760,6,1,0,2,0,0,0,0,0,0,1110,88,0,681a0000060100020000000000000000000000005604580000
1,170,0,6800,6,1,0,2,0,0,0,0,0,0,1110,88,0,901a0000060100020000000000000000000000005604580000
1,171,0,6840,6,1,0,2,0,0,0,0,0,0,1110,88,0,b81a0000060100020000000000000000000000005604580000
1,172,0,6880,6,1,0,2,0,0,0,0,0,0,1110,88,0,e01a0000060100020000000000000000000000005604580000
1,173,0,6920,6,1,0,2,0,0,0,0,0,0,1110,88,0,081b0000060100020000000000000000000000005604580000
1,174,0,6960,6,1,0,2,0,0,0,0,0,0,1110,88,0,301b0000060100020000000000000000000000005604580000
1,175,0,7000,6,1,0,2,0,0,0,0,0,0,1110,88,0,581b0000060100020000000000000000000000005604580000
1,176,0,7040,6,1,0,2,0,0,0,0,0,0,1110,88,0,801b0000060100020000000000000000000000005604580000
1,177,0,7080,6,1,0,2,0,0,0,0,0,0,1110,88,0,a81b0000060100020000000000000000000000005604580000
1,178,0,7120,6,1,0,2,0,0,0,0,0,0,1110,88,0,d01b0000060100020000000000000000000000005604580000
1,179,0,7160,6,1,0,2,0,0,0,0,0,0,1110,88,0,f81b0000060100020000000000000000000000005604580000
1,180,0,7200,6,1,0,2,0,0,0,0,0,0,1110,88,0,201c0000060100020000000000000000000000005604580000
1,181,0,7240,6,1,0,2,0,0,0,0,0,0,1110,88,0,481c0000060100020000000000000000000000005604580000
1,182,0,7280,6,1,0,2,0,0,0,0,0,0,1110,88,0,701c0000060100020000000000000000000000005604580000
1,183,0,7320,6,1,0,2,0,0,0,0,0,0,1110,88,0,981c0000060100020000000000000000000000005604580000
1,184,0,7360,6,1,0,2,0,0,0,0,0,0,1110,88,0,c01c0000060100020000000000000000000000005604580000
1,185,0,7400,6,1,0,2,0,0,0,0,0,0,1110,88,0,e81c0000060100020000000000000000000000005604580000
1,186,0,7440,6,1,0,2,0,0,0,0,0,0,1110,88,0,101d0000060100020000000000000000000000005604580000
1,187,0,7480,6,1,0,2,0,0,0,0,0,0,1110,88,0,381d0000060100020000000000000000000000005604580000
1,188,0,7520,6,1,0,2,0,0,0,0,0,0,1110,88,0,601d0000060100020000000000000000000000005604580000
1,189,0,7560,6,1,0,2,0,0,0,0,0,0,1110,88,0,881d0000060100020000000000000000000000005604580000
1,190,0,7600,6,1,0,2,0,0,0,0,0,0,1110,88,0,b01d0000060100020000000000000000000000005604580000
1,191,0,7640,6,1,0,2,0,0,0,0,0,0,1110,88,0,d81d0000060100020000000000000000000000005604580000
1,192,0,7680,6,1,0,2,0,0,0,0,0,0,1110,88,0,001e0000060100020000000000000000000000005604580000
1,193,0,7720,6,1,0,2,0,0,0,0,0,0,1110,88,0,281e0000060100020000000000000000000000005604580000
1,194,0,7760,6,1,0,2,0,0,0,0,0,0,1110,88,0,501e0000060100020000000000000000000000005604580000
1,195,0,7800,6,1,0,2,0,0,0,0,0,0,1110,88,0,781e0000060100020000000000000000000000005604580000
1,196,0,7840,6,1,0,2,0,0,0,0,0,0,1110,88,0,a01e0000060100020000000000000000000000005604580000
1,197,0,7880,6,1,0,2,0,0,0,0,0,0,1110,88,0,c81e0000060100020000000000000000000000005604580000
1,198,0,7920,6,1,0,2,0,0,0,0,0,0,1110,88,0,f01e0000060100020000000000000000000000005604580000
1,199,0,7960,6,1,0,2,0,0,0,0,0,0,1110,88,0,181f0000060100020000000000000000000000005604580000
1,200,0,8000,6,1,0,2,0,0,0,0,0,0,1110,88,0,401f0000060100020000000000000000000000005604580000
1,201,0,8040,6,1,0,2,0,0,0,0,0,0,1110,88,0,681f0000060100020000000000000000000000005604580000
1,202,0,8080,6,1,0,2,0,0,0,0,0,0,1110,88,0,901f0000060100020000000000000000000000005604580000
1,203,0,8120,6,1,0,2,0,0,0,0,0,0,1110,88,0,b81f0000060100020000000000000000000000005604580000
1,204,0,8160,6,1,0,2,0,0,0,0,0,0,1110,88,0,e01f0000060100020000000000000000000000005604580000
1,205,0,8200,6,1,0,2,0,0,0,0,0,0,1110,88,0,08200000060100020000000000000000000000005604580000
1,206,0,8240,6,1,0,2,0,0,0,0,0,0,1110,88,0,30200000060100020000000000000000000000005604580000
1,207,0,8280,6,1,0,2,0,0,0,0,0,0,1110,88,0,58200000060100020000000000000000000000005604580000
1,208,0,8320,6,1,0,2,0,0,0,0,0,0,1110,88,0,80200000060100020000000000000000000000005604580000
1,209,0,8360,6,1,0,2,0,0,0,0,0,0,1110,88,0,a8200000060100020000000000000000000000005604580000
1,210,0,8400,6,1,0,2,0,0,0,0,0,0,1110,88,0,d0200000060100020000000000000000000000005604580000
1,211,0,8440,6,1,0,2,0,0,0,0,0,0,1110,88,0,f8200000060100020000000000000000000000005604580000
1,212,0,8480,6,1,0,2,0,0,0,0,0,0,1110,88,0,20210000060100020000000000000000000000005604580000
1,213,0,8520,6,1,0,2,0,0,0,0,0,0,1110,88,0,48210000060100020000000000000000000000005604580000
1,214,0,8560,6,1,0,2,0,0,0,0,0,0,1110,88,0,70210000060100020000000000000000000000005604580000
1,215,0,8600,6,1,0,2,0,0,0,0,0,0,1110,88,0,98210000060100020000000000000000000000005604580000
1,216,0,8640,6,1,0,2,0,0,0,0,0,0,1110,88,0,c0210000060100020000000000000000000000005604580000
1,217,0,8680,6,1,0,2,0,0,0,0,0,0,1110,88,0,e8210000060100020000000000000000000000005604580000
1,218,0,8720,6,1,0,2,0,0,0,0,0,0,1110,88,0,10220000060100020000000000000000000000005604580000
1,219,0,8760,6,1,0,2,0,0,0,0,0,0,1110,88,0,38220000060100020000000000000000000000005604580000
1,220,0,8800,6,1,0,2,0,0,0,0,0,0,1110,88,0,60220000060100020000000000000000000000005604580000
1,221,0,8840,6,1,0,2,0,0,0,0,0,0,1110,88,0,88220000060100020000000000000000000000005604580000
1,222,0,8880,6,1,0,2,0,0,0,0,0,0,1110,88,0,b0220000060100020000000000000000000000005604580000
1,223,0,8920,6,1,0,2,0,0,0,0,0,0,1110,88,0,d8220000060100020000000000000000000000005604580000
1,224,0,8960,6,1,0,2,0,0,0,0,0,0,1110,88,0,00230000060100020000000000000000000000005604580000
1,225,0,9000,6,1,0,2,0,0,0,0,0,0,1110,88,0,28230000060100020000000000000000000000005604580000
1,226,0,9040,6,1,0,2,0,0,0,0,0,0,1110,88,0,50230000060100020000000000000000000000005604580000
1,227,0,9080,6,1,0,2,0,0,0,0,0,0,1110,88,0,78230000060100020000000000000000000000005604580000
1,228,0,9120,6,1,0,2,0,0,0,0,0,0,1110,88,0,a0230000060100020000000000000000000000005604580000
1,229,0,9160,6,1,0,2,0,0,0,0,0,0,1110,88,0,c8230000060100020000000000000000000000005604580000
1,230,0,9200,6,1,0,2,0,0,0,0,0,0,1110,88,0,f0230000060100020000000000000000000000005604580000
1,231,0,9240,6,1,0,2,0,0,0,0,0,0,1110,88,0,18240000060100020000000000000000000000005604580000
1,232,0,9280,6,1,0,2,0,0,0,0,0,0,1110,88,0,40240000060100020000000000000000000000005604580000
1,233,0,9320,6,1,0,2,0,0,0,0,0,0,1110,88,0,68240000060100020000000000000000000000005604580000
1,234,0,9360,6,1,0,2,0,0,0,0,0,0,1110,88,0,90240000060100020000000000000000000000005604580000
1,235,0,9400,6,1,0,2,0,0,0,0,0,0,1110,88,0,b8240000060100020000000000000000000000005604580000
1,236,0,9440,6,1,0,2,0,0,0,0,0,0,1110,88,0,e0240000060100020000000000000000000000005604580000
1,237,0,9480,6,1,0,2,0,0,0,0,0,0,1110,88,0,08250000060100020000000000000000000000005604580000
1,238,0,9520,6,1,0,2,0,0,0,0,0,0,1110,88,0,30250000060100020000000000000000000000005604580000
1,239,0,9560,6,1,0,2,0,0,0,0,0,0,1110,88,0,58250000060100020000000000000000000000005604580000
1,240,0,9600,6,1,0,2,0,0,0,0,0,0,1110,88,0,80250000060100020000000000000000000000005604580000
1,241,0,9640,6,1,0,2,0,0,0,0,0,0,1110,88,0,a8250000060100020000000000000000000000005604580000
1,242,0,9680,6,1,0,2,0,0,0,0,0,0,1110,88,0,d0250000060100020000000000000000000000005604580000
1,243,0,9720,6,1,0,2,0,0,0,0,0,0,1110,88,0,f8250000060100020000000000000000000000005604580000
1,244,0,9760,6,1,0,2,0,0,0,0,0,0,1110,88,0,20260000060100020000000000000000000000005604580000
1,245,0,9800,6,1,0,2,0,0,0,0,0,0,1110,88,0,48260000060100020000000000000000000000005604580000
1,246,0,9840,6,1,0,2,0,0,0,0,0,0,1110,88,0,70260000060100020000000000000000000000005604580000
1,247,0,9880,6,1,0,2,0,0,0,0,0,0,1110,88,0,98260000060100020000000000000000000000005604580000
1,248,0,9920,6,1,0,2,0,0,0,0,0,0,1110,88,0,c0260000060100020000000000000000000000005604580000
1,249,0,9960,6,1,0,2,0,0,0,0,0,0,1110,88,0,e8260000060100020000000000000000000000005604580000
1,250,0,10000,6,1,0,2,0,0,0,0,0,0,1110,88,0,10270000060100020000000000000000000000005604580000
1,251,0,10040,6,1,0,2,0,0,0,0,0,0,1110,88,0,38270000060100020000000000000000000000005604580000
1,252,0,10080,6,1,0,2,0,0,0,0,0,0,1110,88,0,60270000060100020000000000000000000000005604580000
1,253,0,10120,6,1,0,2,0,0,0,0,0,0,1110,88,0,88270000060100020000000000000000000000005604580000
1,254,0,10160,6,1,0,2,0,0,0,0,0,0,1110,88,0,b0270000060100020000000000000000000000005604580000
1,255,0,10200,6,1,0,2,0,0,0,0,0,0,1110,88,0,d8270000060100020000000000000000000000005604580000
1,256,0,10240,6,1,0,2,0,0,0,0,0,0,1110,88,0,00280000060100020000000000000000000000005604580000
1,257,0,10280,6,1,0,2,0,0,0,0,0,0,1110,88,0,28280000060100020000000000000000000000005604580000
1,258,0,10320,6,1,0,2,0,0,0,0,0,0,1110,88,0,50280000060100020000000000000000000000005604580000
1,259,0,10360,6,1,0,2,0,0,0,0,0,0,1110,88,0,78280000060100020000000000000000000000005604580000
1,260,0,10400,6,1,0,2,0,0,0,0,0,0,1110,88,0,a0280000060100020000000000000000000000005604580000
1,261,0,10440,6,1,0,2,0,0,0,0,0,0,1110,88,0,c8280000060100020000000000000000000000005604580000
1,262,0,10480,6,1,0,2,0,0,0,0,0,0,1110,88,0,f0280000060100020000000000000000000000005604580000
1,263,0,10520,6,1,0,2,0,0,0,0,0,0,1110,88,0,18290000060100020000000000000000000000005604580000
1,264,0,10560,6,1,0,2,0,0,0,0,0,0,1110,88,0,40290000060100020000000000000000000000005604580000
1,265,0,10600,6,1,0,2,0,0,0,0,0,0,1110,88,0,68290000060100020000000000000000000000005604580000
1,266,0,10640,6,1,0,2,0,0,0,0,0,0,1110,88,0,90290000060100020000000000000000000000005604580000
1,267,0,10680,6,1,0,2,0,0,0,0,0,0,1110,88,0,b8290000060100020000000000000000000000005604580000
1,268,0,10720,6,1,0,2,0,0,0,0,0,0,1110,88,0,e0290000060100020000000000000000000000005604580000
1,269,0,10760,6,1,0,2,0,0,0,0,0,0,1110,88,0,082a0000060100020000000000000000000000005604580000
1,270,0,10800,6,1,0,2,0,0,0,0,0,0,1110,88,0,302a0000060100020000000000000000000000005604580000
1,271,0,10840,6,1,0,2,0,0,0,0,0,0,1110,88,0,582a0000060100020000000000000000000000005604580000
1,272,0,10880,6,1,0,2,0,0,0,0,0,0,1110,88,0,802a0000060100020000000000000000000000005604580000
1,273,0,10920,6,1,0,2,0,0,0,0,0,0,1110,88,0,a82a0000060100020000000000000000000000005604580000
1,274,0,10960,6,1,0,2,0,0,0,0,0,0,1110,88,0,d02a0000060100020000000000000000000000005604580000
1,275,0,11000,6,1,0,2,0,0,0,0,0,0,1110,88,0,f82a0000060100020000000000000000000000005604580000
1,276,0,11040,6,1,0,2,0,0,0,0,0,0,1110,88,0,202b0000060100020000000000000000000000005604580000
1,277,0,11080,6,1,0,2,0,0,0,0,0,0,1110,88,0,482b0000060100020000000000000000000000005604580000
1,278,0,11120,6,1,0,2,0,0,0,0,0,0,1110,88,0,702b0000060100020000000000000000000000005604580000
1,279,0,11160,6,1,0,2,0,0,0,0,0,0,1110,88,0,982b0000060100020000000000000000000000005604580000
1,280,0,11200,6,1,0,2,0,0,0,0,0,0,1110,88,0,c02b0000060100020000000000000000000000005604580000
1,281,0,11240,6,1,0,2,0,0,0,0,0,0,1110,88,0,e82b0000060100020000000000000000000000005604580000
1,282,0,11280,6,1,0,2,0,0,0,0,0,0,1110,88,0,102c0000060100020000000000000000000000005604580000
1,283,0,11320,6,1,0,2,0,0,0,0,0,0,1110,88,0,382c0000060100020000000000000000000000005604580000
1,284,0,11360,6,1,0,2,0,0,0,0,0,0,1110,88,0,602c0000060100020000000000000000000000005604580000
1,285,0,11400,6,1,0,2,0,0,0,0,0,0,1110,88,0,882c0000060100020000000000000000000000005604580000
1,286,0,11440,6,1,0,2,0,0,0,0,0,0,1110,88,0,b02c0000060100020000000000000000000000005604580000
1,287,0,11480,6,1,0,2,0,0,0,0,0,0,1110,88,0,d82c0000060100020000000000000000000000005604580000
1,288,0,11520,6,1,0,2,0,0,0,0,0,0,1110,88,0,002d0000060100020000000000000000000000005604580000
1,289,0,11560,6,1,0,2,0,0,0,0,0,0,1110,88,0,282d0000060100020000000000000000000000005604580000
1,290,0,11600,6,1,0,2,0,0,0,0,0,0,1110,88,0,502d0000060100020000000000000000000000005604580000
1,291,0,11640,6,1,0,2,0,0,0,0,0,0,1110,88,0,782d0000060100020000000000000000000000005604580000
1,292,0,11680,6,1,0,2,0,0,0,0,0,0,1110,88,0,a02d0000060100020000000000000000000000005604580000
1,293,0,11720,6,1,0,2,0,0,0,0,0,0,1110,88,0,c82d0000060100020000000000000000000000005604580000
1,294,0,11760,6,1,0,2,0,0,0,0,0,0,1110,88,0,f02d0000060100020000000000000000000000005604580000
1,295,0,11800,6,1,0,2,0,0,0,0,0,0,1110,88,0,182e0000060100020000000000000000000000005604580000
1,296,0,11840,6,1,0,2,0,0,0,0,0,0,1110,88,0,402e0000060100020000000000000000000000005604580000
1,297,0,11880,6,1,0,2,0,0,0,0,0,0,1110,88,0,682e0000060100020000000000000000000000005604580000
1,298,0,11920,6,1,0,2,0,0,0,0,0,0,1110,88,0,902e0000060100020000000000000000000000005604580000
1,299,0,11960,6,1,0,2,0,0,0,0,0,0,1110,88,0,b82e0000060100020000000000000000000000005604580000
1,300,0,12000,6,1,0,2,0,0,0,0,0,0,1110,88,0,e02e0000060100020000000000000000000000005604580000
1,301,0,12040,6,1,0,2,0,0,0,0,0,0,1110,88,0,082f0000060100020000000000000000000000005604580000
1,302,0,12080,6,1,0,2,0,0,0,0,0,0,1110,88,0,302f0000060100020000000000000000000000005604580000
1,303,0,12120,6,1,0,2,0,0,0,0,0,0,1110,88,0,582f0000060100020000000000000000000000005604580000
1,304,0,12160,6,1,0,2,0,0,0,0,0,0,1110,88,0,802f0000060100020000000000000000000000005604580000
1,305,0,12200,6,1,0,2,0,0,0,0,0,0,1110,88,0,a82f0000060100020000000000000000000000005604580000
1,306,0,12240,6,1,0,2,0,0,0,0,0,0,1110,88,0,d02f0000060100020000000000000000000000005604580000
1,307,0,12280,6,1,0,2,0,0,0,0,0,0,1110,88,0,f82f0000060100020000000000000000000000005604580000
1,308,0,12320,6,1,0,2,0,0,0,0,0,0,1110,88,0,20300000060100020000000000000000000000005604580000
1,309,0,12360,6,1,0,2,0,0,0,0,0,0,1110,88,0,48300000060100020000000000000000000000005604580000
1,310,0,12400,6,1,0,2,0,0,0,0,0,0,1110,88,0,70300000060100020000000000000000000000005604580000
1,311,0,12440,6,1,0,2,0,0,0,0,0,0,1110,88,0,98300000060100020000000000000000000000005604580000
1,312,0,12480,6,1,0,2,0,0,0,0,0,0,1110,88,0,c0300000060100020000000000000000000000005604580000
1,313,0,12520,6,1,0,2,0,0,0,0,0,0,1110,88,0,e8300000060100020000000000000000000000005604580000
1,314,0,12560,6,1,0,2,0,0,0,0,0,0,1110,88,0,10310000060100020000000000000000000000005604580000
1,315,0,12600,6,1,0,2,0,0,0,0,0,0,1110,88,0,38310000060100020000000000000000000000005604580000
1,316,0,12640,6,1,0,2,0,0,0,0,0,0,1110,88,0,60310000060100020000000000000000000000005604580000
1,317,0,12680,6,1,0,2,0,0,0,0,0,0,1110,88,0,88310000060100020000000000000000000000005604580000
1,318,0,12720,6,1,0,2,0,0,0,0,0,0,1110,88,0,b0310000060100020000000000000000000000005604580000
1,319,0,12760,6,1,0,2,0,0,0,0,0,0,1110,88,0,d8310000060100020000000000000000000000005604580000
1,320,0,12800,6,1,0,2,0,0,0,0,0,0,1110,88,0,00320000060100020000000000000000000000005604580000
1,321,0,12840,6,1,0,2,0,0,0,0,0,0,1110,88,0,28320000060100020000000000000000000000005604580000
1,322,0,12880,6,1,0,2,0,0,0,0,0,0,1110,88,0,50320000060100020000000000000000000000005604580000
1,323,0,12920,6,1,0,2,0,0,0,0,0,0,1110,88,0,78320000060100020000000000000000000000005604580000
1,324,0,12960,6,1,0,2,0,0,0,0,0,0,1110,88,0,a0320000060100020000000000000000000000005604580000
1,325,0,13000,6,1,0,2,0,0,0,0,0,0,1110,88,0,c8320000060100020000000000000000000000005604580000
1,326,0,13040,6,1,0,2,0,0,0,0,0,0,1110,88,0,f0320000060100020000000000000000000000005604580000
1,327,0,13080,6,1,0,2,0,0,0,0,0,0,1110,88,0,18330000060100020000000000000000000000005604580000
1,328,0,13120,6,1,0,2,0,0,0,0,0,0,1110,88,0,40330000060100020000000000000000000000005604580000
1,329,0,13160,6,1,0,2,0,0,0,0,0,0,1110,88,0,68330000060100020000000000000000000000005604580000
1,330,0,13200,6,1,0,2,0,0,0,0,0,0,1110,88,0,90330000060100020000000000000000000000005604580000
1,331,0,13240,6,1,0,2,0,0,0,0,0,0,1110,88,0,b8330000060100020000000000000000000000005604580000
1,332,0,13280,6,1,0,2,0,0,0,0,0,0,1110,88,0,e0330000060100020000000000000000000000005604580000
1,333,0,13320,6,1,0,2,0,0,0,0,0,0,1110,88,0,08340000060100020000000000000000000000005604580000
1,334,0,13360,6,1,0,2,0,0,0,0,0,0,1110,88,0,30340000060100020000000000000000000000005604580000
1,335,0,13400,6,1,0,2,0,0,0,0,0,0,1110,88,0,58340000060100020000000000000000000000005604580000
1,336,0,13440,6,1,0,2,0,0,0,0,0,0,1110,88,0,80340000060100020000000000000000000000005604580000
1,337,0,13480,6,1,0,2,0,0,0,0,0,0,1110,88,0,a8340000060100020000000000000000000000005604580000
1,338,0,13520,6,1,0,2,0,0,0,0,0,0,1110,88,0,d0340000060100020000000000000000000000005604580000
1,339,0,13560,6,1,0,2,0,0,0,0,0,0,1110,88,0,f8340000060100020000000000000000000000005604580000
1,340,0,13600,6,1,0,2,0,0,0,0,0,0,1110,88,0,20350000060100020000000000000000000000005604580000
1,341,0,13640,6,1,0,2,0,0,0,0,0,0,1110,88,0,48350000060100020000000000000000000000005604580000
1,342,0,13680,6,1,0,2,0,0,0,0,0,0,1110,88,0,70350000060100020000000000000000000000005604580000
1,343,0,13720,6,1,0,2,0,0,0,0,0,0,1110,88,0,98350000060100020000000000000000000000005604580000
1,344,0,13760,6,1,0,2,0,0,0,0,0,0,1110,88,0,c0350000060100020000000000000000000000005604580000
1,345,0,13800,6,1,0,2,0,0,0,0,0,0,1110,88,0,e8350000060100020000000000000000000000005604580000
1,346,0,13840,6,1,0,2,0,0,0,0,0,0,1110,88,0,10360000060100020000000000000000000000005604580000
1,347,0,13880,6,1,0,2,0,0,0,0,0,0,1110,88,0,38360000060100020000000000000000000000005604580000
1,348,0,13920,6,1,0,2,0,0,0,0,0,0,1110,88,0,60360000060100020000000000000000000000005604580000
1,349,0,13960,6,1,0,2,0,0,0,0,0,0,1110,88,0,88360000060100020000000000000000000000005604580000
1,350,0,14000,6,1,0,2,0,0,0,0,0,0,1110,88,0,b0360000060100020000000000000000000000005604580000
1,351,0,14040,6,1,0,2,0,0,0,0,0,0,1110,88,0,d8360000060100020000000000000000000000005604580000
1,352,0,14080,6,1,0,2,0,0,0,0,0,0,1110,88,0,00370000060100020000000000000000000000005604580000
1,353,0,14120,6,1,0,2,0,0,0,0,0,0,1110,88,0,28370000060100020000000000000000000000005604580000
1,354,0,14160,6,1,0,2,0,0,0,0,0,0,1110,88,0,50370000060100020000000000000000000000005604580000
1,355,0,14200,6,1,0,2,0,0,0,0,0,0,1110,88,0,78370000060100020000000000000000000000005604580000
1,356,0,14240,6,1,0,2,0,0,0,0,0,0,1110,88,0,a0370000060100020000000000000000000000005604580000
1,357,0,14280,6,1,0,2,0,0,0,0,0,0,1110,88,0,c8370000060100020000000000000000000000005604580000
1,358,0,14320,6,1,0,2,0,0,0,0,0,0,1110,88,0,f0370000060100020000000000000000000000005604580000
1,359,0,14360,6,1,0,2,0,0,0,0,0,0,1110,88,0,18380000060100020000000000000000000000005604580000
1,360,0,14400,6,1,0,2,0,0,0,0,0,0,1110,88,0,40380000060100020000000000000000000000005604580000
1,361,0,14440,6,1,0,2,0,0,0,0,0,0,1110,88,0,68380000060100020000000000000000000000005604580000
1,362,0,14480,6,1,0,2,0,0,0,0,0,0,1110,88,0,90380000060100020000000000000000000000005604580000
1,363,0,14520,6,1,0,2,0,0,0,0,0,0,1110,88,0,b8380000060100020000000000000000000000005604580000
1,364,0,14560,6,1,0,2,0,0,0,0,0,0,1110,88,0,e0380000060100020000000000000000000000005604580000
1,365,0,14600,6,1,0,2,0,0,0,0,0,0,1110,88,0,08390000060100020000000000000000000000005604580000
1,366,0,14640,6,1,0,2,0,0,0,0,0,0,1110,88,0,30390000060100020000000000000000000000005604580000
1,367,0,14680,6,1,0,2,0,0,0,0,0,0,1110,88,0,58390000060100020000000000000000000000005604580000
1,368,0,14720,6,1,0,2,0,0,0,0,0,0,1110,88,0,80390000060100020000000000000000000000005604580000
1,369,0,14760,6,1,0,2,0,0,0,0,0,0,1110,88,0,a8390000060100020000000000000000000000005604580000
1,370,0,14800,6,1,0,2,0,0,0,0,0,0,1110,88,0,d0390000060100020000000000000000000000005604580000
1,371,0,14840,6,1,0,2,0,0,0,0,0,0,1110,88,0,f8390000060100020000000000000000000000005604580000
1,372,0,14880,6,1,0,2,0,0,0,0,0,0,1110,88,0,203a0000060100020000000000000000000000005604580000
1,373,0,14920,6,1,0,2,0,0,0,0,0,0,1110,88,0,483a0000060100020000000000000000000000005604580000
1,374,0,14960,6,1,0,2,0,0,0,0,0,0,1110,88,0,703a0000060100020000000000000000000000005604580000
1,375,0,15000,6,1,0,2,0,0,0,0,0,0,1110,88,0,983a0000060100020000000000000000000000005604580000
1,376,0,15040,6,1,0,2,0,0,0,0,0,0,1110,88,0,c03a0000060100020000000000000000000000005604580000
1,377,0,15080,6,1,0,2,0,0,0,0,0,0,1110,88,0,e83a0000060100020000000000000000000000005604580000
1,378,0,15120,6,1,0,2,0,0,0,0,0,0,1110,88,0,103b0000060100020000000000000000000000005604580000
1,379,0,15160,6,1,0,2,0,0,0,0,0,0,1110,88,0,383b0000060100020000000000000000000000005604580000
1,380,0,15200,6,1,0,2,0,0,0,0,0,0,1110,88,0,603b0000060100020000000000000000000000005604580000
1,381,0,15240,6,1,0,2,0,0,0,0,0,0,1110,88,0,883b0000060100020000000000000000000000005604580000
1,382,0,15280,6,1,0,2,0,0,0,0,0,0,1110,88,0,b03b0000060100020000000000000000000000005604580000
1,383,0,15320,6,1,0,2,0,0,0,0,0,0,1110,88,0,d83b0000060100020000000000000000000000005604580000
1,384,0,15360,6,1,0,2,0,0,0,0,0,0,1110,88,0,003c0000060100020000000000000000000000005604580000
1,385,0,15400,6,1,0,2,0,0,0,0,0,0,1110,88,0,283c0000060100020000000000000000000000005604580000
1,386,0,15440,6,1,0,2,0,0,0,0,0,0,1110,88,0,503c0000060100020000000000000000000000005604580000
1,387,0,15480,6,1,0,2,0,0,0,0,0,0,1110,88,0,783c0000060100020000000000000000000000005604580000
1,388,0,15520,6,1,0,2,0,0,0,0,0,0,1110,88,0,a03c0000060100020000000000000000000000005604580000
1,389,0,15560,6,1,0,2,0,0,0,0,0,0,1110,88,0,c83c0000060100020000000000000000000000005604580000
1,390,0,15600,6,1,0,2,0,0,0,0,0,0,1110,88,0,f03c0000060100020000000000000000000000005604580000
1,391,0,15640,6,1,0,2,0,0,0,0,0,0,1110,88,0,183d0000060100020000000000000000000000005604580000
1,392,0,15680,6,1,0,2,0,0,0,0,0,0,1110,88,0,403d0000060100020000000000000000000000005604580000
1,393,0,15720,6,1,0,2,0,0,0,0,0,0,1110,88,0,683d0000060100020000000000000000000000005604580000
1,394,0,15760,6,1,0,2,0,0,0,0,0,0,1110,88,0,903d0000060100020000000000000000000000005604580000
1,395,0,15800,6,1,0,2,0,0,0,0,0,0,1110,88,0,b83d0000060100020000000000000000000000005604580000
1,396,0,15840,6,1,0,2,0,0,0,0,0,0,1110,88,0,e03d0000060100020000000000000000000000005604580000
1,397,0,15880,6,1,0,2,0,0,0,0,0,0,1110,88,0,083e0000060100020000000000000000000000005604580000
1,398,0,15920,6,1,0,2,0,0,0,0,0,0,1110,88,0,303e0000060100020000000000000000000000005604580000
1,399,0,15960,6,1,0,2,0,0,0,0,0,0,1110,88,0,583e0000060100020000000000000000000000005604580000
1,400,0,16000,6,1,0,2,0,0,0,0,0,0,1110,88,0,803e0000060100020000000000000000000000005604580000
1,401,0,16040,6,1,0,2,0,0,0,0,0,0,1110,88,0,a83e0000060100020000000000000000000000005604580000
1,402,0,16080,6,1,0,2,0,0,0,0,0,0,1110,88,0,d03e0000060100020000000000000000000000005604580000
1,403,0,16120,6,1,0,2,0,0,0,0,0,0,1110,88,0,f83e0000060100020000000000000000000000005604580000
1,404,0,16160,6,1,0,2,0,0,0,0,0,0,1110,88,0,203f0000060100020000000000000000000000005604580000
1,405,0,16200,6,1,0,2,0,0,0,0,0,0,1110,88,0,483f0000060100020000000000000000000000005604580000
1,406,0,16240,6,1,0,2,0,0,0,0,0,0,1110,88,0,703f0000060100020000000000000000000000005604580000
1,407,0,16280,6,1,0,2,0,0,0,0,0,0,1110,88,0,983f0000060100020000000000000000000000005604580000
1,408,0,16320,6,1,0,2,0,0,0,0,0,0,1110,88,0,c03f0000060100020000000000000000000000005604580000
1,409,0,16360,6,1,0,2,0,0,0,0,0,0,1110,88,0,e83f0000060100020000000000000000000000005604580000
1,410,0,16400,6,1,0,2,0,0,0,0,0,0,1110,88,0,10400000060100020000000000000000000000005604580000
1,411,0,16440,6,1,0,2,0,0,0,0,0,0,1110,88,0,38400000060100020000000000000000000000005604580000
1,412,0,16480,6,1,0,2,0,0,0,0,0,0,1110,88,0,60400000060100020000000000000000000000005604580000
1,413,0,16520,6,1,0,2,0,0,0,0,0,0,1110,88,0,88400000060100020000000000000000000000005604580000
1,414,0,16560,6,1,0,2,0,0,0,0,0,0,1110,88,0,b0400000060100020000000000000000000000005604580000
1,415,0,16600,6,1,0,2,0,0,0,0,0,0,1110,88,0,d8400000060100020000000000000000000000005604580000
1,416,0,16640,6,1,0,2,0,0,0,0,0,0,1110,88,0,00410000060100020000000000000000000000005604580000
1,417,0,16680,6,1,0,2,0,0,0,0,0,0,1110,88,0,28410000060100020000000000000000000000005604580000
1,418,0,16720,6,1,0,2,0,0,0,0,0,0,1110,88,0,50410000060100020000000000000000000000005604580000
1,419,0,16760,6,1,0,2,0,0,0,0,0,0,1110,88,0,78410000060100020000000000000000000000005604580000
1,420,0,16800,6,1,0,2,0,0,0,0,0,0,1110,88,0,a0410000060100020000000000000000000000005604580000
1,421,0,16840,6,1,0,2,0,0,0,0,0,0,1110,88,0,c8410000060100020000000000000000000000005604580000
1,422,0,16880,6,1,0,2,0,0,0,0,0,0,1110,88,0,f0410000060100020000000000000000000000005604580000
1,423,0,16920,6,1,0,2,0,0,0,0,0,0,1110,88,0,18420000060100020000000000000000000000005604580000
1,424,0,16960,6,1,0,2,0,0,0,0,0,0,1110,88,0,40420000060100020000000000000000000000005604580000
1,425,0,17000,6,1,0,2,0,0,0,0,0,0,1110,88,0,68420000060100020000000000000000000000005604580000
1,426,0,17040,6,1,0,2,0,0,0,0,0,0,1110,88,0,90420000060100020000000000000000000000005604580000
1,427,0,17080,6,1,0,2,0,0,0,0,0,0,1110,88,0,b8420000060100020000000000000000000000005604580000
1,428,0,17120,6,1,0,2,0,0,0,0,0,0,1110,88,0,e0420000060100020000000000000000000000005604580000
1,429,0,17160,6,1,0,2,0,0,0,0,0,0,1110,88,0,08430000060100020000000000000000000000005604580000
1,430,0,17200,6,1,0,2,0,0,0,0,0,0,1110,88,0,30430000060100020000000000000000000000005604580000
1,431,0,17240,6,1,0,2,0,0,0,0,0,0,1110,88,0,58430000060100020000000000000000000000005604580000
1,432,0,17280,6,1,0,2,0,0,0,0,0,0,1110,88,0,80430000060100020000000000000000000000005604580000
1,433,0,17320,6,1,0,2,0,0,0,0,0,0,1110,88,0,a8430000060100020000000000000000000000005604580000
1,434,0,17360,6,1,0,2,0,0,0,0,0,0,1110,88,0,d0430000060100020000000000000000000000005604580000
1,435,0,17400,6,1,0,2,0,0,0,0,0,0,1110,88,0,f8430000060100020000000000000000000000005604580000
1,436,0,17440,6,1,0,2,0,0,0,0,0,0,1110,88,0,20440000060100020000000000000000000000005604580000
1,437,0,17480,6,1,0,2,0,0,0,0,0,0,1110,88,0,48440000060100020000000000000000000000005604580000
1,438,0,17520,6,1,0,2,0,0,0,0,0,0,1110,88,0,70440000060100020000000000000000000000005604580000
1,439,0,17560,6,1,0,2,0,0,0,0,0,0,1110,88,0,98440000060100020000000000000000000000005604580000
1,440,0,17600,6,1,0,2,0,0,0,0,0,0,1110,88,0,c0440000060100020000000000000000000000005604580000
1,441,0,17640,6,1,0,2,0,0,0,0,0,0,1110,88,0,e8440000060100020000000000000000000000005604580000
1,442,0,17680,6,1,0,2,0,0,0,0,0,0,1110,88,0,10450000060100020000000000000000000000005604580000
1,443,0,17720,6,1,0,2,0,0,0,0,0,0,1110,88,0,38450000060100020000000000000000000000005604580000
1,444,0,17760,6,1,0,2,0,0,0,0,0,0,1110,88,0,60450000060100020000000000000000000000005604580000
1,445,0,17800,6,1,0,2,0,0,0,0,0,0,1110,88,0,88450000060100020000000000000000000000005604580000
1,446,0,17840,6,1,0,2,0,0,0,0,0,0,1110,88,0,b0450000060100020000000000000000000000005604580000
1,447,0,17880,6,1,0,2,0,0,0,0,0,0,1110,88,0,d8450000060100020000000000000000000000005604580000
1,448,0,17920,6,1,0,2,0,0,0,0,0,0,1110,88,0,00460000060100020000000000000000000000005604580000
1,449,0,17960,6,1,0,2,0,0,0,0,0,0,1110,88,0,28460000060100020000000000000000000000005604580000
1,450,0,18000,6,1,0,2,0,0,0,0,0,0,1110,88,0,50460000060100020000000000000000000000005604580000
1,451,0,18040,6,1,0,2,0,0,0,0,0,0,1110,88,0,78460000060100020000000000000000000000005604580000
1,452,0,18080,6,1,0,2,0,0,0,0,0,0,1110,88,0,a0460000060100020000000000000000000000005604580000
1,453,0,18120,6,1,0,2,0,0,0,0,0,0,1110,88,0,c8460000060100020000000000000000000000005604580000
1,454,0,18160,6,1,0,2,0,0,0,0,0,0,1110,88,0,f0460000060100020000000000000000000000005604580000
1,455,0,18200,6,1,0,2,0,0,0,0,0,0,1110,88,0,18470000060100020000000000000000000000005604580000
1,456,0,18240,6,1,0,2,0,0,0,0,0,0,1110,88,0,40470000060100020000000000000000000000005604580000
1,457,0,18280,6,1,0,2,0,0,0,0,0,0,1110,88,0,68470000060100020000000000000000000000005604580000
1,458,0,18320,6,1,0,2,0,0,0,0,0,0,1110,88,0,90470000060100020000000000000000000000005604580000
1,459,0,18360,6,1,0,2,0,0,0,0,0,0,1110,88,0,b8470000060100020000000000000000000000005604580000
1,460,0,18400,6,1,0,2,0,0,0,0,0,0,1110,88,0,e0470000060100020000000000000000000000005604580000
1,461,0,18440,6,1,0,2,0,0,0,0,0,0,1110,88,0,08480000060100020000000000000000000000005604580000
1,462,0,18480,6,1,0,2,0,0,0,0,0,0,1110,88,0,30480000060100020000000000000000000000005604580000
1,463,0,18520,6,1,0,2,0,0,0,0,0,0,1110,88,0,58480000060100020000000000000000000000005604580000
1,464,0,18560,6,1,0,2,0,0,0,0,0,0,1110,88,0,80480000060100020000000000000000000000005604580000
1,465,0,18600,6,1,0,2,0,0,0,0,0,0,1110,88,0,a8480000060100020000000000000000000000005604580000
1,466,0,18640,6,1,0,2,0,0,0,0,0,0,1110,88,0,d0480000060100020000000000000000000000005604580000
1,467,0,18680,6,1,0,2,0,0,0,0,0,0,1110,88,0,f8480000060100020000000000000000000000005604580000
1,468,0,18720,6,1,0,2,0,0,0,0,0,0,1110,88,0,20490000060100020000000000000000000000005604580000
1,469,0,18760,6,1,0,2,0,0,0,0,0,0,1110,88,0,48490000060100020000000000000000000000005604580000
1,470,0,18800,6,1,0,2,0,0,0,0,0,0,1110,88,0,70490000060100020000000000000000000000005604580000
1,471,0,18840,6,1,0,2,0,0,0,0,0,0,1110,88,0,98490000060100020000000000000000000000005604580000
1,472,0,18880,6,1,0,2,0,0,0,0,0,0,1110,88,0,c0490000060100020000000000000000000000005604580000
1,473,0,18920,6,1,0,2,0,0,0,0,0,0,1110,88,0,e8490000060100020000000000000000000000005604580000
1,474,0,18960,6,1,0,2,0,0,0,0,0,0,1110,88,0,104a0000060100020000000000000000000000005604580000
1,475,0,19000,6,1,0,2,0,0,0,0,0,0,1110,88,0,384a0000060100020000000000000000000000005604580000
1,476,0,19040,6,1,0,2,0,0,0,0,0,0,1110,88,0,604a0000060100020000000000000000000000005604580000
1,477,0,19080,6,1,0,2,0,0,0,0,0,0,1110,88,0,884a0000060100020000000000000000000000005604580000
1,478,0,19120,6,1,0,2,0,0,0,0,0,0,1110,88,0,b04a0000060100020000000000000000000000005604580000
1,479,0,19160,6,1,0,2,0,0,0,0,0,0,1110,88,0,d84a0000060100020000000000000000000000005604580000
1,480,0,19200,6,1,0,2,0,0,0,0,0,0,1110,88,0,004b0000060100020000000000000000000000005604580000
1,481,0,19240,6,1,0,2,0,0,0,0,0,0,1110,88,0,284b0000060100020000000000000000000000005604580000
1,482,0,19280,6,1,0,2,0,0,0,0,0,0,1110,88,0,504b0000060100020000000000000000000000005604580000
1,483,0,19320,6,1,0,2,0,0,0,0,0,0,1110,88,0,784b0000060100020000000000000000000000005604580000
1,484,0,19360,6,1,0,2,0,0,0,0,0,0,1110,88,0,a04b0000060100020000000000000000000000005604580000
1,485,0,19400,6,1,0,2,0,0,0,0,0,0,1110,88,0,c84b0000060100020000000000000000000000005604580000
1,486,0,19440,6,1,0,2,0,0,0,0,0,0,1110,88,0,f04b0000060100020000000000000000000000005604580000
1,487,0,19480,6,1,0,2,0,0,0,0,0,0,1110,88,0,184c0000060100020000000000000000000000005604580000
1,488,0,19520,6,1,0,2,0,0,0,0,0,0,1110,88,0,404c0000060100020000000000000000000000005604580000
1,489,0,19560,6,1,0,2,0,0,0,0,0,0,1110,88,0,684c0000060100020000000000000000000000005604580000
1,490,0,19600,6,1,0,2,0,0,0,0,0,0,1110,88,0,904c0000060100020000000000000000000000005604580000
1,491,0,19640,6,1,0,2,0,0,0,0,0,0,1110,88,0,b84c0000060100020000000000000000000000005604580000
1,492,0,19680,6,1,0,2,0,0,0,0,0,0,1110,88,0,e04c0000060100020000000000000000000000005604580000
1,493,0,19720,6,1,0,2,0,0,0,0,0,0,1110,88,0,084d0000060100020000000000000000000000005604580000
1,494,0,19760,6,1,0,2,0,0,0,0,0,0,1110,88,0,304d0000060100020000000000000000000000005604580000
1,495,0,19800,6,1,0,2,0,0,0,0,0,0,1110,88,0,584d0000060100020000000000000000000000005604580000
1,496,0,19840,6,1,0,2,0,0,0,0,0,0,1110,88,0,804d0000060100020000000000000000000000005604580000
1,497,0,19880,6,1,0,2,0,0,0,0,0,0,1110,88,0,a84d0000060100020000000000000000000000005604580000
1,498,0,19920,6,1,0,2,0,0,0,0,0,0,1110,88,0,d04d0000060100020000000000000000000000005604580000
1,499,0,19960,6,1,0,2,0,0,0,0,0,0,1110,88,0,f84d0000060100020000000000000000000000005604580000
1,500,0,20000,6,1,0,2,0,0,0,0,0,0,1110,88,0,204e0000060100020000000000000000000000005604580000
1,501,0,20040,6,1,0,2,0,0,0,0,0,0,1110,88,0,484e0000060100020000000000000000000000005604580000
1,502,0,20080,6,1,0,2,0,0,0,0,0,0,1110,88,0,704e0000060100020000000000000000000000005604580000
1,503,0,20120,6,1,0,2,0,0,0,0,0,0,1110,88,0,984e0000060100020000000000000000000000005604580000
1,504,0,20160,6,1,0,2,0,0,0,0,0,0,1110,88,0,c04e0000060100020000000000000000000000005604580000
1,505,0,20200,6,1,0,2,0,0,0,0,0,0,1110,88,0,e84e0000060100020000000000000000000000005604580000
1,506,0,20240,6,1,0,2,0,0,0,0,0,0,1110,88,0,104f0000060100020000000000000000000000005604580000
1,507,0,20280,6,1,0,2,0,0,0,0,0,0,1110,88,0,384f0000060100020000000000000000000000005604580000
1,508,0,20320,6,1,0,2,0,0,0,0,0,0,1110,88,0,604f0000060100020000000000000000000000005604580000
1,509,0,20360,6,1,0,2,0,0,0,0,0,0,1110,88,0,884f0000060100020000000000000000000000005604580000
1,510,0,20400,6,1,0,2,0,0,0,0,0,0,1110,88,0,b04f0000060100020000000000000000000000005604580000
1,511,0,20440,6,1,0,2,0,0,0,0,0,0,1110,88,0,d84f0000060100020000000000000000000000005604580000
1,512,0,20480,6,1,0,2,0,0,0,0,0,0,1110,88,0,00500000060100020000000000000000000000005604580000
1,513,0,20520,6,1,0,2,0,0,0,0,0,0,1110,88,0,28500000060100020000000000000000000000005604580000
1,514,0,20560,6,1,0,2,0,0,0,0,0,0,1110,88,0,50500000060100020000000000000000000000005604580000
1,515,0,20600,6,1,0,2,0,0,0,0,0,0,1110,88,0,78500000060100020000000000000000000000005604580000
1,516,0,20640,6,1,0,2,0,0,0,0,0,0,1110,88,0,a0500000060100020000000000000000000000005604580000
1,517,0,20680,6,1,0,2,0,0,0,0,0,0,1110,88,0,c8500000060100020000000000000000000000005604580000
1,518,0,20720,6,1,0,2,0,0,0,0,0,0,1110,88,0,f0500000060100020000000000000000000000005604580000
1,519,0,20760,6,1,0,2,0,0,0,0,0,0,1110,88,0,18510000060100020000000000000000000000005604580000
1,520,0,20800,6,1,0,2,0,0,0,0,0,0,1110,88,0,40510000060100020000000000000000000000005604580000
1,521,0,20840,6,1,0,2,0,0,0,0,0,0,1110,88,0,68510000060100020000000000000000000000005604580000
1,522,0,20880,6,1,0,2,0,0,0,0,0,0,1110,88,0,90510000060100020000000000000000000000005604580000
1,523,0,20920,6,1,0,2,0,0,0,0,0,0,1110,88,0,b8510000060100020000000000000000000000005604580000
1,524,0,20960,6,1,0,2,0,0,0,0,0,0,1110,88,0,e0510000060100020000000000000000000000005604580000
1,525,0,21000,6,1,0,2,0,0,0,0,0,0,1110,88,0,08520000060100020000000000000000000000005604580000
1,526,0,21040,6,1,0,2,0,0,0,0,0,0,1110,88,0,30520000060100020000000000000000000000005604580000
1,527,0,21080,6,1,0,2,0,0,0,0,0,0,1110,88,0,58520000060100020000000000000000000000005604580000
1,528,0,21120,6,1,0,2,0,0,0,0,0,0,1110,88,0,80520000060100020000000000000000000000005604580000
1,529,0,21160,6,1,0,2,0,0,0,0,0,0,1110,88,0,a8520000060100020000000000000000000000005604580000
1,530,0,21200,6,1,0,2,0,0,0,0,0,0,1110,88,0,d0520000060100020000000000000000000000005604580000
1,531,0,21240,6,1,0,2,0,0,0,0,0,0,1110,88,0,f8520000060100020000000000000000000000005604580000
1,532,0,21280,6,1,0,2,0,0,0,0,0,0,1110,88,0,20530000060100020000000000000000000000005604580000
1,533,0,21320,6,1,0,2,0,0,0,0,0,0,1110,88,0,48530000060100020000000000000000000000005604580000
1,534,0,21360,6,1,0,2,0,0,0,0,0,0,1110,88,0,70530000060100020000000000000000000000005604580000
1,535,0,21400,6,1,0,2,0,0,0,0,0,0,1110,88,0,98530000060100020000000000000000000000005604580000
1,536,0,21440,6,1,0,2,0,0,0,0,0,0,1110,88,0,c0530000060100020000000000000000000000005604580000
1,537,0,21480,6,1,0,2,0,0,0,0,0,0,1110,88,0,e8530000060100020000000000000000000000005604580000
1,538,0,21520,6,1,0,2,0,0,0,0,0,0,1110,88,0,10540000060100020000000000000000000000005604580000
1,539,0,21560,6,1,0,2,0,0,0,0,0,0,1110,88,0,38540000060100020000000000000000000000005604580000
1,540,0,21600,6,1,0,2,0,0,0,0,0,0,1110,88,0,60540000060100020000000000000000000000005604580000
1,541,0,21640,6,1,0,2,0,0,0,0,0,0,1110,88,0,88540000060100020000000000000000000000005604580000
1,542,0,21680,6,1,0,2,0,0,0,0,0,0,1110,88,0,b0540000060100020000000000000000000000005604580000
1,543,0,21720,6,1,0,2,0,0,0,0,0,0,1110,88,0,d8540000060100020000000000000000000000005604580000
1,544,0,21760,6,1,0,2,0,0,0,0,0,0,1110,88,0,00550000060100020000000000000000000000005604580000
1,545,0,21800,6,1,0,2,0,0,0,0,0,0,1110,88,0,28550000060100020000000000000000000000005604580000
1,546,0,21840,6,1,0,2,0,0,0,0,0,0,1110,88,0,50550000060100020000000000000000000000005604580000
1,547,0,21880,6,1,0,2,0,0,0,0,0,0,1110,88,0,78550000060100020000000000000000000000005604580000
1,548,0,21920,6,1,0,2,0,0,0,0,0,0,1110,88,0,a0550000060100020000000000000000000000005604580000
1,549,0,21960,6,1,0,2,0,0,0,0,0,0,1110,88,0,c8550000060100020000000000000000000000005604580000
1,550,0,22000,6,1,0,2,0,0,0,0,0,0,1110,88,0,f0550000060100020000000000000000000000005604580000
1,551,0,22040,6,1,0,2,0,0,0,0,0,0,1110,88,0,18560000060100020000000000000000000000005604580000
1,552,0,22080,6,1,0,2,0,0,0,0,0,0,1110,88,0,40560000060100020000000000000000000000005604580000
1,553,0,22120,6,1,0,2,0,0,0,0,0,0,1110,88,0,68560000060100020000000000000000000000005604580000
1,554,0,22160,6,1,0,2,0,0,0,0,0,0,1110,88,0,90560000060100020000000000000000000000005604580000
1,555,0,22200,6,1,0,2,0,0,0,0,0,0,1110,88,0,b8560000060100020000000000000000000000005604580000
1,556,0,22240,6,1,0,2,0,0,0,0,0,0,1110,88,0,e0560000060100020000000000000000000000005604580000
1,557,0,22280,6,1,0,2,0,0,0,0,0,0,1110,88,0,08570000060100020000000000000000000000005604580000
1,558,0,22320,6,1,0,2,0,0,0,0,0,0,1110,88,0,30570000060100020000000000000000000000005604580000
1,559,0,22360,6,1,0,2,0,0,0,0,0,0,1110,88,0,58570000060100020000000000000000000000005604580000
1,560,0,22400,6,1,0,2,0,0,0,0,0,0,1110,88,0,80570000060100020000000000000000000000005604580000
1,561,0,22440,6,1,0,2,0,0,0,0,0,0,1110,88,0,a8570000060100020000000000000000000000005604580000
1,562,0,22480,6,1,0,2,0,0,0,0,0,0,1110,88,0,d0570000060100020000000000000000000000005604580000
1,563,0,22520,6,1,0,2,0,0,0,0,0,0,1110,88,0,f8570000060100020000000000000000000000005604580000
1,564,0,22560,6,1,0,2,0,0,0,0,0,0,1110,88,0,20580000060100020000000000000000000000005604580000
1,565,0,22600,6,1,0,2,0,0,0,0,0,0,1110,88,0,48580000060100020000000000000000000000005604580000
1,566,0,22640,6,1,0,2,0,0,0,0,0,0,1110,88,0,70580000060100020000000000000000000000005604580000
1,567,0,22680,6,1,0,2,0,0,0,0,0,0,1110,88,0,98580000060100020000000000000000000000005604580000
1,568,0,22720,6,1,0,2,0,0,0,0,0,0,1110,88,0,c0580000060100020000000000000000000000005604580000
1,569,0,22760,6,1,0,2,0,0,0,0,0,0,1110,88,0,e8580000060100020000000000000000000000005604580000
1,570,0,22800,6,1,0,2,0,0,0,0,0,0,1110,88,0,10590000060100020000000000000000000000005604580000
1,571,0,22840,6,1,0,2,0,0,0,0,0,0,1110,88,0,38590000060100020000000000000000000000005604580000
1,572,0,22880,6,1,0,2,0,0,0,0,0,0,1110,88,0,60590000060100020000000000000000000000005604580000
1,573,0,22920,6,1,0,2,0,0,0,0,0,0,1110,88,0,88590000060100020000000000000000000000005604580000
1,574,0,22960,6,1,0,2,0,0,0,0,0,0,1110,88,0,b0590000060100020000000000000000000000005604580000
1,575,0,23000,6,1,0,2,0,0,0,0,0,0,1110,88,0,d8590000060100020000000000000000000000005604580000
1,576,0,23040,6,1,0,2,0,0,0,0,0,0,1110,88,0,005a0000060100020000000000000000000000005604580000
1,577,0,23080,6,1,0,2,0,0,0,0,0,0,1110,88,0,285a0000060100020000000000000000000000005604580000
1,578,0,23120,6,1,0,2,0,0,0,0,0,0,1110,88,0,505a0000060100020000000000000000000000005604580000
1,579,0,23160,6,1,0,2,0,0,0,0,0,0,1110,88,0,785a0000060100020000000000000000000000005604580000
1,580,0,23200,6,1,0,2,0,0,0,0,0,0,1110,88,0,a05a0000060100020000000000000000000000005604580000
1,581,0,23240,6,1,0,2,0,0,0,0,0,0,1110,88,0,c85a0000060100020000000000000000000000005604580000
1,582,0,23280,6,1,0,2,0,0,0,0,0,0,1110,88,0,f05a0000060100020000000000000000000000005604580000
1,583,0,23320,6,1,0,2,0,0,0,0,0,0,1110,88,0,185b0000060100020000000000000000000000005604580000
1,584,0,23360,6,1,0,2,0,0,0,0,0,0,1110,88,0,405b0000060100020000000000000000000000005604580000
1,585,0,23400,6,1,0,2,0,0,0,0,0,0,1110,88,0,685b0000060100020000000000000000000000005604580000
1,586,0,23440,6,1,0,2,0,0,0,0,0,0,1110,88,0,905b0000060100020000000000000000000000005604580000
1,587,0,23480,6,1,0,2,0,0,0,0,0,0,1110,88,0,b85b0000060100020000000000000000000000005604580000
1,588,0,23520,6,1,0,2,0,0,0,0,0,0,1110,88,0,e05b0000060100020000000000000000000000005604580000
1,589,0,23560,6,1,0,2,0,0,0,0,0,0,1110,88,0,085c0000060100020000000000000000000000005604580000
1,590,0,23600,6,1,0,2,0,0,0,0,0,0,1110,88,0,305c0000060100020000000000000000000000005604580000
1,591,0,23640,6,1,0,2,0,0,0,0,0,0,1110,88,0,585c0000060100020000000000000000000000005604580000
1,592,0,23680,6,1,0,2,0,0,0,0,0,0,1110,88,0,805c0000060100020000000000000000000000005604580000
1,593,0,23720,6,1,0,2,0,0,0,0,0,0,1110,88,0,a85c0000060100020000000000000000000000005604580000
1,594,0,23760,6,1,0,2,0,0,0,0,0,0,1110,88,0,d05c0000060100020000000000000000000000005604580000
1,595,0,23800,6,1,0,2,0,0,0,0,0,0,1110,88,0,f85c0000060100020000000000000000000000005604580000
1,596,0,23840,6,1,0,2,0,0,0,0,0,0,1110,88,0,205d0000060100020000000000000000000000005604580000
1,597,0,23880,6,1,0,2,0,0,0,0,0,0,1110,88,0,485d0000060100020000000000000000000000005604580000
1,598,0,23920,6,1,0,2,0,0,0,0,0,0,1110,88,0,705d0000060100020000000000000000000000005604580000
1,599,0,23960,6,1,0,2,0,0,0,0,0,0,1110,88,0,985d0000060100020000000000000000000000005604580000
1,600,0,24000,6,1,0,2,0,0,0,0,0,0,1110,88,0,c05d0000060100020000000000000000000000005604580000
1,601,0,24040,6,1,0,2,0,0,0,0,0,0,1110,88,0,e85d0000060100020000000000000000000000005604580000
1,602,0,24080,6,1,0,2,0,0,0,0,0,0,1110,88,0,105e0000060100020000000000000000000000005604580000
1,603,0,24120,6,1,0,2,0,0,0,0,0,0,1110,88,0,385e0000060100020000000000000000000000005604580000
1,604,0,24160,6,1,0,2,0,0,0,0,0,0,1110,88,0,605e0000060100020000000000000000000000005604580000
1,605,0,24200,6,1,0,2,0,0,0,0,0,0,1110,88,0,885e0000060100020000000000000000000000005604580000
1,606,0,24240,6,1,0,2,0,0,0,0,0,0,1110,88,0,b05e0000060100020000000000000000000000005604580000
1,607,0,24280,6,1,0,2,0,0,0,0,0,0,1110,88,0,d85e0000060100020000000000000000000000005604580000
1,608,0,24320,6,1,0,2,0,0,0,0,0,0,1110,88,0,005f0000060100020000000000000000000000005604580000
1,609,0,24360,6,1,0,2,0,0,0,0,0,0,1110,88,0,285f0000060100020000000000000000000000005604580000
1,610,0,24400,6,1,0,2,0,0,0,0,0,0,1110,88,0,505f0000060100020000000000000000000000005604580000
1,611,0,24440,6,1,0,2,0,0,0,0,0,0,1110,88,0,785f0000060100020000000000000000000000005604580000
1,612,0,24480,6,1,0,2,0,0,0,0,0,0,1110,88,0,a05f0000060100020000000000000000000000005604580000
1,613,0,24520,6,1,0,2,0,0,0,0,0,0,1110,88,0,c85f0000060100020000000000000000000000005604580000
1,614,0,24560,6,1,0,2,0,0,0,0,0,0,1110,88,0,f05f0000060100020000000000000000000000005604580000
1,615,0,24600,6,1,0,2,0,0,0,0,0,0,1110,88,0,18600000060100020000000000000000000000005604580000
1,616,0,24640,6,1,0,2,0,0,0,0,0,0,1110,88,0,40600000060100020000000000000000000000005604580000
1,617,0,24680,6,1,0,2,0,0,0,0,0,0,1110,88,0,68600000060100020000000000000000000000005604580000
1,618,0,24720,6,1,0,2,0,0,0,0,0,0,1110,88,0,90600000060100020000000000000000000000005604580000
1,619,0,24760,6,1,0,2,0,0,0,0,0,0,1110,88,0,b8600000060100020000000000000000000000005604580000
1,620,0,24800,6,1,0,2,0,0,0,0,0,0,1110,88,0,e0600000060100020000000000000000000000005604580000
1,621,0,24840,6,1,0,2,0,0,0,0,0,0,1110,88,0,08610000060100020000000000000000000000005604580000
1,622,0,24880,6,1,0,2,0,0,0,0,0,0,1110,88,0,30610000060100020000000000000000000000005604580000
1,623,0,24920,6,1,0,2,0,0,0,0,0,0,1110,88,0,58610000060100020000000000000000000000005604580000
1,624,0,24960,6,1,0,2,0,0,0,0,0,0,1110,88,0,80610000060100020000000000000000000000005604580000
1,625,0,25000,6,1,0,2,0,0,0,0,0,0,1110,88,0,a8610000060100020000000000000000000000005604580000
1,626,0,25040,6,1,0,2,0,0,0,0,0,0,1110,88,0,d0610000060100020000000000000000000000005604580000
1,627,0,25080,6,1,0,2,0,0,0,0,0,0,1110,88,0,f8610000060100020000000000000000000000005604580000
1,628,0,25120,6,1,0,2,0,0,0,0,0,0,1110,88,0,20620000060100020000000000000000000000005604580000
1,629,0,25160,6,1,0,2,0,0,0,0,0,0,1110,88,0,48620000060100020000000000000000000000005604580000
1,630,0,25200,6,1,0,2,0,0,0,0,0,0,1110,88,0,70620000060100020000000000000000000000005604580000
1,631,0,25240,6,1,0,2,0,0,0,0,0,0,1110,88,0,98620000060100020000000000000000000000005604580000
1,632,0,25280,6,1,0,2,0,0,0,0,0,0,1110,88,0,c0620000060100020000000000000000000000005604580000
1,633,0,25320,6,1,0,2,0,0,0,0,0,0,1110,88,0,e8620000060100020000000000000000000000005604580000
1,634,0,25360,6,1,0,2,0,0,0,0,0,0,1110,88,0,10630000060100020000000000000000000000005604580000
1,635,0,25400,6,1,0,2,0,0,0,0,0,0,1110,88,0,38630000060100020000000000000000000000005604580000
1,636,0,25440,6,1,0,2,0,0,0,0,0,0,1110,88,0,60630000060100020000000000000000000000005604580000
1,637,0,25480,6,1,0,2,0,0,0,0,0,0,1110,88,0,88630000060100020000000000000000000000005604580000
1,638,0,25520,6,1,0,2,0,0,0,0,0,0,1110,88,0,b0630000060100020000000000000000000000005604580000
1,639,0,25560,6,1,0,2,0,0,0,0,0,0,1110,88,0,d8630000060100020000000000000000000000005604580000
1,640,0,25600,6,1,0,2,0,0,0,0,0,0,1110,88,0,00640000060100020000000000000000000000005604580000
1,641,0,25640,6,1,0,2,0,0,0,0,0,0,1110,88,0,28640000060100020000000000000000000000005604580000
1,642,0,25680,6,1,0,2,0,0,0,0,0,0,1110,88,0,50640000060100020000000000000000000000005604580000
1,643,0,25720,6,1,0,2,0,0,0,0,0,0,1110,88,0,78640000060100020000000000000000000000005604580000
1,644,0,25760,6,1,0,2,0,0,0,0,0,0,1110,88,0,a0640000060100020000000000000000000000005604580000
1,645,0,25800,6,1,0,2,0,0,0,0,0,0,1110,88,0,c8640000060100020000000000000000000000005604580000
1,646,0,25840,6,1,0,2,0,0,0,0,0,0,1110,88,0,f0640000060100020000000000000000000000005604580000
1,647,0,25880,6,1,0,2,0,0,0,0,0,0,1110,88,0,18650000060100020000000000000000000000005604580000
1,648,0,25920,6,1,0,2,0,0,0,0,0,0,1110,88,0,40650000060100020000000000000000000000005604580000
1,649,0,25960,6,1,0,2,0,0,0,0,0,0,1110,88,0,68650000060100020000000000000000000000005604580000
1,650,0,26000,6,1,0,2,0,0,0,0,0,0,1110,88,0,90650000060100020000000000000000000000005604580000
1,651,0,26040,6,1,0,2,0,0,0,0,0,0,1110,88,0,b8650000060100020000000000000000000000005604580000
1,652,0,26080,6,1,0,2,0,0,0,0,0,0,1110,88,0,e0650000060100020000000000000000000000005604580000
1,653,0,26120,6,1,0,2,0,0,0,0,0,0,1110,88,0,08660000060100020000000000000000000000005604580000
1,654,0,26160,6,1,0,2,0,0,0,0,0,0,1110,88,0,30660000060100020000000000000000000000005604580000
1,655,0,26200,6,1,0,2,0,0,0,0,0,0,1110,88,0,58660000060100020000000000000000000000005604580000
1,656,0,26240,6,1,0,2,0,0,0,0,0,0,1110,88,0,80660000060100020000000000000000000000005604580000
1,657,0,26280,6,1,0,2,0,0,0,0,0,0,1110,88,0,a8660000060100020000000000000000000000005604580000
1,658,0,26320,6,1,0,2,0,0,0,0,0,0,1110,88,0,d0660000060100020000000000000000000000005604580000
1,659,0,26360,6,1,0,2,0,0,0,0,0,0,1110,88,0,f8660000060100020000000000000000000000005604580000
1,660,0,26400,6,1,0,2,0,0,0,0,0,0,1110,88,0,20670000060100020000000000000000000000005604580000
1,661,0,26440,6,1,0,2,0,0,0,0,0,0,1110,88,0,48670000060100020000000000000000000000005604580000
1,662,0,26480,6,1,0,2,0,0,0,0,0,0,1110,88,0,70670000060100020000000000000000000000005604580000
1,663,0,26520,6,1,0,2,0,0,0,0,0,0,1110,88,0,98670000060100020000000000000000000000005604580000
1,664,0,26560,6,1,0,2,0,0,0,0,0,0,1110,88,0,c0670000060100020000000000000000000000005604580000
1,665,0,26600,6,1,0,2,0,0,0,0,0,0,1110,88,0,e8670000060100020000000000000000000000005604580000
1,666,0,26640,6,1,0,2,0,0,0,0,0,0,1110,88,0,10680000060100020000000000000000000000005604580000
1,667,0,26680,6,1,0,2,0,0,0,0,0,0,1110,88,0,38680000060100020000000000000000000000005604580000
1,668,0,26720,6,1,0,2,0,0,0,0,0,0,1110,88,0,60680000060100020000000000000000000000005604580000
1,669,0,26760,6,1,0,2,0,0,0,0,0,0,1110,88,0,88680000060100020000000000000000000000005604580000
1,670,0,26800,6,1,0,2,0,0,0,0,0,0,1110,88,0,b0680000060100020000000000000000000000005604580000
1,671,0,26840,6,1,0,2,0,0,0,0,0,0,1110,88,0,d8680000060100020000000000000000000000005604580000
1,672,0,26880,6,1,0,2,0,0,0,0,0,0,1110,88,0,00690000060100020000000000000000000000005604580000
1,673,0,26920,6,1,0,2,0,0,0,0,0,0,1110,88,0,28690000060100020000000000000000000000005604580000
1,674,0,26960,6,1,0,2,0,0,0,0,0,0,1110,88,0,50690000060100020000000000000000000000005604580000
1,675,0,27000,6,1,0,2,0,0,0,0,0,0,1110,88,0,78690000060100020000000000000000000000005604580000
1,676,0,27040,6,1,0,2,0,0,0,0,0,0,1110,88,0,a0690000060100020000000000000000000000005604580000
1,677,0,27080,6,1,0,2,0,0,0,0,0,0,1110,88,0,c8690000060100020000000000000000000000005604580000
1,678,0,27120,6,1,0,2,0,0,0,0,0,0,1110,88,0,f0690000060100020000000000000000000000005604580000
1,679,0,27160,6,1,0,2,0,0,0,0,0,0,1110,88,0,186a0000060100020000000000000000000000005604580000
1,680,0,27200,6,1,0,2,0,0,0,0,0,0,1110,88,0,406a0000060100020000000000000000000000005604580000
1,681,0,27240,6,1,0,2,0,0,0,0,0,0,1110,88,0,686a0000060100020000000000000000000000005604580000
1,682,0,27280,6,1,0,2,0,0,0,0,0,0,1110,88,0,906a0000060100020000000000000000000000005604580000
1,683,0,27320,6,1,0,2,0,0,0,0,0,0,1110,88,0,b86a0000060100020000000000000000000000005604580000
1,684,0,27360,6,1,0,2,0,0,0,0,0,0,1110,88,0,e06a0000060100020000000000000000000000005604580000
1,685,0,27400,6,1,0,2,0,0,0,0,0,0,1110,88,0,086b0000060100020000000000000000000000005604580000
1,686,0,27440,6,1,0,2,0,0,0,0,0,0,1110,88,0,306b0000060100020000000000000000000000005604580000
1,687,0,27480,6,1,0,2,0,0,0,0,0,0,1110,88,0,586b0000060100020000000000000000000000005604580000
1,688,0,27520,6,1,0,2,0,0,0,0,0,0,1110,88,0,806b0000060100020000000000000000000000005604580000
1,689,0,27560,6,1,0,2,0,0,0,0,0,0,1110,88,0,a86b0000060100020000000000000000000000005604580000
1,690,0,27600,6,1,0,2,0,0,0,0,0,0,1110,88,0,d06b0000060100020000000000000000000000005604580000
1,691,0,27640,6,1,0,2,0,0,0,0,0,0,1110,88,0,f86b0000060100020000000000000000000000005604580000
1,692,0,27680,6,1,0,2,0,0,0,0,0,0,1110,88,0,206c0000060100020000000000000000000000005604580000
1,693,0,27720,6,1,0,2,0,0,0,0,0,0,1110,88,0,486c0000060100020000000000000000000000005604580000
1,694,0,27760,6,1,0,2,0,0,0,0,0,0,1110,88,0,706c0000060100020000000000000000000000005604580000
1,695,0,27800,6,1,0,2,0,0,0,0,0,0,1110,88,0,986c0000060100020000000000000000000000005604580000
1,696,0,27840,6,1,0,2,0,0,0,0,0,0,1110,88,0,c06c0000060100020000000000000000000000005604580000
1,697,0,27880,6,1,0,2,0,0,0,0,0,0,1110,88,0,e86c0000060100020000000000000000000000005604580000
1,698,0,27920,6,1,0,2,0,0,0,0,0,0,1110,88,0,106d0000060100020000000000000000000000005604580000
1,699,0,27960,6,1,0,2,0,0,0,0,0,0,1110,88,0,386d0000060100020000000000000000000000005604580000
1,700,0,28000,6,1,0,2,0,0,0,0,0,0,1110,88,0,606d0000060100020000000000000000000000005604580000
1,701,0,28040,6,1,0,2,0,0,0,0,0,0,1110,88,0,886d0000060100020000000000000000000000005604580000
1,702,0,28080,6,1,0,2,0,0,0,0,0,0,1110,88,0,b06d0000060100020000000000000000000000005604580000
1,703,0,28120,6,1,0,2,0,0,0,0,0,0,1110,88,0,d86d0000060100020000000000000000000000005604580000
1,704,0,28160,6,1,0,2,0,0,0,0,0,0,1110,88,0,006e0000060100020000000000000000000000005604580000
1,705,0,28200,6,1,0,2,0,0,0,0,0,0,1110,88,0,286e0000060100020000000000000000000000005604580000
1,706,0,28240,6,1,0,2,0,0,0,0,0,0,1110,88,0,506e0000060100020000000000000000000000005604580000
1,707,0,28280,6,1,0,2,0,0,0,0,0,0,1110,88,0,786e0000060100020000000000000000000000005604580000
1,708,0,28320,6,1,0,2,0,0,0,0,0,0,1110,88,0,a06e0000060100020000000000000000000000005604580000
1,709,0,28360,6,1,0,2,0,0,0,0,0,0,1110,88,0,c86e0000060100020000000000000000000000005604580000
1,710,0,28400,6,1,0,2,0,0,0,0,0,0,1110,88,0,f06e0000060100020000000000000000000000005604580000
1,711,0,28440,6,1,0,2,0,0,0,0,0,0,1110,88,0,186f0000060100020000000000000000000000005604580000
1,712,0,28480,6,1,0,2,0,0,0,0,0,0,1110,88,0,406f0000060100020000000000000000000000005604580000
1,713,0,28520,6,1,0,2,0,0,0,0,0,0,1110,88,0,686f0000060100020000000000000000000000005604580000
1,714,0,28560,6,1,0,2,0,0,0,0,0,0,1110,88,0,906f0000060100020000000000000000000000005604580000
1,715,0,28600,6,1,0,2,0,0,0,0,0,0,1110,88,0,b86f0000060100020000000000000000000000005604580000
1,716,0,28640,6,1,0,2,0,0,0,0,0,0,1110,88,0,e06f0000060100020000000000000000000000005604580000
1,717,0,28680,6,1,0,2,0,0,0,0,0,0,1110,88,0,08700000060100020000000000000000000000005604580000
1,718,0,28720,6,1,0,2,0,0,0,0,0,0,1110,88,0,30700000060100020000000000000000000000005604580000
1,719,0,28760,6,1,0,2,0,0,0,0,0,0,1110,88,0,58700000060100020000000000000000000000005604580000
1,720,0,28800,6,1,0,2,0,0,0,0,0,0,1110,88,0,80700000060100020000000000000000000000005604580000
1,721,0,28840,6,1,0,2,0,0,0,0,0,0,1110,88,0,a8700000060100020000000000000000000000005604580000
1,722,0,28880,6,1,0,2,0,0,0,0,0,0,1110,88,0,d0700000060100020000000000000000000000005604580000
1,723,0,28920,6,1,0,2,0,0,0,0,0,0,1110,88,0,f8700000060100020000000000000000000000005604580000
1,724,0,28960,6,1,0,2,0,0,0,0,0,0,1110,88,0,20710000060100020000000000000000000000005604580000
1,725,0,29000,6,1,0,2,0,0,0,0,0,0,1110,88,0,48710000060100020000000000000000000000005604580000
1,726,0,29040,6,1,0,2,0,0,0,0,0,0,1110,88,0,70710000060100020000000000000000000000005604580000
1,727,0,29080,6,1,0,2,0,0,0,0,0,0,1110,88,0,98710000060100020000000000000000000000005604580000
1,728,0,29120,6,1,0,2,0,0,0,0,0,0,1110,88,0,c0710000060100020000000000000000000000005604580000
1,729,0,29160,6,1,0,2,0,0,0,0,0,0,1110,88,0,e8710000060100020000000000000000000000005604580000
1,730,0,29200,6,1,0,2,0,0,0,0,0,0,1110,88,0,10720000060100020000000000000000000000005604580000
1,731,0,29240,6,1,0,2,0,0,0,0,0,0,1110,88,0,38720000060100020000000000000000000000005604580000
1,732,0,29280,6,1,0,2,0,0,0,0,0,0,1110,88,0,60720000060100020000000000000000000000005604580000
1,733,0,29320,6,1,0,2,0,0,0,0,0,0,1110,88,0,88720000060100020000000000000000000000005604580000
1,734,0,29360,6,1,0,2,0,0,0,0,0,0,1110,88,0,b0720000060100020000000000000000000000005604580000
1,735,0,29400,6,1,0,2,0,0,0,0,0,0,1110,88,0,d8720000060100020000000000000000000000005604580000
1,736,0,29440,6,1,0,2,0,0,0,0,0,0,1110,88,0,00730000060100020000000000000000000000005604580000
1,737,0,29480,6,1,0,2,0,0,0,0,0,0,1110,88,0,28730000060100020000000000000000000000005604580000
1,738,0,29520,6,1,0,2,0,0,0,0,0,0,1110,88,0,50730000060100020000000000000000000000005604580000
1,739,0,29560,6,1,0,2,0,0,0,0,0,0,1110,88,0,78730000060100020000000000000000000000005604580000
1,740,0,29600,6,1,0,2,0,0,0,0,0,0,1110,88,0,a0730000060100020000000000000000000000005604580000
1,741,0,29640,6,1,0,2,0,0,0,0,0,0,1110,88,0,c8730000060100020000000000000000000000005604580000
1,742,0,29680,6,1,0,2,0,0,0,0,0,0,1110,88,0,f0730000060100020000000000000000000000005604580000
1,743,0,29720,6,1,0,2,0,0,0,0,0,0,1110,88,0,18740000060100020000000000000000000000005604580000
1,744,0,29760,6,1,0,2,0,0,0,0,0,0,1110,88,0,40740000060100020000000000000000000000005604580000
1,745,0,29800,6,1,0,2,0,0,0,0,0,0,1110,88,0,68740000060100020000000000000000000000005604580000
1,746,0,29840,6,1,0,2,0,0,0,0,0,0,1110,88,0,90740000060100020000000000000000000000005604580000
1,747,0,29880,6,1,0,2,0,0,0,0,0,0,1110,88,0,b8740000060100020000000000000000000000005604580000
1,748,0,29920,6,1,0,2,0,0,0,0,0,0,1110,88,0,e0740000060100020000000000000000000000005604580000
1,749,0,29960,6,1,0,2,0,0,0,0,0,0,1110,88,0,08750000060100020000000000000000000000005604580000
1,750,0,30000,6,1,0,2,0,0,0,0,0,0,1110,88,0,30750000060100020000000000000000000000005604580000
1,751,0,30040,6,1,0,2,0,0,0,0,0,0,1110,88,0,58750000060100020000000000000000000000005604580000
1,752,0,30080,6,1,0,2,0,0,0,0,0,0,1110,88,0,80750000060100020000000000000000000000005604580000
1,753,0,30120,6,1,0,2,0,0,0,0,0,0,1110,88,0,a8750000060100020000000000000000000000005604580000
1,754,0,30160,6,1,0,2,0,0,0,0,0,0,1110,88,0,d0750000060100020000000000000000000000005604580000
1,755,0,30200,6,1,0,2,0,0,0,0,0,0,1110,88,0,f8750000060100020000000000000000000000005604580000
1,756,0,30240,6,1,0,2,0,0,0,0,0,0,1110,88,0,20760000060100020000000000000000000000005604580000
1,757,0,30280,6,1,0,2,0,0,0,0,0,0,1110,88,0,48760000060100020000000000000000000000005604580000
1,758,0,30320,6,1,0,2,0,0,0,0,0,0,1110,88,0,70760000060100020000000000000000000000005604580000
1,759,0,30360,6,1,0,2,0,0,0,0,0,0,1110,88,0,98760000060100020000000000000000000000005604580000
1,760,0,30400,6,1,0,2,0,0,0,0,0,0,1110,88,0,c0760000060100020000000000000000000000005604580000
1,761,0,30440,6,1,0,2,0,0,0,0,0,0,1110,88,0,e8760000060100020000000000000000000000005604580000
1,762,0,30480,6,1,0,2,0,0,0,0,0,0,1110,88,0,10770000060100020000000000000000000000005604580000
1,763,0,30520,6,1,0,2,0,0,0,0,0,0,1110,88,0,38770000060100020000000000000000000000005604580000
1,764,0,30560,6,1,0,2,0,0,0,0,0,0,1110,88,0,60770000060100020000000000000000000000005604580000
1,765,0,30600,6,1,0,2,0,0,0,0,0,0,1110,88,0,88770000060100020000000000000000000000005604580000
1,766,0,30640,6,1,0,2,0,0,0,0,0,0,1110,88,0,b0770000060100020000000000000000000000005604580000
1,767,0,30680,6,1,0,2,0,0,0,0,0,0,1110,88,0,d8770000060100020000000000000000000000005604580000
1,768,0,30720,6,1,0,2,0,0,0,0,0,0,1110,88,0,00780000060100020000000000000000000000005604580000
1,769,0,30760,6,1,0,2,0,0,0,0,0,0,1110,88,0,28780000060100020000000000000000000000005604580000
1,770,0,30800,6,1,0,2,0,0,0,0,0,0,1110,88,0,50780000060100020000000000000000000000005604580000
1,771,0,30840,6,1,0,2,0,0,0,0,0,0,1110,88,0,78780000060100020000000000000000000000005604580000
1,772,0,30880,6,1,0,2,0,0,0,0,0,0,1110,88,0,a0780000060100020000000000000000000000005604580000
1,773,0,30920,6,1,0,2,0,0,0,0,0,0,1110,88,0,c8780000060100020000000000000000000000005604580000
1,774,0,30960,6,1,0,2,0,0,0,0,0,0,1110,88,0,f0780000060100020000000000000000000000005604580000
1,775,0,31000,6,1,0,2,0,0,0,0,0,0,1110,88,0,18790000060100020000000000000000000000005604580000
1,776,0,31040,6,1,0,2,0,0,0,0,0,0,1110,88,0,40790000060100020000000000000000000000005604580000
1,777,0,31080,6,1,0,2,0,0,0,0,0,0,1110,88,0,68790000060100020000000000000000000000005604580000
1,778,0,31120,6,1,0,2,0,0,0,0,0,0,1110,88,0,90790000060100020000000000000000000000005604580000
1,779,0,31160,6,1,0,2,0,0,0,0,0,0,1110,88,0,b8790000060100020000000000000000000000005604580000
1,780,0,31200,6,1,0,2,0,0,0,0,0,0,1110,88,0,e0790000060100020000000000000000000000005604580000
1,781,0,31240,6,1,0,2,0,0,0,0,0,0,1110,88,0,087a0000060100020000000000000000000000005604580000
1,782,0,31280,6,1,0,2,0,0,0,0,0,0,1110,88,0,307a0000060100020000000000000000000000005604580000
1,783,0,31320,6,1,0,2,0,0,0,0,0,0,1110,88,0,587a0000060100020000000000000000000000005604580000
1,784,0,31360,6,1,0,2,0,0,0,0,0,0,1110,88,0,807a0000060100020000000000000000000000005604580000
1,785,0,31400,6,1,0,2,0,0,0,0,0,0,1110,88,0,a87a0000060100020000000000000000000000005604580000
1,786,0,31440,6,1,0,2,0,0,0,0,0,0,1110,88,0,d07a0000060100020000000000000000000000005604580000
1,787,0,31480,6,1,0,2,0,0,0,0,0,0,1110,88,0,f87a0000060100020000000000000000000000005604580000
1,788,0,31520,6,1,0,2,0,0,0,0,0,0,1110,88,0,207b0000060100020000000000000000000000005604580000
1,789,0,31560,6,1,0,2,0,0,0,0,0,0,1110,88,0,487b0000060100020000000000000000000000005604580000
1,790,0,31600,6,1,0,2,0,0,0,0,0,0,1110,88,0,707b0000060100020000000000000000000000005604580000
1,791,0,31640,6,1,0,2,0,0,0,0,0,0,1110,88,0,987b0000060100020000000000000000000000005604580000
1,792,0,31680,6,1,0,2,0,0,0,0,0,0,1110,88,0,c07b0000060100020000000000000000000000005604580000
1,793,0,31720,6,1,0,2,0,0,0,0,0,0,1110,88,0,e87b0000060100020000000000000000000000005604580000
1,794,0,31760,6,1,0,2,0,0,0,0,0,0,1110,88,0,107c0000060100020000000000000000000000005604580000
1,795,0,31800,6,1,0,2,0,0,0,0,0,0,1110,88,0,387c0000060100020000000000000000000000005604580000
1,796,0,31840,6,1,0,2,0,0,0,0,0,0,1110,88,0,607c0000060100020000000000000000000000005604580000
1,797,0,31880,6,1,0,2,0,0,0,0,0,0,1110,88,0,887c0000060100020000000000000000000000005604580000
1,798,0,31920,6,1,0,2,0,0,0,0,0,0,1110,88,0,b07c0000060100020000000000000000000000005604580000
1,799,0,31960,6,1,0,2,0,0,0,0,0,0,1110,88,0,d87c0000060100020000000000000000000000005604580000
1,800,0,32000,6,1,0,2,0,0,0,0,0,0,1110,88,0,007d0000060100020000000000000000000000005604580000
1,801,0,32040,6,1,0,2,0,0,0,0,0,0,1110,88,0,287d0000060100020000000000000000000000005604580000
1,802,0,32080,6,1,0,2,0,0,0,0,0,0,1110,88,0,507d0000060100020000000000000000000000005604580000
1,803,0,32120,6,1,0,2,0,0,0,0,0,0,1110,88,0,787d0000060100020000000000000000000000005604580000
1,804,0,32160,6,1,0,2,0,0,0,0,0,0,1110,88,0,a07d0000060100020000000000000000000000005604580000
1,805,0,32200,6,1,0,2,0,0,0,0,0,0,1110,88,0,c87d0000060100020000000000000000000000005604580000
1,806,0,32240,6,1,0,2,0,0,0,0,0,0,1110,88,0,f07d0000060100020000000000000000000000005604580000
1,807,0,32280,6,1,0,2,0,0,0,0,0,0,1110,88,0,187e0000060100020000000000000000000000005604580000
1,808,0,32320,6,1,0,2,0,0,0,0,0,0,1110,88,0,407e0000060100020000000000000000000000005604580000
1,809,0,32360,6,1,0,2,0,0,0,0,0,0,1110,88,0,687e0000060100020000000000000000000000005604580000
1,810,0,32400,6,1,0,2,0,0,0,0,0,0,1110,88,0,907e0000060100020000000000000000000000005604580000
1,811,0,32440,6,1,0,2,0,0,0,0,0,0,1110,88,0,b87e0000060100020000000000000000000000005604580000
1,812,0,32480,6,1,0,2,0,0,0,0,0,0,1110,88,0,e07e0000060100020000000000000000000000005604580000
1,813,0,32520,6,1,0,2,0,0,0,0,0,0,1110,88,0,087f0000060100020000000000000000000000005604580000
1,814,0,32560,6,1,0,2,0,0,0,0,0,0,1110,88,0,307f0000060100020000000000000000000000005604580000
1,815,0,32600,6,1,0,2,0,0,0,0,0,0,1110,88,0,587f0000060100020000000000000000000000005604580000
1,816,0,32640,6,1,0,2,0,0,0,0,0,0,1110,88,0,807f0000060100020000000000000000000000005604580000
1,817,0,32680,6,1,0,2,0,0,0,0,0,0,1110,88,0,a87f0000060100020000000000000000000000005604580000
1,818,0,32720,6,1,0,2,0,0,0,0,0,0,1110,88,0,d07f0000060100020000000000000000000000005604580000
1,819,0,32760,6,1,0,2,0,0,0,0,0,0,1110,88,0,f87f0000060100020000000000000000000000005604580000
1,820,0,32800,6,1,0,2,0,0,0,0,0,0,1110,88,0,20800000060100020000000000000000000000005604580000
1,821,0,32840,6,1,0,2,0,0,0,0,0,0,1110,88,0,48800000060100020000000000000000000000005604580000
1,822,0,32880,6,1,0,2,0,0,0,0,0,0,1110,88,0,70800000060100020000000000000000000000005604580000
1,823,0,32920,6,1,0,2,0,0,0,0,0,0,1110,88,0,98800000060100020000000000000000000000005604580000
1,824,0,32960,6,1,0,2,0,0,0,0,0,0,1110,88,0,c0800000060100020000000000000000000000005604580000
1,825,0,33000,6,1,0,2,0,0,0,0,0,0,1110,88,0,e8800000060100020000000000000000000000005604580000
1,826,0,33040,6,1,0,2,0,0,0,0,0,0,1110,88,0,10810000060100020000000000000000000000005604580000
1,827,0,33080,6,1,0,2,0,0,0,0,0,0,1110,88,0,38810000060100020000000000000000000000005604580000
1,828,0,33120,6,1,0,2,0,0,0,0,0,0,1110,88,0,60810000060100020000000000000000000000005604580000
1,829,0,33160,6,1,0,2,0,0,0,0,0,0,1110,88,0,88810000060100020000000000000000000000005604580000
1,830,0,33200,6,1,0,2,0,0,0,0,0,0,1110,88,0,b0810000060100020000000000000000000000005604580000
1,831,0,33240,6,1,0,2,0,0,0,0,0,0,1110,88,0,d8810000060100020000000000000000000000005604580000
1,832,0,33280,6,1,0,2,0,0,0,0,0,0,1110,88,0,00820000060100020000000000000000000000005604580000
1,833,0,33320,6,1,0,2,0,0,0,0,0,0,1110,88,0,28820000060100020000000000000000000000005604580000
1,834,0,33360,6,1,0,2,0,0,0,0,0,0,1110,88,0,50820000060100020000000000000000000000005604580000
1,835,0,33400,6,1,0,2,0,0,0,0,0,0,1110,88,0,78820000060100020000000000000000000000005604580000
1,836,0,33440,6,1,0,2,0,0,0,0,0,0,1110,88,0,a0820000060100020000000000000000000000005604580000
1,837,0,33480,6,1,0,2,0,0,0,0,0,0,1110,88,0,c8820000060100020000000000000000000000005604580000
1,838,0,33520,6,1,0,2,0,0,0,0,0,0,1110,88,0,f0820000060100020000000000000000000000005604580000
1,839,0,33560,6,1,0,2,0,0,0,0,0,0,1110,88,0,18830000060100020000000000000000000000005604580000
1,840,0,33600,6,1,0,2,0,0,0,0,0,0,1110,88,0,40830000060100020000000000000000000000005604580000
1,841,0,33640,6,1,0,2,0,0,0,0,0,0,1110,88,0,68830000060100020000000000000000000000005604580000
1,842,0,33680,6,1,0,2,0,0,0,0,0,0,1110,88,0,90830000060100020000000000000000000000005604580000
1,843,0,33720,6,1,0,2,0,0,0,0,0,0,1110,88,0,b8830000060100020000000000000000000000005604580000
1,844,0,33760,6,1,0,2,0,0,0,0,0,0,1110,88,0,e0830000060100020000000000000000000000005604580000
1,845,0,33800,6,1,0,2,0,0,0,0,0,0,1110,88,0,08840000060100020000000000000000000000005604580000
1,846,0,33840,6,1,0,2,0,0,0,0,0,0,1110,88,0,30840000060100020000000000000000000000005604580000
1,847,0,33880,6,1,0,2,0,0,0,0,0,0,1110,88,0,58840000060100020000000000000000000000005604580000
1,848,0,33920,6,1,0,2,0,0,0,0,0,0,1110,88,0,80840000060100020000000000000000000000005604580000
1,849,0,33960,6,1,0,2,0,0,0,0,0,0,1110,88,0,a8840000060100020000000000000000000000005604580000
1,850,0,34000,6,1,0,2,0,0,0,0,0,0,1110,88,0,d0840000060100020000000000000000000000005604580000
1,851,0,34040,6,1,0,2,0,0,0,0,0,0,1110,88,0,f8840000060100020000000000000000000000005604580000
1,852,0,34080,6,1,0,2,0,0,0,0,0,0,1110,88,0,20850000060100020000000000000000000000005604580000
1,853,0,34120,6,1,0,2,0,0,0,0,0,0,1110,88,0,48850000060100020000000000000000000000005604580000
1,854,0,34160,6,1,0,2,0,0,0,0,0,0,1110,88,0,70850000060100020000000000000000000000005604580000
1,855,0,34200,6,1,0,2,0,0,0,0,0,0,1110,88,0,98850000060100020000000000000000000000005604580000
1,856,0,34240,6,1,0,2,0,0,0,0,0,0,1110,88,0,c0850000060100020000000000000000000000005604580000
1,857,0,34280,6,1,0,2,0,0,0,0,0,0,1110,88,0,e8850000060100020000000000000000000000005604580000
1,858,0,34320,6,1,0,2,0,0,0,0,0,0,1110,88,0,10860000060100020000000000000000000000005604580000
1,859,0,34360,6,1,0,2,0,0,0,0,0,0,1110,88,0,38860000060100020000000000000000000000005604580000
1,860,0,34400,6,1,0,2,0,0,0,0,0,0,1110,88,0,60860000060100020000000000000000000000005604580000
1,861,0,34440,6,1,0,2,0,0,0,0,0,0,1110,88,0,88860000060100020000000000000000000000005604580000
1,862,0,34480,6,1,0,2,0,0,0,0,0,0,1110,88,0,b0860000060100020000000000000000000000005604580000
1,863,0,34520,6,1,0,2,0,0,0,0,0,0,1110,88,0,d8860000060100020000000000000000000000005604580000
1,864,0,34560,6,1,0,2,0,0,0,0,0,0,1110,88,0,00870000060100020000000000000000000000005604580000
1,865,0,34600,6,1,0,2,0,0,0,0,0,0,1110,88,0,28870000060100020000000000000000000000005604580000
1,866,0,34640,6,1,0,2,0,0,0,0,0,0,1110,88,0,50870000060100020000000000000000000000005604580000
1,867,0,34680,6,1,0,2,0,0,0,0,0,0,1110,88,0,78870000060100020000000000000000000000005604580000
1,868,0,34720,6,1,0,2,0,0,0,0,0,0,1110,88,0,a0870000060100020000000000000000000000005604580000
1,869,0,34760,6,1,0,2,0,0,0,0,0,0,1110,88,0,c8870000060100020000000000000000000000005604580000
1,870,0,34800,6,1,0,2,0,0,0,0,0,0,1110,88,0,f0870000060100020000000000000000000000005604580000
1,871,0,34840,6,1,0,2,0,0,0,0,0,0,1110,88,0,18880000060100020000000000000000000000005604580000
1,872,0,34880,6,1,0,2,0,0,0,0,0,0,1110,88,0,40880000060100020000000000000000000000005604580000
1,873,0,34920,6,1,0,2,0,0,0,0,0,0,1110,88,0,68880000060100020000000000000000000000005604580000
1,874,0,34960,6,1,0,2,0,0,0,0,0,0,1110,88,0,90880000060100020000000000000000000000005604580000
1,875,0,35000,6,1,0,2,0,0,0,0,0,0,1110,88,0,b8880000060100020000000000000000000000005604580000
1,876,0,35040,6,1,0,2,0,0,0,0,0,0,1110,88,0,e0880000060100020000000000000000000000005604580000
1,877,0,35080,6,1,0,2,0,0,0,0,0,0,1110,88,0,08890000060100020000000000000000000000005604580000
1,878,0,35120,6,1,0,2,0,0,0,0,0,0,1110,88,0,30890000060100020000000000000000000000005604580000
1,879,0,35160,6,1,0,2,0,0,0,0,0,0,1110,88,0,58890000060100020000000000000000000000005604580000
1,880,0,35200,6,1,0,2,0,0,0,0,0,0,1110,88,0,80890000060100020000000000000000000000005604580000
1,881,0,35240,6,1,0,2,0,0,0,0,0,0,1110,88,0,a8890000060100020000000000000000000000005604580000
1,882,0,35280,6,1,0,2,0,0,0,0,0,0,1110,88,0,d0890000060100020000000000000000000000005604580000
1,883,0,35320,6,1,0,2,0,0,0,0,0,0,1110,88,0,f8890000060100020000000000000000000000005604580000
1,884,0,35360,6,1,0,2,0,0,0,0,0,0,1110,88,0,208a0000060100020000000000000000000000005604580000
1,885,0,35400,6,1,0,2,0,0,0,0,0,0,1110,88,0,488a0000060100020000000000000000000000005604580000
1,886,0,35440,6,1,0,2,0,0,0,0,0,0,1110,88,0,708a0000060100020000000000000000000000005604580000
1,887,0,35480,6,1,0,2,0,0,0,0,0,0,1110,88,0,988a0000060100020000000000000000000000005604580000
1,888,0,35520,6,1,0,2,0,0,0,0,0,0,1110,88,0,c08a0000060100020000000000000000000000005604580000
1,889,0,35560,6,1,0,2,0,0,0,0,0,0,1110,88,0,e88a0000060100020000000000000000000000005604580000
1,890,0,35600,6,1,0,2,0,0,0,0,0,0,1110,88,0,108b0000060100020000000000000000000000005604580000
1,891,0,35640,6,1,0,2,0,0,0,0,0,0,1110,88,0,388b0000060100020000000000000000000000005604580000
1,892,0,35680,6,1,0,2,0,0,0,0,0,0,1110,88,0,608b0000060100020000000000000000000000005604580000
1,893,0,35720,6,1,0,2,0,0,0,0,0,0,1110,88,0,888b0000060100020000000000000000000000005604580000
1,894,0,35760,6,1,0,2,0,0,0,0,0,0,1110,88,0,b08b0000060100020000000000000000000000005604580000
1,895,0,35800,6,1,0,2,0,0,0,0,0,0,1110,88,0,d88b0000060100020000000000000000000000005604580000
1,896,0,35840,6,1,0,2,0,0,0,0,0,0,1110,88,0,008c0000060100020000000000000000000000005604580000
1,897,0,35880,6,1,0,2,0,0,0,0,0,0,1110,88,0,288c0000060100020000000000000000000000005604580000
1,898,0,35920,6,1,0,2,0,0,0,0,0,0,1110,88,0,508c0000060100020000000000000000000000005604580000
1,899,0,35960,6,1,0,2,0,0,0,0,0,0,1110,88,0,788c0000060100020000000000000000000000005604580000
1,900,0,36000,6,1,0,2,0,0,0,0,0,0,1110,88,0,a08c0000060100020000000000000000000000005604580000
1,901,0,36040,6,1,0,2,0,0,0,0,0,0,1110,88,0,c88c0000060100020000000000000000000000005604580000
1,902,0,36080,6,1,0,2,0,0,0,0,0,0,1110,88,0,f08c0000060100020000000000000000000000005604580000
1,903,0,36120,6,1,0,2,0,0,0,0,0,0,1110,88,0,188d0000060100020000000000000000000000005604580000
1,904,0,36160,6,1,0,2,0,0,0,0,0,0,1110,88,0,408d0000060100020000000000000000000000005604580000
1,905,0,36200,6,1,0,2,0,0,0,0,0,0,1110,88,0,688d0000060100020000000000000000000000005604580000
1,906,0,36240,6,1,0,2,0,0,0,0,0,0,1110,88,0,908d0000060100020000000000000000000000005604580000
1,907,0,36280,6,1,0,2,0,0,0,0,0,0,1110,88,0,b88d0000060100020000000000000000000000005604580000
1,908,0,36320,6,1,0,2,0,0,0,0,0,0,1110,88,0,e08d0000060100020000000000000000000000005604580000
1,909,0,36360,6,1,0,2,0,0,0,0,0,0,1110,88,0,088e0000060100020000000000000000000000005604580000
1,910,0,36400,6,1,0,2,0,0,0,0,0,0,1110,88,0,308e0000060100020000000000000000000000005604580000
1,911,0,36440,6,1,0,2,0,0,0,0,0,0,1110,88,0,588e0000060100020000000000000000000000005604580000
1,912,0,36480,6,1,0,2,0,0,0,0,0,0,1110,88,0,808e0000060100020000000000000000000000005604580000
1,913,0,36520,6,1,0,2,0,0,0,0,0,0,1110,88,0,a88e0000060100020000000000000000000000005604580000
1,914,0,36560,6,1,0,2,0,0,0,0,0,0,1110,88,0,d08e0000060100020000000000000000000000005604580000
1,915,0,36600,6,1,0,2,0,0,0,0,0,0,1110,88,0,f88e0000060100020000000000000000000000005604580000
1,916,0,36640,6,1,0,2,0,0,0,0,0,0,1110,88,0,208f0000060100020000000000000000000000005604580000
1,917,0,36680,6,1,0,2,0,0,0,0,0,0,1110,88,0,488f0000060100020000000000000000000000005604580000
1,918,0,36720,6,1,0,2,0,0,0,0,0,0,1110,88,0,708f0000060100020000000000000000000000005604580000
1,919,0,36760,6,1,0,2,0,0,0,0,0,0,1110,88,0,988f0000060100020000000000000000000000005604580000
1,920,0,36800,6,1,0,2,0,0,0,0,0,0,1110,88,0,c08f0000060100020000000000000000000000005604580000
1,921,0,36840,6,1,0,2,0,0,0,0,0,0,1110,88,0,e88f0000060100020000000000000000000000005604580000
1,922,0,36880,6,1,0,2,0,0,0,0,0,0,1110,88,0,10900000060100020000000000000000000000005604580000
1,923,0,36920,6,1,0,2,0,0,0,0,0,0,1110,88,0,38900000060100020000000000000000000000005604580000
1,924,0,36960,6,1,0,2,0,0,0,0,0,0,1110,88,0,60900000060100020000000000000000000000005604580000
1,925,0,37000,6,1,0,2,0,0,0,0,0,0,1110,88,0,88900000060100020000000000000000000000005604580000
1,926,0,37040,6,1,0,2,0,0,0,0,0,0,1110,88,0,b0900000060100020000000000000000000000005604580000
1,927,0,37080,6,1,0,2,0,0,0,0,0,0,1110,88,0,d8900000060100020000000000000000000000005604580000
1,928,0,37120,6,1,0,2,0,0,0,0,0,0,1110,88,0,00910000060100020000000000000000000000005604580000
1,929,0,37160,6,1,0,2,0,0,0,0,0,0,1110,88,0,28910000060100020000000000000000000000005604580000
1,930,0,37200,6,1,0,2,0,0,0,0,0,0,1110,88,0,50910000060100020000000000000000000000005604580000
1,931,0,37240,6,1,0,2,0,0,0,0,0,0,1110,88,0,78910000060100020000000000000000000000005604580000
1,932,0,37280,6,1,0,2,0,0,0,0,0,0,1110,88,0,a0910000060100020000000000000000000000005604580000
1,933,0,37320,6,1,0,2,0,0,0,0,0,0,1110,88,0,c8910000060100020000000000000000000000005604580000
1,934,0,37360,6,1,0,2,0,0,0,0,0,0,1110,88,0,f0910000060100020000000000000000000000005604580000
1,935,0,37400,6,1,0,2,0,0,0,0,0,0,1110,88,0,18920000060100020000000000000000000000005604580000
1,936,0,37440,6,1,0,2,0,0,0,0,0,0,1110,88,0,40920000060100020000000000000000000000005604580000
1,937,0,37480,6,1,0,2,0,0,0,0,0,0,1110,88,0,68920000060100020000000000000000000000005604580000
1,938,0,37520,6,1,0,2,0,0,0,0,0,0,1110,88,0,90920000060100020000000000000000000000005604580000
1,939,0,37560,6,1,0,2,0,0,0,0,0,0,1110,88,0,b8920000060100020000000000000000000000005604580000
1,940,0,37600,6,1,0,2,0,0,0,0,0,0,1110,88,0,e0920000060100020000000000000000000000005604580000
1,941,0,37640,6,1,0,2,0,0,0,0,0,0,1110,88,0,08930000060100020000000000000000000000005604580000
1,942,0,37680,6,1,0,2,0,0,0,0,0,0,1110,88,0,30930000060100020000000000000000000000005604580000
1,943,0,37720,6,1,0,2,0,0,0,0,0,0,1110,88,0,58930000060100020000000000000000000000005604580000
1,944,0,37760,6,1,0,2,0,0,0,0,0,0,1110,88,0,80930000060100020000000000000000000000005604580000
1,945,0,37800,6,1,0,2,0,0,0,0,0,0,1110,88,0,a8930000060100020000000000000000000000005604580000
1,946,0,37840,6,1,0,2,0,0,0,0,0,0,1110,88,0,d0930000060100020000000000000000000000005604580000
1,947,0,37880,6,1,0,2,0,0,0,0,0,0,1110,88,0,f8930000060100020000000000000000000000005604580000
1,948,0,37920,6,1,0,2,0,0,0,0,0,0,1110,88,0,20940000060100020000000000000000000000005604580000
1,949,0,37960,6,1,0,2,0,0,0,0,0,0,1110,88,0,48940000060100020000000000000000000000005604580000
1,950,0,38000,6,1,0,2,0,0,0,0,0,0,1110,88,0,70940000060100020000000000000000000000005604580000
1,951,0,38040,6,1,0,2,0,0,0,0,0,0,1110,88,0,98940000060100020000000000000000000000005604580000
1,952,0,38080,6,1,0,2,0,0,0,0,0,0,1110,88,0,c0940000060100020000000000000000000000005604580000
1,953,0,38120,6,1,0,2,0,0,0,0,0,0,1110,88,0,e8940000060100020000000000000000000000005604580000
1,954,0,38160,6,1,0,2,0,0,0,0,0,0,1110,88,0,10950000060100020000000000000000000000005604580000
1,955,0,38200,6,1,0,2,0,0,0,0,0,0,1110,88,0,38950000060100020000000000000000000000005604580000
1,956,0,38240,6,1,0,2,0,0,0,0,0,0,1110,88,0,60950000060100020000000000000000000000005604580000
1,957,0,38280,6,1,0,2,0,0,0,0,0,0,1110,88,0,88950000060100020000000000000000000000005604580000
1,958,0,38320,6,1,0,2,0,0,0,0,0,0,1110,88,0,b0950000060100020000000000000000000000005604580000
1,959,0,38360,6,1,0,2,0,0,0,0,0,0,1110,88,0,d8950000060100020000000000000000000000005604580000
1,960,0,38400,6,1,0,2,0,0,0,0,0,0,1110,88,0,00960000060100020000000000000000000000005604580000
1,961,0,38440,6,1,0,2,0,0,0,0,0,0,1110,88,0,28960000060100020000000000000000000000005604580000
1,962,0,38480,6,1,0,2,0,0,0,0,0,0,1110,88,0,50960000060100020000000000000000000000005604580000
1,963,0,38520,6,1,0,2,0,0,0,0,0,0,1110,88,0,78960000060100020000000000000000000000005604580000
1,964,0,38560,6,1,0,2,0,0,0,0,0,0,1110,88,0,a0960000060100020000000000000000000000005604580000
1,965,0,38600,6,1,0,2,0,0,0,0,0,0,1110,88,0,c8960000060100020000000000000000000000005604580000
1,966,0,38640,6,1,0,2,0,0,0,0,0,0,1110,88,0,f0960000060100020000000000000000000000005604580000
1,967,0,38680,6,1,0,2,0,0,0,0,0,0,1110,88,0,18970000060100020000000000000000000000005604580000
1,968,0,38720,6,1,0,2,0,0,0,0,0,0,1110,88,0,40970000060100020000000000000000000000005604580000
1,969,0,38760,6,1,0,2,0,0,0,0,0,0,1110,88,0,68970000060100020000000000000000000000005604580000
1,970,0,38800,6,1,0,2,0,0,0,0,0,0,1110,88,0,90970000060100020000000000000000000000005604580000
1,971,0,38840,6,1,0,2,0,0,0,0,0,0,1110,88,0,b8970000060100020000000000000000000000005604580000
1,972,0,38880,6,1,0,2,0,0,0,0,0,0,1110,88,0,e0970000060100020000000000000000000000005604580000
1,973,0,38920,6,1,0,2,0,0,0,0,0,0,1110,88,0,08980000060100020000000000000000000000005604580000
1,974,0,38960,6,1,0,2,0,0,0,0,0,0,1110,88,0,30980000060100020000000000000000000000005604580000
1,975,0,39000,6,1,0,2,0,0,0,0,0,0,1110,88,0,58980000060100020000000000000000000000005604580000
1,976,0,39040,6,1,0,2,0,0,0,0,0,0,1110,88,0,80980000060100020000000000000000000000005604580000
1,977,0,39080,6,1,0,2,0,0,0,0,0,0,1110,88,0,a8980000060100020000000000000000000000005604580000
1,978,0,39120,6,1,0,2,0,0,0,0,0,0,1110,88,0,d0980000060100020000000000000000000000005604580000
1,979,0,39160,6,1,0,2,0,0,0,0,0,0,1110,88,0,f8980000060100020000000000000000000000005604580000
1,980,0,39200,6,1,0,2,0,0,0,0,0,0,1110,88,0,20990000060100020000000000000000000000005604580000
1,981,0,39240,6,1,0,2,0,0,0,0,0,0,1110,88,0,48990000060100020000000000000000000000005604580000
1,982,0,39280,6,1,0,2,0,0,0,0,0,0,1110,88,0,70990000060100020000000000000000000000005604580000
1,983,0,39320,6,1,0,2,0,0,0,0,0,0,1110,88,0,98990000060100020000000000000000000000005604580000
1,984,0,39360,6,1,0,2,0,0,0,0,0,0,1110,88,0,c0990000060100020000000000000000000000005604580000
1,985,0,39400,6,1,0,2,0,0,0,0,0,0,1110,88,0,e8990000060100020000000000000000000000005604580000
1,986,0,39440,6,1,0,2,0,0,0,0,0,0,1110,88,0,109a0000060100020000000000000000000000005604580000
1,987,0,39480,6,1,0,2,0,0,0,0,0,0,1110,88,0,389a0000060100020000000000000000000000005604580000
1,988,0,39520,6,1,0,2,0,0,0,0,0,0,1110,88,0,609a0000060100020000000000000000000000005604580000
1,989,0,39560,6,1,0,2,0,0,0,0,0,0,1110,88,0,889a0000060100020000000000000000000000005604580000
1,990,0,39600,6,1,0,2,0,0,0,0,0,0,1110,88,0,b09a0000060100020000000000000000000000005604580000
1,991,0,39640,6,1,0,2,0,0,0,0,0,0,1110,88,0,d89a0000060100020000000000000000000000005604580000
1,992,0,39680,6,1,0,2,0,0,0,0,0,0,1110,88,0,009b0000060100020000000000000000000000005604580000
1,993,0,39720,6,1,0,2,0,0,0,0,0,0,1110,88,0,289b0000060100020000000000000000000000005604580000
1,994,0,39760,6,1,0,2,0,0,0,0,0,0,1110,88,0,509b0000060100020000000000000000000000005604580000
1,995,0,39800,6,1,0,2,0,0,0,0,0,0,1110,88,0,789b0000060100020000000000000000000000005604580000
1,996,0,39840,6,1,0,2,0,0,0,0,0,0,1110,88,0,a09b0000060100020000000000000000000000005604580000
1,997,0,39880,6,1,0,2,0,0,0,0,0,0,1110,88,0,c89b0000060100020000000000000000000000005604580000
1,998,0,39920,6,1,0,2,0,0,0,0,0,0,1110,88,0,f09b0000060100020000000000000000000000005604580000
1,999,0,39960,6,1,0,2,0,0,0,0,0,0,1110,88,0,189c0000060100020000000000000000000000005604580000
1,1000,0,40000,6,1,0,2,0,0,0,0,0,0,1110,88,0,409c0000060100020000000000000000000000005604580000
1,1001,0,40040,6,1,0,2,0,0,0,0,0,0,1110,88,0,689c0000060100020000000000000000000000005604580000
1,1002,0,40080,6,1,0,2,0,0,0,0,0,0,1110,88,0,909c0000060100020000000000000000000000005604580000
1,1003,0,40120,6,1,0,2,0,0,0,0,0,0,1110,88,0,b89c0000060100020000000000000000000000005604580000
1,1004,0,40160,6,1,0,2,0,0,0,0,0,0,1110,88,0,e09c0000060100020000000000000000000000005604580000
1,1005,0,40200,6,1,0,2,0,0,0,0,0,0,1110,88,0,089d0000060100020000000000000000000000005604580000
1,1006,0,40240,6,1,0,2,0,0,0,0,0,0,1110,88,0,309d0000060100020000000000000000000000005604580000
1,1007,0,40280,6,1,0,2,0,0,0,0,0,0,1110,88,0,589d0000060100020000000000000000000000005604580000
1,1008,0,40320,6,1,0,2,0,0,0,0,0,0,1110,88,0,809d0000060100020000000000000000000000005604580000
1,1009,0,40360,6,1,0,2,0,0,0,0,0,0,1110,88,0,a89d0000060100020000000000000000000000005604580000
1,1010,0,40400,6,1,0,2,0,0,0,0,0,0,1110,88,0,d09d0000060100020000000000000000000000005604580000
1,1011,0,40440,6,1,0,2,0,0,0,0,0,0,1110,88,0,f89d0000060100020000000000000000000000005604580000
1,1012,0,40480,6,1,0,2,0,0,0,0,0,0,1110,88,0,209e0000060100020000000000000000000000005604580000
1,1013,0,40520,6,1,0,2,0,0,0,0,0,0,1110,88,0,489e0000060100020000000000000000000000005604580000
1,1014,0,40560,6,1,0,2,0,0,0,0,0,0,1110,88,0,709e0000060100020000000000000000000000005604580000
1,1015,0,40600,6,1,0,2,0,0,0,0,0,0,1110,88,0,989e0000060100020000000000000000000000005604580000
1,1016,0,40640,6,1,0,2,0,0,0,0,0,0,1110,88,0,c09e0000060100020000000000000000000000005604580000
1,1017,0,40680,6,1,0,2,0,0,0,0,0,0,1110,88,0,e89e0000060100020000000000000000000000005604580000
1,1018,0,40720,6,1,0,2,0,0,0,0,0,0,1110,88,0,109f0000060100020000000000000000000000005604580000
1,1019,0,40760,6,1,0,2,0,0,0,0,0,0,1110,88,0,389f0000060100020000000000000000000000005604580000
1,1020,0,40800,6,1,0,2,0,0,0,0,0,0,1110,88,0,609f0000060100020000000000000000000000005604580000
1,1021,0,40840,6,1,0,2,0,0,0,0,0,0,1110,88,0,889f0000060100020000000000000000000000005604580000
1,1022,0,40880,6,1,0,2,0,0,0,0,0,0,1110,88,0,b09f0000060100020000000000000000000000005604580000
1,1023,0,40920,6,1,0,2,0,0,0,0,0,0,1110,88,0,d89f0000060100020000000000000000000000005604580000
1,1024,0,40960,6,1,0,2,0,0,0,0,0,0,1110,88,0,00a00000060100020000000000000000000000005604580000
1,1025,0,41000,6,1,0,2,0,0,0,0,0,0,1110,88,0,28a00000060100020000000000000000000000005604580000
1,1026,0,41040,6,1,0,2,0,0,0,0,0,0,1110,88,0,50a00000060100020000000000000000000000005604580000
1,1027,0,41080,6,1,0,2,0,0,0,0,0,0,1110,88,0,78a00000060100020000000000000000000000005604580000
1,1028,0,41120,6,1,0,2,0,0,0,0,0,0,1110,88,0,a0a00000060100020000000000000000000000005604580000
1,1029,0,41160,6,1,0,2,0,0,0,0,0,0,1110,88,0,c8a00000060100020000000000000000000000005604580000
1,1030,0,41200,6,1,0,2,0,0,0,0,0,0,1110,88,0,f0a00000060100020000000000000000000000005604580000
1,1031,0,41240,6,1,0,2,0,0,0,0,0,0,1110,88,0,18a10000060100020000000000000000000000005604580000
1,1032,0,41280,6,1,0,2,0,0,0,0,0,0,1110,88,0,40a10000060100020000000000000000000000005604580000
1,1033,0,41320,6,1,0,2,0,0,0,0,0,0,1110,88,0,68a10000060100020000000000000000000000005604580000
1,1034,0,41360,6,1,0,2,0,0,0,0,0,0,1110,88,0,90a10000060100020000000000000000000000005604580000
1,1035,0,41400,6,1,0,2,0,0,0,0,0,0,1110,88,0,b8a10000060100020000000000000000000000005604580000
1,1036,0,41440,6,1,0,2,0,0,0,0,0,0,1110,88,0,e0a10000060100020000000000000000000000005604580000
1,1037,0,41480,6,1,0,2,0,0,0,0,0,0,1110,88,0,08a20000060100020000000000000000000000005604580000
1,1038,0,41520,6,1,0,2,0,0,0,0,0,0,1110,88,0,30a20000060100020000000000000000000000005604580000
1,1039,0,41560,6,1,0,2,0,0,0,0,0,0,1110,88,0,58a20000060100020000000000000000000000005604580000
1,1040,0,41600,6,1,0,2,0,0,0,0,0,0,1110,88,0,80a20000060100020000000000000000000000005604580000
1,1041,0,41640,6,1,0,2,0,0,0,0,0,0,1110,88,0,a8a20000060100020000000000000000000000005604580000
1,1042,0,41680,6,1,0,2,0,0,0,0,0,0,1110,88,0,d0a20000060100020000000000000000000000005604580000
1,1043,0,41720,6,1,0,2,0,0,0,0,0,0,1110,88,0,f8a20000060100020000000000000000000000005604580000
1,1044,0,41760,6,1,0,2,0,0,0,0,0,0,1110,88,0,20a30000060100020000000000000000000000005604580000
1,1045,0,41800,6,1,0,2,0,0,0,0,0,0,1110,88,0,48a30000060100020000000000000000000000005604580000
1,1046,0,41840,6,1,0,2,0,0,0,0,0,0,1110,88,0,70a30000060100020000000000000000000000005604580000
1,1047,0,41880,6,1,0,2,0,0,0,0,0,0,1110,88,0,98a30000060100020000000000000000000000005604580000
1,1048,0,41920,6,1,0,2,0,0,0,0,0,0,1110,88,0,c0a30000060100020000000000000000000000005604580000
1,1049,0,41960,6,1,0,2,0,0,0,0,0,0,1110,88,0,e8a30000060100020000000000000000000000005604580000
1,1050,0,42000,6,1,0,2,0,0,0,0,0,0,1110,88,0,10a40000060100020000000000000000000000005604580000
1,1051,0,42040,6,1,0,2,0,0,0,0,0,0,1110,88,0,38a40000060100020000000000000000000000005604580000
1,1052,0,42080,6,1,0,2,0,0,0,0,0,0,1110,88,0,60a40000060100020000000000000000000000005604580000
1,1053,0,42120,6,1,0,2,0,0,0,0,0,0,1110,88,0,88a40000060100020000000000000000000000005604580000
1,1054,0,42160,6,1,0,2,0,0,0,0,0,0,1110,88,0,b0a40000060100020000000000000000000000005604580000
1,1055,0,42200,6,1,0,2,0,0,0,0,0,0,1110,88,0,d8a40000060100020000000000000000000000005604580000
1,1056,0,42240,6,1,0,2,0,0,0,0,0,0,1110,88,0,00a50000060100020000000000000000000000005604580000
1,1057,0,42280,6,1,0,2,0,0,0,0,0,0,1110,88,0,28a50000060100020000000000000000000000005604580000
1,1058,0,42320,6,1,0,2,0,0,0,0,0,0,1110,88,0,50a50000060100020000000000000000000000005604580000
1,1059,0,42360,6,1,0,2,0,0,0,0,0,0,1110,88,0,78a50000060100020000000000000000000000005604580000
1,1060,0,42400,6,1,0,2,0,0,0,0,0,0,1110,88,0,a0a50000060100020000000000000000000000005604580000
1,1061,0,42440,6,1,0,2,0,0,0,0,0,0,1110,88,0,c8a50000060100020000000000000000000000005604580000
1,1062,0,42480,6,1,0,2,0,0,0,0,0,0,1110,88,0,f0a50000060100020000000000000000000000005604580000
1,1063,0,42520,6,1,0,2,0,0,0,0,0,0,1110,88,0,18a60000060100020000000000000000000000005604580000
1,1064,0,42560,6,1,0,2,0,0,0,0,0,0,1110,88,0,40a60000060100020000000000000000000000005604580000
1,1065,0,42600,6,1,0,2,0,0,0,0,0,0,1110,88,0,68a60000060100020000000000000000000000005604580000
1,1066,0,42640,6,1,0,2,0,0,0,0,0,0,1110,88,0,90a60000060100020000000000000000000000005604580000
1,1067,0,42680,6,1,0,2,0,0,0,0,0,0,1110,88,0,b8a60000060100020000000000000000000000005604580000
1,1068,0,42720,6,1,0,2,0,0,0,0,0,0,1110,88,0,e0a60000060100020000000000000000000000005604580000
1,1069,0,42760,6,1,0,2,0,0,0,0,0,0,1110,88,0,08a70000060100020000000000000000000000005604580000
1,1070,0,42800,6,1,0,2,0,0,0,0,0,0,1110,88,0,30a70000060100020000000000000000000000005604580000
1,1071,0,42840,6,1,0,2,0,0,0,0,0,0,1110,88,0,58a70000060100020000000000000000000000005604580000
1,1072,0,42880,6,1,0,2,0,0,0,0,0,0,1110,88,0,80a70000060100020000000000000000000000005604580000
1,1073,0,42920,6,1,0,2,0,0,0,0,0,0,1110,88,0,a8a70000060100020000000000000000000000005604580000
1,1074,0,42960,6,1,0,2,0,0,0,0,0,0,1110,88,0,d0a70000060100020000000000000000000000005604580000
1,1075,0,43000,6,1,0,2,0,0,0,0,0,0,1110,88,0,f8a70000060100020000000000000000000000005604580000
1,1076,0,43040,6,1,0,2,0,0,0,0,0,0,1110,88,0,20a80000060100020000000000000000000000005604580000
1,1077,0,43080,6,1,0,2,0,0,0,0,0,0,1110,88,0,48a80000060100020000000000000000000000005604580000
1,1078,0,43120,6,1,0,2,0,0,0,0,0,0,1110,88,0,70a80000060100020000000000000000000000005604580000
1,1079,0,43160,6,1,0,2,0,0,0,0,0,0,1110,88,0,98a80000060100020000000000000000000000005604580000
1,1080,0,43200,6,1,0,2,0,0,0,0,0,0,1110,88,0,c0a80000060100020000000000000000000000005604580000
1,1081,0,43240,6,1,0,2,0,0,0,0,0,0,1110,88,0,e8a80000060100020000000000000000000000005604580000
1,1082,0,43280,6,1,0,2,0,0,0,0,0,0,1110,88,0,10a90000060100020000000000000000000000005604580000
1,1083,0,43320,6,1,0,2,0,0,0,0,0,0,1110,88,0,38a90000060100020000000000000000000000005604580000
1,1084,0,43360,6,1,0,2,0,0,0,0,0,0,1110,88,0,60a90000060100020000000000000000000000005604580000
1,1085,0,43400,6,1,0,2,0,0,0,0,0,0,1110,88,0,88a90000060100020000000000000000000000005604580000
1,1086,0,43440,6,1,0,2,0,0,0,0,0,0,1110,88,0,b0a90000060100020000000000000000000000005604580000
1,1087,0,43480,6,1,0,2,0,0,0,0,0,0,1110,88,0,d8a90000060100020000000000000000000000005604580000
1,1088,0,43520,6,1,0,2,0,0,0,0,0,0,1110,88,0,00aa0000060100020000000000000000000000005604580000
1,1089,0,43560,6,1,0,2,0,0,0,0,0,0,1110,88,0,28aa0000060100020000000000000000000000005604580000
1,1090,0,43600,6,1,0,2,0,0,0,0,0,0,1110,88,0,50aa0000060100020000000000000000000000005604580000
1,1091,0,43640,6,1,0,2,0,0,0,0,0,0,1110,88,0,78aa0000060100020000000000000000000000005604580000
1,1092,0,43680,6,1,0,2,0,0,0,0,0,0,1110,88,0,a0aa0000060100020000000000000000000000005604580000
1,1093,0,43720,6,1,0,2,0,0,0,0,0,0,1110,88,0,c8aa0000060100020000000000000000000000005604580000
1,1094,0,43760,6,1,0,2,0,0,0,0,0,0,1110,88,0,f0aa0000060100020000000000000000000000005604580000
1,1095,0,43800,6,1,0,2,0,0,0,0,0,0,1110,88,0,18ab0000060100020000000000000000000000005604580000
1,1096,0,43840,6,1,0,2,0,0,0,0,0,0,1110,88,0,40ab0000060100020000000000000000000000005604580000
1,1097,0,43880,6,1,0,2,0,0,0,0,0,0,1110,88,0,68ab0000060100020000000000000000000000005604580000
1,1098,0,43920,6,1,0,2,0,0,0,0,0,0,1110,88,0,90ab0000060100020000000000000000000000005604580000
1,1099,0,43960,6,1,0,2,0,0,0,0,0,0,1110,88,0,b8ab0000060100020000000000000000000000005604580000
1,1100,0,44000,6,1,0,2,0,0,0,0,0,0,1110,88,0,e0ab0000060100020000000000000000000000005604580000
1,1101,0,44040,6,1,0,2,0,0,0,0,0,0,1110,88,0,08ac0000060100020000000000000000000000005604580000
1,1102,0,44080,6,1,0,2,0,0,0,0,0,0,1110,88,0,30ac0000060100020000000000000000000000005604580000
1,1103,0,44120,6,1,0,2,0,0,0,0,0,0,1110,88,0,58ac0000060100020000000000000000000000005604580000
1,1104,0,44160,6,1,0,2,0,0,0,0,0,0,1110,88,0,80ac0000060100020000000000000000000000005604580000
1,1105,0,44200,6,1,0,2,0,0,0,0,0,0,1110,88,0,a8ac0000060100020000000000000000000000005604580000
1,1106,0,44240,6,1,0,2,0,0,0,0,0,0,1110,88,0,d0ac0000060100020000000000000000000000005604580000
1,1107,0,44280,6,1,0,2,0,0,0,0,0,0,1110,88,0,f8ac0000060100020000000000000000000000005604580000
1,1108,0,44320,6,1,0,2,0,0,0,0,0,0,1110,88,0,20ad0000060100020000000000000000000000005604580000
1,1109,0,44360,6,1,0,2,0,0,0,0,0,0,1110,88,0,48ad0000060100020000000000000000000000005604580000
1,1110,0,44400,6,1,0,2,0,0,0,0,0,0,1110,88,0,70ad0000060100020000000000000000000000005604580000
1,1111,0,44440,6,1,0,2,0,0,0,0,0,0,1110,88,0,98ad0000060100020000000000000000000000005604580000
1,1112,0,44480,6,1,0,2,0,0,0,0,0,0,1110,88,0,c0ad0000060100020000000000000000000000005604580000
1,1113,0,44520,6,1,0,2,0,0,0,0,0,0,1110,88,0,e8ad0000060100020000000000000000000000005604580000
1,1114,0,44560,6,1,0,2,0,0,0,0,0,0,1110,88,0,10ae0000060100020000000000000000000000005604580000
1,1115,0,44600,6,1,0,2,0,0,0,0,0,0,1110,88,0,38ae0000060100020000000000000000000000005604580000
1,1116,0,44640,6,1,0,2,0,0,0,0,0,0,1110,88,0,60ae0000060100020000000000000000000000005604580000
1,1117,0,44680,6,1,0,2,0,0,0,0,0,0,1110,88,0,88ae0000060100020000000000000000000000005604580000
1,1118,0,44720,6,1,0,2,0,0,0,0,0,0,1110,88,0,b0ae0000060100020000000000000000000000005604580000
1,1119,0,44760,6,1,0,2,0,0,0,0,0,0,1110,88,0,d8ae0000060100020000000000000000000000005604580000
1,1120,0,44800,6,1,0,2,0,0,0,0,0,0,1110,88,0,00af0000060100020000000000000000000000005604580000
1,1121,0,44840,6,1,0,2,0,0,0,0,0,0,1110,88,0,28af0000060100020000000000000000000000005604580000
1,1122,0,44880,6,1,0,2,0,0,0,0,0,0,1110,88,0,50af0000060100020000000000000000000000005604580000
1,1123,0,44920,6,1,0,2,0,0,0,0,0,0,1110,88,0,78af0000060100020000000000000000000000005604580000
1,1124,0,44960,6,1,0,2,0,0,0,0,0,0,1110,88,0,a0af0000060100020000000000000000000000005604580000
1,1125,0,45000,6,1,0,2,0,0,0,0,0,0,1110,88,0,c8af0000060100020000000000000000000000005604580000
1,1126,0,45040,6,1,0,2,0,0,0,0,0,0,1110,88,0,f0af0000060100020000000000000000000000005604580000
1,1127,0,45080,6,1,0,2,0,0,0,0,0,0,1110,88,0,18b00000060100020000000000000000000000005604580000
1,1128,0,45120,6,1,0,2,0,0,0,0,0,0,1110,88,0,40b00000060100020000000000000000000000005604580000
1,1129,0,45160,6,1,0,2,0,0,0,0,0,0,1110,88,0,68b00000060100020000000000000000000000005604580000
1,1130,0,45200,6,1,0,2,0,0,0,0,0,0,1110,88,0,90b00000060100020000000000000000000000005604580000
1,1131,0,45240,6,1,0,2,0,0,0,0,0,0,1110,88,0,b8b00000060100020000000000000000000000005604580000
1,1132,0,45280,6,1,0,2,0,0,0,0,0,0,1110,88,0,e0b00000060100020000000000000000000000005604580000
1,1133,0,45320,6,1,0,2,0,0,0,0,0,0,1110,88,0,08b10000060100020000000000000000000000005604580000
1,1134,0,45360,6,1,0,2,0,0,0,0,0,0,1110,88,0,30b10000060100020000000000000000000000005604580000
1,1135,0,45400,6,1,0,2,0,0,0,0,0,0,1110,88,0,58b10000060100020000000000000000000000005604580000
1,1136,0,45440,6,1,0,2,0,0,0,0,0,0,1110,88,0,80b10000060100020000000000000000000000005604580000
1,1137,0,45480,6,1,0,2,0,0,0,0,0,0,1110,88,0,a8b10000060100020000000000000000000000005604580000
1,1138,0,45520,6,1,0,2,0,0,0,0,0,0,1110,88,0,d0b10000060100020000000000000000000000005604580000
1,1139,0,45560,6,1,0,2,0,0,0,0,0,0,1110,88,0,f8b10000060100020000000000000000000000005604580000
1,1140,0,45600,6,1,0,2,0,0,0,0,0,0,1110,88,0,20b20000060100020000000000000000000000005604580000
1,1141,0,45640,6,1,0,2,0,0,0,0,0,0,1110,88,0,48b20000060100020000000000000000000000005604580000
1,1142,0,45680,6,1,0,2,0,0,0,0,0,0,1110,88,0,70b20000060100020000000000000000000000005604580000
1,1143,0,45720,6,1,0,2,0,0,0,0,0,0,1110,88,0,98b20000060100020000000000000000000000005604580000
1,1144,0,45760,6,1,0,2,0,0,0,0,0,0,1110,88,0,c0b20000060100020000000000000000000000005604580000
1,1145,0,45800,6,1,0,2,0,0,0,0,0,0,1110,88,0,e8b20000060100020000000000000000000000005604580000
1,1146,0,45840,6,1,0,2,0,0,0,0,0,0,1110,88,0,10b30000060100020000000000000000000000005604580000
1,1147,0,45880,6,1,0,2,0,0,0,0,0,0,1110,88,0,38b30000060100020000000000000000000000005604580000
1,1148,0,45920,6,1,0,2,0,0,0,0,0,0,1110,88,0,60b30000060100020000000000000000000000005604580000
1,1149,0,45960,6,1,0,2,0,0,0,0,0,0,1110,88,0,88b30000060100020000000000000000000000005604580000
1,1150,0,46000,6,1,0,2,0,0,0,0,0,0,1110,88,0,b0b30000060100020000000000000000000000005604580000
1,1151,0,46040,6,1,0,2,0,0,0,0,0,0,1110,88,0,d8b30000060100020000000000000000000000005604580000
1,1152,0,46080,6,1,0,2,0,0,0,0,0,0,1110,88,0,00b40000060100020000000000000000000000005604580000
1,1153,0,46120,6,1,0,2,0,0,0,0,0,0,1110,88,0,28b40000060100020000000000000000000000005604580000
1,1154,0,46160,6,1,0,2,0,0,0,0,0,0,1110,88,0,50b40000060100020000000000000000000000005604580000
1,1155,0,46200,6,1,0,2,0,0,0,0,0,0,1110,88,0,78b40000060100020000000000000000000000005604580000
1,1156,0,46240,6,1,0,2,0,0,0,0,0,0,1110,88,0,a0b40000060100020000000000000000000000005604580000
1,1157,0,46280,6,1,0,2,0,0,0,0,0,0,1110,88,0,c8b40000060100020000000000000000000000005604580000
1,1158,0,46320,6,1,0,2,0,0,0,0,0,0,1110,88,0,f0b40000060100020000000000000000000000005604580000
1,1159,0,46360,6,1,0,2,0,0,0,0,0,0,1110,88,0,18b50000060100020000000000000000000000005604580000
1,1160,0,46400,6,1,0,2,0,0,0,0,0,0,1110,88,0,40b50000060100020000000000000000000000005604580000
1,1161,0,46440,6,1,0,2,0,0,0,0,0,0,1110,88,0,68b50000060100020000000000000000000000005604580000
1,1162,0,46480,6,1,0,2,0,0,0,0,0,0,1110,88,0,90b50000060100020000000000000000000000005604580000
1,1163,0,46520,6,1,0,2,0,0,0,0,0,0,1110,88,0,b8b50000060100020000000000000000000000005604580000
1,1164,0,46560,6,1,0,2,0,0,0,0,0,0,1110,88,0,e0b50000060100020000000000000000000000005604580000
1,1165,0,46600,6,1,0,2,0,0,0,0,0,0,1110,88,0,08b60000060100020000000000000000000000005604580000
1,1166,0,46640,6,1,0,2,0,0,0,0,0,0,1110,88,0,30b60000060100020000000000000000000000005604580000
1,1167,0,46680,6,1,0,2,0,0,0,0,0,0,1110,88,0,58b60000060100020000000000000000000000005604580000
1,1168,0,46720,6,1,0,2,0,0,0,0,0,0,1110,88,0,80b60000060100020000000000000000000000005604580000
1,1169,0,46760,6,1,0,2,0,0,0,0,0,0,1110,88,0,a8b60000060100020000000000000000000000005604580000
1,1170,0,46800,6,1,0,2,0,0,0,0,0,0,1110,88,0,d0b60000060100020000000000000000000000005604580000
1,1171,0,46840,6,1,0,2,0,0,0,0,0,0,1110,88,0,f8b60000060100020000000000000000000000005604580000
1,1172,0,46880,6,1,0,2,0,0,0,0,0,0,1110,88,0,20b70000060100020000000000000000000000005604580000
1,1173,0,46920,6,1,0,2,0,0,0,0,0,0,1110,88,0,48b70000060100020000000000000000000000005604580000
1,1174,0,46960,6,1,0,2,0,0,0,0,0,0,1110,88,0,70b70000060100020000000000000000000000005604580000
1,1175,0,47000,6,1,0,2,0,0,0,0,0,0,1110,88,0,98b70000060100020000000000000000000000005604580000
1,1176,0,47040,6,1,0,2,0,0,0,0,0,0,1110,88,0,c0b70000060100020000000000000000000000005604580000
1,1177,0,47080,6,1,0,2,0,0,0,0,0,0,1110,88,0,e8b70000060100020000000000000000000000005604580000
1,1178,0,47120,6,1,0,2,0,0,0,0,0,0,1110,88,0,10b80000060100020000000000000000000000005604580000
1,1179,0,47160,6,1,0,2,0,0,0,0,0,0,1110,88,0,38b80000060100020000000000000000000000005604580000
1,1180,0,47200,6,1,0,2,0,0,0,0,0,0,1110,88,0,60b80000060100020000000000000000000000005604580000
1,1181,0,47240,6,1,0,2,0,0,0,0,0,0,1110,88,0,88b80000060100020000000000000000000000005604580000
1,1182,0,47280,6,1,0,2,0,0,0,0,0,0,1110,88,0,b0b80000060100020000000000000000000000005604580000
1,1183,0,47320,6,1,0,2,0,0,0,0,0,0,1110,88,0,d8b80000060100020000000000000000000000005604580000
1,1184,0,47360,6,1,0,2,0,0,0,0,0,0,1110,88,0,00b90000060100020000000000000000000000005604580000
1,1185,0,47400,6,1,0,2,0,0,0,0,0,0,1110,88,0,28b90000060100020000000000000000000000005604580000
1,1186,0,47440,6,1,0,2,0,0,0,0,0,0,1110,88,0,50b90000060100020000000000000000000000005604580000
1,1187,0,47480,6,1,0,2,0,0,0,0,0,0,1110,88,0,78b90000060100020000000000000000000000005604580000
1,1188,0,47520,6,1,0,2,0,0,0,0,0,0,1110,88,0,a0b90000060100020000000000000000000000005604580000
1,1189,0,47560,6,1,0,2,0,0,0,0,0,0,1110,88,0,c8b90000060100020000000000000000000000005604580000
1,1190,0,47600,6,1,0,2,0,0,0,0,0,0,1110,88,0,f0b90000060100020000000000000000000000005604580000
1,1191,0,47640,6,1,0,2,0,0,0,0,0,0,1110,88,0,18ba0000060100020000000000000000000000005604580000
1,1192,0,47680,6,1,0,2,0,0,0,0,0,0,1110,88,0,40ba0000060100020000000000000000000000005604580000
1,1193,0,47720,6,1,0,2,0,0,0,0,0,0,1110,88,0,68ba0000060100020000000000000000000000005604580000
1,1194,0,47760,6,1,0,2,0,0,0,0,0,0,1110,88,0,90ba0000060100020000000000000000000000005604580000
1,1195,0,47800,6,1,0,2,0,0,0,0,0,0,1110,88,0,b8ba0000060100020000000000000000000000005604580000
1,1196,0,47840,6,1,0,2,0,0,0,0,0,0,1110,88,0,e0ba0000060100020000000000000000000000005604580000
1,1197,0,47880,6,1,0,2,0,0,0,0,0,0,1110,88,0,08bb0000060100020000000000000000000000005604580000
1,1198,0,47920,6,1,0,2,0,0,0,0,0,0,1110,88,0,30bb0000060100020000000000000000000000005604580000
1,1199,0,47960,6,1,0,2,0,0,0,0,0,0,1110,88,0,58bb0000060100020000000000000000000000005604580000
1,1200,0,48000,6,1,0,2,0,0,0,0,0,0,1110,88,0,80bb0000060100020000000000000000000000005604580000
1,1201,0,48040,6,1,0,2,0,0,0,0,0,0,1110,88,0,a8bb0000060100020000000000000000000000005604580000
1,1202,0,48080,6,1,0,2,0,0,0,0,0,0,1110,88,0,d0bb0000060100020000000000000000000000005604580000
1,1203,0,48120,6,1,0,2,0,0,0,0,0,0,1110,88,0,f8bb0000060100020000000000000000000000005604580000
1,1204,0,48160,6,1,0,2,0,0,0,0,0,0,1110,88,0,20bc0000060100020000000000000000000000005604580000
1,1205,0,48200,6,1,0,2,0,0,0,0,0,0,1110,88,0,48bc0000060100020000000000000000000000005604580000
1,1206,0,48240,6,1,0,2,0,0,0,0,0,0,1110,88,0,70bc0000060100020000000000000000000000005604580000
1,1207,0,48280,6,1,0,2,0,0,0,0,0,0,1110,88,0,98bc0000060100020000000000000000000000005604580000
1,1208,0,48320,6,1,0,2,0,0,0,0,0,0,1110,88,0,c0bc0000060100020000000000000000000000005604580000
1,1209,0,48360,6,1,0,2,0,0,0,0,0,0,1110,88,0,e8bc0000060100020000000000000000000000005604580000
1,1210,0,48400,6,1,0,2,0,0,0,0,0,0,1110,88,0,10bd0000060100020000000000000000000000005604580000
1,1211,0,48440,6,1,0,2,0,0,0,0,0,0,1110,88,0,38bd0000060100020000000000000000000000005604580000
1,1212,0,48480,6,1,0,2,0,0,0,0,0,0,1110,88,0,60bd0000060100020000000000000000000000005604580000
1,1213,0,48520,6,1,0,2,0,0,0,0,0,0,1110,88,0,88bd0000060100020000000000000000000000005604580000
1,1214,0,48560,6,1,0,2,0,0,0,0,0,0,1110,88,0,b0bd0000060100020000000000000000000000005604580000
1,1215,0,48600,6,1,0,2,0,0,0,0,0,0,1110,88,0,d8bd0000060100020000000000000000000000005604580000
1,1216,0,48640,6,1,0,2,0,0,0,0,0,0,1110,88,0,00be0000060100020000000000000000000000005604580000
1,1217,0,48680,6,1,0,2,0,0,0,0,0,0,1110,88,0,28be0000060100020000000000000000000000005604580000
1,1218,0,48720,6,1,0,2,0,0,0,0,0,0,1110,88,0,50be0000060100020000000000000000000000005604580000
1,1219,0,48760,6,1,0,2,0,0,0,0,0,0,1110,88,0,78be0000060100020000000000000000000000005604580000
1,1220,0,48800,6,1,0,2,0,0,0,0,0,0,1110,88,0,a0be0000060100020000000000000000000000005604580000
1,1221,0,48840,6,1,0,2,0,0,0,0,0,0,1110,88,0,c8be0000060100020000000000000000000000005604580000
1,1222,0,48880,6,1,0,2,0,0,0,0,0,0,1110,88,0,f0be0000060100020000000000000000000000005604580000
1,1223,0,48920,6,1,0,2,0,0,0,0,0,0,1110,88,0,18bf0000060100020000000000000000000000005604580000
1,1224,0,48960,6,1,0,2,0,0,0,0,0,0,1110,88,0,40bf0000060100020000000000000000000000005604580000
1,1225,0,49000,6,1,0,2,0,0,0,0,0,0,1110,88,0,68bf0000060100020000000000000000000000005604580000
1,1226,0,49040,6,1,0,2,0,0,0,0,0,0,1110,88,0,90bf0000060100020000000000000000000000005604580000
1,1227,0,49080,6,1,0,2,0,0,0,0,0,0,1110,88,0,b8bf0000060100020000000000000000000000005604580000
1,1228,0,49120,6,1,0,2,0,0,0,0,0,0,1110,88,0,e0bf0000060100020000000000000000000000005604580000
1,1229,0,49160,6,1,0,2,0,0,0,0,0,0,1110,88,0,08c00000060100020000000000000000000000005604580000
1,1230,0,49200,6,1,0,2,0,0,0,0,0,0,1110,88,0,30c00000060100020000000000000000000000005604580000
1,1231,0,49240,6,1,0,2,0,0,0,0,0,0,1110,88,0,58c00000060100020000000000000000000000005604580000
1,1232,0,49280,6,1,0,2,0,0,0,0,0,0,1110,88,0,80c00000060100020000000000000000000000005604580000
1,1233,0,49320,6,1,0,2,0,0,0,0,0,0,1110,88,0,a8c00000060100020000000000000000000000005604580000
1,1234,0,49360,6,1,0,2,0,0,0,0,0,0,1110,88,0,d0c00000060100020000000000000000000000005604580000
1,1235,0,49400,6,1,0,2,0,0,0,0,0,0,1110,88,0,f8c00000060100020000000000000000000000005604580000
1,1236,0,49440,6,1,0,2,0,0,0,0,0,0,1110,88,0,20c10000060100020000000000000000000000005604580000
1,1237,0,49480,6,1,0,2,0,0,0,0,0,0,1110,88,0,48c10000060100020000000000000000000000005604580000
1,1238,0,49520,6,1,0,2,0,0,0,0,0,0,1110,88,0,70c10000060100020000000000000000000000005604580000
1,1239,0,49560,6,1,0,2,0,0,0,0,0,0,1110,88,0,98c10000060100020000000000000000000000005604580000
1,1240,0,49600,6,1,0,2,0,0,0,0,0,0,1110,88,0,c0c10000060100020000000000000000000000005604580000
1,1241,0,49640,6,1,0,2,0,0,0,0,0,0,1110,88,0,e8c10000060100020000000000000000000000005604580000
1,1242,0,49680,6,1,0,2,0,0,0,0,0,0,1110,88,0,10c20000060100020000000000000000000000005604580000
1,1243,0,49720,6,1,0,2,0,0,0,0,0,0,1110,88,0,38c20000060100020000000000000000000000005604580000
1,1244,0,49760,6,1,0,2,0,0,0,0,0,0,1110,88,0,60c20000060100020000000000000000000000005604580000
1,1245,0,49800,6,1,0,2,0,0,0,0,0,0,1110,88,0,88c20000060100020000000000000000000000005604580000
1,1246,0,49840,6,1,0,2,0,0,0,0,0,0,1110,88,0,b0c20000060100020000000000000000000000005604580000
1,1247,0,49880,6,1,0,2,0,0,0,0,0,0,1110,88,0,d8c20000060100020000000000000000000000005604580000
1,1248,0,49920,6,1,0,2,0,0,0,0,0,0,1110,88,0,00c30000060100020000000000000000000000005604580000
1,1249,0,49960,6,1,0,2,0,0,0,0,0,0,1110,88,0,28c30000060100020000000000000000000000005604580000
1,1250,0,50000,6,1,0,2,0,0,0,0,0,0,1110,88,0,50c30000060100020000000000000000000000005604580000
1,1251,0,50040,6,1,0,2,0,0,0,0,0,0,1110,88,0,78c30000060100020000000000000000000000005604580000
1,1252,0,50080,6,1,0,2,0,0,0,0,0,0,1110,88,0,a0c30000060100020000000000000000000000005604580000
1,1253,0,50120,6,1,0,2,0,0,0,0,0,0,1110,88,0,c8c30000060100020000000000000000000000005604580000
1,1254,0,50160,6,1,0,2,0,0,0,0,0,0,1110,88,0,f0c30000060100020000000000000000000000005604580000
1,1255,0,50200,6,1,0,2,0,0,0,0,0,0,1110,88,0,18c40000060100020000000000000000000000005604580000
1,1256,0,50240,6,1,0,2,0,0,0,0,0,0,1110,88,0,40c40000060100020000000000000000000000005604580000
1,1257,0,50280,6,1,0,2,0,0,0,0,0,0,1110,88,0,68c40000060100020000000000000000000000005604580000
1,1258,0,50320,6,1,0,2,0,0,0,0,0,0,1110,88,0,90c40000060100020000000000000000000000005604580000
1,1259,0,50360,6,1,0,2,0,0,0,0,0,0,1110,88,0,b8c40000060100020000000000000000000000005604580000
1,1260,0,50400,6,1,0,2,0,0,0,0,0,0,1110,88,0,e0c40000060100020000000000000000000000005604580000
1,1261,0,50440,6,1,0,2,0,0,0,0,0,0,1110,88,0,08c50000060100020000000000000000000000005604580000
1,1262,0,50480,6,1,0,2,0,0,0,0,0,0,1110,88,0,30c50000060100020000000000000000000000005604580000
1,1263,0,50520,6,1,0,2,0,0,0,0,0,0,1110,88,0,58c50000060100020000000000000000000000005604580000
1,1264,0,50560,6,1,0,2,0,0,0,0,0,0,1110,88,0,80c50000060100020000000000000000000000005604580000
1,1265,0,50600,6,1,0,2,0,0,0,0,0,0,1110,88,0,a8c50000060100020000000000000000000000005604580000
1,1266,0,50640,6,1,0,2,0,0,0,0,0,0,1110,88,0,d0c50000060100020000000000000000000000005604580000
1,1267,0,50680,6,1,0,2,0,0,0,0,0,0,1110,88,0,f8c50000060100020000000000000000000000005604580000
1,1268,0,50720,6,1,0,2,0,0,0,0,0,0,1110,88,0,20c60000060100020000000000000000000000005604580000
1,1269,0,50760,6,1,0,2,0,0,0,0,0,0,1110,88,0,48c60000060100020000000000000000000000005604580000
1,1270,0,50800,6,1,0,2,0,0,0,0,0,0,1110,88,0,70c60000060100020000000000000000000000005604580000
1,1271,0,50840,6,1,0,2,0,0,0,0,0,0,1110,88,0,98c60000060100020000000000000000000000005604580000
1,1272,0,50880,6,1,0,2,0,0,0,0,0,0,1110,88,0,c0c60000060100020000000000000000000000005604580000
1,1273,0,50920,6,1,0,2,0,0,0,0,0,0,1110,88,0,e8c60000060100020000000000000000000000005604580000
1,1274,0,50960,6,1,0,2,0,0,0,0,0,0,1110,88,0,10c70000060100020000000000000000000000005604580000
1,1275,0,51000,6,1,0,2,0,0,0,0,0,0,1110,88,0,38c70000060100020000000000000000000000005604580000
1,1276,0,51040,6,1,0,2,0,0,0,0,0,0,1110,88,0,60c70000060100020000000000000000000000005604580000
1,1277,0,51080,6,1,0,2,0,0,0,0,0,0,1110,88,0,88c70000060100020000000000000000000000005604580000
1,1278,0,51120,6,1,0,2,0,0,0,0,0,0,1110,88,0,b0c70000060100020000000000000000000000005604580000
1,1279,0,51160,6,1,0,2,0,0,0,0,0,0,1110,88,0,d8c70000060100020000000000000000000000005604580000
1,1280,0,51200,6,1,0,2,0,0,0,0,0,0,1110,88,0,00c80000060100020000000000000000000000005604580000
1,1281,0,51240,6,1,0,2,0,0,0,0,0,0,1110,88,0,28c80000060100020000000000000000000000005604580000
1,1282,0,51280,6,1,0,2,0,0,0,0,0,0,1110,88,0,50c80000060100020000000000000000000000005604580000
1,1283,0,51320,6,1,0,2,0,0,0,0,0,0,1110,88,0,78c80000060100020000000000000000000000005604580000
1,1284,0,51360,6,1,0,2,0,0,0,0,0,0,1110,88,0,a0c80000060100020000000000000000000000005604580000
1,1285,0,51400,6,1,0,2,0,0,0,0,0,0,1110,88,0,c8c80000060100020000000000000000000000005604580000
1,1286,0,51440,6,1,0,2,0,0,0,0,0,0,1110,88,0,f0c80000060100020000000000000000000000005604580000
1,1287,0,51480,6,1,0,2,0,0,0,0,0,0,1110,88,0,18c90000060100020000000000000000000000005604580000
1,1288,0,51520,6,1,0,2,0,0,0,0,0,0,1110,88,0,40c90000060100020000000000000000000000005604580000
1,1289,0,51560,6,1,0,2,0,0,0,0,0,0,1110,88,0,68c90000060100020000000000000000000000005604580000
1,1290,0,51600,6,1,0,2,0,0,0,0,0,0,1110,88,0,90c90000060100020000000000000000000000005604580000
1,1291,0,51640,6,1,0,2,0,0,0,0,0,0,1110,88,0,b8c90000060100020000000000000000000000005604580000
1,1292,0,51680,6,1,0,2,0,0,0,0,0,0,1110,88,0,e0c90000060100020000000000000000000000005604580000
1,1293,0,51720,6,1,0,2,0,0,0,0,0,0,1110,88,0,08ca0000060100020000000000000000000000005604580000
1,1294,0,51760,6,1,0,2,0,0,0,0,0,0,1110,88,0,30ca0000060100020000000000000000000000005604580000
1,1295,0,51800,6,1,0,2,0,0,0,0,0,0,1110,88,0,58ca0000060100020000000000000000000000005604580000
1,1296,0,51840,6,1,0,2,0,0,0,0,0,0,1110,88,0,80ca0000060100020000000000000000000000005604580000
1,1297,0,51880,6,1,0,2,0,0,0,0,0,0,1110,88,0,a8ca0000060100020000000000000000000000005604580000
1,1298,0,51920,6,1,0,2,0,0,0,0,0,0,1110,88,0,d0ca0000060100020000000000000000000000005604580000
1,1299,0,51960,6,1,0,2,0,0,0,0,0,0,1110,88,0,f8ca0000060100020000000000000000000000005604580000
1,1300,0,52000,6,1,0,2,0,0,0,0,0,0,1110,88,0,20cb0000060100020000000000000000000000005604580000
1,1301,0,52040,6,1,0,2,0,0,0,0,0,0,1110,88,0,48cb0000060100020000000000000000000000005604580000
1,1302,0,52080,6,1,0,2,0,0,0,0,0,0,1110,88,0,70cb0000060100020000000000000000000000005604580000
1,1303,0,52120,6,1,0,2,0,0,0,0,0,0,1110,88,0,98cb0000060100020000000000000000000000005604580000
1,1304,0,52160,6,1,0,2,0,0,0,0,0,0,1110,88,0,c0cb0000060100020000000000000000000000005604580000
1,1305,0,52200,6,1,0,2,0,0,0,0,0,0,1110,88,0,e8cb0000060100020000000000000000000000005604580000
1,1306,0,52240,6,1,0,2,0,0,0,0,0,0,1110,88,0,10cc0000060100020000000000000000000000005604580000
1,1307,0,52280,6,1,0,2,0,0,0,0,0,0,1110,88,0,38cc0000060100020000000000000000000000005604580000
1,1308,0,52320,6,1,0,2,0,0,0,0,0,0,1110,88,0,60cc0000060100020000000000000000000000005604580000
1,1309,0,52360,6,1,0,2,0,0,0,0,0,0,1110,88,0,88cc0000060100020000000000000000000000005604580000
1,1310,0,52400,6,1,0,2,0,0,0,0,0,0,1110,88,0,b0cc0000060100020000000000000000000000005604580000
1,1311,0,52440,6,1,0,2,0,0,0,0,0,0,1110,88,0,d8cc0000060100020000000000000000000000005604580000
1,1312,0,52480,6,1,0,2,0,0,0,0,0,0,1110,88,0,00cd0000060100020000000000000000000000005604580000
1,1313,0,52520,6,1,0,2,0,0,0,0,0,0,1110,88,0,28cd0000060100020000000000000000000000005604580000
1,1314,0,52560,6,1,0,2,0,0,0,0,0,0,1110,88,0,50cd0000060100020000000000000000000000005604580000
1,1315,0,52600,6,1,0,2,0,0,0,0,0,0,1110,88,0,78cd0000060100020000000000000000000000005604580000
1,1316,0,52640,6,1,0,2,0,0,0,0,0,0,1110,88,0,a0cd0000060100020000000000000000000000005604580000
1,1317,0,52680,6,1,0,2,0,0,0,0,0,0,1110,88,0,c8cd0000060100020000000000000000000000005604580000
1,1318,0,52720,6,1,0,2,0,0,0,0,0,0,1110,88,0,f0cd0000060100020000000000000000000000005604580000
1,1319,0,52760,6,1,0,2,0,0,0,0,0,0,1110,88,0,18ce0000060100020000000000000000000000005604580000
1,1320,0,52800,6,1,0,2,0,0,0,0,0,0,1110,88,0,40ce0000060100020000000000000000000000005604580000
1,1321,0,52840,6,1,0,2,0,0,0,0,0,0,1110,88,0,68ce0000060100020000000000000000000000005604580000
1,1322,0,52880,6,1,0,2,0,0,0,0,0,0,1110,88,0,90ce0000060100020000000000000000000000005604580000
1,1323,0,52920,6,1,0,2,0,0,0,0,0,0,1110,88,0,b8ce0000060100020000000000000000000000005604580000
1,1324,0,52960,6,1,0,2,0,0,0,0,0,0,1110,88,0,e0ce0000060100020000000000000000000000005604580000
1,1325,0,53000,6,1,0,2,0,0,0,0,0,0,1110,88,0,08cf0000060100020000000000000000000000005604580000
1,1326,0,53040,6,1,0,2,0,0,0,0,0,0,1110,88,0,30cf0000060100020000000000000000000000005604580000
1,1327,0,53080,6,1,0,2,0,0,0,0,0,0,1110,88,0,58cf0000060100020000000000000000000000005604580000
1,1328,0,53120,6,1,0,2,0,0,0,0,0,0,1110,88,0,80cf0000060100020000000000000000000000005604580000
1,1329,0,53160,6,1,0,2,0,0,0,0,0,0,1110,88,0,a8cf0000060100020000000000000000000000005604580000
1,1330,0,53200,6,1,0,2,0,0,0,0,0,0,1110,88,0,d0cf0000060100020000000000000000000000005604580000
1,1331,0,53240,6,1,0,2,0,0,0,0,0,0,1110,88,0,f8cf0000060100020000000000000000000000005604580000
1,1332,0,53280,6,1,0,2,0,0,0,0,0,0,1110,88,0,20d00000060100020000000000000000000000005604580000
1,1333,0,53320,6,1,0,2,0,0,0,0,0,0,1110,88,0,48d00000060100020000000000000000000000005604580000
1,1334,0,53360,6,1,0,2,0,0,0,0,0,0,1110,88,0,70d00000060100020000000000000000000000005604580000
1,1335,0,53400,6,1,0,2,0,0,0,0,0,0,1110,88,0,98d00000060100020000000000000000000000005604580000
1,1336,0,53440,6,1,0,2,0,0,0,0,0,0,1110,88,0,c0d00000060100020000000000000000000000005604580000
1,1337,0,53480,6,1,0,2,0,0,0,0,0,0,1110,88,0,e8d00000060100020000000000000000000000005604580000
1,1338,0,53520,6,1,0,2,0,0,0,0,0,0,1110,88,0,10d10000060100020000000000000000000000005604580000
1,1339,0,53560,6,1,0,2,0,0,0,0,0,0,1110,88,0,38d10000060100020000000000000000000000005604580000
1,1340,0,53600,6,1,0,2,0,0,0,0,0,0,1110,88,0,60d10000060100020000000000000000000000005604580000
1,1341,0,53640,6,1,0,2,0,0,0,0,0,0,1110,88,0,88d10000060100020000000000000000000000005604580000
1,1342,0,53680,6,1,0,2,0,0,0,0,0,0,1110,88,0,b0d10000060100020000000000000000000000005604580000
1,1343,0,53720,6,1,0,2,0,0,0,0,0,0,1110,88,0,d8d10000060100020000000000000000000000005604580000
1,1344,0,53760,6,1,0,2,0,0,0,0,0,0,1110,88,0,00d20000060100020000000000000000000000005604580000
1,1345,0,53800,6,1,0,2,0,0,0,0,0,0,1110,88,0,28d20000060100020000000000000000000000005604580000
1,1346,0,53840,6,1,0,2,0,0,0,0,0,0,1110,88,0,50d20000060100020000000000000000000000005604580000
1,1347,0,53880,6,1,0,2,0,0,0,0,0,0,1110,88,0,78d20000060100020000000000000000000000005604580000
1,1348,0,53920,6,1,0,2,0,0,0,0,0,0,1110,88,0,a0d20000060100020000000000000000000000005604580000
1,1349,0,53960,6,1,0,2,0,0,0,0,0,0,1110,88,0,c8d20000060100020000000000000000000000005604580000
1,1350,0,54000,6,1,0,2,0,0,0,0,0,0,1110,88,0,f0d20000060100020000000000000000000000005604580000
1,1351,0,54040,6,1,0,2,0,0,0,0,0,0,1110,88,0,18d30000060100020000000000000000000000005604580000
1,1352,0,54080,6,1,0,2,0,0,0,0,0,0,1110,88,0,40d30000060100020000000000000000000000005604580000
1,1353,0,54120,6,1,0,2,0,0,0,0,0,0,1110,88,0,68d30000060100020000000000000000000000005604580000
1,1354,0,54160,6,1,0,2,0,0,0,0,0,0,1110,88,0,90d30000060100020000000000000000000000005604580000
1,1355,0,54200,6,1,0,2,0,0,0,0,0,0,1110,88,0,b8d30000060100020000000000000000000000005604580000
1,1356,0,54240,6,1,0,2,0,0,0,0,0,0,1110,88,0,e0d30000060100020000000000000000000000005604580000
1,1357,0,54280,6,1,0,2,0,0,0,0,0,0,1110,88,0,08d40000060100020000000000000000000000005604580000
1,1358,0,54320,6,1,0,2,0,0,0,0,0,0,1110,88,0,30d40000060100020000000000000000000000005604580000
1,1359,0,54360,6,1,0,2,0,0,0,0,0,0,1110,88,0,58d40000060100020000000000000000000000005604580000
1,1360,0,54400,6,1,0,2,0,0,0,0,0,0,1110,88,0,80d40000060100020000000000000000000000005604580000
1,1361,0,54440,6,1,0,2,0,0,0,0,0,0,1110,88,0,a8d40000060100020000000000000000000000005604580000
1,1362,0,54480,6,1,0,2,0,0,0,0,0,0,1110,88,0,d0d40000060100020000000000000000000000005604580000
1,1363,0,54520,6,1,0,2,0,0,0,0,0,0,1110,88,0,f8d40000060100020000000000000000000000005604580000
1,1364,0,54560,6,1,0,2,0,0,0,0,0,0,1110,88,0,20d50000060100020000000000000000000000005604580000
1,1365,0,54600,6,1,0,2,0,0,0,0,0,0,1110,88,0,48d50000060100020000000000000000000000005604580000
1,1366,0,54640,6,1,0,2,0,0,0,0,0,0,1110,88,0,70d50000060100020000000000000000000000005604580000
1,1367,0,54680,6,1,0,2,0,0,0,0,0,0,1110,88,0,98d50000060100020000000000000000000000005604580000
1,1368,0,54720,6,1,0,2,0,0,0,0,0,0,1110,88,0,c0d50000060100020000000000000000000000005604580000
1,1369,0,54760,6,1,0,2,0,0,0,0,0,0,1110,88,0,e8d50000060100020000000000000000000000005604580000
1,1370,0,54800,6,1,0,2,0,0,0,0,0,0,1110,88,0,10d60000060100020000000000000000000000005604580000
1,1371,0,54840,6,1,0,2,0,0,0,0,0,0,1110,88,0,38d60000060100020000000000000000000000005604580000
1,1372,0,54880,6,1,0,2,0,0,0,0,0,0,1110,88,0,60d60000060100020000000000000000000000005604580000
1,1373,0,54920,6,1,0,2,0,0,0,0,0,0,1110,88,0,88d60000060100020000000000000000000000005604580000
1,1374,0,54960,6,1,0,2,0,0,0,0,0,0,1110,88,0,b0d60000060100020000000000000000000000005604580000
1,1375,0,55000,6,1,0,2,0,0,0,0,0,0,1110,88,0,d8d60000060100020000000000000000000000005604580000
1,1376,0,55040,6,1,0,2,0,0,0,0,0,0,1110,88,0,00d70000060100020000000000000000000000005604580000
1,1377,0,55080,6,1,0,2,0,0,0,0,0,0,1110,88,0,28d70000060100020000000000000000000000005604580000
1,1378,0,55120,6,1,0,2,0,0,0,0,0,0,1110,88,0,50d70000060100020000000000000000000000005604580000
1,1379,0,55160,6,1,0,2,0,0,0,0,0,0,1110,88,0,78d70000060100020000000000000000000000005604580000
1,1380,0,55200,6,1,0,2,0,0,0,0,0,0,1110,88,0,a0d70000060100020000000000000000000000005604580000
1,1381,0,55240,6,1,0,2,0,0,0,0,0,0,1110,88,0,c8d70000060100020000000000000000000000005604580000
1,1382,0,55280,6,1,0,2,0,0,0,0,0,0,1110,88,0,f0d70000060100020000000000000000000000005604580000
1,1383,0,55320,6,1,0,2,0,0,0,0,0,0,1110,88,0,18d80000060100020000000000000000000000005604580000
1,1384,0,55360,6,1,0,2,0,0,0,0,0,0,1110,88,0,40d80000060100020000000000000000000000005604580000
1,1385,0,55400,6,1,0,2,0,0,0,0,0,0,1110,88,0,68d80000060100020000000000000000000000005604580000
1,1386,0,55440,6,1,0,2,0,0,0,0,0,0,1110,88,0,90d80000060100020000000000000000000000005604580000
1,1387,0,55480,6,1,0,2,0,0,0,0,0,0,1110,88,0,b8d80000060100020000000000000000000000005604580000
1,1388,0,55520,6,1,0,2,0,0,0,0,0,0,1110,88,0,e0d80000060100020000000000000000000000005604580000
1,1389,0,55560,6,1,0,2,0,0,0,0,0,0,1110,88,0,08d90000060100020000000000000000000000005604580000
1,1390,0,55600,6,1,0,2,0,0,0,0,0,0,1110,88,0,30d90000060100020000000000000000000000005604580000
1,1391,0,55640,6,1,0,2,0,0,0,0,0,0,1110,88,0,58d90000060100020000000000000000000000005604580000
1,1392,0,55680,6,1,0,2,0,0,0,0,0,0,1110,88,0,80d90000060100020000000000000000000000005604580000
1,1393,0,55720,6,1,0,2,0,0,0,0,0,0,1110,88,0,a8d90000060100020000000000000000000000005604580000
1,1394,0,55760,6,1,0,2,0,0,0,0,0,0,1110,88,0,d0d90000060100020000000000000000000000005604580000
1,1395,0,55800,6,1,0,2,0,0,0,0,0,0,1110,88,0,f8d90000060100020000000000000000000000005604580000
1,1396,0,55840,6,1,0,2,0,0,0,0,0,0,1110,88,0,20da0000060100020000000000000000000000005604580000
1,1397,0,55880,6,1,0,2,0,0,0,0,0,0,1110,88,0,48da0000060100020000000000000000000000005604580000
1,1398,0,55920,6,1,0,2,0,0,0,0,0,0,1110,88,0,70da0000060100020000000000000000000000005604580000
1,1399,0,55960,6,1,0,2,0,0,0,0,0,0,1110,88,0,98da0000060100020000000000000000000000005604580000
1,1400,0,56000,6,1,0,2,0,0,0,0,0,0,1110,88,0,c0da0000060100020000000000000000000000005604580000
1,1401,0,56040,6,1,0,2,0,0,0,0,0,0,1110,88,0,e8da0000060100020000000000000000000000005604580000
1,1402,0,56080,6,1,0,2,0,0,0,0,0,0,1110,88,0,10db0000060100020000000000000000000000005604580000
1,1403,0,56120,6,1,0,2,0,0,0,0,0,0,1110,88,0,38db0000060100020000000000000000000000005604580000
1,1404,0,56160,6,1,0,2,0,0,0,0,0,0,1110,88,0,60db0000060100020000000000000000000000005604580000
1,1405,0,56200,6,1,0,2,0,0,0,0,0,0,1110,88,0,88db0000060100020000000000000000000000005604580000
1,1406,0,56240,6,1,0,2,0,0,0,0,0,0,1110,88,0,b0db0000060100020000000000000000000000005604580000
1,1407,0,56280,6,1,0,2,0,0,0,0,0,0,1110,88,0,d8db0000060100020000000000000000000000005604580000
1,1408,0,56320,6,1,0,2,0,0,0,0,0,0,1110,88,0,00dc0000060100020000000000000000000000005604580000
1,1409,0,56360,6,1,0,2,0,0,0,0,0,0,1110,88,0,28dc0000060100020000000000000000000000005604580000
1,1410,0,56400,6,1,0,2,0,0,0,0,0,0,1110,88,0,50dc0000060100020000000000000000000000005604580000
1,1411,0,56440,6,1,0,2,0,0,0,0,0,0,1110,88,0,78dc0000060100020000000000000000000000005604580000
1,1412,0,56480,6,1,0,2,0,0,0,0,0,0,1110,88,0,a0dc0000060100020000000000000000000000005604580000
1,1413,0,56520,6,1,0,2,0,0,0,0,0,0,1110,88,0,c8dc0000060100020000000000000000000000005604580000
1,1414,0,56560,6,1,0,2,0,0,0,0,0,0,1110,88,0,f0dc0000060100020000000000000000000000005604580000
1,1415,0,56600,6,1,0,2,0,0,0,0,0,0,1110,88,0,18dd0000060100020000000000000000000000005604580000
1,1416,0,56640,6,1,0,2,0,0,0,0,0,0,1110,88,0,40dd0000060100020000000000000000000000005604580000
1,1417,0,56680,6,1,0,2,0,0,0,0,0,0,1110,88,0,68dd0000060100020000000000000000000000005604580000
1,1418,0,56720,6,1,0,2,0,0,0,0,0,0,1110,88,0,90dd0000060100020000000000000000000000005604580000
1,1419,0,56760,6,1,0,2,0,0,0,0,0,0,1110,88,0,b8dd0000060100020000000000000000000000005604580000
1,1420,0,56800,6,1,0,2,0,0,0,0,0,0,1110,88,0,e0dd0000060100020000000000000000000000005604580000
1,1421,0,56840,6,1,0,2,0,0,0,0,0,0,1110,88,0,08de0000060100020000000000000000000000005604580000
1,1422,0,56880,6,1,0,2,0,0,0,0,0,0,1110,88,0,30de0000060100020000000000000000000000005604580000
1,1423,0,56920,6,1,0,2,0,0,0,0,0,0,1110,88,0,58de0000060100020000000000000000000000005604580000
1,1424,0,56960,6,1,0,2,0,0,0,0,0,0,1110,88,0,80de0000060100020000000000000000000000005604580000
1,1425,0,57000,6,1,0,2,0,0,0,0,0,0,1110,88,0,a8de0000060100020000000000000000000000005604580000
1,1426,0,57040,6,1,0,2,0,0,0,0,0,0,1110,88,0,d0de0000060100020000000000000000000000005604580000
1,1427,0,57080,6,1,0,2,0,0,0,0,0,0,1110,88,0,f8de0000060100020000000000000000000000005604580000
1,1428,0,57120,6,1,0,2,0,0,0,0,0,0,1110,88,0,20df0000060100020000000000000000000000005604580000
1,1429,0,57160,6,1,0,2,0,0,0,0,0,0,1110,88,0,48df0000060100020000000000000000000000005604580000
1,1430,0,57200,6,1,0,2,0,0,0,0,0,0,1110,88,0,70df0000060100020000000000000000000000005604580000
1,1431,0,57240,6,1,0,2,0,0,0,0,0,0,1110,88,0,98df0000060100020000000000000000000000005604580000
1,1432,0,57280,6,1,0,2,0,0,0,0,0,0,1110,88,0,c0df0000060100020000000000000000000000005604580000
1,1433,0,57320,6,1,0,2,0,0,0,0,0,0,1110,88,0,e8df0000060100020000000000000000000000005604580000
1,1434,0,57360,6,1,0,2,0,0,0,0,0,0,1110,88,0,10e00000060100020000000000000000000000005604580000
1,1435,0,57400,6,1,0,2,0,0,0,0,0,0,1110,88,0,38e00000060100020000000000000000000000005604580000
1,1436,0,57440,6,1,0,2,0,0,0,0,0,0,1110,88,0,60e00000060100020000000000000000000000005604580000
1,1437,0,57480,6,1,0,2,0,0,0,0,0,0,1110,88,0,88e00000060100020000000000000000000000005604580000
1,1438,0,57520,6,1,0,2,0,0,0,0,0,0,1110,88,0,b0e00000060100020000000000000000000000005604580000
1,1439,0,57560,6,1,0,2,0,0,0,0,0,0,1110,88,0,d8e00000060100020000000000000000000000005604580000
1,1440,0,57600,6,1,0,2,0,0,0,0,0,0,1110,88,0,00e10000060100020000000000000000000000005604580000
1,1441,0,57640,6,1,0,2,0,0,0,0,0,0,1110,88,0,28e10000060100020000000000000000000000005604580000
1,1442,0,57680,6,1,0,2,0,0,0,0,0,0,1110,88,0,50e10000060100020000000000000000000000005604580000
1,1443,0,57720,6,1,0,2,0,0,0,0,0,0,1110,88,0,78e10000060100020000000000000000000000005604580000
1,1444,0,57760,6,1,0,2,0,0,0,0,0,0,1110,88,0,a0e10000060100020000000000000000000000005604580000
1,1445,0,57800,6,1,0,2,0,0,0,0,0,0,1110,88,0,c8e10000060100020000000000000000000000005604580000
1,1446,0,57840,6,1,0,2,0,0,0,0,0,0,1110,88,0,f0e10000060100020000000000000000000000005604580000
1,1447,0,57880,6,1,0,2,0,0,0,0,0,0,1110,88,0,18e20000060100020000000000000000000000005604580000
1,1448,0,57920,6,1,0,2,0,0,0,0,0,0,1110,88,0,40e20000060100020000000000000000000000005604580000
1,1449,0,57960,6,1,0,2,0,0,0,0,0,0,1110,88,0,68e20000060100020000000000000000000000005604580000
1,1450,0,58000,6,1,0,2,0,0,0,0,0,0,1110,88,0,90e20000060100020000000000000000000000005604580000
1,1451,0,58040,6,1,0,2,0,0,0,0,0,0,1110,88,0,b8e20000060100020000000000000000000000005604580000
1,1452,0,58080,6,1,0,2,0,0,0,0,0,0,1110,88,0,e0e20000060100020000000000000000000000005604580000
1,1453,0,58120,6,1,0,2,0,0,0,0,0,0,1110,88,0,08e30000060100020000000000000000000000005604580000
1,1454,0,58160,6,1,0,2,0,0,0,0,0,0,1110,88,0,30e30000060100020000000000000000000000005604580000
1,1455,0,58200,6,1,0,2,0,0,0,0,0,0,1110,88,0,58e30000060100020000000000000000000000005604580000
1,1456,0,58240,6,1,0,2,0,0,0,0,0,0,1110,88,0,80e30000060100020000000000000000000000005604580000
1,1457,0,58280,6,1,0,2,0,0,0,0,0,0,1110,88,0,a8e30000060100020000000000000000000000005604580000
1,1458,0,58320,6,1,0,2,0,0,0,0,0,0,1110,88,0,d0e30000060100020000000000000000000000005604580000
1,1459,0,58360,6,1,0,2,0,0,0,0,0,0,1110,88,0,f8e30000060100020000000000000000000000005604580000
1,1460,0,58400,6,1,0,2,0,0,0,0,0,0,1110,88,0,20e40000060100020000000000000000000000005604580000
1,1461,0,58440,6,1,0,2,0,0,0,0,0,0,1110,88,0,48e40000060100020000000000000000000000005604580000
1,1462,0,58480,6,1,0,2,0,0,0,0,0,0,1110,88,0,70e40000060100020000000000000000000000005604580000
1,1463,0,58520,6,1,0,2,0,0,0,0,0,0,1110,88,0,98e40000060100020000000000000000000000005604580000
1,1464,0,58560,6,1,0,2,0,0,0,0,0,0,1110,88,0,c0e40000060100020000000000000000000000005604580000
1,1465,0,58600,6,1,0,2,0,0,0,0,0,0,1110,88,0,e8e40000060100020000000000000000000000005604580000
1,1466,0,58640,6,1,0,2,0,0,0,0,0,0,1110,88,0,10e50000060100020000000000000000000000005604580000
1,1467,0,58680,6,1,0,2,0,0,0,0,0,0,1110,88,0,38e50000060100020000000000000000000000005604580000
1,1468,0,58720,6,1,0,2,0,0,0,0,0,0,1110,88,0,60e50000060100020000000000000000000000005604580000
1,1469,0,58760,6,1,0,2,0,0,0,0,0,0,1110,88,0,88e50000060100020000000000000000000000005604580000
1,1470,0,58800,6,1,0,2,0,0,0,0,0,0,1110,88,0,b0e50000060100020000000000000000000000005604580000
1,1471,0,58840,6,1,0,2,0,0,0,0,0,0,1110,88,0,d8e50000060100020000000000000000000000005604580000
1,1472,0,58880,6,1,0,2,0,0,0,0,0,0,1110,88,0,00e60000060100020000000000000000000000005604580000
1,1473,0,58920,6,1,0,2,0,0,0,0,0,0,1110,88,0,28e60000060100020000000000000000000000005604580000
1,1474,0,58960,6,1,0,2,0,0,0,0,0,0,1110,88,0,50e60000060100020000000000000000000000005604580000
1,1475,0,59000,6,1,0,2,0,0,0,0,0,0,1110,88,0,78e60000060100020000000000000000000000005604580000
1,1476,0,59040,6,1,0,2,0,0,0,0,0,0,1110,88,0,a0e60000060100020000000000000000000000005604580000
1,1477,0,59080,6,1,0,2,0,0,0,0,0,0,1110,88,0,c8e60000060100020000000000000000000000005604580000
1,1478,0,59120,6,1,0,2,0,0,0,0,0,0,1110,88,0,f0e60000060100020000000000000000000000005604580000
1,1479,0,59160,6,1,0,2,0,0,0,0,0,0,1110,88,0,18e70000060100020000000000000000000000005604580000
1,1480,0,59200,6,1,0,2,0,0,0,0,0,0,1110,88,0,40e70000060100020000000000000000000000005604580000
1,1481,0,59240,6,1,0,2,0,0,0,0,0,0,1110,88,0,68e70000060100020000000000000000000000005604580000
1,1482,0,59280,6,1,0,2,0,0,0,0,0,0,1110,88,0,90e70000060100020000000000000000000000005604580000
1,1483,0,59320,6,1,0,2,0,0,0,0,0,0,1110,88,0,b8e70000060100020000000000000000000000005604580000
1,1484,0,59360,6,1,0,2,0,0,0,0,0,0,1110,88,0,e0e70000060100020000000000000000000000005604580000
1,1485,0,59400,6,1,0,2,0,0,0,0,0,0,1110,88,0,08e80000060100020000000000000000000000005604580000
1,1486,0,59440,6,1,0,2,0,0,0,0,0,0,1110,88,0,30e80000060100020000000000000000000000005604580000
1,1487,0,59480,6,1,0,2,0,0,0,0,0,0,1110,88,0,58e80000060100020000000000000000000000005604580000
1,1488,0,59520,6,1,0,2,0,0,0,0,0,0,1110,88,0,80e80000060100020000000000000000000000005604580000
1,1489,0,59560,6,1,0,2,0,0,0,0,0,0,1110,88,0,a8e80000060100020000000000000000000000005604580000
1,1490,0,59600,6,1,0,2,0,0,0,0,0,0,1110,88,0,d0e80000060100020000000000000000000000005604580000
1,1491,0,59640,6,1,0,2,0,0,0,0,0,0,1110,88,0,f8e80000060100020000000000000000000000005604580000
1,1492,0,59680,6,1,0,2,0,0,0,0,0,0,1110,88,0,20e90000060100020000000000000000000000005604580000
1,1493,0,59720,6,1,0,2,0,0,0,0,0,0,1110,88,0,48e90000060100020000000000000000000000005604580000
1,1494,0,59760,6,1,0,2,0,0,0,0,0,0,1110,88,0,70e90000060100020000000000000000000000005604580000
1,1495,0,59800,6,1,0,2,0,0,0,0,0,0,1110,88,0,98e90000060100020000000000000000000000005604580000
1,1496,0,59840,6,1,0,2,0,0,0,0,0,0,1110,88,0,c0e90000060100020000000000000000000000005604580000
1,1497,0,59880,6,1,0,2,0,0,0,0,0,0,1110,88,0,e8e90000060100020000000000000000000000005604580000
1,1498,0,59920,6,1,0,2,0,0,0,0,0,0,1110,88,0,10ea0000060100020000000000000000000000005604580000
1,1499,0,59960,6,1,0,2,0,0,0,0,0,0,1110,88,0,38ea0000060100020000000000000000000000005604580000
1,1500,0,60000,6,1,0,2,0,0,0,0,0,0,1110,88,0,60ea0000060100020000000000000000000000005604580000
1,1501,0,60040,6,1,0,2,0,0,0,0,0,0,1110,88,0,88ea0000060100020000000000000000000000005604580000
1,1502,0,60080,6,1,0,2,0,0,0,0,0,0,1110,88,0,b0ea0000060100020000000000000000000000005604580000
1,1503,0,60120,6,1,0,2,0,0,0,0,0,0,1110,88,0,d8ea0000060100020000000000000000000000005604580000
1,1504,0,60160,6,1,0,2,0,0,0,0,0,0,1110,88,0,00eb0000060100020000000000000000000000005604580000
1,1505,0,60200,6,1,0,2,0,0,0,0,0,0,1110,88,0,28eb0000060100020000000000000000000000005604580000
1,1506,0,60240,6,1,0,2,0,0,0,0,0,0,1110,88,0,50eb0000060100020000000000000000000000005604580000
1,1507,0,60280,6,1,0,2,0,0,0,0,0,0,1110,88,0,78eb0000060100020000000000000000000000005604580000
1,1508,0,60320,6,1,0,2,0,0,0,0,0,0,1110,88,0,a0eb0000060100020000000000000000000000005604580000
1,1509,0,60360,6,1,0,2,0,0,0,0,0,0,1110,88,0,c8eb0000060100020000000000000000000000005604580000
1,1510,0,60400,6,1,0,2,0,0,0,0,0,0,1110,88,0,f0eb0000060100020000000000000000000000005604580000
1,1511,0,60440,6,1,0,2,0,0,0,0,0,0,1110,88,0,18ec0000060100020000000000000000000000005604580000
1,1512,0,60480,6,1,0,2,0,0,0,0,0,0,1110,88,0,40ec0000060100020000000000000000000000005604580000
1,1513,0,60520,6,1,0,2,0,0,0,0,0,0,1110,88,0,68ec0000060100020000000000000000000000005604580000
1,1514,0,60560,6,1,0,2,0,0,0,0,0,0,1110,88,0,90ec0000060100020000000000000000000000005604580000
1,1515,0,60600,6,1,0,2,0,0,0,0,0,0,1110,88,0,b8ec0000060100020000000000000000000000005604580000
1,1516,0,60640,6,1,0,2,0,0,0,0,0,0,1110,88,0,e0ec0000060100020000000000000000000000005604580000
1,1517,0,60680,6,1,0,2,0,0,0,0,0,0,1110,88,0,08ed0000060100020000000000000000000000005604580000
1,1518,0,60720,6,1,0,2,0,0,0,0,0,0,1110,88,0,30ed0000060100020000000000000000000000005604580000
1,1519,0,60760,6,1,0,2,0,0,0,0,0,0,1110,88,0,58ed0000060100020000000000000000000000005604580000
1,1520,0,60800,6,1,0,2,0,0,0,0,0,0,1110,88,0,80ed0000060100020000000000000000000000005604580000
1,1521,0,60840,6,1,0,2,0,0,0,0,0,0,1110,88,0,a8ed0000060100020000000000000000000000005604580000
1,1522,0,60880,6,1,0,2,0,0,0,0,0,0,1110,88,0,d0ed0000060100020000000000000000000000005604580000
1,1523,0,60920,6,1,0,2,0,0,0,0,0,0,1110,88,0,f8ed0000060100020000000000000000000000005604580000
1,1524,0,60960,6,1,0,2,0,0,0,0,0,0,1110,88,0,20ee0000060100020000000000000000000000005604580000
1,1525,0,61000,6,1,0,2,0,0,0,0,0,0,1110,88,0,48ee0000060100020000000000000000000000005604580000
1,1526,0,61040,6,1,0,2,0,0,0,0,0,0,1110,88,0,70ee0000060100020000000000000000000000005604580000
1,1527,0,61080,6,1,0,2,0,0,0,0,0,0,1110,88,0,98ee0000060100020000000000000000000000005604580000
1,1528,0,61120,6,1,0,2,0,0,0,0,0,0,1110,88,0,c0ee0000060100020000000000000000000000005604580000
1,1529,0,61160,6,1,0,2,0,0,0,0,0,0,1110,88,0,e8ee0000060100020000000000000000000000005604580000
1,1530,0,61200,6,1,0,2,0,0,0,0,0,0,1110,88,0,10ef0000060100020000000000000000000000005604580000
1,1531,0,61240,6,1,0,2,0,0,0,0,0,0,1110,88,0,38ef0000060100020000000000000000000000005604580000
1,1532,0,61280,6,1,0,2,0,0,0,0,0,0,1110,88,0,60ef0000060100020000000000000000000000005604580000
1,1533,0,61320,6,1,0,2,0,0,0,0,0,0,1110,88,0,88ef0000060100020000000000000000000000005604580000
1,1534,0,61360,6,1,0,2,0,0,0,0,0,0,1110,88,0,b0ef0000060100020000000000000000000000005604580000
1,1535,0,61400,6,1,0,2,0,0,0,0,0,0,1110,88,0,d8ef0000060100020000000000000000000000005604580000
1,1536,0,61440,6,1,0,2,0,0,0,0,0,0,1110,88,0,00f00000060100020000000000000000000000005604580000
1,1537,0,61480,6,1,0,2,0,0,0,0,0,0,1110,88,0,28f00000060100020000000000000000000000005604580000
1,1538,0,61520,6,1,0,2,0,0,0,0,0,0,1110,88,0,50f00000060100020000000000000000000000005604580000
1,1539,0,61560,6,1,0,2,0,0,0,0,0,0,1110,88,0,78f00000060100020000000000000000000000005604580000
1,1540,0,61600,6,1,0,2,0,0,0,0,0,0,1110,88,0,a0f00000060100020000000000000000000000005604580000
1,1541,0,61640,6,1,0,2,0,0,0,0,0,0,1110,88,0,c8f00000060100020000000000000000000000005604580000
1,1542,0,61680,6,1,0,2,0,0,0,0,0,0,1110,88,0,f0f00000060100020000000000000000000000005604580000
1,1543,0,61720,6,1,0,2,0,0,0,0,0,0,1110,88,0,18f10000060100020000000000000000000000005604580000
1,1544,0,61760,6,1,0,2,0,0,0,0,0,0,1110,88,0,40f10000060100020000000000000000000000005604580000
1,1545,0,61800,6,1,0,2,0,0,0,0,0,0,1110,88,0,68f10000060100020000000000000000000000005604580000
1,1546,0,61840,6,1,0,2,0,0,0,0,0,0,1110,88,0,90f10000060100020000000000000000000000005604580000
1,1547,0,61880,6,1,0,2,0,0,0,0,0,0,1110,88,0,b8f10000060100020000000000000000000000005604580000
1,1548,0,61920,6,1,0,2,0,0,0,0,0,0,1110,88,0,e0f10000060100020000000000000000000000005604580000
1,1549,0,61960,6,1,0,2,0,0,0,0,0,0,1110,88,0,08f20000060100020000000000000000000000005604580000
1,1550,0,62000,6,1,0,2,0,0,0,0,0,0,1110,88,0,30f20000060100020000000000000000000000005604580000
1,1551,0,62040,6,1,0,2,0,0,0,0,0,0,1110,88,0,58f20000060100020000000000000000000000005604580000
1,1552,0,62080,6,1,0,2,0,0,0,0,0,0,1110,88,0,80f20000060100020000000000000000000000005604580000
1,1553,0,62120,6,1,0,2,0,0,0,0,0,0,1110,88,0,a8f20000060100020000000000000000000000005604580000
1,1554,0,62160,6,1,0,2,0,0,0,0,0,0,1110,88,0,d0f20000060100020000000000000000000000005604580000
1,1555,0,62200,6,1,0,2,0,0,0,0,0,0,1110,88,0,f8f20000060100020000000000000000000000005604580000
1,1556,0,62240,6,1,0,2,0,0,0,0,0,0,1110,88,0,20f30000060100020000000000000000000000005604580000
1,1557,0,62280,6,1,0,2,0,0,0,0,0,0,1110,88,0,48f30000060100020000000000000000000000005604580000
1,1558,0,62320,6,1,0,2,0,0,0,0,0,0,1110,88,0,70f30000060100020000000000000000000000005604580000
1,1559,0,62360,6,1,0,2,0,0,0,0,0,0,1110,88,0,98f30000060100020000000000000000000000005604580000
1,1560,0,62400,6,1,0,2,0,0,0,0,0,0,1110,88,0,c0f30000060100020000000000000000000000005604580000
1,1561,0,62440,6,1,0,2,0,0,0,0,0,0,1110,88,0,e8f30000060100020000000000000000000000005604580000
1,1562,0,62480,6,1,0,2,0,0,0,0,0,0,1110,88,0,10f40000060100020000000000000000000000005604580000
1,1563,0,62520,6,1,0,2,0,0,0,0,0,0,1110,88,0,38f40000060100020000000000000000000000005604580000
1,1564,0,62560,6,1,0,2,0,0,0,0,0,0,1110,88,0,60f40000060100020000000000000000000000005604580000
1,1565,0,62600,6,1,0,2,0,0,0,0,0,0,1110,88,0,88f40000060100020000000000000000000000005604580000
1,1566,0,62640,6,1,0,2,0,0,0,0,0,0,1110,88,0,b0f40000060100020000000000000000000000005604580000
1,1567,0,62680,6,1,0,2,0,0,0,0,0,0,1110,88,0,d8f40000060100020000000000000000000000005604580000
1,1568,0,62720,6,1,0,2,0,0,0,0,0,0,1110,88,0,00f50000060100020000000000000000000000005604580000
1,1569,0,62760,6,1,0,2,0,0,0,0,0,0,1110,88,0,28f50000060100020000000000000000000000005604580000
1,1570,0,62800,6,1,0,2,0,0,0,0,0,0,1110,88,0,50f50000060100020000000000000000000000005604580000
1,1571,0,62840,6,1,0,2,0,0,0,0,0,0,1110,88,0,78f50000060100020000000000000000000000005604580000
1,1572,0,62880,6,1,0,2,0,0,0,0,0,0,1110,88,0,a0f50000060100020000000000000000000000005604580000
1,1573,0,62920,6,1,0,2,0,0,0,0,0,0,1110,88,0,c8f50000060100020000000000000000000000005604580000
1,1574,0,62960,6,1,0,2,0,0,0,0,0,0,1110,88,0,f0f50000060100020000000000000000000000005604580000
1,1575,0,63000,6,1,0,2,0,0,0,0,0,0,1110,88,0,18f60000060100020000000000000000000000005604580000
1,1576,0,63040,6,1,0,2,0,0,0,0,0,0,1110,88,0,40f60000060100020000000000000000000000005604580000
1,1577,0,63080,6,1,0,2,0,0,0,0,0,0,1110,88,0,68f60000060100020000000000000000000000005604580000
1,1578,0,63120,6,1,0,2,0,0,0,0,0,0,1110,88,0,90f60000060100020000000000000000000000005604580000
1,1579,0,63160,6,1,0,2,0,0,0,0,0,0,1110,88,0,b8f60000060100020000000000000000000000005604580000
1,1580,0,63200,6,1,0,2,0,0,0,0,0,0,1110,88,0,e0f60000060100020000000000000000000000005604580000
1,1581,0,63240,6,1,0,2,0,0,0,0,0,0,1110,88,0,08f70000060100020000000000000000000000005604580000
1,1582,0,63280,6,1,0,2,0,0,0,0,0,0,1110,88,0,30f70000060100020000000000000000000000005604580000
1,1583,0,63320,6,1,0,2,0,0,0,0,0,0,1110,88,0,58f70000060100020000000000000000000000005604580000
1,1584,0,63360,6,1,0,2,0,0,0,0,0,0,1110,88,0,80f70000060100020000000000000000000000005604580000
1,1585,0,63400,6,1,0,2,0,0,0,0,0,0,1110,88,0,a8f70000060100020000000000000000000000005604580000
1,1586,0,63440,6,1,0,2,0,0,0,0,0,0,1110,88,0,d0f70000060100020000000000000000000000005604580000
1,1587,0,63480,6,1,0,2,0,0,0,0,0,0,1110,88,0,f8f70000060100020000000000000000000000005604580000
1,1588,0,63520,6,1,0,2,0,0,0,0,0,0,1110,88,0,20f80000060100020000000000000000000000005604580000
1,1589,0,63560,6,1,0,2,0,0,0,0,0,0,1110,88,0,48f80000060100020000000000000000000000005604580000
1,1590,0,63600,6,1,0,2,0,0,0,0,0,0,1110,88,0,70f80000060100020000000000000000000000005604580000
1,1591,0,63640,6,1,0,2,0,0,0,0,0,0,1110,88,0,98f80000060100020000000000000000000000005604580000
1,1592,0,63680,6,1,0,2,0,0,0,0,0,0,1110,88,0,c0f80000060100020000000000000000000000005604580000
1,1593,0,63720,6,1,0,2,0,0,0,0,0,0,1110,88,0,e8f80000060100020000000000000000000000005604580000
1,1594,0,63760,6,1,0,2,0,0,0,0,0,0,1110,88,0,10f90000060100020000000000000000000000005604580000
1,1595,0,63800,6,1,0,2,0,0,0,0,0,0,1110,88,0,38f90000060100020000000000000000000000005604580000
1,1596,0,63840,6,1,0,2,0,0,0,0,0,0,1110,88,0,60f90000060100020000000000000000000000005604580000
1,1597,0,63880,6,1,0,2,0,0,0,0,0,0,1110,88,0,88f90000060100020000000000000000000000005604580000
1,1598,0,63920,6,1,0,2,0,0,0,0,0,0,1110,88,0,b0f90000060100020000000000000000000000005604580000
1,1599,0,63960,6,1,0,2,0,0,0,0,0,0,1110,88,0,d8f90000060100020000000000000000000000005604580000
1,1600,0,64000,6,1,0,2,0,0,0,0,0,0,1110,88,0,00fa0000060100020000000000000000000000005604580000
1,1601,0,64040,6,1,0,2,0,0,0,0,0,0,1110,88,0,28fa0000060100020000000000000000000000005604580000
1,1602,0,64080,6,1,0,2,0,0,0,0,0,0,1110,88,0,50fa0000060100020000000000000000000000005604580000
1,1603,0,64120,6,1,0,2,0,0,0,0,0,0,1110,88,0,78fa0000060100020000000000000000000000005604580000
1,1604,0,64160,6,1,0,2,0,0,0,0,0,0,1110,88,0,a0fa0000060100020000000000000000000000005604580000
1,1605,0,64200,6,1,0,2,0,0,0,0,0,0,1110,88,0,c8fa0000060100020000000000000000000000005604580000
1,1606,0,64240,6,1,0,2,0,0,0,0,0,0,1110,88,0,f0fa0000060100020000000000000000000000005604580000
1,1607,0,64280,6,1,0,2,0,0,0,0,0,0,1110,88,0,18fb0000060100020000000000000000000000005604580000
1,1608,0,64320,6,1,0,2,0,0,0,0,0,0,1110,88,0,40fb0000060100020000000000000000000000005604580000
1,1609,0,64360,6,1,0,2,0,0,0,0,0,0,1110,88,0,68fb0000060100020000000000000000000000005604580000
1,1610,0,64400,6,1,0,2,0,0,0,0,0,0,1110,88,0,90fb0000060100020000000000000000000000005604580000
1,1611,0,64440,6,1,0,2,0,0,0,0,0,0,1110,88,0,b8fb0000060100020000000000000000000000005604580000
1,1612,0,64480,6,1,0,2,0,0,0,0,0,0,1110,88,0,e0fb0000060100020000000000000000000000005604580000
1,1613,0,64520,6,1,0,2,0,0,0,0,0,0,1110,88,0,08fc0000060100020000000000000000000000005604580000
1,1614,0,64560,6,1,0,2,0,0,0,0,0,0,1110,88,0,30fc0000060100020000000000000000000000005604580000
1,1615,0,64600,6,1,0,2,0,0,0,0,0,0,1110,88,0,58fc0000060100020000000000000000000000005604580000
1,1616,0,64640,6,1,0,2,0,0,0,0,0,0,1110,88,0,80fc0000060100020000000000000000000000005604580000
1,1617,0,64680,6,1,0,2,0,0,0,0,0,0,1110,88,0,a8fc0000060100020000000000000000000000005604580000
1,1618,0,64720,6,1,0,2,0,0,0,0,0,0,1110,88,0,d0fc0000060100020000000000000000000000005604580000
1,1619,0,64760,6,1,0,2,0,0,0,0,0,0,1110,88,0,f8fc0000060100020000000000000000000000005604580000
1,1620,0,64800,6,1,0,2,0,0,0,0,0,0,1110,88,0,20fd0000060100020000000000000000000000005604580000
1,1621,0,64840,6,1,0,2,0,0,0,0,0,0,1110,88,0,48fd0000060100020000000000000000000000005604580000
1,1622,0,64880,6,1,0,2,0,0,0,0,0,0,1110,88,0,70fd0000060100020000000000000000000000005604580000
1,1623,0,64920,6,1,0,2,0,0,0,0,0,0,1110,88,0,98fd0000060100020000000000000000000000005604580000
1,1624,0,64960,6,1,0,2,0,0,0,0,0,0,1110,88,0,c0fd0000060100020000000000000000000000005604580000
1,1625,0,65000,6,1,0,2,0,0,0,0,0,0,1110,88,0,e8fd0000060100020000000000000000000000005604580000
1,1626,0,65040,6,1,0,2,0,0,0,0,0,0,1110,88,0,10fe0000060100020000000000000000000000005604580000
1,1627,0,65080,6,1,0,2,0,0,0,0,0,0,1110,88,0,38fe0000060100020000000000000000000000005604580000
1,1628,0,65120,6,1,0,2,0,0,0,0,0,0,1110,88,0,60fe0000060100020000000000000000000000005604580000
1,1629,0,65160,6,1,0,2,0,0,0,0,0,0,1110,88,0,88fe0000060100020000000000000000000000005604580000
1,1630,0,65200,6,1,0,2,0,0,0,0,0,0,1110,88,0,b0fe0000060100020000000000000000000000005604580000
1,1631,0,65240,6,1,0,2,0,0,0,0,0,0,1110,88,0,d8fe0000060100020000000000000000000000005604580000
1,1632,0,65280,6,1,0,2,0,0,0,0,0,0,1110,88,0,00ff0000060100020000000000000000000000005604580000
1,1633,0,65320,6,1,0,2,0,0,0,0,0,0,1110,88,0,28ff0000060100020000000000000000000000005604580000
1,1634,0,65360,6,1,0,2,0,0,0,0,0,0,1110,88,0,50ff0000060100020000000000000000000000005604580000
1,1635,0,65400,6,1,0,2,0,0,0,0,0,0,1110,88,0,78ff0000060100020000000000000000000000005604580000
1,1636,0,65440,6,1,0,2,0,0,0,0,0,0,1110,88,0,a0ff0000060100020000000000000000000000005604580000
1,1637,0,65480,6,1,0,2,0,0,0,0,0,0,1110,88,0,c8ff0000060100020000000000000000000000005604580000
1,1638,0,65520,6,1,0,2,0,0,0,0,0,0,1110,88,0,f0ff0000060100020000000000000000000000005604580000
1,1639,0,65560,6,1,0,2,0,0,0,0,0,0,1110,88,0,18000100060100020000000000000000000000005604580000
1,1640,0,65600,6,1,0,2,0,0,0,0,0,0,1110,88,0,40000100060100020000000000000000000000005604580000
1,1641,0,65640,6,1,0,2,0,0,0,0,0,0,1110,88,0,68000100060100020000000000000000000000005604580000
1,1642,0,65680,6,1,0,2,0,0,0,0,0,0,1110,88,0,90000100060100020000000000000000000000005604580000
1,1643,0,65720,6,1,0,2,0,0,0,0,0,0,1110,88,0,b8000100060100020000000000000000000000005604580000
1,1644,0,65760,6,1,0,2,0,0,0,0,0,0,1110,88,0,e0000100060100020000000000000000000000005604580000
1,1645,0,65800,6,1,0,2,0,0,0,0,0,0,1110,88,0,08010100060100020000000000000000000000005604580000
1,1646,0,65840,6,1,0,2,0,0,0,0,0,0,1110,88,0,30010100060100020000000000000000000000005604580000
1,1647,0,65880,6,1,0,2,0,0,0,0,0,0,1110,88,0,58010100060100020000000000000000000000005604580000
1,1648,0,65920,6,1,0,2,0,0,0,0,0,0,1110,88,0,80010100060100020000000000000000000000005604580000
1,1649,0,65960,6,1,0,2,0,0,0,0,0,0,1110,88,0,a8010100060100020000000000000000000000005604580000
1,1650,0,66000,6,1,0,2,0,0,0,0,0,0,1110,88,0,d0010100060100020000000000000000000000005604580000
1,1651,0,66040,6,1,0,2,0,0,0,0,0,0,1110,88,0,f8010100060100020000000000000000000000005604580000
1,1652,0,66080,6,1,0,2,0,0,0,0,0,0,1110,88,0,20020100060100020000000000000000000000005604580000
1,1653,0,66120,6,1,0,2,0,0,0,0,0,0,1110,88,0,48020100060100020000000000000000000000005604580000
1,1654,0,66160,6,1,0,2,0,0,0,0,0,0,1110,88,0,70020100060100020000000000000000000000005604580000
1,1655,0,66200,6,1,0,2,0,0,0,0,0,0,1110,88,0,98020100060100020000000000000000000000005604580000
1,1656,0,66240,6,1,0,2,0,0,0,0,0,0,1110,88,0,c0020100060100020000000000000000000000005604580000
1,1657,0,66280,6,1,0,2,0,0,0,0,0,0,1110,88,0,e8020100060100020000000000000000000000005604580000
1,1658,0,66320,6,1,0,2,0,0,0,0,0,0,1110,88,0,10030100060100020000000000000000000000005604580000
1,1659,0,66360,6,1,0,2,0,0,0,0,0,0,1110,88,0,38030100060100020000000000000000000000005604580000
1,1660,0,66400,6,1,0,2,0,0,0,0,0,0,1110,88,0,60030100060100020000000000000000000000005604580000
1,1661,0,66440,6,1,0,2,0,0,0,0,0,0,1110,88,0,88030100060100020000000000000000000000005604580000
1,1662,0,66480,6,1,0,2,0,0,0,0,0,0,1110,88,0,b0030100060100020000000000000000000000005604580000
1,1663,0,66520,6,1,0,2,0,0,0,0,0,0,1110,88,0,d8030100060100020000000000000000000000005604580000
1,1664,0,66560,6,1,0,2,0,0,0,0,0,0,1110,88,0,00040100060100020000000000000000000000005604580000
1,1665,0,66600,6,1,0,2,0,0,0,0,0,0,1110,88,0,28040100060100020000000000000000000000005604580000
1,1666,0,66640,6,1,0,2,0,0,0,0,0,0,1110,88,0,50040100060100020000000000000000000000005604580000
1,1667,0,66680,6,1,0,2,0,0,0,0,0,0,1110,88,0,78040100060100020000000000000000000000005604580000
1,1668,0,66720,6,1,0,2,0,0,0,0,0,0,1110,88,0,a0040100060100020000000000000000000000005604580000
1,1669,0,66760,6,1,0,2,0,0,0,0,0,0,1110,88,0,c8040100060100020000000000000000000000005604580000
1,1670,0,66800,6,1,0,2,0,0,0,0,0,0,1110,88,0,f0040100060100020000000000000000000000005604580000
1,1671,0,66840,6,1,0,2,0,0,0,0,0,0,1110,88,0,18050100060100020000000000000000000000005604580000
1,1672,0,66880,6,1,0,2,0,0,0,0,0,0,1110,88,0,40050100060100020000000000000000000000005604580000
1,1673,0,66920,6,1,0,2,0,0,0,0,0,0,1110,88,0,68050100060100020000000000000000000000005604580000
1,1674,0,66960,6,1,0,2,0,0,0,0,0,0,1110,88,0,90050100060100020000000000000000000000005604580000
1,1675,0,67000,6,1,0,2,0,0,0,0,0,0,1110,88,0,b8050100060100020000000000000000000000005604580000
1,1676,0,67040,6,1,0,2,0,0,0,0,0,0,1110,88,0,e0050100060100020000000000000000000000005604580000
1,1677,0,67080,6,1,0,2,0,0,0,0,0,0,1110,88,0,08060100060100020000000000000000000000005604580000
1,1678,0,67120,6,1,0,2,0,0,0,0,0,0,1110,88,0,30060100060100020000000000000000000000005604580000
1,1679,0,67160,6,1,0,2,0,0,0,0,0,0,1110,88,0,58060100060100020000000000000000000000005604580000
1,1680,0,67200,6,1,0,2,0,0,0,0,0,0,1110,88,0,80060100060100020000000000000000000000005604580000
1,1681,0,67240,6,1,0,2,0,0,0,0,0,0,1110,88,0,a8060100060100020000000000000000000000005604580000
1,1682,0,67280,6,1,0,2,0,0,0,0,0,0,1110,88,0,d0060100060100020000000000000000000000005604580000
1,1683,0,67320,6,1,0,2,0,0,0,0,0,0,1110,88,0,f8060100060100020000000000000000000000005604580000
1,1684,0,67360,6,1,0,2,0,0,0,0,0,0,1110,88,0,20070100060100020000000000000000000000005604580000
1,1685,0,67400,6,1,0,2,0,0,0,0,0,0,1110,88,0,48070100060100020000000000000000000000005604580000
1,1686,0,67440,6,1,0,2,0,0,0,0,0,0,1110,88,0,70070100060100020000000000000000000000005604580000
1,1687,0,67480,6,1,0,2,0,0,0,0,0,0,1110,88,0,98070100060100020000000000000000000000005604580000
1,1688,0,67520,6,1,0,2,0,0,0,0,0,0,1110,88,0,c0070100060100020000000000000000000000005604580000
1,1689,0,67560,6,1,0,2,0,0,0,0,0,0,1110,88,0,e8070100060100020000000000000000000000005604580000
1,1690,0,67600,6,1,0,2,0,0,0,0,0,0,1110,88,0,10080100060100020000000000000000000000005604580000
1,1691,0,67640,6,1,0,2,0,0,0,0,0,0,1110,88,0,38080100060100020000000000000000000000005604580000
1,1692,0,67680,6,1,0,2,0,0,0,0,0,0,1110,88,0,60080100060100020000000000000000000000005604580000
1,1693,0,67720,6,1,0,2,0,0,0,0,0,0,1110,88,0,88080100060100020000000000000000000000005604580000
1,1694,0,67760,6,1,0,2,0,0,0,0,0,0,1110,88,0,b0080100060100020000000000000000000000005604580000
1,1695,0,67800,6,1,0,2,0,0,0,0,0,0,1110,88,0,d8080100060100020000000000000000000000005604580000
1,1696,0,67840,6,1,0,2,0,0,0,0,0,0,1110,88,0,00090100060100020000000000000000000000005604580000
1,1697,0,67880,6,1,0,2,0,0,0,0,0,0,1110,88,0,28090100060100020000000000000000000000005604580000
1,1698,0,67920,6,1,0,2,0,0,0,0,0,0,1110,88,0,50090100060100020000000000000000000000005604580000
1,1699,0,67960,6,1,0,2,0,0,0,0,0,0,1110,88,0,78090100060100020000000000000000000000005604580000
1,1700,0,68000,6,1,0,2,0,0,0,0,0,0,1110,88,0,a0090100060100020000000000000000000000005604580000
1,1701,0,68040,6,1,0,2,0,0,0,0,0,0,1110,88,0,c8090100060100020000000000000000000000005604580000
1,1702,0,68080,6,1,0,2,0,0,0,0,0,0,1110,88,0,f0090100060100020000000000000000000000005604580000
1,1703,0,68120,6,1,0,2,0,0,0,0,0,0,1110,88,0,180a0100060100020000000000000000000000005604580000
1,1704,0,68160,6,1,0,2,0,0,0,0,0,0,1110,88,0,400a0100060100020000000000000000000000005604580000
1,1705,0,68200,6,1,0,2,0,0,0,0,0,0,1110,88,0,680a0100060100020000000000000000000000005604580000
1,1706,0,68240,6,1,0,2,0,0,0,0,0,0,1110,88,0,900a0100060100020000000000000000000000005604580000
1,1707,0,68280,6,1,0,2,0,0,0,0,0,0,1110,88,0,b80a0100060100020000000000000000000000005604580000
1,1708,0,68320,6,1,0,2,0,0,0,0,0,0,1110,88,0,e00a0100060100020000000000000000000000005604580000
1,1709,0,68360,6,1,0,2,0,0,0,0,0,0,1110,88,0,080b0100060100020000000000000000000000005604580000
1,1710,0,68400,6,1,0,2,0,0,0,0,0,0,1110,88,0,300b0100060100020000000000000000000000005604580000
1,1711,0,68440,6,1,0,2,0,0,0,0,0,0,1110,88,0,580b0100060100020000000000000000000000005604580000
1,1712,0,68480,6,1,0,2,0,0,0,0,0,0,1110,88,0,800b0100060100020000000000000000000000005604580000
1,1713,0,68520,6,1,0,2,0,0,0,0,0,0,1110,88,0,a80b0100060100020000000000000000000000005604580000
1,1714,0,68560,6,1,0,2,0,0,0,0,0,0,1110,88,0,d00b0100060100020000000000000000000000005604580000
1,1715,0,68600,6,1,0,2,0,0,0,0,0,0,1110,88,0,f80b0100060100020000000000000000000000005604580000
1,1716,0,68640,6,1,0,2,0,0,0,0,0,0,1110,88,0,200c0100060100020000000000000000000000005604580000
1,1717,0,68680,6,1,0,2,0,0,0,0,0,0,1110,88,0,480c0100060100020000000000000000000000005604580000
1,1718,0,68720,6,1,0,2,0,0,0,0,0,0,1110,88,0,700c0100060100020000000000000000000000005604580000
1,1719,0,68760,6,1,0,2,0,0,0,0,0,0,1110,88,0,980c0100060100020000000000000000000000005604580000
1,1720,0,68800,6,1,0,2,0,0,0,0,0,0,1110,88,0,c00c0100060100020000000000000000000000005604580000
1,1721,0,68840,6,1,0,2,0,0,0,0,0,0,1110,88,0,e80c0100060100020000000000000000000000005604580000
1,1722,0,68880,6,1,0,2,0,0,0,0,0,0,1110,88,0,100d0100060100020000000000000000000000005604580000
1,1723,0,68920,6,1,0,2,0,0,0,0,0,0,1110,88,0,380d0100060100020000000000000000000000005604580000
1,1724,0,68960,6,1,0,2,0,0,0,0,0,0,1110,88,0,600d0100060100020000000000000000000000005604580000
1,1725,0,69000,6,1,0,2,0,0,0,0,0,0,1110,88,0,880d0100060100020000000000000000000000005604580000
1,1726,0,69040,6,1,0,2,0,0,0,0,0,0,1110,88,0,b00d0100060100020000000000000000000000005604580000
1,1727,0,69080,6,1,0,2,0,0,0,0,0,0,1110,88,0,d80d0100060100020000000000000000000000005604580000
1,1728,0,69120,6,1,0,2,0,0,0,0,0,0,1110,88,0,000e0100060100020000000000000000000000005604580000
1,1729,0,69160,6,1,0,2,0,0,0,0,0,0,1110,88,0,280e0100060100020000000000000000000000005604580000
1,1730,0,69200,6,1,0,2,0,0,0,0,0,0,1110,88,0,500e0100060100020000000000000000000000005604580000
1,1731,0,69240,6,1,0,2,0,0,0,0,0,0,1110,88,0,780e0100060100020000000000000000000000005604580000
1,1732,0,69280,6,1,0,2,0,0,0,0,0,0,1110,88,0,a00e0100060100020000000000000000000000005604580000
1,1733,0,69320,6,1,0,2,0,0,0,0,0,0,1110,88,0,c80e0100060100020000000000000000000000005604580000
1,1734,0,69360,6,1,0,2,0,0,0,0,0,0,1110,88,0,f00e0100060100020000000000000000000000005604580000
1,1735,0,69400,6,1,0,2,0,0,0,0,0,0,1110,88,0,180f0100060100020000000000000000000000005604580000
1,1736,0,69440,6,1,0,2,0,0,0,0,0,0,1110,88,0,400f0100060100020000000000000000000000005604580000
1,1737,0,69480,6,1,0,2,0,0,0,0,0,0,1110,88,0,680f0100060100020000000000000000000000005604580000
1,1738,0,69520,6,1,0,2,0,0,0,0,0,0,1110,88,0,900f0100060100020000000000000000000000005604580000
1,1739,0,69560,6,1,0,2,0,0,0,0,0,0,1110,88,0,b80f0100060100020000000000000000000000005604580000
1,1740,0,69600,6,1,0,2,0,0,0,0,0,0,1110,88,0,e00f0100060100020000000000000000000000005604580000
1,1741,0,69640,6,1,0,2,0,0,0,0,0,0,1110,88,0,08100100060100020000000000000000000000005604580000
1,1742,0,69680,6,1,0,2,0,0,0,0,0,0,1110,88,0,30100100060100020000000000000000000000005604580000
1,1743,0,69720,6,1,0,2,0,0,0,0,0,0,1110,88,0,58100100060100020000000000000000000000005604580000
1,1744,0,69760,6,1,0,2,0,0,0,0,0,0,1110,88,0,80100100060100020000000000000000000000005604580000
1,1745,0,69800,6,1,0,2,0,0,0,0,0,0,1110,88,0,a8100100060100020000000000000000000000005604580000
1,1746,0,69840,6,1,0,2,0,0,0,0,0,0,1110,88,0,d0100100060100020000000000000000000000005604580000
1,1747,0,69880,6,1,0,2,0,0,0,0,0,0,1110,88,0,f8100100060100020000000000000000000000005604580000
1,1748,0,69920,6,1,0,2,0,0,0,0,0,0,1110,88,0,20110100060100020000000000000000000000005604580000
1,1749,0,69960,6,1,0,2,0,0,0,0,0,0,1110,88,0,48110100060100020000000000000000000000005604580000
1,1750,0,70000,6,1,0,2,0,0,0,0,0,0,1110,88,0,70110100060100020000000000000000000000005604580000
1,1751,0,70040,6,1,0,2,0,0,0,0,0,0,1110,88,0,98110100060100020000000000000000000000005604580000
1,1752,0,70080,6,1,0,2,0,0,0,0,0,0,1110,88,0,c0110100060100020000000000000000000000005604580000
1,1753,0,70120,6,1,0,2,0,0,0,0,0,0,1110,88,0,e8110100060100020000000000000000000000005604580000
1,1754,0,70160,6,1,0,2,0,0,0,0,0,0,1110,88,0,10120100060100020000000000000000000000005604580000
1,1755,0,70200,6,1,0,2,0,0,0,0,0,0,1110,88,0,38120100060100020000000000000000000000005604580000
1,1756,0,70240,6,1,0,2,0,0,0,0,0,0,1110,88,0,60120100060100020000000000000000000000005604580000
1,1757,0,70280,6,1,0,2,0,0,0,0,0,0,1110,88,0,88120100060100020000000000000000000000005604580000
1,1758,0,70320,6,1,0,2,0,0,0,0,0,0,1110,88,0,b0120100060100020000000000000000000000005604580000
1,1759,0,70360,6,1,0,2,0,0,0,0,0,0,1110,88,0,d8120100060100020000000000000000000000005604580000
1,1760,0,70400,6,1,0,2,0,0,0,0,0,0,1110,88,0,00130100060100020000000000000000000000005604580000
1,1761,0,70440,6,1,0,2,0,0,0,0,0,0,1110,88,0,28130100060100020000000000000000000000005604580000
1,1762,0,70480,6,1,0,2,0,0,0,0,0,0,1110,88,0,50130100060100020000000000000000000000005604580000
1,1763,0,70520,6,1,0,2,0,0,0,0,0,0,1110,88,0,78130100060100020000000000000000000000005604580000
1,1764,0,70560,6,1,0,2,0,0,0,0,0,0,1110,88,0,a0130100060100020000000000000000000000005604580000
1,1765,0,70600,6,1,0,2,0,0,0,0,0,0,1110,88,0,c8130100060100020000000000000000000000005604580000
1,1766,0,70640,6,1,0,2,0,0,0,0,0,0,1110,88,0,f0130100060100020000000000000000000000005604580000
1,1767,0,70680,6,1,0,2,0,0,0,0,0,0,1110,88,0,18140100060100020000000000000000000000005604580000
1,1768,0,70720,6,1,0,2,0,0,0,0,0,0,1110,88,0,40140100060100020000000000000000000000005604580000
1,1769,0,70760,6,1,0,2,0,0,0,0,0,0,1110,88,0,68140100060100020000000000000000000000005604580000
1,1770,0,70800,6,1,0,2,0,0,0,0,0,0,1110,88,0,90140100060100020000000000000000000000005604580000
1,1771,0,70840,6,1,0,2,0,0,0,0,0,0,1110,88,0,b8140100060100020000000000000000000000005604580000
1,1772,0,70880,6,1,0,2,0,0,0,0,0,0,1110,88,0,e0140100060100020000000000000000000000005604580000
1,1773,0,70920,6,1,0,2,0,0,0,0,0,0,1110,88,0,08150100060100020000000000000000000000005604580000
1,1774,0,70960,6,1,0,2,0,0,0,0,0,0,1110,88,0,30150100060100020000000000000000000000005604580000
1,1775,0,71000,6,1,0,2,0,0,0,0,0,0,1110,88,0,58150100060100020000000000000000000000005604580000
1,1776,0,71040,6,1,0,2,0,0,0,0,0,0,1110,88,0,80150100060100020000000000000000000000005604580000
1,1777,0,71080,6,1,0,2,0,0,0,0,0,0,1110,88,0,a8150100060100020000000000000000000000005604580000
1,1778,0,71120,6,1,0,2,0,0,0,0,0,0,1110,88,0,d0150100060100020000000000000000000000005604580000
1,1779,0,71160,6,1,0,2,0,0,0,0,0,0,1110,88,0,f8150100060100020000000000000000000000005604580000
1,1780,0,71200,6,1,0,2,0,0,0,0,0,0,1110,88,0,20160100060100020000000000000000000000005604580000
1,1781,0,71240,6,1,0,2,0,0,0,0,0,0,1110,88,0,48160100060100020000000000000000000000005604580000
1,1782,0,71280,6,1,0,2,0,0,0,0,0,0,1110,88,0,70160100060100020000000000000000000000005604580000
1,1783,0,71320,6,1,0,2,0,0,0,0,0,0,1110,88,0,98160100060100020000000000000000000000005604580000
1,1784,0,71360,6,1,0,2,0,0,0,0,0,0,1110,88,0,c0160100060100020000000000000000000000005604580000
1,1785,0,71400,6,1,0,2,0,0,0,0,0,0,1110,88,0,e8160100060100020000000000000000000000005604580000
1,1786,0,71440,6,1,0,2,0,0,0,0,0,0,1110,88,0,10170100060100020000000000000000000000005604580000
1,1787,0,71480,6,1,0,2,0,0,0,0,0,0,1110,88,0,38170100060100020000000000000000000000005604580000
1,1788,0,71520,6,1,0,2,0,0,0,0,0,0,1110,88,0,60170100060100020000000000000000000000005604580000
1,1789,0,71560,6,1,0,2,0,0,0,0,0,0,1110,88,0,88170100060100020000000000000000000000005604580000
1,1790,0,71600,6,1,0,2,0,0,0,0,0,0,1110,88,0,b0170100060100020000000000000000000000005604580000
1,1791,0,71640,6,1,0,2,0,0,0,0,0,0,1110,88,0,d8170100060100020000000000000000000000005604580000
1,1792,0,71680,6,1,0,2,0,0,0,0,0,0,1110,88,0,00180100060100020000000000000000000000005604580000
1,1793,0,71720,6,1,0,2,0,0,0,0,0,0,1110,88,0,28180100060100020000000000000000000000005604580000
1,1794,0,71760,6,1,0,2,0,0,0,0,0,0,1110,88,0,50180100060100020000000000000000000000005604580000
1,1795,0,71800,6,1,0,2,0,0,0,0,0,0,1110,88,0,78180100060100020000000000000000000000005604580000
1,1796,0,71840,6,1,0,2,0,0,0,0,0,0,1110,88,0,a0180100060100020000000000000000000000005604580000
1,1797,0,71880,6,1,0,2,0,0,0,0,0,0,1110,88,0,c8180100060100020000000000000000000000005604580000
1,1798,0,71920,6,1,0,2,0,0,0,0,0,0,1110,88,0,f0180100060100020000000000000000000000005604580000
1,1799,0,71960,6,1,0,2,0,0,0,0,0,0,1110,88,0,18190100060100020000000000000000000000005604580000
1,1800,0,72000,6,1,0,2,0,0,0,0,0,0,1110,88,0,40190100060100020000000000000000000000005604580000
1,1801,0,72040,6,1,0,2,0,0,0,0,0,0,1110,88,0,68190100060100020000000000000000000000005604580000
1,1802,0,72080,6,1,0,2,0,0,0,0,0,0,1110,88,0,90190100060100020000000000000000000000005604580000
1,1803,0,72120,6,1,0,2,0,0,0,0,0,0,1110,88,0,b8190100060100020000000000000000000000005604580000
1,1804,0,72160,6,1,0,2,0,0,0,0,0,0,1110,88,0,e0190100060100020000000000000000000000005604580000
1,1805,0,72200,6,1,0,2,0,0,0,0,0,0,1110,88,0,081a0100060100020000000000000000000000005604580000
1,1806,0,72240,6,1,0,2,0,0,0,0,0,0,1110,88,0,301a0100060100020000000000000000000000005604580000
1,1807,0,72280,6,1,0,2,0,0,0,0,0,0,1110,88,0,581a0100060100020000000000000000000000005604580000
1,1808,0,72320,6,1,0,2,0,0,0,0,0,0,1110,88,0,801a0100060100020000000000000000000000005604580000
1,1809,0,72360,6,1,0,2,0,0,0,0,0,0,1110,88,0,a81a0100060100020000000000000000000000005604580000
1,1810,0,72400,6,1,0,2,0,0,0,0,0,0,1110,88,0,d01a0100060100020000000000000000000000005604580000
1,1811,0,72440,6,1,0,2,0,0,0,0,0,0,1110,88,0,f81a0100060100020000000000000000000000005604580000
1,1812,0,72480,6,1,0,2,0,0,0,0,0,0,1110,88,0,201b0100060100020000000000000000000000005604580000
1,1813,0,72520,6,1,0,2,0,0,0,0,0,0,1110,88,0,481b0100060100020000000000000000000000005604580000
1,1814,0,72560,6,1,0,2,0,0,0,0,0,0,1110,88,0,701b0100060100020000000000000000000000005604580000
1,1815,0,72600,6,1,0,2,0,0,0,0,0,0,1110,88,0,981b0100060100020000000000000000000000005604580000
1,1816,0,72640,6,1,0,2,0,0,0,0,0,0,1110,88,0,c01b0100060100020000000000000000000000005604580000
1,1817,0,72680,6,1,0,2,0,0,0,0,0,0,1110,88,0,e81b0100060100020000000000000000000000005604580000
1,1818,0,72720,6,1,0,2,0,0,0,0,0,0,1110,88,0,101c0100060100020000000000000000000000005604580000
1,1819,0,72760,6,1,0,2,0,0,0,0,0,0,1110,88,0,381c0100060100020000000000000000000000005604580000
1,1820,0,72800,6,1,0,2,0,0,0,0,0,0,1110,88,0,601c0100060100020000000000000000000000005604580000
1,1821,0,72840,6,1,0,2,0,0,0,0,0,0,1110,88,0,881c0100060100020000000000000000000000005604580000
1,1822,0,72880,6,1,0,2,0,0,0,0,0,0,1110,88,0,b01c0100060100020000000000000000000000005604580000
1,1823,0,72920,6,1,0,2,0,0,0,0,0,0,1110,88,0,d81c0100060100020000000000000000000000005604580000
1,1824,0,72960,6,1,0,2,0,0,0,0,0,0,1110,88,0,001d0100060100020000000000000000000000005604580000
1,1825,0,73000,6,1,0,2,0,0,0,0,0,0,1110,88,0,281d0100060100020000000000000000000000005604580000
1,1826,0,73040,6,1,0,2,0,0,0,0,0,0,1110,88,0,501d0100060100020000000000000000000000005604580000
1,1827,0,73080,6,1,0,2,0,0,0,0,0,0,1110,88,0,781d0100060100020000000000000000000000005604580000
1,1828,0,73120,6,1,0,2,0,0,0,0,0,0,1110,88,0,a01d0100060100020000000000000000000000005604580000
1,1829,0,73160,6,1,0,2,0,0,0,0,0,0,1110,88,0,c81d0100060100020000000000000000000000005604580000
1,1830,0,73200,6,1,0,2,0,0,0,0,0,0,1110,88,0,f01d0100060100020000000000000000000000005604580000
1,1831,0,73240,6,1,0,2,0,0,0,0,0,0,1110,88,0,181e0100060100020000000000000000000000005604580000
1,1832,0,73280,6,1,0,2,0,0,0,0,0,0,1110,88,0,401e0100060100020000000000000000000000005604580000
1,1833,0,73320,6,1,0,2,0,0,0,0,0,0,1110,88,0,681e0100060100020000000000000000000000005604580000
1,1834,0,73360,6,1,0,2,0,0,0,0,0,0,1110,88,0,901e0100060100020000000000000000000000005604580000
1,1835,0,73400,6,1,0,2,0,0,0,0,0,0,1110,88,0,b81e0100060100020000000000000000000000005604580000
1,1836,0,73440,6,1,0,2,0,0,0,0,0,0,1110,88,0,e01e0100060100020000000000000000000000005604580000
1,1837,0,73480,6,1,0,2,0,0,0,0,0,0,1110,88,0,081f0100060100020000000000000000000000005604580000
1,1838,0,73520,6,1,0,2,0,0,0,0,0,0,1110,88,0,301f0100060100020000000000000000000000005604580000
1,1839,0,73560,6,1,0,2,0,0,0,0,0,0,1110,88,0,581f0100060100020000000000000000000000005604580000
1,1840,0,73600,6,1,0,2,0,0,0,0,0,0,1110,88,0,801f0100060100020000000000000000000000005604580000
1,1841,0,73640,6,1,0,2,0,0,0,0,0,0,1110,88,0,a81f0100060100020000000000000000000000005604580000
1,1842,0,73680,6,1,0,2,0,0,0,0,0,0,1110,88,0,d01f0100060100020000000000000000000000005604580000
1,1843,0,73720,6,1,0,2,0,0,0,0,0,0,1110,88,0,f81f0100060100020000000000000000000000005604580000
1,1844,0,73760,6,1,0,2,0,0,0,0,0,0,1110,88,0,20200100060100020000000000000000000000005604580000
1,1845,0,73800,6,1,0,2,0,0,0,0,0,0,1110,88,0,48200100060100020000000000000000000000005604580000
1,1846,0,73840,6,1,0,2,0,0,0,0,0,0,1110,88,0,70200100060100020000000000000000000000005604580000
1,1847,0,73880,6,1,0,2,0,0,0,0,0,0,1110,88,0,98200100060100020000000000000000000000005604580000
1,1848,0,73920,6,1,0,2,0,0,0,0,0,0,1110,88,0,c0200100060100020000000000000000000000005604580000
1,1849,0,73960,6,1,0,2,0,0,0,0,0,0,1110,88,0,e8200100060100020000000000000000000000005604580000
1,1850,0,74000,6,1,0,2,0,0,0,0,0,0,1110,88,0,10210100060100020000000000000000000000005604580000
1,1851,0,74040,6,1,0,2,0,0,0,0,0,0,1110,88,0,38210100060100020000000000000000000000005604580000
1,1852,0,74080,6,1,0,2,0,0,0,0,0,0,1110,88,0,60210100060100020000000000000000000000005604580000
1,1853,0,74120,6,1,0,2,0,0,0,0,0,0,1110,88,0,88210100060100020000000000000000000000005604580000
1,1854,0,74160,6,1,0,2,0,0,0,0,0,0,1110,88,0,b0210100060100020000000000000000000000005604580000
1,1855,0,74200,6,1,0,2,0,0,0,0,0,0,1110,88,0,d8210100060100020000000000000000000000005604580000
1,1856,0,74240,6,1,0,2,0,0,0,0,0,0,1110,88,0,00220100060100020000000000000000000000005604580000
1,1857,0,74280,6,1,0,2,0,0,0,0,0,0,1110,88,0,28220100060100020000000000000000000000005604580000
1,1858,0,74320,6,1,0,2,0,0,0,0,0,0,1110,88,0,50220100060100020000000000000000000000005604580000
1,1859,0,74360,6,1,0,2,0,0,0,0,0,0,1110,88,0,78220100060100020000000000000000000000005604580000
1,1860,0,74400,6,1,0,2,0,0,0,0,0,0,1110,88,0,a0220100060100020000000000000000000000005604580000
1,1861,0,74440,6,1,0,2,0,0,0,0,0,0,1110,88,0,c8220100060100020000000000000000000000005604580000
1,1862,0,74480,6,1,0,2,0,0,0,0,0,0,1110,88,0,f0220100060100020000000000000000000000005604580000
1,1863,0,74520,6,1,0,2,0,0,0,0,0,0,1110,88,0,18230100060100020000000000000000000000005604580000
1,1864,0,74560,6,1,0,2,0,0,0,0,0,0,1110,88,0,40230100060100020000000000000000000000005604580000
1,1865,0,74600,6,1,0,2,0,0,0,0,0,0,1110,88,0,68230100060100020000000000000000000000005604580000
1,1866,0,74640,6,1,0,2,0,0,0,0,0,0,1110,88,0,90230100060100020000000000000000000000005604580000
1,1867,0,74680,6,1,0,2,0,0,0,0,0,0,1110,88,0,b8230100060100020000000000000000000000005604580000
1,1868,0,74720,6,1,0,2,0,0,0,0,0,0,1110,88,0,e0230100060100020000000000000000000000005604580000
1,1869,0,74760,6,1,0,2,0,0,0,0,0,0,1110,88,0,08240100060100020000000000000000000000005604580000
1,1870,0,74800,6,1,0,2,0,0,0,0,0,0,1110,88,0,30240100060100020000000000000000000000005604580000
1,1871,0,74840,6,1,0,2,0,0,0,0,0,0,1110,88,0,58240100060100020000000000000000000000005604580000
1,1872,0,74880,6,1,0,2,0,0,0,0,0,0,1110,88,0,80240100060100020000000000000000000000005604580000
1,1873,0,74920,6,1,0,2,0,0,0,0,0,0,1110,88,0,a8240100060100020000000000000000000000005604580000
1,1874,0,74960,6,1,0,2,0,0,0,0,0,0,1110,88,0,d0240100060100020000000000000000000000005604580000
1,1875,0,75000,6,1,0,2,0,0,0,0,0,0,1110,88,0,f8240100060100020000000000000000000000005604580000
1,1876,0,75040,6,1,0,2,0,0,0,0,0,0,1110,88,0,20250100060100020000000000000000000000005604580000
1,1877,0,75080,6,1,0,2,0,0,0,0,0,0,1110,88,0,48250100060100020000000000000000000000005604580000
1,1878,0,75120,6,1,0,2,0,0,0,0,0,0,1110,88,0,70250100060100020000000000000000000000005604580000
1,1879,0,75160,6,1,0,2,0,0,0,0,0,0,1110,88,0,98250100060100020000000000000000000000005604580000
1,1880,0,75200,6,1,0,2,0,0,0,0,0,0,1110,88,0,c0250100060100020000000000000000000000005604580000
1,1881,0,75240,6,1,0,2,0,0,0,0,0,0,1110,88,0,e8250100060100020000000000000000000000005604580000
1,1882,0,75280,6,1,0,2,0,0,0,0,0,0,1110,88,0,10260100060100020000000000000000000000005604580000
1,1883,0,75320,6,1,0,2,0,0,0,0,0,0,1110,88,0,38260100060100020000000000000000000000005604580000
1,1884,0,75360,6,1,0,2,0,0,0,0,0,0,1110,88,0,60260100060100020000000000000000000000005604580000
1,1885,0,75400,6,1,0,2,0,0,0,0,0,0,1110,88,0,88260100060100020000000000000000000000005604580000
1,1886,0,75440,6,1,0,2,0,0,0,0,0,0,1110,88,0,b0260100060100020000000000000000000000005604580000
1,1887,0,75480,6,1,0,2,0,0,0,0,0,0,1110,88,0,d8260100060100020000000000000000000000005604580000
1,1888,0,75520,6,1,0,2,0,0,0,0,0,0,1110,88,0,00270100060100020000000000000000000000005604580000
1,1889,0,75560,6,1,0,2,0,0,0,0,0,0,1110,88,0,28270100060100020000000000000000000000005604580000
1,1890,0,75600,6,1,0,2,0,0,0,0,0,0,1110,88,0,50270100060100020000000000000000000000005604580000
1,1891,0,75640,6,1,0,2,0,0,0,0,0,0,1110,88,0,78270100060100020000000000000000000000005604580000
1,1892,0,75680,6,1,0,2,0,0,0,0,0,0,1110,88,0,a0270100060100020000000000000000000000005604580000
1,1893,0,75720,6,1,0,2,0,0,0,0,0,0,1110,88,0,c8270100060100020000000000000000000000005604580000
1,1894,0,75760,6,1,0,2,0,0,0,0,0,0,1110,88,0,f0270100060100020000000000000000000000005604580000
1,1895,0,75800,6,1,0,2,0,0,0,0,0,0,1110,88,0,18280100060100020000000000000000000000005604580000
1,1896,0,75840,6,1,0,2,0,0,0,0,0,0,1110,88,0,40280100060100020000000000000000000000005604580000
1,1897,0,75880,6,1,0,2,0,0,0,0,0,0,1110,88,0,68280100060100020000000000000000000000005604580000
1,1898,0,75920,6,1,0,2,0,0,0,0,0,0,1110,88,0,90280100060100020000000000000000000000005604580000
1,1899,0,75960,6,1,0,2,0,0,0,0,0,0,1110,88,0,b8280100060100020000000000000000000000005604580000
1,1900,0,76000,6,1,0,2,0,0,0,0,0,0,1110,88,0,e0280100060100020000000000000000000000005604580000
1,1901,0,76040,6,1,0,2,0,0,0,0,0,0,1110,88,0,08290100060100020000000000000000000000005604580000
1,1902,0,76080,6,1,0,2,0,0,0,0,0,0,1110,88,0,30290100060100020000000000000000000000005604580000
1,1903,0,76120,6,1,0,2,0,0,0,0,0,0,1110,88,0,58290100060100020000000000000000000000005604580000
1,1904,0,76160,6,1,0,2,0,0,0,0,0,0,1110,88,0,80290100060100020000000000000000000000005604580000
1,1905,0,76200,6,1,0,2,0,0,0,0,0,0,1110,88,0,a8290100060100020000000000000000000000005604580000
1,1906,0,76240,6,1,0,2,0,0,0,0,0,0,1110,88,0,d0290100060100020000000000000000000000005604580000
1,1907,0,76280,6,1,0,2,0,0,0,0,0,0,1110,88,0,f8290100060100020000000000000000000000005604580000
1,1908,0,76320,6,1,0,2,0,0,0,0,0,0,1110,88,0,202a0100060100020000000000000000000000005604580000
1,1909,0,76360,6,1,0,2,0,0,0,0,0,0,1110,88,0,482a0100060100020000000000000000000000005604580000
1,1910,0,76400,6,1,0,2,0,0,0,0,0,0,1110,88,0,702a0100060100020000000000000000000000005604580000
1,1911,0,76440,6,1,0,2,0,0,0,0,0,0,1110,88,0,982a0100060100020000000000000000000000005604580000
1,1912,0,76480,6,1,0,2,0,0,0,0,0,0,1110,88,0,c02a0100060100020000000000000000000000005604580000
1,1913,0,76520,6,1,0,2,0,0,0,0,0,0,1110,88,0,e82a0100060100020000000000000000000000005604580000
1,1914,0,76560,6,1,0,2,0,0,0,0,0,0,1110,88,0,102b0100060100020000000000000000000000005604580000
1,1915,0,76600,6,1,0,2,0,0,0,0,0,0,1110,88,0,382b0100060100020000000000000000000000005604580000
1,1916,0,76640,6,1,0,2,0,0,0,0,0,0,1110,88,0,602b0100060100020000000000000000000000005604580000
1,1917,0,76680,6,1,0,2,0,0,0,0,0,0,1110,88,0,882b0100060100020000000000000000000000005604580000
1,1918,0,76720,6,1,0,2,0,0,0,0,0,0,1110,88,0,b02b0100060100020000000000000000000000005604580000
1,1919,0,76760,6,1,0,2,0,0,0,0,0,0,1110,88,0,d82b0100060100020000000000000000000000005604580000
1,1920,0,76800,6,1,0,2,0,0,0,0,0,0,1110,88,0,002c0100060100020000000000000000000000005604580000
1,1921,0,76840,6,1,0,2,0,0,0,0,0,0,1110,88,0,282c0100060100020000000000000000000000005604580000
1,1922,0,76880,6,1,0,2,0,0,0,0,0,0,1110,88,0,502c0100060100020000000000000000000000005604580000
1,1923,0,76920,6,1,0,2,0,0,0,0,0,0,1110,88,0,782c0100060100020000000000000000000000005604580000
1,1924,0,76960,6,1,0,2,0,0,0,0,0,0,1110,88,0,a02c0100060100020000000000000000000000005604580000
1,1925,0,77000,6,1,0,2,0,0,0,0,0,0,1110,88,0,c82c0100060100020000000000000000000000005604580000
1,1926,0,77040,6,1,0,2,0,0,0,0,0,0,1110,88,0,f02c0100060100020000000000000000000000005604580000
1,1927,0,77080,6,1,0,2,0,0,0,0,0,0,1110,88,0,182d0100060100020000000000000000000000005604580000
1,1928,0,77120,6,1,0,2,0,0,0,0,0,0,1110,88,0,402d0100060100020000000000000000000000005604580000
1,1929,0,77160,6,1,0,2,0,0,0,0,0,0,1110,88,0,682d0100060100020000000000000000000000005604580000
1,1930,0,77200,6,1,0,2,0,0,0,0,0,0,1110,88,0,902d0100060100020000000000000000000000005604580000
1,1931,0,77240,6,1,0,2,0,0,0,0,0,0,1110,88,0,b82d0100060100020000000000000000000000005604580000
1,1932,0,77280,6,1,0,2,0,0,0,0,0,0,1110,88,0,e02d0100060100020000000000000000000000005604580000
1,1933,0,77320,6,1,0,2,0,0,0,0,0,0,1110,88,0,082e0100060100020000000000000000000000005604580000
1,1934,0,77360,6,1,0,2,0,0,0,0,0,0,1110,88,0,302e0100060100020000000000000000000000005604580000
1,1935,0,77400,6,1,0,2,0,0,0,0,0,0,1110,88,0,582e0100060100020000000000000000000000005604580000
1,1936,0,77440,6,1,0,2,0,0,0,0,0,0,1110,88,0,802e0100060100020000000000000000000000005604580000
1,1937,0,77480,6,1,0,2,0,0,0,0,0,0,1110,88,0,a82e0100060100020000000000000000000000005604580000
1,1938,0,77520,6,1,0,2,0,0,0,0,0,0,1110,88,0,d02e0100060100020000000000000000000000005604580000
1,1939,0,77560,6,1,0,2,0,0,0,0,0,0,1110,88,0,f82e0100060100020000000000000000000000005604580000
1,1940,0,77600,6,1,0,2,0,0,0,0,0,0,1110,88,0,202f0100060100020000000000000000000000005604580000
1,1941,0,77640,6,1,0,2,0,0,0,0,0,0,1110,88,0,482f0100060100020000000000000000000000005604580000
1,1942,0,77680,6,1,0,2,0,0,0,0,0,0,1110,88,0,702f0100060100020000000000000000000000005604580000
1,1943,0,77720,6,1,0,2,0,0,0,0,0,0,1110,88,0,982f0100060100020000000000000000000000005604580000
1,1944,0,77760,6,1,0,2,0,0,0,0,0,0,1110,88,0,c02f0100060100020000000000000000000000005604580000
1,1945,0,77800,6,1,0,2,0,0,0,0,0,0,1110,88,0,e82f0100060100020000000000000000000000005604580000
1,1946,0,77840,6,1,0,2,0,0,0,0,0,0,1110,88,0,10300100060100020000000000000000000000005604580000
1,1947,0,77880,6,1,0,2,0,0,0,0,0,0,1110,88,0,38300100060100020000000000000000000000005604580000
1,1948,0,77920,6,1,0,2,0,0,0,0,0,0,1110,88,0,60300100060100020000000000000000000000005604580000
1,1949,0,77960,6,1,0,2,0,0,0,0,0,0,1110,88,0,88300100060100020000000000000000000000005604580000
1,1950,0,78000,6,1,0,2,0,0,0,0,0,0,1110,88,0,b0300100060100020000000000000000000000005604580000
1,1951,0,78040,6,1,0,2,0,0,0,0,0,0,1110,88,0,d8300100060100020000000000000000000000005604580000
1,1952,0,78080,6,1,0,2,0,0,0,0,0,0,1110,88,0,00310100060100020000000000000000000000005604580000
1,1953,0,78120,6,1,0,2,0,0,0,0,0,0,1110,88,0,28310100060100020000000000000000000000005604580000
1,1954,0,78160,6,1,0,2,0,0,0,0,0,0,1110,88,0,50310100060100020000000000000000000000005604580000
1,1955,0,78200,6,1,0,2,0,0,0,0,0,0,1110,88,0,78310100060100020000000000000000000000005604580000
1,1956,0,78240,6,1,0,2,0,0,0,0,0,0,1110,88,0,a0310100060100020000000000000000000000005604580000
1,1957,0,78280,6,1,0,2,0,0,0,0,0,0,1110,88,0,c8310100060100020000000000000000000000005604580000
1,1958,0,78320,6,1,0,2,0,0,0,0,0,0,1110,88,0,f0310100060100020000000000000000000000005604580000
1,1959,0,78360,6,1,0,2,0,0,0,0,0,0,1110,88,0,18320100060100020000000000000000000000005604580000
1,1960,0,78400,6,1,0,2,0,0,0,0,0,0,1110,88,0,40320100060100020000000000000000000000005604580000
1,1961,0,78440,6,1,0,2,0,0,0,0,0,0,1110,88,0,68320100060100020000000000000000000000005604580000
1,1962,0,78480,6,1,0,2,0,0,0,0,0,0,1110,88,0,90320100060100020000000000000000000000005604580000
1,1963,0,78520,6,1,0,2,0,0,0,0,0,0,1110,88,0,b8320100060100020000000000000000000000005604580000
1,1964,0,78560,6,1,0,2,0,0,0,0,0,0,1110,88,0,e0320100060100020000000000000000000000005604580000
1,1965,0,78600,6,1,0,2,0,0,0,0,0,0,1110,88,0,08330100060100020000000000000000000000005604580000
1,1966,0,78640,6,1,0,2,0,0,0,0,0,0,1110,88,0,30330100060100020000000000000000000000005604580000
1,1967,0,78680,6,1,0,2,0,0,0,0,0,0,1110,88,0,58330100060100020000000000000000000000005604580000
1,1968,0,78720,6,1,0,2,0,0,0,0,0,0,1110,88,0,80330100060100020000000000000000000000005604580000
1,1969,0,78760,6,1,0,2,0,0,0,0,0,0,1110,88,0,a8330100060100020000000000000000000000005604580000
1,1970,0,78800,6,1,0,2,0,0,0,0,0,0,1110,88,0,d0330100060100020000000000000000000000005604580000
1,1971,0,78840,6,1,0,2,0,0,0,0,0,0,1110,88,0,f8330100060100020000000000000000000000005604580000
1,1972,0,78880,6,1,0,2,0,0,0,0,0,0,1110,88,0,20340100060100020000000000000000000000005604580000
1,1973,0,78920,6,1,0,2,0,0,0,0,0,0,1110,88,0,48340100060100020000000000000000000000005604580000
1,1974,0,78960,6,1,0,2,0,0,0,0,0,0,1110,88,0,70340100060100020000000000000000000000005604580000
1,1975,0,79000,6,1,0,2,0,0,0,0,0,0,1110,88,0,98340100060100020000000000000000000000005604580000
1,1976,0,79040,6,1,0,2,0,0,0,0,0,0,1110,88,0,c0340100060100020000000000000000000000005604580000
1,1977,0,79080,6,1,0,2,0,0,0,0,0,0,1110,88,0,e8340100060100020000000000000000000000005604580000
1,1978,0,79120,6,1,0,2,0,0,0,0,0,0,1110,88,0,10350100060100020000000000000000000000005604580000
1,1979,0,79160,6,1,0,2,0,0,0,0,0,0,1110,88,0,38350100060100020000000000000000000000005604580000
1,1980,0,79200,6,1,0,2,0,0,0,0,0,0,1110,88,0,60350100060100020000000000000000000000005604580000
1,1981,0,79240,6,1,0,2,0,0,0,0,0,0,1110,88,0,88350100060100020000000000000000000000005604580000
1,1982,0,79280,6,1,0,2,0,0,0,0,0,0,1110,88,0,b0350100060100020000000000000000000000005604580000
1,1983,0,79320,6,1,0,2,0,0,0,0,0,0,1110,88,0,d8350100060100020000000000000000000000005604580000
1,1984,0,79360,6,1,0,2,0,0,0,0,0,0,1110,88,0,00360100060100020000000000000000000000005604580000
1,1985,0,79400,6,1,0,2,0,0,0,0,0,0,1110,88,0,28360100060100020000000000000000000000005604580000
1,1986,0,79440,6,1,0,2,0,0,0,0,0,0,1110,88,0,50360100060100020000000000000000000000005604580000
1,1987,0,79480,6,1,0,2,0,0,0,0,0,0,1110,88,0,78360100060100020000000000000000000000005604580000
1,1988,0,79520,6,1,0,2,0,0,0,0,0,0,1110,88,0,a0360100060100020000000000000000000000005604580000
1,1989,0,79560,6,1,0,2,0,0,0,0,0,0,1110,88,0,c8360100060100020000000000000000000000005604580000
1,1990,0,79600,6,1,0,2,0,0,0,0,0,0,1110,88,0,f0360100060100020000000000000000000000005604580000
1,1991,0,79640,6,1,0,2,0,0,0,0,0,0,1110,88,0,18370100060100020000000000000000000000005604580000
1,1992,0,79680,6,1,0,2,0,0,0,0,0,0,1110,88,0,40370100060100020000000000000000000000005604580000
1,1993,0,79720,6,1,0,2,0,0,0,0,0,0,1110,88,0,68370100060100020000000000000000000000005604580000
1,1994,0,79760,6,1,0,2,0,0,0,0,0,0,1110,88,0,90370100060100020000000000000000000000005604580000
1,1995,0,79800,6,1,0,2,0,0,0,0,0,0,1110,88,0,b8370100060100020000000000000000000000005604580000
1,1996,0,79840,6,1,0,2,0,0,0,0,0,0,1110,88,0,e0370100060100020000000000000000000000005604580000
1,1997,0,79880,6,1,0,2,0,0,0,0,0,0,1110,88,0,08380100060100020000000000000000000000005604580000
1,1998,0,79920,6,1,0,2,0,0,0,0,0,0,1110,88,0,30380100060100020000000000000000000000005604580000
1,1999,0,79960,6,1,0,2,0,0,0,0,0,0,1110,88,0,58380100060100020000000000000000000000005604580000
1,2000,0,80000,6,1,0,2,0,0,0,0,0,0,1110,88,0,80380100060100020000000000000000000000005604580000
1,2001,0,80040,6,1,0,2,0,0,0,0,0,0,1110,88,0,a8380100060100020000000000000000000000005604580000
1,2002,0,80080,6,1,0,2,0,0,0,0,0,0,1110,88,0,d0380100060100020000000000000000000000005604580000
1,2003,0,80120,6,1,0,2,0,0,0,0,0,0,1110,88,0,f8380100060100020000000000000000000000005604580000
1,2004,0,80160,6,1,0,2,0,0,0,0,0,0,1110,88,0,20390100060100020000000000000000000000005604580000
1,2005,0,80200,6,1,0,2,0,0,0,0,0,0,1110,88,0,48390100060100020000000000000000000000005604580000
1,2006,0,80240,6,1,0,2,0,0,0,0,0,0,1110,88,0,70390100060100020000000000000000000000005604580000
1,2007,0,80280,6,1,0,2,0,0,0,0,0,0,1110,88,0,98390100060100020000000000000000000000005604580000
1,2008,0,80320,6,1,0,2,0,0,0,0,0,0,1110,88,0,c0390100060100020000000000000000000000005604580000
1,2009,0,80360,6,1,0,2,0,0,0,0,0,0,1110,88,0,e8390100060100020000000000000000000000005604580000
1,2010,0,80400,6,1,0,2,0,0,0,0,0,0,1110,88,0,103a0100060100020000000000000000000000005604580000
1,2011,0,80440,6,1,0,2,0,0,0,0,0,0,1110,88,0,383a0100060100020000000000000000000000005604580000
1,2012,0,80480,6,1,0,2,0,0,0,0,0,0,1110,88,0,603a0100060100020000000000000000000000005604580000
1,2013,0,80520,6,1,0,2,0,0,0,0,0,0,1110,88,0,883a0100060100020000000000000000000000005604580000
1,2014,0,80560,6,1,0,2,0,0,0,0,0,0,1110,88,0,b03a0100060100020000000000000000000000005604580000
1,2015,0,80600,6,1,0,2,0,0,0,0,0,0,1110,88,0,d83a0100060100020000000000000000000000005604580000
1,2016,0,80640,6,1,0,2,0,0,0,0,0,0,1110,88,0,003b0100060100020000000000000000000000005604580000
1,2017,0,80680,6,1,0,2,0,0,0,0,0,0,1110,88,0,283b0100060100020000000000000000000000005604580000
1,2018,0,80720,6,1,0,2,0,0,0,0,0,0,1110,88,0,503b0100060100020000000000000000000000005604580000
1,2019,0,80760,6,1,0,2,0,0,0,0,0,0,1110,88,0,783b0100060100020000000000000000000000005604580000
1,2020,0,80800,6,1,0,2,0,0,0,0,0,0,1110,88,0,a03b0100060100020000000000000000000000005604580000
1,2021,0,80840,6,1,0,2,0,0,0,0,0,0,1110,88,0,c83b0100060100020000000000000000000000005604580000
1,2022,0,80880,6,1,0,2,0,0,0,0,0,0,1110,88,0,f03b0100060100020000000000000000000000005604580000
1,2023,0,80920,6,1,0,2,0,0,0,0,0,0,1110,88,0,183c0100060100020000000000000000000000005604580000
1,2024,0,80960,6,1,0,2,0,0,0,0,0,0,1110,88,0,403c0100060100020000000000000000000000005604580000
1,2025,0,81000,6,1,0,2,0,0,0,0,0,0,1110,88,0,683c0100060100020000000000000000000000005604580000
1,2026,0,81040,6,1,0,2,0,0,0,0,0,0,1110,88,0,903c0100060100020000000000000000000000005604580000
1,2027,0,81080,6,1,0,2,0,0,0,0,0,0,1110,88,0,b83c0100060100020000000000000000000000005604580000
1,2028,0,81120,6,1,0,2,0,0,0,0,0,0,1110,88,0,e03c0100060100020000000000000000000000005604580000
1,2029,0,81160,6,1,0,2,0,0,0,0,0,0,1110,88,0,083d0100060100020000000000000000000000005604580000
1,2030,0,81200,6,1,0,2,0,0,0,0,0,0,1110,88,0,303d0100060100020000000000000000000000005604580000
1,2031,0,81240,6,1,0,2,0,0,0,0,0,0,1110,88,0,583d0100060100020000000000000000000000005604580000
1,2032,0,81280,6,1,0,2,0,0,0,0,0,0,1110,88,0,803d0100060100020000000000000000000000005604580000
1,2033,0,81320,6,1,0,2,0,0,0,0,0,0,1110,88,0,a83d0100060100020000000000000000000000005604580000
1,2034,0,81360,6,1,0,2,0,0,0,0,0,0,1110,88,0,d03d0100060100020000000000000000000000005604580000
1,2035,0,81400,6,1,0,2,0,0,0,0,0,0,1110,88,0,f83d0100060100020000000000000000000000005604580000
1,2036,0,81440,6,1,0,2,0,0,0,0,0,0,1110,88,0,203e0100060100020000000000000000000000005604580000
1,2037,0,81480,6,1,0,2,0,0,0,0,0,0,1110,88,0,483e0100060100020000000000000000000000005604580000
1,2038,0,81520,6,1,0,2,0,0,0,0,0,0,1110,88,0,703e0100060100020000000000000000000000005604580000
1,2039,0,81560,6,1,0,2,0,0,0,0,0,0,1110,88,0,983e0100060100020000000000000000000000005604580000
1,2040,0,81600,6,1,0,2,0,0,0,0,0,0,1110,88,0,c03e0100060100020000000000000000000000005604580000
1,2041,0,81640,6,1,0,2,0,0,0,0,0,0,1110,88,0,e83e0100060100020000000000000000000000005604580000
1,2042,0,81680,6,1,0,2,0,0,0,0,0,0,1110,88,0,103f0100060100020000000000000000000000005604580000
1,2043,0,81720,6,1,0,2,0,0,0,0,0,0,1110,88,0,383f0100060100020000000000000000000000005604580000
1,2044,0,81760,6,1,0,2,0,0,0,0,0,0,1110,88,0,603f0100060100020000000000000000000000005604580000
1,2045,0,81800,6,1,0,2,0,0,0,0,0,0,1110,88,0,883f0100060100020000000000000000000000005604580000
1,2046,0,81840,6,1,0,2,0,0,0,0,0,0,1110,88,0,b03f0100060100020000000000000000000000005604580000
1,2047,0,81880,6,1,0,2,0,0,0,0,0,0,1110,88,0,d83f0100060100020000000000000000000000005604580000
1,2048,0,81920,6,1,0,2,0,0,0,0,0,0,1110,88,0,00400100060100020000000000000000000000005604580000
1,2049,0,81960,6,1,0,2,0,0,0,0,0,0,1110,88,0,28400100060100020000000000000000000000005604580000
1,2050,0,82000,6,1,0,2,0,0,0,0,0,0,1110,88,0,50400100060100020000000000000000000000005604580000
1,2051,0,82040,6,1,0,2,0,0,0,0,0,0,1110,88,0,78400100060100020000000000000000000000005604580000
1,2052,0,82080,6,1,0,2,0,0,0,0,0,0,1110,88,0,a0400100060100020000000000000000000000005604580000
1,2053,0,82120,6,1,0,2,0,0,0,0,0,0,1110,88,0,c8400100060100020000000000000000000000005604580000
1,2054,0,82160,6,1,0,2,0,0,0,0,0,0,1110,88,0,f0400100060100020000000000000000000000005604580000
1,2055,0,82200,6,1,0,2,0,0,0,0,0,0,1110,88,0,18410100060100020000000000000000000000005604580000
1,2056,0,82240,6,1,0,2,0,0,0,0,0,0,1110,88,0,40410100060100020000000000000000000000005604580000
1,2057,0,82280,6,1,0,2,0,0,0,0,0,0,1110,88,0,68410100060100020000000000000000000000005604580000
1,2058,0,82320,6,1,0,2,0,0,0,0,0,0,1110,88,0,90410100060100020000000000000000000000005604580000
1,2059,0,82360,6,1,0,2,0,0,0,0,0,0,1110,88,0,b8410100060100020000000000000000000000005604580000
1,2060,0,82400,6,1,0,2,0,0,0,0,0,0,1110,88,0,e0410100060100020000000000000000000000005604580000
1,2061,0,82440,6,1,0,2,0,0,0,0,0,0,1110,88,0,08420100060100020000000000000000000000005604580000
1,2062,0,82480,6,1,0,2,0,0,0,0,0,0,1110,88,0,30420100060100020000000000000000000000005604580000
1,2063,0,82520,6,1,0,2,0,0,0,0,0,0,1110,88,0,58420100060100020000000000000000000000005604580000
1,2064,0,82560,6,1,0,2,0,0,0,0,0,0,1110,88,0,80420100060100020000000000000000000000005604580000
1,2065,0,82600,6,1,0,2,0,0,0,0,0,0,1110,88,0,a8420100060100020000000000000000000000005604580000
1,2066,0,82640,6,1,0,2,0,0,0,0,0,0,1110,88,0,d0420100060100020000000000000000000000005604580000
1,2067,0,82680,6,1,0,2,0,0,0,0,0,0,1110,88,0,f8420100060100020000000000000000000000005604580000
1,2068,0,82720,6,1,0,2,0,0,0,0,0,0,1110,88,0,20430100060100020000000000000000000000005604580000
1,2069,0,82760,6,1,0,2,0,0,0,0,0,0,1110,88,0,48430100060100020000000000000000000000005604580000
1,2070,0,82800,6,1,0,2,0,0,0,0,0,0,1110,88,0,70430100060100020000000000000000000000005604580000
1,2071,0,82840,6,1,0,2,0,0,0,0,0,0,1110,88,0,98430100060100020000000000000000000000005604580000
1,2072,0,82880,6,1,0,2,0,0,0,0,0,0,1110,88,0,c0430100060100020000000000000000000000005604580000
1,2073,0,82920,6,1,0,2,0,0,0,0,0,0,1110,88,0,e8430100060100020000000000000000000000005604580000
1,2074,0,82960,6,1,0,2,0,0,0,0,0,0,1110,88,0,10440100060100020000000000000000000000005604580000
1,2075,0,83000,6,1,0,2,0,0,0,0,0,0,1110,88,0,38440100060100020000000000000000000000005604580000
1,2076,0,83040,6,1,0,2,0,0,0,0,0,0,1110,88,0,60440100060100020000000000000000000000005604580000
1,2077,0,83080,6,1,0,2,0,0,0,0,0,0,1110,88,0,88440100060100020000000000000000000000005604580000
1,2078,0,83120,6,1,0,2,0,0,0,0,0,0,1110,88,0,b0440100060100020000000000000000000000005604580000
1,2079,0,83160,6,1,0,2,0,0,0,0,0,0,1110,88,0,d8440100060100020000000000000000000000005604580000
1,2080,0,83200,6,1,0,2,0,0,0,0,0,0,1110,88,0,00450100060100020000000000000000000000005604580000
1,2081,0,83240,6,1,0,2,0,0,0,0,0,0,1110,88,0,28450100060100020000000000000000000000005604580000
1,2082,0,83280,6,1,0,2,0,0,0,0,0,0,1110,88,0,50450100060100020000000000000000000000005604580000
1,2083,0,83320,6,1,0,2,0,0,0,0,0,0,1110,88,0,78450100060100020000000000000000000000005604580000
1,2084,0,83360,6,1,0,2,0,0,0,0,0,0,1110,88,0,a0450100060100020000000000000000000000005604580000
1,2085,0,83400,6,1,0,2,0,0,0,0,0,0,1110,88,0,c8450100060100020000000000000000000000005604580000
1,2086,0,83440,6,1,0,2,0,0,0,0,0,0,1110,88,0,f0450100060100020000000000000000000000005604580000
1,2087,0,83480,6,1,0,2,0,0,0,0,0,0,1110,88,0,18460100060100020000000000000000000000005604580000
1,2088,0,83520,6,1,0,2,0,0,0,0,0,0,1110,88,0,40460100060100020000000000000000000000005604580000
1,2089,0,83560,6,1,0,2,0,0,0,0,0,0,1110,88,0,68460100060100020000000000000000000000005604580000
1,2090,0,83600,6,1,0,2,0,0,0,0,0,0,1110,88,0,90460100060100020000000000000000000000005604580000
1,2091,0,83640,6,1,0,2,0,0,0,0,0,0,1110,88,0,b8460100060100020000000000000000000000005604580000
1,2092,0,83680,6,1,0,2,0,0,0,0,0,0,1110,88,0,e0460100060100020000000000000000000000005604580000
1,2093,0,83720,6,1,0,2,0,0,0,0,0,0,1110,88,0,08470100060100020000000000000000000000005604580000
1,2094,0,83760,6,1,0,2,0,0,0,0,0,0,1110,88,0,30470100060100020000000000000000000000005604580000
1,2095,0,83800,6,1,0,2,0,0,0,0,0,0,1110,88,0,58470100060100020000000000000000000000005604580000
1,2096,0,83840,6,1,0,2,0,0,0,0,0,0,1110,88,0,80470100060100020000000000000000000000005604580000
1,2097,0,83880,6,1,0,2,0,0,0,0,0,0,1110,88,0,a8470100060100020000000000000000000000005604580000
1,2098,0,83920,6,1,0,2,0,0,0,0,0,0,1110,88,0,d0470100060100020000000000000000000000005604580000
1,2099,0,83960,6,1,0,2,0,0,0,0,0,0,1110,88,0,f8470100060100020000000000000000000000005604580000
1,2100,0,84000,6,1,0,2,0,0,0,0,0,0,1110,88,0,20480100060100020000000000000000000000005604580000
1,2101,0,84040,6,1,0,2,0,0,0,0,0,0,1110,88,0,48480100060100020000000000000000000000005604580000
1,2102,0,84080,6,1,0,2,0,0,0,0,0,0,1110,88,0,70480100060100020000000000000000000000005604580000
1,2103,0,84120,6,1,0,2,0,0,0,0,0,0,1110,88,0,98480100060100020000000000000000000000005604580000
1,2104,0,84160,6,1,0,2,0,0,0,0,0,0,1110,88,0,c0480100060100020000000000000000000000005604580000
1,2105,0,84200,6,1,0,2,0,0,0,0,0,0,1110,88,0,e8480100060100020000000000000000000000005604580000
1,2106,0,84240,6,1,0,2,0,0,0,0,0,0,1110,88,0,10490100060100020000000000000000000000005604580000
1,2107,0,84280,6,1,0,2,0,0,0,0,0,0,1110,88,0,38490100060100020000000000000000000000005604580000
1,2108,0,84320,6,1,0,2,0,0,0,0,0,0,1110,88,0,60490100060100020000000000000000000000005604580000
1,2109,0,84360,6,1,0,2,0,0,0,0,0,0,1110,88,0,88490100060100020000000000000000000000005604580000
1,2110,0,84400,6,1,0,2,0,0,0,0,0,0,1110,88,0,b0490100060100020000000000000000000000005604580000
1,2111,0,84440,6,1,0,2,0,0,0,0,0,0,1110,88,0,d8490100060100020000000000000000000000005604580000
1,2112,0,84480,6,1,0,2,0,0,0,0,0,0,1110,88,0,004a0100060100020000000000000000000000005604580000
1,2113,0,84520,6,1,0,2,0,0,0,0,0,0,1110,88,0,284a0100060100020000000000000000000000005604580000
1,2114,0,84560,6,1,0,2,0,0,0,0,0,0,1110,88,0,504a0100060100020000000000000000000000005604580000
1,2115,0,84600,6,1,0,2,0,0,0,0,0,0,1110,88,0,784a0100060100020000000000000000000000005604580000
1,2116,0,84640,6,1,0,2,0,0,0,0,0,0,1110,88,0,a04a0100060100020000000000000000000000005604580000
1,2117,0,84680,6,1,0,2,0,0,0,0,0,0,1110,88,0,c84a0100060100020000000000000000000000005604580000
1,2118,0,84720,6,1,0,2,0,0,0,0,0,0,1110,88,0,f04a0100060100020000000000000000000000005604580000
1,2119,0,84760,6,1,0,2,0,0,0,0,0,0,1110,88,0,184b0100060100020000000000000000000000005604580000
1,2120,0,84800,6,1,0,2,0,0,0,0,0,0,1110,88,0,404b0100060100020000000000000000000000005604580000
1,2121,0,84840,6,1,0,2,0,0,0,0,0,0,1110,88,0,684b0100060100020000000000000000000000005604580000
1,2122,0,84880,6,1,0,2,0,0,0,0,0,0,1110,88,0,904b0100060100020000000000000000000000005604580000
1,2123,0,84920,6,1,0,2,0,0,0,0,0,0,1110,88,0,b84b0100060100020000000000000000000000005604580000
1,2124,0,84960,6,1,0,2,0,0,0,0,0,0,1110,88,0,e04b0100060100020000000000000000000000005604580000
1,2125,0,85000,6,1,0,2,0,0,0,0,0,0,1110,88,0,084c0100060100020000000000000000000000005604580000
1,2126,0,85040,6,1,0,2,0,0,0,0,0,0,1110,88,0,304c0100060100020000000000000000000000005604580000
1,2127,0,85080,6,1,0,2,0,0,0,0,0,0,1110,88,0,584c0100060100020000000000000000000000005604580000
1,2128,0,85120,6,1,0,2,0,0,0,0,0,0,1110,88,0,804c0100060100020000000000000000000000005604580000
1,2129,0,85160,6,1,0,2,0,0,0,0,0,0,1110,88,0,a84c0100060100020000000000000000000000005604580000
1,2130,0,85200,6,1,0,2,0,0,0,0,0,0,1110,88,0,d04c0100060100020000000000000000000000005604580000
1,2131,0,85240,6,1,0,2,0,0,0,0,0,0,1110,88,0,f84c0100060100020000000000000000000000005604580000
1,2132,0,85280,6,1,0,2,0,0,0,0,0,0,1110,88,0,204d0100060100020000000000000000000000005604580000
1,2133,0,85320,6,1,0,2,0,0,0,0,0,0,1110,88,0,484d0100060100020000000000000000000000005604580000
1,2134,0,85360,6,1,0,2,0,0,0,0,0,0,1110,88,0,704d0100060100020000000000000000000000005604580000
1,2135,0,85400,6,1,0,2,0,0,0,0,0,0,1110,88,0,984d0100060100020000000000000000000000005604580000
1,2136,0,85440,6,1,0,2,0,0,0,0,0,0,1110,88,0,c04d0100060100020000000000000000000000005604580000
1,2137,0,85480,6,1,0,2,0,0,0,0,0,0,1110,88,0,e84d0100060100020000000000000000000000005604580000
1,2138,0,85520,6,1,0,2,0,0,0,0,0,0,1110,88,0,104e0100060100020000000000000000000000005604580000
1,2139,0,85560,6,1,0,2,0,0,0,0,0,0,1110,88,0,384e0100060100020000000000000000000000005604580000
1,2140,0,85600,6,1,0,2,0,0,0,0,0,0,1110,88,0,604e0100060100020000000000000000000000005604580000
1,2141,0,85640,6,1,0,2,0,0,0,0,0,0,1110,88,0,884e0100060100020000000000000000000000005604580000
1,2142,0,85680,6,1,0,2,0,0,0,0,0,0,1110,88,0,b04e0100060100020000000000000000000000005604580000
1,2143,0,85720,6,1,0,2,0,0,0,0,0,0,1110,88,0,d84e0100060100020000000000000000000000005604580000
1,2144,0,85760,6,1,0,2,0,0,0,0,0,0,1110,88,0,004f0100060100020000000000000000000000005604580000
1,2145,0,85800,6,1,0,2,0,0,0,0,0,0,1110,88,0,284f0100060100020000000000000000000000005604580000
1,2146,0,85840,6,1,0,2,0,0,0,0,0,0,1110,88,0,504f0100060100020000000000000000000000005604580000
1,2147,0,85880,6,1,0,2,0,0,0,0,0,0,1110,88,0,784f0100060100020000000000000000000000005604580000
1,2148,0,85920,6,1,0,2,0,0,0,0,0,0,1110,88,0,a04f0100060100020000000000000000000000005604580000
1,2149,0,85960,6,1,0,2,0,0,0,0,0,0,1110,88,0,c84f0100060100020000000000000000000000005604580000
1,2150,0,86000,6,1,0,2,0,0,0,0,0,0,1110,88,0,f04f0100060100020000000000000000000000005604580000
1,2151,0,86040,6,1,0,2,0,0,0,0,0,0,1110,88,0,18500100060100020000000000000000000000005604580000
1,2152,0,86080,6,1,0,2,0,0,0,0,0,0,1110,88,0,40500100060100020000000000000000000000005604580000
1,2153,0,86120,6,1,0,2,0,0,0,0,0,0,1110,88,0,68500100060100020000000000000000000000005604580000
1,2154,0,86160,6,1,0,2,0,0,0,0,0,0,1110,88,0,90500100060100020000000000000000000000005604580000
1,2155,0,86200,6,1,0,2,0,0,0,0,0,0,1110,88,0,b8500100060100020000000000000000000000005604580000
1,2156,0,86240,6,1,0,2,0,0,0,0,0,0,1110,88,0,e0500100060100020000000000000000000000005604580000
1,2157,0,86280,6,1,0,2,0,0,0,0,0,0,1110,88,0,08510100060100020000000000000000000000005604580000
1,2158,0,86320,6,1,0,2,0,0,0,0,0,0,1110,88,0,30510100060100020000000000000000000000005604580000
1,2159,0,86360,6,1,0,2,0,0,0,0,0,0,1110,88,0,58510100060100020000000000000000000000005604580000
1,2160,0,86400,6,1,0,2,0,0,0,0,0,0,1110,88,0,80510100060100020000000000000000000000005604580000
1,2161,0,86440,6,1,0,2,0,0,0,0,0,0,1110,88,0,a8510100060100020000000000000000000000005604580000
1,2162,0,86480,6,1,0,2,0,0,0,0,0,0,1110,88,0,d0510100060100020000000000000000000000005604580000
1,2163,0,86520,6,1,0,2,0,0,0,0,0,0,1110,88,0,f8510100060100020000000000000000000000005604580000
1,2164,0,86560,6,1,0,2,0,0,0,0,0,0,1110,88,0,20520100060100020000000000000000000000005604580000
1,2165,0,86600,6,1,0,2,0,0,0,0,0,0,1110,88,0,48520100060100020000000000000000000000005604580000
1,2166,0,86640,6,1,0,2,0,0,0,0,0,0,1110,88,0,70520100060100020000000000000000000000005604580000
1,2167,0,86680,6,1,0,2,0,0,0,0,0,0,1110,88,0,98520100060100020000000000000000000000005604580000
1,2168,0,86720,6,1,0,2,0,0,0,0,0,0,1110,88,0,c0520100060100020000000000000000000000005604580000
1,2169,0,86760,6,1,0,2,0,0,0,0,0,0,1110,88,0,e8520100060100020000000000000000000000005604580000
1,2170,0,86800,6,1,0,2,0,0,0,0,0,0,1110,88,0,10530100060100020000000000000000000000005604580000
1,2171,0,86840,6,1,0,2,0,0,0,0,0,0,1110,88,0,38530100060100020000000000000000000000005604580000
1,2172,0,86880,6,1,0,2,0,0,0,0,0,0,1110,88,0,60530100060100020000000000000000000000005604580000
1,2173,0,86920,6,1,0,2,0,0,0,0,0,0,1110,88,0,88530100060100020000000000000000000000005604580000
1,2174,0,86960,6,1,0,2,0,0,0,0,0,0,1110,88,0,b0530100060100020000000000000000000000005604580000
1,2175,0,87000,6,1,0,2,0,0,0,0,0,0,1110,88,0,d8530100060100020000000000000000000000005604580000
1,2176,0,87040,6,1,0,2,0,0,0,0,0,0,1110,88,0,00540100060100020000000000000000000000005604580000
1,2177,0,87080,6,1,0,2,0,0,0,0,0,0,1110,88,0,28540100060100020000000000000000000000005604580000
1,2178,0,87120,6,1,0,2,0,0,0,0,0,0,1110,88,0,50540100060100020000000000000000000000005604580000
1,2179,0,87160,6,1,0,2,0,0,0,0,0,0,1110,88,0,78540100060100020000000000000000000000005604580000
1,2180,0,87200,6,1,0,2,0,0,0,0,0,0,1110,88,0,a0540100060100020000000000000000000000005604580000
1,2181,0,87240,6,1,0,2,0,0,0,0,0,0,1110,88,0,c8540100060100020000000000000000000000005604580000
1,2182,0,87280,6,1,0,2,0,0,0,0,0,0,1110,88,0,f0540100060100020000000000000000000000005604580000
1,2183,0,87320,6,1,0,2,0,0,0,0,0,0,1110,88,0,18550100060100020000000000000000000000005604580000
1,2184,0,87360,6,1,0,2,0,0,0,0,0,0,1110,88,0,40550100060100020000000000000000000000005604580000
1,2185,0,87400,6,1,0,2,0,0,0,0,0,0,1110,88,0,68550100060100020000000000000000000000005604580000
1,2186,0,87440,6,1,0,2,0,0,0,0,0,0,1110,88,0,90550100060100020000000000000000000000005604580000
1,2187,0,87480,6,1,0,2,0,0,0,0,0,0,1110,88,0,b8550100060100020000000000000000000000005604580000
1,2188,0,87520,6,1,0,2,0,0,0,0,0,0,1110,88,0,e0550100060100020000000000000000000000005604580000
1,2189,0,87560,6,1,0,2,0,0,0,0,0,0,1110,88,0,08560100060100020000000000000000000000005604580000
1,2190,0,87600,6,1,0,2,0,0,0,0,0,0,1110,88,0,30560100060100020000000000000000000000005604580000
1,2191,0,87640,6,1,0,2,0,0,0,0,0,0,1110,88,0,58560100060100020000000000000000000000005604580000
1,2192,0,87680,6,1,0,2,0,0,0,0,0,0,1110,88,0,80560100060100020000000000000000000000005604580000
1,2193,0,87720,6,1,0,2,0,0,0,0,0,0,1110,88,0,a8560100060100020000000000000000000000005604580000
1,2194,0,87760,6,1,0,2,0,0,0,0,0,0,1110,88,0,d0560100060100020000000000000000000000005604580000
1,2195,0,87800,6,1,0,2,0,0,0,0,0,0,1110,88,0,f8560100060100020000000000000000000000005604580000
1,2196,0,87840,6,1,0,2,0,0,0,0,0,0,1110,88,0,20570100060100020000000000000000000000005604580000
1,2197,0,87880,6,1,0,2,0,0,0,0,0,0,1110,88,0,48570100060100020000000000000000000000005604580000
1,2198,0,87920,6,1,0,2,0,0,0,0,0,0,1110,88,0,70570100060100020000000000000000000000005604580000
1,2199,0,87960,6,1,0,2,0,0,0,0,0,0,1110,88,0,98570100060100020000000000000000000000005604580000
1,2200,0,88000,6,1,0,2,0,0,0,0,0,0,1110,88,0,c0570100060100020000000000000000000000005604580000
1,2201,0,88040,6,1,0,2,0,0,0,0,0,0,1110,88,0,e8570100060100020000000000000000000000005604580000
1,2202,0,88080,6,1,0,2,0,0,0,0,0,0,1110,88,0,10580100060100020000000000000000000000005604580000
1,2203,0,88120,6,1,0,2,0,0,0,0,0,0,1110,88,0,38580100060100020000000000000000000000005604580000
1,2204,0,88160,6,1,0,2,0,0,0,0,0,0,1110,88,0,60580100060100020000000000000000000000005604580000
1,2205,0,88200,6,1,0,2,0,0,0,0,0,0,1110,88,0,88580100060100020000000000000000000000005604580000
1,2206,0,88240,6,1,0,2,0,0,0,0,0,0,1110,88,0,b0580100060100020000000000000000000000005604580000
1,2207,0,88280,6,1,0,2,0,0,0,0,0,0,1110,88,0,d8580100060100020000000000000000000000005604580000
1,2208,0,88320,6,1,0,2,0,0,0,0,0,0,1110,88,0,00590100060100020000000000000000000000005604580000
1,2209,0,88360,6,1,0,2,0,0,0,0,0,0,1110,88,0,28590100060100020000000000000000000000005604580000
1,2210,0,88400,6,1,0,2,0,0,0,0,0,0,1110,88,0,50590100060100020000000000000000000000005604580000
1,2211,0,88440,6,1,0,2,0,0,0,0,0,0,1110,88,0,78590100060100020000000000000000000000005604580000
1,2212,0,88480,6,1,0,2,0,0,0,0,0,0,1110,88,0,a0590100060100020000000000000000000000005604580000
1,2213,0,88520,6,1,0,2,0,0,0,0,0,0,1110,88,0,c8590100060100020000000000000000000000005604580000
1,2214,0,88560,6,1,0,2,0,0,0,0,0,0,1110,88,0,f0590100060100020000000000000000000000005604580000
1,2215,0,88600,6,1,0,2,0,0,0,0,0,0,1110,88,0,185a0100060100020000000000000000000000005604580000
1,2216,0,88640,6,1,0,2,0,0,0,0,0,0,1110,88,0,405a0100060100020000000000000000000000005604580000
1,2217,0,88680,6,1,0,2,0,0,0,0,0,0,1110,88,0,685a0100060100020000000000000000000000005604580000
1,2218,0,88720,6,1,0,2,0,0,0,0,0,0,1110,88,0,905a0100060100020000000000000000000000005604580000
1,2219,0,88760,6,1,0,2,0,0,0,0,0,0,1110,88,0,b85a0100060100020000000000000000000000005604580000
1,2220,0,88800,6,1,0,2,0,0,0,0,0,0,1110,88,0,e05a0100060100020000000000000000000000005604580000
1,2221,0,88840,6,1,0,2,0,0,0,0,0,0,1110,88,0,085b0100060100020000000000000000000000005604580000
1,2222,0,88880,6,1,0,2,0,0,0,0,0,0,1110,88,0,305b0100060100020000000000000000000000005604580000
1,2223,0,88920,6,1,0,2,0,0,0,0,0,0,1110,88,0,585b0100060100020000000000000000000000005604580000
1,2224,0,88960,6,1,0,2,0,0,0,0,0,0,1110,88,0,805b0100060100020000000000000000000000005604580000
1,2225,0,89000,6,1,0,2,0,0,0,0,0,0,1110,88,0,a85b0100060100020000000000000000000000005604580000
1,2226,0,89040,6,1,0,2,0,0,0,0,0,0,1110,88,0,d05b0100060100020000000000000000000000005604580000
1,2227,0,89080,6,1,0,2,0,0,0,0,0,0,1110,88,0,f85b0100060100020000000000000000000000005604580000
1,2228,0,89120,6,1,0,2,0,0,0,0,0,0,1110,88,0,205c0100060100020000000000000000000000005604580000
1,2229,0,89160,6,1,0,2,0,0,0,0,0,0,1110,88,0,485c0100060100020000000000000000000000005604580000
1,2230,0,89200,6,1,0,2,0,0,0,0,0,0,1110,88,0,705c0100060100020000000000000000000000005604580000
1,2231,0,89240,6,1,0,2,0,0,0,0,0,0,1110,88,0,985c0100060100020000000000000000000000005604580000
1,2232,0,89280,6,1,0,2,0,0,0,0,0,0,1110,88,0,c05c0100060100020000000000000000000000005604580000
1,2233,0,89320,6,1,0,2,0,0,0,0,0,0,1110,88,0,e85c0100060100020000000000000000000000005604580000
1,2234,0,89360,6,1,0,2,0,0,0,0,0,0,1110,88,0,105d0100060100020000000000000000000000005604580000
1,2235,0,89400,6,1,0,2,0,0,0,0,0,0,1110,88,0,385d0100060100020000000000000000000000005604580000
1,2236,0,89440,6,1,0,2,0,0,0,0,0,0,1110,88,0,605d0100060100020000000000000000000000005604580000
1,2237,0,89480,6,1,0,2,0,0,0,0,0,0,1110,88,0,885d0100060100020000000000000000000000005604580000
1,2238,0,89520,6,1,0,2,0,0,0,0,0,0,1110,88,0,b05d0100060100020000000000000000000000005604580000
1,2239,0,89560,6,1,0,2,0,0,0,0,0,0,1110,88,0,d85d0100060100020000000000000000000000005604580000
1,2240,0,89600,6,1,0,2,0,0,0,0,0,0,1110,88,0,005e0100060100020000000000000000000000005604580000
1,2241,0,89640,6,1,0,2,0,0,0,0,0,0,1110,88,0,285e0100060100020000000000000000000000005604580000
1,2242,0,89680,6,1,0,2,0,0,0,0,0,0,1110,88,0,505e0100060100020000000000000000000000005604580000
1,2243,0,89720,6,1,0,2,0,0,0,0,0,0,1110,88,0,785e0100060100020000000000000000000000005604580000
1,2244,0,89760,6,1,0,2,0,0,0,0,0,0,1110,88,0,a05e0100060100020000000000000000000000005604580000
1,2245,0,89800,6,1,0,2,0,0,0,0,0,0,1110,88,0,c85e0100060100020000000000000000000000005604580000
1,2246,0,89840,6,1,0,2,0,0,0,0,0,0,1110,88,0,f05e0100060100020000000000000000000000005604580000
1,2247,0,89880,6,1,0,2,0,0,0,0,0,0,1110,88,0,185f0100060100020000000000000000000000005604580000
1,2248,0,89920,6,1,0,2,0,0,0,0,0,0,1110,88,0,405f0100060100020000000000000000000000005604580000
1,2249,0,89960,6,1,0,2,0,0,0,0,0,0,1110,88,0,685f0100060100020000000000000000000000005604580000
1,2250,0,90000,6,1,0,2,0,0,0,0,0,0,1110,88,0,905f0100060100020000000000000000000000005604580000
1,2251,0,90040,6,1,0,2,0,0,0,0,0,0,1110,88,0,b85f0100060100020000000000000000000000005604580000
1,2252,0,90080,6,1,0,2,0,0,0,0,0,0,1110,88,0,e05f0100060100020000000000000000000000005604580000
1,2253,0,90120,6,1,0,2,0,0,0,0,0,0,1110,88,0,08600100060100020000000000000000000000005604580000
1,2254,0,90160,6,1,0,2,0,0,0,0,0,0,1110,88,0,30600100060100020000000000000000000000005604580000
1,2255,0,90200,6,1,0,2,0,0,0,0,0,0,1110,88,0,58600100060100020000000000000000000000005604580000
1,2256,0,90240,6,1,0,2,0,0,0,0,0,0,1110,88,0,80600100060100020000000000000000000000005604580000
1,2257,0,90280,6,1,0,2,0,0,0,0,0,0,1110,88,0,a8600100060100020000000000000000000000005604580000
1,2258,0,90320,6,1,0,2,0,0,0,0,0,0,1110,88,0,d0600100060100020000000000000000000000005604580000
1,2259,0,90360,6,1,0,2,0,0,0,0,0,0,1110,88,0,f8600100060100020000000000000000000000005604580000
1,2260,0,90400,6,1,0,2,0,0,0,0,0,0,1110,88,0,20610100060100020000000000000000000000005604580000
1,2261,0,90440,6,1,0,2,0,0,0,0,0,0,1110,88,0,48610100060100020000000000000000000000005604580000
1,2262,0,90480,6,1,0,2,0,0,0,0,0,0,1110,88,0,70610100060100020000000000000000000000005604580000
1,2263,0,90520,6,1,0,2,0,0,0,0,0,0,1110,88,0,98610100060100020000000000000000000000005604580000
1,2264,0,90560,6,1,0,2,0,0,0,0,0,0,1110,88,0,c0610100060100020000000000000000000000005604580000
1,2265,0,90600,6,1,0,2,0,0,0,0,0,0,1110,88,0,e8610100060100020000000000000000000000005604580000
1,2266,0,90640,6,1,0,2,0,0,0,0,0,0,1110,88,0,10620100060100020000000000000000000000005604580000
1,2267,0,90680,6,1,0,2,0,0,0,0,0,0,1110,88,0,38620100060100020000000000000000000000005604580000
1,2268,0,90720,6,1,0,2,0,0,0,0,0,0,1110,88,0,60620100060100020000000000000000000000005604580000
1,2269,0,90760,6,1,0,2,0,0,0,0,0,0,1110,88,0,88620100060100020000000000000000000000005604580000
1,2270,0,90800,6,1,0,2,0,0,0,0,0,0,1110,88,0,b0620100060100020000000000000000000000005604580000
1,2271,0,90840,6,1,0,2,0,0,0,0,0,0,1110,88,0,d8620100060100020000000000000000000000005604580000
1,2272,0,90880,6,1,0,2,0,0,0,0,0,0,1110,88,0,00630100060100020000000000000000000000005604580000
1,2273,0,90920,6,1,0,2,0,0,0,0,0,0,1110,88,0,28630100060100020000000000000000000000005604580000
1,2274,0,90960,6,1,0,2,0,0,0,0,0,0,1110,88,0,50630100060100020000000000000000000000005604580000
1,2275,0,91000,6,1,0,2,0,0,0,0,0,0,1110,88,0,78630100060100020000000000000000000000005604580000
1,2276,0,91040,6,1,0,2,0,0,0,0,0,0,1110,88,0,a0630100060100020000000000000000000000005604580000
1,2277,0,91080,6,1,0,2,0,0,0,0,0,0,1110,88,0,c8630100060100020000000000000000000000005604580000
1,2278,0,91120,6,1,0,2,0,0,0,0,0,0,1110,88,0,f0630100060100020000000000000000000000005604580000
1,2279,0,91160,6,1,0,2,0,0,0,0,0,0,1110,88,0,18640100060100020000000000000000000000005604580000
1,2280,0,91200,6,1,0,2,0,0,0,0,0,0,1110,88,0,40640100060100020000000000000000000000005604580000
1,2281,0,91240,6,1,0,2,0,0,0,0,0,0,1110,88,0,68640100060100020000000000000000000000005604580000
1,2282,0,91280,6,1,0,2,0,0,0,0,0,0,1110,88,0,90640100060100020000000000000000000000005604580000
1,2283,0,91320,6,1,0,2,0,0,0,0,0,0,1110,88,0,b8640100060100020000000000000000000000005604580000
1,2284,0,91360,6,1,0,2,0,0,0,0,0,0,1110,88,0,e0640100060100020000000000000000000000005604580000
1,2285,0,91400,6,1,0,2,0,0,0,0,0,0,1110,88,0,08650100060100020000000000000000000000005604580000
1,2286,0,91440,6,1,0,2,0,0,0,0,0,0,1110,88,0,30650100060100020000000000000000000000005604580000
1,2287,0,91480,6,1,0,2,0,0,0,0,0,0,1110,88,0,58650100060100020000000000000000000000005604580000
1,2288,0,91520,6,1,0,2,0,0,0,0,0,0,1110,88,0,80650100060100020000000000000000000000005604580000
1,2289,0,91560,6,1,0,2,0,0,0,0,0,0,1110,88,0,a8650100060100020000000000000000000000005604580000
1,2290,0,91600,6,1,0,2,0,0,0,0,0,0,1110,88,0,d0650100060100020000000000000000000000005604580000
1,2291,0,91640,6,1,0,2,0,0,0,0,0,0,1110,88,0,f8650100060100020000000000000000000000005604580000
1,2292,0,91680,6,1,0,2,0,0,0,0,0,0,1110,88,0,20660100060100020000000000000000000000005604580000
1,2293,0,91720,6,1,0,2,0,0,0,0,0,0,1110,88,0,48660100060100020000000000000000000000005604580000
1,2294,0,91760,6,1,0,2,0,0,0,0,0,0,1110,88,0,70660100060100020000000000000000000000005604580000
1,2295,0,91800,6,1,0,2,0,0,0,0,0,0,1110,88,0,98660100060100020000000000000000000000005604580000
1,2296,0,91840,6,1,0,2,0,0,0,0,0,0,1110,88,0,c0660100060100020000000000000000000000005604580000
1,2297,0,91880,6,1,0,2,0,0,0,0,0,0,1110,88,0,e8660100060100020000000000000000000000005604580000
1,2298,0,91920,6,1,0,2,0,0,0,0,0,0,1110,88,0,10670100060100020000000000000000000000005604580000
1,2299,0,91960,6,1,0,2,0,0,0,0,0,0,1110,88,0,38670100060100020000000000000000000000005604580000
1,2300,0,92000,6,1,0,2,0,0,0,0,0,0,1110,88,0,60670100060100020000000000000000000000005604580000
1,2301,0,92040,6,1,0,2,0,0,0,0,0,0,1110,88,0,88670100060100020000000000000000000000005604580000
1,2302,0,92080,6,1,0,2,0,0,0,0,0,0,1110,88,0,b0670100060100020000000000000000000000005604580000
1,2303,0,92120,6,1,0,2,0,0,0,0,0,0,1110,88,0,d8670100060100020000000000000000000000005604580000
1,2304,0,92160,6,1,0,2,0,0,0,0,0,0,1110,88,0,00680100060100020000000000000000000000005604580000
1,2305,0,92200,6,1,0,2,0,0,0,0,0,0,1110,88,0,28680100060100020000000000000000000000005604580000
1,2306,0,92240,6,1,0,2,0,0,0,0,0,0,1110,88,0,50680100060100020000000000000000000000005604580000
1,2307,0,92280,6,1,0,2,0,0,0,0,0,0,1110,88,0,78680100060100020000000000000000000000005604580000
1,2308,0,92320,6,1,0,2,0,0,0,0,0,0,1110,88,0,a0680100060100020000000000000000000000005604580000
1,2309,0,92360,6,1,0,2,0,0,0,0,0,0,1110,88,0,c8680100060100020000000000000000000000005604580000
1,2310,0,92400,6,1,0,2,0,0,0,0,0,0,1110,88,0,f0680100060100020000000000000000000000005604580000
1,2311,0,92440,6,1,0,2,0,0,0,0,0,0,1110,88,0,18690100060100020000000000000000000000005604580000
1,2312,0,92480,6,1,0,2,0,0,0,0,0,0,1110,88,0,40690100060100020000000000000000000000005604580000
1,2313,0,92520,6,1,0,2,0,0,0,0,0,0,1110,88,0,68690100060100020000000000000000000000005604580000
1,2314,0,92560,6,1,0,2,0,0,0,0,0,0,1110,88,0,90690100060100020000000000000000000000005604580000
1,2315,0,92600,6,1,0,2,0,0,0,0,0,0,1110,88,0,b8690100060100020000000000000000000000005604580000
1,2316,0,92640,6,1,0,2,0,0,0,0,0,0,1110,88,0,e0690100060100020000000000000000000000005604580000
1,2317,0,92680,6,1,0,2,0,0,0,0,0,0,1110,88,0,086a0100060100020000000000000000000000005604580000
1,2318,0,92720,6,1,0,2,0,0,0,0,0,0,1110,88,0,306a0100060100020000000000000000000000005604580000
1,2319,0,92760,6,1,0,2,0,0,0,0,0,0,1110,88,0,586a0100060100020000000000000000000000005604580000
1,2320,0,92800,6,1,0,2,0,0,0,0,0,0,1110,88,0,806a0100060100020000000000000000000000005604580000
1,2321,0,92840,6,1,0,2,0,0,0,0,0,0,1110,88,0,a86a0100060100020000000000000000000000005604580000
1,2322,0,92880,6,1,0,2,0,0,0,0,0,0,1110,88,0,d06a0100060100020000000000000000000000005604580000
1,2323,0,92920,6,1,0,2,0,0,0,0,0,0,1110,88,0,f86a0100060100020000000000000000000000005604580000
1,2324,0,92960,6,1,0,2,0,0,0,0,0,0,1110,88,0,206b0100060100020000000000000000000000005604580000
1,2325,0,93000,6,1,0,2,0,0,0,0,0,0,1110,88,0,486b0100060100020000000000000000000000005604580000
1,2326,0,93040,6,1,0,2,0,0,0,0,0,0,1110,88,0,706b0100060100020000000000000000000000005604580000
1,2327,0,93080,6,1,0,2,0,0,0,0,0,0,1110,88,0,986b0100060100020000000000000000000000005604580000
1,2328,0,93120,6,1,0,2,0,0,0,0,0,0,1110,88,0,c06b0100060100020000000000000000000000005604580000
1,2329,0,93160,6,1,0,2,0,0,0,0,0,0,1110,88,0,e86b0100060100020000000000000000000000005604580000
1,2330,0,93200,6,1,0,2,0,0,0,0,0,0,1110,88,0,106c0100060100020000000000000000000000005604580000
1,2331,0,93240,6,1,0,2,0,0,0,0,0,0,1110,88,0,386c0100060100020000000000000000000000005604580000
1,2332,0,93280,6,1,0,2,0,0,0,0,0,0,1110,88,0,606c0100060100020000000000000000000000005604580000
1,2333,0,93320,6,1,0,2,0,0,0,0,0,0,1110,88,0,886c0100060100020000000000000000000000005604580000
1,2334,0,93360,6,1,0,2,0,0,0,0,0,0,1110,88,0,b06c0100060100020000000000000000000000005604580000
1,2335,0,93400,6,1,0,2,0,0,0,0,0,0,1110,88,0,d86c0100060100020000000000000000000000005604580000
1,2336,0,93440,6,1,0,2,0,0,0,0,0,0,1110,88,0,006d0100060100020000000000000000000000005604580000
1,2337,0,93480,6,1,0,2,0,0,0,0,0,0,1110,88,0,286d0100060100020000000000000000000000005604580000
1,2338,0,93520,6,1,0,2,0,0,0,0,0,0,1110,88,0,506d0100060100020000000000000000000000005604580000
1,2339,0,93560,6,1,0,2,0,0,0,0,0,0,1110,88,0,786d0100060100020000000000000000000000005604580000
1,2340,0,93600,6,1,0,2,0,0,0,0,0,0,1110,88,0,a06d0100060100020000000000000000000000005604580000
1,2341,0,93640,6,1,0,2,0,0,0,0,0,0,1110,88,0,c86d0100060100020000000000000000000000005604580000
1,2342,0,93680,6,1,0,2,0,0,0,0,0,0,1110,88,0,f06d0100060100020000000000000000000000005604580000
1,2343,0,93720,6,1,0,2,0,0,0,0,0,0,1110,88,0,186e0100060100020000000000000000000000005604580000
1,2344,0,93760,6,1,0,2,0,0,0,0,0,0,1110,88,0,406e0100060100020000000000000000000000005604580000
1,2345,0,93800,6,1,0,2,0,0,0,0,0,0,1110,88,0,686e0100060100020000000000000000000000005604580000
1,2346,0,93840,6,1,0,2,0,0,0,0,0,0,1110,88,0,906e0100060100020000000000000000000000005604580000
1,2347,0,93880,6,1,0,2,0,0,0,0,0,0,1110,88,0,b86e0100060100020000000000000000000000005604580000
1,2348,0,93920,6,1,0,2,0,0,0,0,0,0,1110,88,0,e06e0100060100020000000000000000000000005604580000
1,2349,0,93960,6,1,0,2,0,0,0,0,0,0,1110,88,0,086f0100060100020000000000000000000000005604580000
1,2350,0,94000,6,1,0,2,0,0,0,0,0,0,1110,88,0,306f0100060100020000000000000000000000005604580000
1,2351,0,94040,6,1,0,2,0,0,0,0,0,0,1110,88,0,586f0100060100020000000000000000000000005604580000
1,2352,0,94080,6,1,0,2,0,0,0,0,0,0,1110,88,0,806f0100060100020000000000000000000000005604580000
1,2353,0,94120,6,1,0,2,0,0,0,0,0,0,1110,88,0,a86f0100060100020000000000000000000000005604580000
1,2354,0,94160,6,1,0,2,0,0,0,0,0,0,1110,88,0,d06f0100060100020000000000000000000000005604580000
1,2355,0,94200,6,1,0,2,0,0,0,0,0,0,1110,88,0,f86f0100060100020000000000000000000000005604580000
1,2356,0,94240,6,1,0,2,0,0,0,0,0,0,1110,88,0,20700100060100020000000000000000000000005604580000
1,2357,0,94280,6,1,0,2,0,0,0,0,0,0,1110,88,0,48700100060100020000000000000000000000005604580000
1,2358,0,94320,6,1,0,2,0,0,0,0,0,0,1110,88,0,70700100060100020000000000000000000000005604580000
1,2359,0,94360,6,1,0,2,0,0,0,0,0,0,1110,88,0,98700100060100020000000000000000000000005604580000
1,2360,0,94400,6,1,0,2,0,0,0,0,0,0,1110,88,0,c0700100060100020000000000000000000000005604580000
1,2361,0,94440,6,1,0,2,0,0,0,0,0,0,1110,88,0,e8700100060100020000000000000000000000005604580000
1,2362,0,94480,6,1,0,2,0,0,0,0,0,0,1110,88,0,10710100060100020000000000000000000000005604580000
1,2363,0,94520,6,1,0,2,0,0,0,0,0,0,1110,88,0,38710100060100020000000000000000000000005604580000
1,2364,0,94560,6,1,0,2,0,0,0,0,0,0,1110,88,0,60710100060100020000000000000000000000005604580000
1,2365,0,94600,6,1,0,2,0,0,0,0,0,0,1110,88,0,88710100060100020000000000000000000000005604580000
1,2366,0,94640,6,1,0,2,0,0,0,0,0,0,1110,88,0,b0710100060100020000000000000000000000005604580000
1,2367,0,94680,6,1,0,2,0,0,0,0,0,0,1110,88,0,d8710100060100020000000000000000000000005604580000
1,2368,0,94720,6,1,0,2,0,0,0,0,0,0,1110,88,0,00720100060100020000000000000000000000005604580000
1,2369,0,94760,6,1,0,2,0,0,0,0,0,0,1110,88,0,28720100060100020000000000000000000000005604580000
1,2370,0,94800,6,1,0,2,0,0,0,0,0,0,1110,88,0,50720100060100020000000000000000000000005604580000
1,2371,0,94840,6,1,0,2,0,0,0,0,0,0,1110,88,0,78720100060100020000000000000000000000005604580000
1,2372,0,94880,6,1,0,2,0,0,0,0,0,0,1110,88,0,a0720100060100020000000000000000000000005604580000
1,2373,0,94920,6,1,0,2,0,0,0,0,0,0,1110,88,0,c8720100060100020000000000000000000000005604580000
1,2374,0,94960,6,1,0,2,0,0,0,0,0,0,1110,88,0,f0720100060100020000000000000000000000005604580000
1,2375,0,95000,6,1,0,2,0,0,0,0,0,0,1110,88,0,18730100060100020000000000000000000000005604580000
1,2376,0,95040,6,1,0,2,0,0,0,0,0,0,1110,88,0,40730100060100020000000000000000000000005604580000
1,2377,0,95080,6,1,0,2,0,0,0,0,0,0,1110,88,0,68730100060100020000000000000000000000005604580000
1,2378,0,95120,6,1,0,2,0,0,0,0,0,0,1110,88,0,90730100060100020000000000000000000000005604580000
1,2379,0,95160,6,1,0,2,0,0,0,0,0,0,1110,88,0,b8730100060100020000000000000000000000005604580000
1,2380,0,95200,6,1,0,2,0,0,0,0,0,0,1110,88,0,e0730100060100020000000000000000000000005604580000
1,2381,0,95240,6,1,0,2,0,0,0,0,0,0,1110,88,0,08740100060100020000000000000000000000005604580000
1,2382,0,95280,6,1,0,2,0,0,0,0,0,0,1110,88,0,30740100060100020000000000000000000000005604580000
1,2383,0,95320,6,1,0,2,0,0,0,0,0,0,1110,88,0,58740100060100020000000000000000000000005604580000
1,2384,0,95360,6,1,0,2,0,0,0,0,0,0,1110,88,0,80740100060100020000000000000000000000005604580000
1,2385,0,95400,6,1,0,2,0,0,0,0,0,0,1110,88,0,a8740100060100020000000000000000000000005604580000
1,2386,0,95440,6,1,0,2,0,0,0,0,0,0,1110,88,0,d0740100060100020000000000000000000000005604580000
1,2387,0,95480,6,1,0,2,0,0,0,0,0,0,1110,88,0,f8740100060100020000000000000000000000005604580000
1,2388,0,95520,6,1,0,2,0,0,0,0,0,0,1110,88,0,20750100060100020000000000000000000000005604580000
1,2389,0,95560,6,1,0,2,0,0,0,0,0,0,1110,88,0,48750100060100020000000000000000000000005604580000
1,2390,0,95600,6,1,0,2,0,0,0,0,0,0,1110,88,0,70750100060100020000000000000000000000005604580000
1,2391,0,95640,6,1,0,2,0,0,0,0,0,0,1110,88,0,98750100060100020000000000000000000000005604580000
1,2392,0,95680,6,1,0,2,0,0,0,0,0,0,1110,88,0,c0750100060100020000000000000000000000005604580000
1,2393,0,95720,6,1,0,2,0,0,0,0,0,0,1110,88,0,e8750100060100020000000000000000000000005604580000
1,2394,0,95760,6,1,0,2,0,0,0,0,0,0,1110,88,0,10760100060100020000000000000000000000005604580000
1,2395,0,95800,6,1,0,2,0,0,0,0,0,0,1110,88,0,38760100060100020000000000000000000000005604580000
1,2396,0,95840,6,1,0,2,0,0,0,0,0,0,1110,88,0,60760100060100020000000000000000000000005604580000
1,2397,0,95880,6,1,0,2,0,0,0,0,0,0,1110,88,0,88760100060100020000000000000000000000005604580000
1,2398,0,95920,6,1,0,2,0,0,0,0,0,0,1110,88,0,b0760100060100020000000000000000000000005604580000
1,2399,0,95960,6,1,0,2,0,0,0,0,0,0,1110,88,0,d8760100060100020000000000000000000000005604580000
1,2400,0,96000,6,1,0,2,0,0,0,0,0,0,1110,88,0,00770100060100020000000000000000000000005604580000
1,2401,0,96040,6,1,0,2,0,0,0,0,0,0,1110,88,0,28770100060100020000000000000000000000005604580000
1,2402,0,96080,6,1,0,2,0,0,0,0,0,0,1110,88,0,50770100060100020000000000000000000000005604580000
1,2403,0,96120,6,1,0,2,0,0,0,0,0,0,1110,88,0,78770100060100020000000000000000000000005604580000
1,2404,0,96160,6,1,0,2,0,0,0,0,0,0,1110,88,0,a0770100060100020000000000000000000000005604580000
1,2405,0,96200,6,1,0,2,0,0,0,0,0,0,1110,88,0,c8770100060100020000000000000000000000005604580000
1,2406,0,96240,6,1,0,2,0,0,0,0,0,0,1110,88,0,f0770100060100020000000000000000000000005604580000
1,2407,0,96280,6,1,0,2,0,0,0,0,0,0,1110,88,0,18780100060100020000000000000000000000005604580000
1,2408,0,96320,6,1,0,2,0,0,0,0,0,0,1110,88,0,40780100060100020000000000000000000000005604580000
1,2409,0,96360,6,1,0,2,0,0,0,0,0,0,1110,88,0,68780100060100020000000000000000000000005604580000
1,2410,0,96400,6,1,0,2,0,0,0,0,0,0,1110,88,0,90780100060100020000000000000000000000005604580000
1,2411,0,96440,6,1,0,2,0,0,0,0,0,0,1110,88,0,b8780100060100020000000000000000000000005604580000
1,2412,0,96480,6,1,0,2,0,0,0,0,0,0,1110,88,0,e0780100060100020000000000000000000000005604580000
1,2413,0,96520,6,1,0,2,0,0,0,0,0,0,1110,88,0,08790100060100020000000000000000000000005604580000
1,2414,0,96560,6,1,0,2,0,0,0,0,0,0,1110,88,0,30790100060100020000000000000000000000005604580000
1,2415,0,96600,6,1,0,2,0,0,0,0,0,0,1110,88,0,58790100060100020000000000000000000000005604580000
1,2416,0,96640,6,1,0,2,0,0,0,0,0,0,1110,88,0,80790100060100020000000000000000000000005604580000
1,2417,0,96680,6,1,0,2,0,0,0,0,0,0,1110,88,0,a8790100060100020000000000000000000000005604580000
1,2418,0,96720,6,1,0,2,0,0,0,0,0,0,1110,88,0,d0790100060100020000000000000000000000005604580000
1,2419,0,96760,6,1,0,2,0,0,0,0,0,0,1110,88,0,f8790100060100020000000000000000000000005604580000
1,2420,0,96800,6,1,0,2,0,0,0,0,0,0,1110,88,0,207a0100060100020000000000000000000000005604580000
1,2421,0,96840,6,1,0,2,0,0,0,0,0,0,1110,88,0,487a0100060100020000000000000000000000005604580000
1,2422,0,96880,6,1,0,2,0,0,0,0,0,0,1110,88,0,707a0100060100020000000000000000000000005604580000
1,2423,0,96920,6,1,0,2,0,0,0,0,0,0,1110,88,0,987a0100060100020000000000000000000000005604580000
1,2424,0,96960,6,1,0,2,0,0,0,0,0,0,1110,88,0,c07a0100060100020000000000000000000000005604580000
1,2425,0,97000,6,1,0,2,0,0,0,0,0,0,1110,88,0,e87a0100060100020000000000000000000000005604580000
1,2426,0,97040,6,1,0,2,0,0,0,0,0,0,1110,88,0,107b0100060100020000000000000000000000005604580000
1,2427,0,97080,6,1,0,2,0,0,0,0,0,0,1110,88,0,387b0100060100020000000000000000000000005604580000
1,2428,0,97120,6,1,0,2,0,0,0,0,0,0,1110,88,0,607b0100060100020000000000000000000000005604580000
1,2429,0,97160,6,1,0,2,0,0,0,0,0,0,1110,88,0,887b0100060100020000000000000000000000005604580000
1,2430,0,97200,6,1,0,2,0,0,0,0,0,0,1110,88,0,b07b0100060100020000000000000000000000005604580000
1,2431,0,97240,6,1,0,2,0,0,0,0,0,0,1110,88,0,d87b0100060100020000000000000000000000005604580000
1,2432,0,97280,6,1,0,2,0,0,0,0,0,0,1110,88,0,007c0100060100020000000000000000000000005604580000
1,2433,0,97320,6,1,0,2,0,0,0,0,0,0,1110,88,0,287c0100060100020000000000000000000000005604580000
1,2434,0,97360,6,1,0,2,0,0,0,0,0,0,1110,88,0,507c0100060100020000000000000000000000005604580000
1,2435,0,97400,6,1,0,2,0,0,0,0,0,0,1110,88,0,787c0100060100020000000000000000000000005604580000
1,2436,0,97440,6,1,0,2,0,0,0,0,0,0,1110,88,0,a07c0100060100020000000000000000000000005604580000
1,2437,0,97480,6,1,0,2,0,0,0,0,0,0,1110,88,0,c87c0100060100020000000000000000000000005604580000
1,2438,0,97520,6,1,0,2,0,0,0,0,0,0,1110,88,0,f07c0100060100020000000000000000000000005604580000
1,2439,0,97560,6,1,0,2,0,0,0,0,0,0,1110,88,0,187d0100060100020000000000000000000000005604580000
1,2440,0,97600,6,1,0,2,0,0,0,0,0,0,1110,88,0,407d0100060100020000000000000000000000005604580000
1,2441,0,97640,6,1,0,2,0,0,0,0,0,0,1110,88,0,687d0100060100020000000000000000000000005604580000
1,2442,0,97680,6,1,0,2,0,0,0,0,0,0,1110,88,0,907d0100060100020000000000000000000000005604580000
1,2443,0,97720,6,1,0,2,0,0,0,0,0,0,1110,88,0,b87d0100060100020000000000000000000000005604580000
1,2444,0,97760,6,1,0,2,0,0,0,0,0,0,1110,88,0,e07d0100060100020000000000000000000000005604580000
1,2445,0,97800,6,1,0,2,0,0,0,0,0,0,1110,88,0,087e0100060100020000000000000000000000005604580000
1,2446,0,97840,6,1,0,2,0,0,0,0,0,0,1110,88,0,307e0100060100020000000000000000000000005604580000
1,2447,0,97880,6,1,0,2,0,0,0,0,0,0,1110,88,0,587e0100060100020000000000000000000000005604580000
1,2448,0,97920,6,1,0,2,0,0,0,0,0,0,1110,88,0,807e0100060100020000000000000000000000005604580000
1,2449,0,97960,6,1,0,2,0,0,0,0,0,0,1110,88,0,a87e0100060100020000000000000000000000005604580000
1,2450,0,98000,6,1,0,2,0,0,0,0,0,0,1110,88,0,d07e0100060100020000000000000000000000005604580000
1,2451,0,98040,6,1,0,2,0,0,0,0,0,0,1110,88,0,f87e0100060100020000000000000000000000005604580000
1,2452,0,98080,6,1,0,2,0,0,0,0,0,0,1110,88,0,207f0100060100020000000000000000000000005604580000
1,2453,0,98120,6,1,0,2,0,0,0,0,0,0,1110,88,0,487f0100060100020000000000000000000000005604580000
1,2454,0,98160,6,1,0,2,0,0,0,0,0,0,1110,88,0,707f0100060100020000000000000000000000005604580000
1,2455,0,98200,6,1,0,2,0,0,0,0,0,0,1110,88,0,987f0100060100020000000000000000000000005604580000
1,2456,0,98240,6,1,0,2,0,0,0,0,0,0,1110,88,0,c07f0100060100020000000000000000000000005604580000
1,2457,0,98280,6,1,0,2,0,0,0,0,0,0,1110,88,0,e87f0100060100020000000000000000000000005604580000
1,2458,0,98320,6,1,0,2,0,0,0,0,0,0,1110,88,0,10800100060100020000000000000000000000005604580000
1,2459,0,98360,6,1,0,2,0,0,0,0,0,0,1110,88,0,38800100060100020000000000000000000000005604580000
1,2460,0,98400,6,1,0,2,0,0,0,0,0,0,1110,88,0,60800100060100020000000000000000000000005604580000
1,2461,0,98440,6,1,0,2,0,0,0,0,0,0,1110,88,0,88800100060100020000000000000000000000005604580000
1,2462,0,98480,6,1,0,2,0,0,0,0,0,0,1110,88,0,b0800100060100020000000000000000000000005604580000
1,2463,0,98520,6,1,0,2,0,0,0,0,0,0,1110,88,0,d8800100060100020000000000000000000000005604580000
1,2464,0,98560,6,1,0,2,0,0,0,0,0,0,1110,88,0,00810100060100020000000000000000000000005604580000
1,2465,0,98600,6,1,0,2,0,0,0,0,0,0,1110,88,0,28810100060100020000000000000000000000005604580000
1,2466,0,98640,6,1,0,2,0,0,0,0,0,0,1110,88,0,50810100060100020000000000000000000000005604580000
1,2467,0,98680,6,1,0,2,0,0,0,0,0,0,1110,88,0,78810100060100020000000000000000000000005604580000
1,2468,0,98720,6,1,0,2,0,0,0,0,0,0,1110,88,0,a0810100060100020000000000000000000000005604580000
1,2469,0,98760,6,1,0,2,0,0,0,0,0,0,1110,88,0,c8810100060100020000000000000000000000005604580000
1,2470,0,98800,6,1,0,2,0,0,0,0,0,0,1110,88,0,f0810100060100020000000000000000000000005604580000
1,2471,0,98840,6,1,0,2,0,0,0,0,0,0,1110,88,0,18820100060100020000000000000000000000005604580000
1,2472,0,98880,6,1,0,2,0,0,0,0,0,0,1110,88,0,40820100060100020000000000000000000000005604580000
1,2473,0,98920,6,1,0,2,0,0,0,0,0,0,1110,88,0,68820100060100020000000000000000000000005604580000
1,2474,0,98960,6,1,0,2,0,0,0,0,0,0,1110,88,0,90820100060100020000000000000000000000005604580000
1,2475,0,99000,6,1,0,2,0,0,0,0,0,0,1110,88,0,b8820100060100020000000000000000000000005604580000
1,2476,0,99040,6,1,0,2,0,0,0,0,0,0,1110,88,0,e0820100060100020000000000000000000000005604580000
1,2477,0,99080,6,1,0,2,0,0,0,0,0,0,1110,88,0,08830100060100020000000000000000000000005604580000
1,2478,0,99120,6,1,0,2,0,0,0,0,0,0,1110,88,0,30830100060100020000000000000000000000005604580000
1,2479,0,99160,6,1,0,2,0,0,0,0,0,0,1110,88,0,58830100060100020000000000000000000000005604580000
1,2480,0,99200,6,1,0,2,0,0,0,0,0,0,1110,88,0,80830100060100020000000000000000000000005604580000
1,2481,0,99240,6,1,0,2,0,0,0,0,0,0,1110,88,0,a8830100060100020000000000000000000000005604580000
1,2482,0,99280,6,1,0,2,0,0,0,0,0,0,1110,88,0,d0830100060100020000000000000000000000005604580000
1,2483,0,99320,6,1,0,2,0,0,0,0,0,0,1110,88,0,f8830100060100020000000000000000000000005604580000
1,2484,0,99360,6,1,0,2,0,0,0,0,0,0,1110,88,0,20840100060100020000000000000000000000005604580000
1,2485,0,99400,6,1,0,2,0,0,0,0,0,0,1110,88,0,48840100060100020000000000000000000000005604580000
1,2486,0,99440,6,1,0,2,0,0,0,0,0,0,1110,88,0,70840100060100020000000000000000000000005604580000
1,2487,0,99480,6,1,0,2,0,0,0,0,0,0,1110,88,0,98840100060100020000000000000000000000005604580000
1,2488,0,99520,6,1,0,2,0,0,0,0,0,0,1110,88,0,c0840100060100020000000000000000000000005604580000
1,2489,0,99560,6,1,0,2,0,0,0,0,0,0,1110,88,0,e8840100060100020000000000000000000000005604580000
1,2490,0,99600,6,1,0,2,0,0,0,0,0,0,1110,88,0,10850100060100020000000000000000000000005604580000
1,2491,0,99640,6,1,0,2,0,0,0,0,0,0,1110,88,0,38850100060100020000000000000000000000005604580000
1,2492,0,99680,6,1,0,2,0,0,0,0,0,0,1110,88,0,60850100060100020000000000000000000000005604580000
1,2493,0,99720,6,1,0,2,0,0,0,0,0,0,1110,88,0,88850100060100020000000000000000000000005604580000
1,2494,0,99760,6,1,0,2,0,0,0,0,0,0,1110,88,0,b0850100060100020000000000000000000000005604580000
1,2495,0,99800,6,1,0,2,0,0,0,0,0,0,1110,88,0,d8850100060100020000000000000000000000005604580000
1,2496,0,99840,6,1,0,2,0,0,0,0,0,0,1110,88,0,00860100060100020000000000000000000000005604580000
1,2497,0,99880,6,1,0,2,0,0,0,0,0,0,1110,88,0,28860100060100020000000000000000000000005604580000
1,2498,0,99920,6,1,0,2,0,0,0,0,0,0,1110,88,0,50860100060100020000000000000000000000005604580000
1,2499,0,99960,6,1,0,2,0,0,0,0,0,0,1110,88,0,78860100060100020000000000000000000000005604580000
1,2500,0,100000,6,1,0,2,0,0,0,0,0,0,1110,88,0,a0860100060100020000000000000000000000005604580000
1,2501,0,100040,6,1,0,2,0,0,0,0,0,0,1110,88,0,c8860100060100020000000000000000000000005604580000
1,2502,0,100080,6,1,0,2,0,0,0,0,0,0,1110,88,0,f0860100060100020000000000000000000000005604580000
1,2503,0,100120,6,1,0,2,0,0,0,0,0,0,1110,88,0,18870100060100020000000000000000000000005604580000
1,2504,0,100160,6,1,0,2,0,0,0,0,0,0,1110,88,0,40870100060100020000000000000000000000005604580000
1,2505,0,100200,6,1,0,2,0,0,0,0,0,0,1110,88,0,68870100060100020000000000000000000000005604580000
1,2506,0,100240,6,1,0,2,0,0,0,0,0,0,1110,88,0,90870100060100020000000000000000000000005604580000
1,2507,0,100280,6,1,0,2,0,0,0,0,0,0,1110,88,0,b8870100060100020000000000000000000000005604580000
1,2508,0,100320,6,1,0,2,0,0,0,0,0,0,1110,88,0,e0870100060100020000000000000000000000005604580000
1,2509,0,100360,6,1,0,2,0,0,0,0,0,0,1110,88,0,08880100060100020000000000000000000000005604580000
1,2510,0,100400,6,1,0,2,0,0,0,0,0,0,1110,88,0,30880100060100020000000000000000000000005604580000
1,2511,0,100440,6,1,0,2,0,0,0,0,0,0,1110,88,0,58880100060100020000000000000000000000005604580000
1,2512,0,100480,6,1,0,2,0,0,0,0,0,0,1110,88,0,80880100060100020000000000000000000000005604580000
1,2513,0,100520,6,1,0,2,0,0,0,0,0,0,1110,88,0,a8880100060100020000000000000000000000005604580000
1,2514,0,100560,6,1,0,2,0,0,0,0,0,0,1110,88,0,d0880100060100020000000000000000000000005604580000
1,2515,0,100600,6,1,0,2,0,0,0,0,0,0,1110,88,0,f8880100060100020000000000000000000000005604580000
1,2516,0,100640,6,1,0,2,0,0,0,0,0,0,1110,88,0,20890100060100020000000000000000000000005604580000
1,2517,0,100680,6,1,0,2,0,0,0,0,0,0,1110,88,0,48890100060100020000000000000000000000005604580000
1,2518,0,100720,6,1,0,2,0,0,0,0,0,0,1110,88,0,70890100060100020000000000000000000000005604580000
1,2519,0,100760,6,1,0,2,0,0,0,0,0,0,1110,88,0,98890100060100020000000000000000000000005604580000
1,2520,0,100800,6,1,0,2,0,0,0,0,0,0,1110,88,0,c0890100060100020000000000000000000000005604580000
1,2521,0,100840,6,1,0,2,0,0,0,0,0,0,1110,88,0,e8890100060100020000000000000000000000005604580000
1,2522,0,100880,6,1,0,2,0,0,0,0,0,0,1110,88,0,108a0100060100020000000000000000000000005604580000
1,2523,0,100920,6,1,0,2,0,0,0,0,0,0,1110,88,0,388a0100060100020000000000000000000000005604580000
1,2524,0,100960,6,1,0,2,0,0,0,0,0,0,1110,88,0,608a0100060100020000000000000000000000005604580000
1,2525,0,101000,6,1,0,2,0,0,0,0,0,0,1110,88,0,888a0100060100020000000000000000000000005604580000
1,2526,0,101040,6,1,0,2,0,0,0,0,0,0,1110,88,0,b08a0100060100020000000000000000000000005604580000
1,2527,0,101080,6,1,0,2,0,0,0,0,0,0,1110,88,0,d88a0100060100020000000000000000000000005604580000
1,2528,0,101120,6,1,0,2,0,0,0,0,0,0,1110,88,0,008b0100060100020000000000000000000000005604580000
1,2529,0,101160,6,1,0,2,0,0,0,0,0,0,1110,88,0,288b0100060100020000000000000000000000005604580000
1,2530,0,101200,6,1,0,2,0,0,0,0,0,0,1110,88,0,508b0100060100020000000000000000000000005604580000
1,2531,0,101240,6,1,0,2,0,0,0,0,0,0,1110,88,0,788b0100060100020000000000000000000000005604580000
1,2532,0,101280,6,1,0,2,0,0,0,0,0,0,1110,88,0,a08b0100060100020000000000000000000000005604580000
1,2533,0,101320,6,1,0,2,0,0,0,0,0,0,1110,88,0,c88b0100060100020000000000000000000000005604580000
1,2534,0,101360,6,1,0,2,0,0,0,0,0,0,1110,88,0,f08b0100060100020000000000000000000000005604580000
1,2535,0,101400,6,1,0,2,0,0,0,0,0,0,1110,88,0,188c0100060100020000000000000000000000005604580000
1,2536,0,101440,6,1,0,2,0,0,0,0,0,0,1110,88,0,408c0100060100020000000000000000000000005604580000
1,2537,0,101480,6,1,0,2,0,0,0,0,0,0,1110,88,0,688c0100060100020000000000000000000000005604580000
1,2538,0,101520,6,1,0,2,0,0,0,0,0,0,1110,88,0,908c0100060100020000000000000000000000005604580000
1,2539,0,101560,6,1,0,2,0,0,0,0,0,0,1110,88,0,b88c0100060100020000000000000000000000005604580000
1,2540,0,101600,6,1,0,2,0,0,0,0,0,0,1110,88,0,e08c0100060100020000000000000000000000005604580000
1,2541,0,101640,6,1,0,2,0,0,0,0,0,0,1110,88,0,088d0100060100020000000000000000000000005604580000
1,2542,0,101680,6,1,0,2,0,0,0,0,0,0,1110,88,0,308d0100060100020000000000000000000000005604580000
1,2543,0,101720,6,1,0,2,0,0,0,0,0,0,1110,88,0,588d0100060100020000000000000000000000005604580000
1,2544,0,101760,6,1,0,2,0,0,0,0,0,0,1110,88,0,808d0100060100020000000000000000000000005604580000
1,2545,0,101800,6,1,0,2,0,0,0,0,0,0,1110,88,0,a88d0100060100020000000000000000000000005604580000
1,2546,0,101840,6,1,0,2,0,0,0,0,0,0,1110,88,0,d08d0100060100020000000000000000000000005604580000
1,2547,0,101880,6,1,0,2,0,0,0,0,0,0,1110,88,0,f88d0100060100020000000000000000000000005604580000
1,2548,0,101920,6,1,0,2,0,0,0,0,0,0,1110,88,0,208e0100060100020000000000000000000000005604580000
1,2549,0,101960,6,1,0,2,0,0,0,0,0,0,1110,88,0,488e0100060100020000000000000000000000005604580000
1,2550,0,102000,6,1,0,2,0,0,0,0,0,0,1110,88,0,708e0100060100020000000000000000000000005604580000
1,2551,0,102040,6,1,0,2,0,0,0,0,0,0,1110,88,0,988e0100060100020000000000000000000000005604580000
1,2552,0,102080,6,1,0,2,0,0,0,0,0,0,1110,88,0,c08e0100060100020000000000000000000000005604580000
1,2553,0,102120,6,1,0,2,0,0,0,0,0,0,1110,88,0,e88e0100060100020000000000000000000000005604580000
1,2554,0,102160,6,1,0,2,0,0,0,0,0,0,1110,88,0,108f0100060100020000000000000000000000005604580000
1,2555,0,102200,6,1,0,2,0,0,0,0,0,0,1110,88,0,388f0100060100020000000000000000000000005604580000
1,2556,0,102240,6,1,0,2,0,0,0,0,0,0,1110,88,0,608f0100060100020000000000000000000000005604580000
1,2557,0,102280,6,1,0,2,0,0,0,0,0,0,1110,88,0,888f0100060100020000000000000000000000005604580000
1,2558,0,102320,6,1,0,2,0,0,0,0,0,0,1110,88,0,b08f0100060100020000000000000000000000005604580000
1,2559,0,102360,6,1,0,2,0,0,0,0,0,0,1110,88,0,d88f0100060100020000000000000000000000005604580000
1,2560,0,102400,6,1,0,2,0,0,0,0,0,0,1110,88,0,00900100060100020000000000000000000000005604580000
1,2561,0,102440,6,1,0,2,0,0,0,0,0,0,1110,88,0,28900100060100020000000000000000000000005604580000
1,2562,0,102480,6,1,0,2,0,0,0,0,0,0,1110,88,0,50900100060100020000000000000000000000005604580000
1,2563,0,102520,6,1,0,2,0,0,0,0,0,0,1110,88,0,78900100060100020000000000000000000000005604580000
1,2564,0,102560,6,1,0,2,0,0,0,0,0,0,1110,88,0,a0900100060100020000000000000000000000005604580000
1,2565,0,102600,6,1,0,2,0,0,0,0,0,0,1110,88,0,c8900100060100020000000000000000000000005604580000
1,2566,0,102640,6,1,0,2,0,0,0,0,0,0,1110,88,0,f0900100060100020000000000000000000000005604580000
1,2567,0,102680,6,1,0,2,0,0,0,0,0,0,1110,88,0,18910100060100020000000000000000000000005604580000
1,2568,0,102720,6,1,0,2,0,0,0,0,0,0,1110,88,0,40910100060100020000000000000000000000005604580000
1,2569,0,102760,6,1,0,2,0,0,0,0,0,0,1110,88,0,68910100060100020000000000000000000000005604580000
1,2570,0,102800,6,1,0,2,0,0,0,0,0,0,1110,88,0,90910100060100020000000000000000000000005604580000
1,2571,0,102840,6,1,0,2,0,0,0,0,0,0,1110,88,0,b8910100060100020000000000000000000000005604580000
1,2572,0,102880,6,1,0,2,0,0,0,0,0,0,1110,88,0,e0910100060100020000000000000000000000005604580000
1,2573,0,102920,6,1,0,2,0,0,0,0,0,0,1110,88,0,08920100060100020000000000000000000000005604580000
1,2574,0,102960,6,1,0,2,0,0,0,0,0,0,1110,88,0,30920100060100020000000000000000000000005604580000
1,2575,0,103000,6,1,0,2,0,0,0,0,0,0,1110,88,0,58920100060100020000000000000000000000005604580000
1,2576,0,103040,6,1,0,2,0,0,0,0,0,0,1110,88,0,80920100060100020000000000000000000000005604580000
1,2577,0,103080,6,1,0,2,0,0,0,0,0,0,1110,88,0,a8920100060100020000000000000000000000005604580000
1,2578,0,103120,6,1,0,2,0,0,0,0,0,0,1110,88,0,d0920100060100020000000000000000000000005604580000
1,2579,0,103160,6,1,0,2,0,0,0,0,0,0,1110,88,0,f8920100060100020000000000000000000000005604580000
1,2580,0,103200,6,1,0,2,0,0,0,0,0,0,1110,88,0,20930100060100020000000000000000000000005604580000
1,2581,0,103240,6,1,0,2,0,0,0,0,0,0,1110,88,0,48930100060100020000000000000000000000005604580000
1,2582,0,103280,6,1,0,2,0,0,0,0,0,0,1110,88,0,70930100060100020000000000000000000000005604580000
1,2583,0,103320,6,1,0,2,0,0,0,0,0,0,1110,88,0,98930100060100020000000000000000000000005604580000
1,2584,0,103360,6,1,0,2,0,0,0,0,0,0,1110,88,0,c0930100060100020000000000000000000000005604580000
1,2585,0,103400,6,1,0,2,0,0,0,0,0,0,1110,88,0,e8930100060100020000000000000000000000005604580000
1,2586,0,103440,6,1,0,2,0,0,0,0,0,0,1110,88,0,10940100060100020000000000000000000000005604580000
1,2587,0,103480,6,1,0,2,0,0,0,0,0,0,1110,88,0,38940100060100020000000000000000000000005604580000
1,2588,0,103520,6,1,0,2,0,0,0,0,0,0,1110,88,0,60940100060100020000000000000000000000005604580000
1,2589,0,103560,6,1,0,2,0,0,0,0,0,0,1110,88,0,88940100060100020000000000000000000000005604580000
1,2590,0,103600,6,1,0,2,0,0,0,0,0,0,1110,88,0,b0940100060100020000000000000000000000005604580000
1,2591,0,103640,6,1,0,2,0,0,0,0,0,0,1110,88,0,d8940100060100020000000000000000000000005604580000
1,2592,0,103680,6,1,0,2,0,0,0,0,0,0,1110,88,0,00950100060100020000000000000000000000005604580000
1,2593,0,103720,6,1,0,2,0,0,0,0,0,0,1110,88,0,28950100060100020000000000000000000000005604580000
1,2594,0,103760,6,1,0,2,0,0,0,0,0,0,1110,88,0,50950100060100020000000000000000000000005604580000
1,2595,0,103800,6,1,0,2,0,0,0,0,0,0,1110,88,0,78950100060100020000000000000000000000005604580000
1,2596,0,103840,6,1,0,2,0,0,0,0,0,0,1110,88,0,a0950100060100020000000000000000000000005604580000
1,2597,0,103880,6,1,0,2,0,0,0,0,0,0,1110,88,0,c8950100060100020000000000000000000000005604580000
1,2598,0,103920,6,1,0,2,0,0,0,0,0,0,1110,88,0,f0950100060100020000000000000000000000005604580000
1,2599,0,103960,6,1,0,2,0,0,0,0,0,0,1110,88,0,18960100060100020000000000000000000000005604580000
1,2600,0,104000,6,1,0,2,0,0,0,0,0,0,1110,88,0,40960100060100020000000000000000000000005604580000
1,2601,0,104040,6,1,0,2,0,0,0,0,0,0,1110,88,0,68960100060100020000000000000000000000005604580000
1,2602,0,104080,6,1,0,2,0,0,0,0,0,0,1110,88,0,90960100060100020000000000000000000000005604580000
1,2603,0,104120,6,1,0,2,0,0,0,0,0,0,1110,88,0,b8960100060100020000000000000000000000005604580000
1,2604,0,104160,6,1,0,2,0,0,0,0,0,0,1110,88,0,e0960100060100020000000000000000000000005604580000
1,2605,0,104200,6,1,0,2,0,0,0,0,0,0,1110,88,0,08970100060100020000000000000000000000005604580000
1,2606,0,104240,6,1,0,2,0,0,0,0,0,0,1110,88,0,30970100060100020000000000000000000000005604580000
1,2607,0,104280,6,1,0,2,0,0,0,0,0,0,1110,88,0,58970100060100020000000000000000000000005604580000
1,2608,0,104320,6,1,0,2,0,0,0,0,0,0,1110,88,0,80970100060100020000000000000000000000005604580000
1,2609,0,104360,6,1,0,2,0,0,0,0,0,0,1110,88,0,a8970100060100020000000000000000000000005604580000
1,2610,0,104400,6,1,0,2,0,0,0,0,0,0,1110,88,0,d0970100060100020000000000000000000000005604580000
1,2611,0,104440,6,1,0,2,0,0,0,0,0,0,1110,88,0,f8970100060100020000000000000000000000005604580000
1,2612,0,104480,6,1,0,2,0,0,0,0,0,0,1110,88,0,20980100060100020000000000000000000000005604580000
1,2613,0,104520,6,1,0,2,0,0,0,0,0,0,1110,88,0,48980100060100020000000000000000000000005604580000
1,2614,0,104560,6,1,0,2,0,0,0,0,0,0,1110,88,0,70980100060100020000000000000000000000005604580000
1,2615,0,104600,6,1,0,2,0,0,0,0,0,0,1110,88,0,98980100060100020000000000000000000000005604580000
1,2616,0,104640,6,1,0,2,0,0,0,0,0,0,1110,88,0,c0980100060100020000000000000000000000005604580000
1,2617,0,104680,6,1,0,2,0,0,0,0,0,0,1110,88,0,e8980100060100020000000000000000000000005604580000
1,2618,0,104720,6,1,0,2,0,0,0,0,0,0,1110,88,0,10990100060100020000000000000000000000005604580000
1,2619,0,104760,6,1,0,2,0,0,0,0,0,0,1110,88,0,38990100060100020000000000000000000000005604580000
1,2620,0,104800,6,1,0,2,0,0,0,0,0,0,1110,88,0,60990100060100020000000000000000000000005604580000
1,2621,0,104840,6,1,0,2,0,0,0,0,0,0,1110,88,0,88990100060100020000000000000000000000005604580000
1,2622,0,104880,6,1,0,2,0,0,0,0,0,0,1110,88,0,b0990100060100020000000000000000000000005604580000
1,2623,0,104920,6,1,0,2,0,0,0,0,0,0,1110,88,0,d8990100060100020000000000000000000000005604580000
1,2624,0,104960,6,1,0,2,0,0,0,0,0,0,1110,88,0,009a0100060100020000000000000000000000005604580000
1,2625,0,105000,6,1,0,2,0,0,0,0,0,0,1110,88,0,289a0100060100020000000000000000000000005604580000
1,2626,0,105040,6,1,0,2,0,0,0,0,0,0,1110,88,0,509a0100060100020000000000000000000000005604580000
1,2627,0,105080,6,1,0,2,0,0,0,0,0,0,1110,88,0,789a0100060100020000000000000000000000005604580000
1,2628,0,105120,6,1,0,2,0,0,0,0,0,0,1110,88,0,a09a0100060100020000000000000000000000005604580000
1,2629,0,105160,6,1,0,2,0,0,0,0,0,0,1110,88,0,c89a0100060100020000000000000000000000005604580000
1,2630,0,105200,6,1,0,2,0,0,0,0,0,0,1110,88,0,f09a0100060100020000000000000000000000005604580000
1,2631,0,105240,6,1,0,2,0,0,0,0,0,0,1110,88,0,189b0100060100020000000000000000000000005604580000
1,2632,0,105280,6,1,0,2,0,0,0,0,0,0,1110,88,0,409b0100060100020000000000000000000000005604580000
1,2633,0,105320,6,1,0,2,0,0,0,0,0,0,1110,88,0,689b0100060100020000000000000000000000005604580000
1,2634,0,105360,6,1,0,2,0,0,0,0,0,0,1110,88,0,909b0100060100020000000000000000000000005604580000
1,2635,0,105400,6,1,0,2,0,0,0,0,0,0,1110,88,0,b89b0100060100020000000000000000000000005604580000
1,2636,0,105440,6,1,0,2,0,0,0,0,0,0,1110,88,0,e09b0100060100020000000000000000000000005604580000
1,2637,0,105480,6,1,0,2,0,0,0,0,0,0,1110,88,0,089c0100060100020000000000000000000000005604580000
1,2638,0,105520,6,1,0,2,0,0,0,0,0,0,1110,88,0,309c0100060100020000000000000000000000005604580000
1,2639,0,105560,6,1,0,2,0,0,0,0,0,0,1110,88,0,589c0100060100020000000000000000000000005604580000
1,2640,0,105600,6,1,0,2,0,0,0,0,0,0,1110,88,0,809c0100060100020000000000000000000000005604580000
1,2641,0,105640,6,1,0,2,0,0,0,0,0,0,1110,88,0,a89c0100060100020000000000000000000000005604580000
1,2642,0,105680,6,1,0,2,0,0,0,0,0,0,1110,88,0,d09c0100060100020000000000000000000000005604580000
1,2643,0,105720,6,1,0,2,0,0,0,0,0,0,1110,88,0,f89c0100060100020000000000000000000000005604580000
1,2644,0,105760,6,1,0,2,0,0,0,0,0,0,1110,88,0,209d0100060100020000000000000000000000005604580000
1,2645,0,105800,6,1,0,2,0,0,0,0,0,0,1110,88,0,489d0100060100020000000000000000000000005604580000
1,2646,0,105840,6,1,0,2,0,0,0,0,0,0,1110,88,0,709d0100060100020000000000000000000000005604580000
1,2647,0,105880,6,1,0,2,0,0,0,0,0,0,1110,88,0,989d0100060100020000000000000000000000005604580000
1,2648,0,105920,6,1,0,2,0,0,0,0,0,0,1110,88,0,c09d0100060100020000000000000000000000005604580000
1,2649,0,105960,6,1,0,2,0,0,0,0,0,0,1110,88,0,e89d0100060100020000000000000000000000005604580000
1,2650,0,106000,6,1,0,2,0,0,0,0,0,0,1110,88,0,109e0100060100020000000000000000000000005604580000
1,2651,0,106040,6,1,0,2,0,0,0,0,0,0,1110,88,0,389e0100060100020000000000000000000000005604580000
1,2652,0,106080,6,1,0,2,0,0,0,0,0,0,1110,88,0,609e0100060100020000000000000000000000005604580000
1,2653,0,106120,6,1,0,2,0,0,0,0,0,0,1110,88,0,889e0100060100020000000000000000000000005604580000
1,2654,0,106160,6,1,0,2,0,0,0,0,0,0,1110,88,0,b09e0100060100020000000000000000000000005604580000
1,2655,0,106200,6,1,0,2,0,0,0,0,0,0,1110,88,0,d89e0100060100020000000000000000000000005604580000
1,2656,0,106240,6,1,0,2,0,0,0,0,0,0,1110,88,0,009f0100060100020000000000000000000000005604580000
1,2657,0,106280,6,1,0,2,0,0,0,0,0,0,1110,88,0,289f0100060100020000000000000000000000005604580000
1,2658,0,106320,6,1,0,2,0,0,0,0,0,0,1110,88,0,509f0100060100020000000000000000000000005604580000
1,2659,0,106360,6,1,0,2,0,0,0,0,0,0,1110,88,0,789f0100060100020000000000000000000000005604580000
1,2660,0,106400,6,1,0,2,0,0,0,0,0,0,1110,88,0,a09f0100060100020000000000000000000000005604580000
1,2661,0,106440,6,1,0,2,0,0,0,0,0,0,1110,88,0,c89f0100060100020000000000000000000000005604580000
1,2662,0,106480,6,1,0,2,0,0,0,0,0,0,1110,88,0,f09f0100060100020000000000000000000000005604580000
1,2663,0,106520,6,1,0,2,0,0,0,0,0,0,1110,88,0,18a00100060100020000000000000000000000005604580000
1,2664,0,106560,6,1,0,2,0,0,0,0,0,0,1110,88,0,40a00100060100020000000000000000000000005604580000
1,2665,0,106600,6,1,0,2,0,0,0,0,0,0,1110,88,0,68a00100060100020000000000000000000000005604580000
1,2666,0,106640,6,1,0,2,0,0,0,0,0,0,1110,88,0,90a00100060100020000000000000000000000005604580000
1,2667,0,106680,6,1,0,2,0,0,0,0,0,0,1110,88,0,b8a00100060100020000000000000000000000005604580000
1,2668,0,106720,6,1,0,2,0,0,0,0,0,0,1110,88,0,e0a00100060100020000000000000000000000005604580000
1,2669,0,106760,6,1,0,2,0,0,0,0,0,0,1110,88,0,08a10100060100020000000000000000000000005604580000
1,2670,0,106800,6,1,0,2,0,0,0,0,0,0,1110,88,0,30a10100060100020000000000000000000000005604580000
1,2671,0,106840,6,1,0,2,0,0,0,0,0,0,1110,88,0,58a10100060100020000000000000000000000005604580000
1,2672,0,106880,6,1,0,2,0,0,0,0,0,0,1110,88,0,80a10100060100020000000000000000000000005604580000
1,2673,0,106920,6,1,0,2,0,0,0,0,0,0,1110,88,0,a8a10100060100020000000000000000000000005604580000
1,2674,0,106960,6,1,0,2,0,0,0,0,0,0,1110,88,0,d0a10100060100020000000000000000000000005604580000
1,2675,0,107000,6,1,0,2,0,0,0,0,0,0,1110,88,0,f8a10100060100020000000000000000000000005604580000
1,2676,0,107040,6,1,0,2,0,0,0,0,0,0,1110,88,0,20a20100060100020000000000000000000000005604580000
1,2677,0,107080,6,1,0,2,0,0,0,0,0,0,1110,88,0,48a20100060100020000000000000000000000005604580000
1,2678,0,107120,6,1,0,2,0,0,0,0,0,0,1110,88,0,70a20100060100020000000000000000000000005604580000
1,2679,0,107160,6,1,0,2,0,0,0,0,0,0,1110,88,0,98a20100060100020000000000000000000000005604580000
1,2680,0,107200,6,1,0,2,0,0,0,0,0,0,1110,88,0,c0a20100060100020000000000000000000000005604580000
1,2681,0,107240,6,1,0,2,0,0,0,0,0,0,1110,88,0,e8a20100060100020000000000000000000000005604580000
1,2682,0,107280,6,1,0,2,0,0,0,0,0,0,1110,88,0,10a30100060100020000000000000000000000005604580000
1,2683,0,107320,6,1,0,2,0,0,0,0,0,0,1110,88,0,38a30100060100020000000000000000000000005604580000
1,2684,0,107360,6,1,0,2,0,0,0,0,0,0,1110,88,0,60a30100060100020000000000000000000000005604580000
1,2685,0,107400,6,1,0,2,0,0,0,0,0,0,1110,88,0,88a30100060100020000000000000000000000005604580000
1,2686,0,107440,6,1,0,2,0,0,0,0,0,0,1110,88,0,b0a30100060100020000000000000000000000005604580000
1,2687,0,107480,6,1,0,2,0,0,0,0,0,0,1110,88,0,d8a30100060100020000000000000000000000005604580000
1,2688,0,107520,6,1,0,2,0,0,0,0,0,0,1110,88,0,00a40100060100020000000000000000000000005604580000
1,2689,0,107560,6,1,0,2,0,0,0,0,0,0,1110,88,0,28a40100060100020000000000000000000000005604580000
1,2690,0,107600,6,1,0,2,0,0,0,0,0,0,1110,88,0,50a40100060100020000000000000000000000005604580000
1,2691,0,107640,6,1,0,2,0,0,0,0,0,0,1110,88,0,78a40100060100020000000000000000000000005604580000
1,2692,0,107680,6,1,0,2,0,0,0,0,0,0,1110,88,0,a0a40100060100020000000000000000000000005604580000
1,2693,0,107720,6,1,0,2,0,0,0,0,0,0,1110,88,0,c8a40100060100020000000000000000000000005604580000
1,2694,0,107760,6,1,0,2,0,0,0,0,0,0,1110,88,0,f0a40100060100020000000000000000000000005604580000
1,2695,0,107800,6,1,0,2,0,0,0,0,0,0,1110,88,0,18a50100060100020000000000000000000000005604580000
1,2696,0,107840,6,1,0,2,0,0,0,0,0,0,1110,88,0,40a50100060100020000000000000000000000005604580000
1,2697,0,107880,6,1,0,2,0,0,0,0,0,0,1110,88,0,68a50100060100020000000000000000000000005604580000
1,2698,0,107920,6,1,0,2,0,0,0,0,0,0,1110,88,0,90a50100060100020000000000000000000000005604580000
1,2699,0,107960,6,1,0,2,0,0,0,0,0,0,1110,88,0,b8a50100060100020000000000000000000000005604580000
1,2700,0,108000,6,1,0,2,0,0,0,0,0,0,1110,88,0,e0a50100060100020000000000000000000000005604580000
1,2701,0,108040,6,1,0,2,0,0,0,0,0,0,1110,88,0,08a60100060100020000000000000000000000005604580000
1,2702,0,108080,6,1,0,2,0,0,0,0,0,0,1110,88,0,30a60100060100020000000000000000000000005604580000
1,2703,0,108120,6,1,0,2,0,0,0,0,0,0,1110,88,0,58a60100060100020000000000000000000000005604580000
1,2704,0,108160,6,1,0,2,0,0,0,0,0,0,1110,88,0,80a60100060100020000000000000000000000005604580000
1,2705,0,108200,6,1,0,2,0,0,0,0,0,0,1110,88,0,a8a60100060100020000000000000000000000005604580000
1,2706,0,108240,6,1,0,2,0,0,0,0,0,0,1110,88,0,d0a60100060100020000000000000000000000005604580000
1,2707,0,108280,6,1,0,2,0,0,0,0,0,0,1110,88,0,f8a60100060100020000000000000000000000005604580000
1,2708,0,108320,6,1,0,2,0,0,0,0,0,0,1110,88,0,20a70100060100020000000000000000000000005604580000
1,2709,0,108360,6,1,0,2,0,0,0,0,0,0,1110,88,0,48a70100060100020000000000000000000000005604580000
1,2710,0,108400,6,1,0,2,0,0,0,0,0,0,1110,88,0,70a70100060100020000000000000000000000005604580000
1,2711,0,108440,6,1,0,2,0,0,0,0,0,0,1110,88,0,98a70100060100020000000000000000000000005604580000
1,2712,0,108480,6,1,0,2,0,0,0,0,0,0,1110,88,0,c0a70100060100020000000000000000000000005604580000
1,2713,0,108520,6,1,0,2,0,0,0,0,0,0,1110,88,0,e8a70100060100020000000000000000000000005604580000
1,2714,0,108560,6,1,0,2,0,0,0,0,0,0,1110,88,0,10a80100060100020000000000000000000000005604580000
1,2715,0,108600,6,1,0,2,0,0,0,0,0,0,1110,88,0,38a80100060100020000000000000000000000005604580000
1,2716,0,108640,6,1,0,2,0,0,0,0,0,0,1110,88,0,60a80100060100020000000000000000000000005604580000
1,2717,0,108680,6,1,0,2,0,0,0,0,0,0,1110,88,0,88a80100060100020000000000000000000000005604580000
1,2718,0,108720,6,1,0,2,0,0,0,0,0,0,1110,88,0,b0a80100060100020000000000000000000000005604580000
1,2719,0,108760,6,1,0,2,0,0,0,0,0,0,1110,88,0,d8a80100060100020000000000000000000000005604580000
1,2720,0,108800,6,1,0,2,0,0,0,0,0,0,1110,88,0,00a90100060100020000000000000000000000005604580000
1,2721,0,108840,6,1,0,2,0,0,0,0,0,0,1110,88,0,28a90100060100020000000000000000000000005604580000
1,2722,0,108880,6,1,0,2,0,0,0,0,0,0,1110,88,0,50a90100060100020000000000000000000000005604580000
1,2723,0,108920,6,1,0,2,0,0,0,0,0,0,1110,88,0,78a90100060100020000000000000000000000005604580000
1,2724,0,108960,6,1,0,2,0,0,0,0,0,0,1110,88,0,a0a90100060100020000000000000000000000005604580000
1,2725,0,109000,6,1,0,2,0,0,0,0,0,0,1110,88,0,c8a90100060100020000000000000000000000005604580000
1,2726,0,109040,6,1,0,2,0,0,0,0,0,0,1110,88,0,f0a90100060100020000000000000000000000005604580000
1,2727,0,109080,6,1,0,2,0,0,0,0,0,0,1110,88,0,18aa0100060100020000000000000000000000005604580000
1,2728,0,109120,6,1,0,2,0,0,0,0,0,0,1110,88,0,40aa0100060100020000000000000000000000005604580000
1,2729,0,109160,6,1,0,2,0,0,0,0,0,0,1110,88,0,68aa0100060100020000000000000000000000005604580000
1,2730,0,109200,6,1,0,2,0,0,0,0,0,0,1110,88,0,90aa0100060100020000000000000000000000005604580000
1,2731,0,109240,6,1,0,2,0,0,0,0,0,0,1110,88,0,b8aa0100060100020000000000000000000000005604580000
1,2732,0,109280,6,1,0,2,0,0,0,0,0,0,1110,88,0,e0aa0100060100020000000000000000000000005604580000
1,2733,0,109320,6,1,0,2,0,0,0,0,0,0,1110,88,0,08ab0100060100020000000000000000000000005604580000
1,2734,0,109360,6,1,0,2,0,0,0,0,0,0,1110,88,0,30ab0100060100020000000000000000000000005604580000
1,2735,0,109400,6,1,0,2,0,0,0,0,0,0,1110,88,0,58ab0100060100020000000000000000000000005604580000
1,2736,0,109440,6,1,0,2,0,0,0,0,0,0,1110,88,0,80ab0100060100020000000000000000000000005604580000
1,2737,0,109480,6,1,0,2,0,0,0,0,0,0,1110,88,0,a8ab0100060100020000000000000000000000005604580000
1,2738,0,109520,6,1,0,2,0,0,0,0,0,0,1110,88,0,d0ab0100060100020000000000000000000000005604580000
1,2739,0,109560,6,1,0,2,0,0,0,0,0,0,1110,88,0,f8ab0100060100020000000000000000000000005604580000
1,2740,0,109600,6,1,0,2,0,0,0,0,0,0,1110,88,0,20ac0100060100020000000000000000000000005604580000
1,2741,0,109640,6,1,0,2,0,0,0,0,0,0,1110,88,0,48ac0100060100020000000000000000000000005604580000
1,2742,0,109680,6,1,0,2,0,0,0,0,0,0,1110,88,0,70ac0100060100020000000000000000000000005604580000
1,2743,0,109720,6,1,0,2,0,0,0,0,0,0,1110,88,0,98ac0100060100020000000000000000000000005604580000
1,2744,0,109760,6,1,0,2,0,0,0,0,0,0,1110,88,0,c0ac0100060100020000000000000000000000005604580000
1,2745,0,109800,6,1,0,2,0,0,0,0,0,0,1110,88,0,e8ac0100060100020000000000000000000000005604580000
1,2746,0,109840,6,1,0,2,0,0,0,0,0,0,1110,88,0,10ad0100060100020000000000000000000000005604580000
1,2747,0,109880,6,1,0,2,0,0,0,0,0,0,1110,88,0,38ad0100060100020000000000000000000000005604580000
1,2748,0,109920,6,1,0,2,0,0,0,0,0,0,1110,88,0,60ad0100060100020000000000000000000000005604580000
1,2749,0,109960,6,1,0,2,0,0,0,0,0,0,1110,88,0,88ad0100060100020000000000000000000000005604580000
1,2750,0,110000,6,1,0,2,0,0,0,0,0,0,1110,88,0,b0ad0100060100020000000000000000000000005604580000
1,2751,0,110040,6,1,0,2,0,0,0,0,0,0,1110,88,0,d8ad0100060100020000000000000000000000005604580000
1,2752,0,110080,6,1,0,2,0,0,0,0,0,0,1110,88,0,00ae0100060100020000000000000000000000005604580000
1,2753,0,110120,6,1,0,2,0,0,0,0,0,0,1110,88,0,28ae0100060100020000000000000000000000005604580000
1,2754,0,110160,6,1,0,2,0,0,0,0,0,0,1110,88,0,50ae0100060100020000000000000000000000005604580000
1,2755,0,110200,6,1,0,2,0,0,0,0,0,0,1110,88,0,78ae0100060100020000000000000000000000005604580000
1,2756,0,110240,6,1,0,2,0,0,0,0,0,0,1110,88,0,a0ae0100060100020000000000000000000000005604580000
1,2757,0,110280,6,1,0,2,0,0,0,0,0,0,1110,88,0,c8ae0100060100020000000000000000000000005604580000
1,2758,0,110320,6,1,0,2,0,0,0,0,0,0,1110,88,0,f0ae0100060100020000000000000000000000005604580000
1,2759,0,110360,6,1,0,2,0,0,0,0,0,0,1110,88,0,18af0100060100020000000000000000000000005604580000
1,2760,0,110400,6,1,0,2,0,0,0,0,0,0,1110,88,0,40af0100060100020000000000000000000000005604580000
1,2761,0,110440,6,1,0,2,0,0,0,0,0,0,1110,88,0,68af0100060100020000000000000000000000005604580000
1,2762,0,110480,6,1,0,2,0,0,0,0,0,0,1110,88,0,90af0100060100020000000000000000000000005604580000
1,2763,0,110520,6,1,0,2,0,0,0,0,0,0,1110,88,0,b8af0100060100020000000000000000000000005604580000
1,2764,0,110560,6,1,0,2,0,0,0,0,0,0,1110,88,0,e0af0100060100020000000000000000000000005604580000
1,2765,0,110600,6,1,0,2,0,0,0,0,0,0,1110,88,0,08b00100060100020000000000000000000000005604580000
1,2766,0,110640,6,1,0,2,0,0,0,0,0,0,1110,88,0,30b00100060100020000000000000000000000005604580000
1,2767,0,110680,6,1,0,2,0,0,0,0,0,0,1110,88,0,58b00100060100020000000000000000000000005604580000
1,2768,0,110720,6,1,0,2,0,0,0,0,0,0,1110,88,0,80b00100060100020000000000000000000000005604580000
1,2769,0,110760,6,1,0,2,0,0,0,0,0,0,1110,88,0,a8b00100060100020000000000000000000000005604580000
1,2770,0,110800,6,1,0,2,0,0,0,0,0,0,1110,88,0,d0b00100060100020000000000000000000000005604580000
1,2771,0,110840,6,1,0,2,0,0,0,0,0,0,1110,88,0,f8b00100060100020000000000000000000000005604580000
1,2772,0,110880,6,1,0,2,0,0,0,0,0,0,1110,88,0,20b10100060100020000000000000000000000005604580000
1,2773,0,110920,6,1,0,2,0,0,0,0,0,0,1110,88,0,48b10100060100020000000000000000000000005604580000
1,2774,0,110960,6,1,0,2,0,0,0,0,0,0,1110,88,0,70b10100060100020000000000000000000000005604580000
1,2775,0,111000,6,1,0,2,0,0,0,0,0,0,1110,88,0,98b10100060100020000000000000000000000005604580000
1,2776,0,111040,6,1,0,2,0,0,0,0,0,0,1110,88,0,c0b10100060100020000000000000000000000005604580000
1,2777,0,111080,6,1,0,2,0,0,0,0,0,0,1110,88,0,e8b10100060100020000000000000000000000005604580000
1,2778,0,111120,6,1,0,2,0,0,0,0,0,0,1110,88,0,10b20100060100020000000000000000000000005604580000
1,2779,0,111160,6,1,0,2,0,0,0,0,0,0,1110,88,0,38b20100060100020000000000000000000000005604580000
1,2780,0,111200,6,1,0,2,0,0,0,0,0,0,1110,88,0,60b20100060100020000000000000000000000005604580000
1,2781,0,111240,6,1,0,2,0,0,0,0,0,0,1110,88,0,88b20100060100020000000000000000000000005604580000
1,2782,0,111280,6,1,0,2,0,0,0,0,0,0,1110,88,0,b0b20100060100020000000000000000000000005604580000
1,2783,0,111320,6,1,0,2,0,0,0,0,0,0,1110,88,0,d8b20100060100020000000000000000000000005604580000
1,2784,0,111360,6,1,0,2,0,0,0,0,0,0,1110,88,0,00b30100060100020000000000000000000000005604580000
1,2785,0,111400,6,1,0,2,0,0,0,0,0,0,1110,88,0,28b30100060100020000000000000000000000005604580000
1,2786,0,111440,6,1,0,2,0,0,0,0,0,0,1110,88,0,50b30100060100020000000000000000000000005604580000
1,2787,0,111480,6,1,0,2,0,0,0,0,0,0,1110,88,0,78b30100060100020000000000000000000000005604580000
1,2788,0,111520,6,1,0,2,0,0,0,0,0,0,1110,88,0,a0b30100060100020000000000000000000000005604580000
1,2789,0,111560,6,1,0,2,0,0,0,0,0,0,1110,88,0,c8b30100060100020000000000000000000000005604580000
1,2790,0,111600,6,1,0,2,0,0,0,0,0,0,1110,88,0,f0b30100060100020000000000000000000000005604580000
1,2791,0,111640,6,1,0,2,0,0,0,0,0,0,1110,88,0,18b40100060100020000000000000000000000005604580000
1,2792,0,111680,6,1,0,2,0,0,0,0,0,0,1110,88,0,40b40100060100020000000000000000000000005604580000
1,2793,0,111720,6,1,0,2,0,0,0,0,0,0,1110,88,0,68b40100060100020000000000000000000000005604580000
1,2794,0,111760,6,1,0,2,0,0,0,0,0,0,1110,88,0,90b40100060100020000000000000000000000005604580000
1,2795,0,111800,6,1,0,2,0,0,0,0,0,0,1110,88,0,b8b40100060100020000000000000000000000005604580000
1,2796,0,111840,6,1,0,2,0,0,0,0,0,0,1110,88,0,e0b40100060100020000000000000000000000005604580000
1,2797,0,111880,6,1,0,2,0,0,0,0,0,0,1110,88,0,08b50100060100020000000000000000000000005604580000
1,2798,0,111920,6,1,0,2,0,0,0,0,0,0,1110,88,0,30b50100060100020000000000000000000000005604580000
1,2799,0,111960,6,1,0,2,0,0,0,0,0,0,1110,88,0,58b50100060100020000000000000000000000005604580000
1,2800,0,112000,6,1,0,2,0,0,0,0,0,0,1110,88,0,80b50100060100020000000000000000000000005604580000
1,2801,0,112040,6,1,0,2,0,0,0,0,0,0,1110,88,0,a8b50100060100020000000000000000000000005604580000
1,2802,0,112080,6,1,0,2,0,0,0,0,0,0,1110,88,0,d0b50100060100020000000000000000000000005604580000
1,2803,0,112120,6,1,0,2,0,0,0,0,0,0,1110,88,0,f8b50100060100020000000000000000000000005604580000
1,2804,0,112160,6,1,0,2,0,0,0,0,0,0,1110,88,0,20b60100060100020000000000000000000000005604580000
1,2805,0,112200,6,1,0,2,0,0,0,0,0,0,1110,88,0,48b60100060100020000000000000000000000005604580000
1,2806,0,112240,6,1,0,2,0,0,0,0,0,0,1110,88,0,70b60100060100020000000000000000000000005604580000
1,2807,0,112280,6,1,0,2,0,0,0,0,0,0,1110,88,0,98b60100060100020000000000000000000000005604580000
1,2808,0,112320,6,1,0,2,0,0,0,0,0,0,1110,88,0,c0b60100060100020000000000000000000000005604580000
1,2809,0,112360,6,1,0,2,0,0,0,0,0,0,1110,88,0,e8b60100060100020000000000000000000000005604580000
1,2810,0,112400,6,1,0,2,0,0,0,0,0,0,1110,88,0,10b70100060100020000000000000000000000005604580000
1,2811,0,112440,6,1,0,2,0,0,0,0,0,0,1110,88,0,38b70100060100020000000000000000000000005604580000
1,2812,0,112480,6,1,0,2,0,0,0,0,0,0,1110,88,0,60b70100060100020000000000000000000000005604580000
1,2813,0,112520,6,1,0,2,0,0,0,0,0,0,1110,88,0,88b70100060100020000000000000000000000005604580000
1,2814,0,112560,6,1,0,2,0,0,0,0,0,0,1110,88,0,b0b70100060100020000000000000000000000005604580000
1,2815,0,112600,6,1,0,2,0,0,0,0,0,0,1110,88,0,d8b70100060100020000000000000000000000005604580000
1,2816,0,112640,6,1,0,2,0,0,0,0,0,0,1110,88,0,00b80100060100020000000000000000000000005604580000
1,2817,0,112680,6,1,0,2,0,0,0,0,0,0,1110,88,0,28b80100060100020000000000000000000000005604580000
1,2818,0,112720,6,1,0,2,0,0,0,0,0,0,1110,88,0,50b80100060100020000000000000000000000005604580000
1,2819,0,112760,6,1,0,2,0,0,0,0,0,0,1110,88,0,78b80100060100020000000000000000000000005604580000
1,2820,0,112800,6,1,0,2,0,0,0,0,0,0,1110,88,0,a0b80100060100020000000000000000000000005604580000
1,2821,0,112840,6,1,0,2,0,0,0,0,0,0,1110,88,0,c8b80100060100020000000000000000000000005604580000
1,2822,0,112880,6,1,0,2,0,0,0,0,0,0,1110,88,0,f0b80100060100020000000000000000000000005604580000
1,2823,0,112920,6,1,0,2,0,0,0,0,0,0,1110,88,0,18b90100060100020000000000000000000000005604580000
1,2824,0,112960,6,1,0,2,0,0,0,0,0,0,1110,88,0,40b90100060100020000000000000000000000005604580000
1,2825,0,113000,6,1,0,2,0,0,0,0,0,0,1110,88,0,68b90100060100020000000000000000000000005604580000
1,2826,0,113040,6,1,0,2,0,0,0,0,0,0,1110,88,0,90b90100060100020000000000000000000000005604580000
1,2827,0,113080,6,1,0,2,0,0,0,0,0,0,1110,88,0,b8b90100060100020000000000000000000000005604580000
1,2828,0,113120,6,1,0,2,0,0,0,0,0,0,1110,88,0,e0b90100060100020000000000000000000000005604580000
1,2829,0,113160,6,1,0,2,0,0,0,0,0,0,1110,88,0,08ba0100060100020000000000000000000000005604580000
1,2830,0,113200,6,1,0,2,0,0,0,0,0,0,1110,88,0,30ba0100060100020000000000000000000000005604580000
1,2831,0,113240,6,1,0,2,0,0,0,0,0,0,1110,88,0,58ba0100060100020000000000000000000000005604580000
1,2832,0,113280,6,1,0,2,0,0,0,0,0,0,1110,88,0,80ba0100060100020000000000000000000000005604580000
1,2833,0,113320,6,1,0,2,0,0,0,0,0,0,1110,88,0,a8ba0100060100020000000000000000000000005604580000
1,2834,0,113360,6,1,0,2,0,0,0,0,0,0,1110,88,0,d0ba0100060100020000000000000000000000005604580000
1,2835,0,113400,6,1,0,2,0,0,0,0,0,0,1110,88,0,f8ba0100060100020000000000000000000000005604580000
1,2836,0,113440,6,1,0,2,0,0,0,0,0,0,1110,88,0,20bb0100060100020000000000000000000000005604580000
1,2837,0,113480,6,1,0,2,0,0,0,0,0,0,1110,88,0,48bb0100060100020000000000000000000000005604580000
1,2838,0,113520,6,1,0,2,0,0,0,0,0,0,1110,88,0,70bb0100060100020000000000000000000000005604580000
1,2839,0,113560,6,1,0,2,0,0,0,0,0,0,1110,88,0,98bb0100060100020000000000000000000000005604580000
1,2840,0,113600,6,1,0,2,0,0,0,0,0,0,1110,88,0,c0bb0100060100020000000000000000000000005604580000
1,2841,0,113640,6,1,0,2,0,0,0,0,0,0,1110,88,0,e8bb0100060100020000000000000000000000005604580000
1,2842,0,113680,6,1,0,2,0,0,0,0,0,0,1110,88,0,10bc0100060100020000000000000000000000005604580000
1,2843,0,113720,6,1,0,2,0,0,0,0,0,0,1110,88,0,38bc0100060100020000000000000000000000005604580000
1,2844,0,113760,6,1,0,2,0,0,0,0,0,0,1110,88,0,60bc0100060100020000000000000000000000005604580000
1,2845,0,113800,6,1,0,2,0,0,0,0,0,0,1110,88,0,88bc0100060100020000000000000000000000005604580000
1,2846,0,113840,6,1,0,2,0,0,0,0,0,0,1110,88,0,b0bc0100060100020000000000000000000000005604580000
1,2847,0,113880,6,1,0,2,0,0,0,0,0,0,1110,88,0,d8bc0100060100020000000000000000000000005604580000
1,2848,0,113920,6,1,0,2,0,0,0,0,0,0,1110,88,0,00bd0100060100020000000000000000000000005604580000
1,2849,0,113960,6,1,0,2,0,0,0,0,0,0,1110,88,0,28bd0100060100020000000000000000000000005604580000
1,2850,0,114000,6,1,0,2,0,0,0,0,0,0,1110,88,0,50bd0100060100020000000000000000000000005604580000
1,2851,0,114040,6,1,0,2,0,0,0,0,0,0,1110,88,0,78bd0100060100020000000000000000000000005604580000
1,2852,0,114080,6,1,0,2,0,0,0,0,0,0,1110,88,0,a0bd0100060100020000000000000000000000005604580000
1,2853,0,114120,6,1,0,2,0,0,0,0,0,0,1110,88,0,c8bd0100060100020000000000000000000000005604580000
1,2854,0,114160,6,1,0,2,0,0,0,0,0,0,1110,88,0,f0bd0100060100020000000000000000000000005604580000
1,2855,0,114200,6,1,0,2,0,0,0,0,0,0,1110,88,0,18be0100060100020000000000000000000000005604580000
1,2856,0,114240,6,1,0,2,0,0,0,0,0,0,1110,88,0,40be0100060100020000000000000000000000005604580000
1,2857,0,114280,6,1,0,2,0,0,0,0,0,0,1110,88,0,68be0100060100020000000000000000000000005604580000
1,2858,0,114320,6,1,0,2,0,0,0,0,0,0,1110,88,0,90be0100060100020000000000000000000000005604580000
1,2859,0,114360,6,1,0,2,0,0,0,0,0,0,1110,88,0,b8be0100060100020000000000000000000000005604580000
1,2860,0,114400,6,1,0,2,0,0,0,0,0,0,1110,88,0,e0be0100060100020000000000000000000000005604580000
1,2861,0,114440,6,1,0,2,0,0,0,0,0,0,1110,88,0,08bf0100060100020000000000000000000000005604580000
1,2862,0,114480,6,1,0,2,0,0,0,0,0,0,1110,88,0,30bf0100060100020000000000000000000000005604580000
1,2863,0,114520,6,1,0,2,0,0,0,0,0,0,1110,88,0,58bf0100060100020000000000000000000000005604580000
1,2864,0,114560,6,1,0,2,0,0,0,0,0,0,1110,88,0,80bf0100060100020000000000000000000000005604580000
1,2865,0,114600,6,1,0,2,0,0,0,0,0,0,1110,88,0,a8bf0100060100020000000000000000000000005604580000
1,2866,0,114640,6,1,0,2,0,0,0,0,0,0,1110,88,0,d0bf0100060100020000000000000000000000005604580000
1,2867,0,114680,6,1,0,2,0,0,0,0,0,0,1110,88,0,f8bf0100060100020000000000000000000000005604580000
1,2868,0,114720,6,1,0,2,0,0,0,0,0,0,1110,88,0,20c00100060100020000000000000000000000005604580000
1,2869,0,114760,6,1,0,2,0,0,0,0,0,0,1110,88,0,48c00100060100020000000000000000000000005604580000
1,2870,0,114800,6,1,0,2,0,0,0,0,0,0,1110,88,0,70c00100060100020000000000000000000000005604580000
1,2871,0,114840,6,1,0,2,0,0,0,0,0,0,1110,88,0,98c00100060100020000000000000000000000005604580000
1,2872,0,114880,6,1,0,2,0,0,0,0,0,0,1110,88,0,c0c00100060100020000000000000000000000005604580000
1,2873,0,114920,6,1,0,2,0,0,0,0,0,0,1110,88,0,e8c00100060100020000000000000000000000005604580000
1,2874,0,114960,6,1,0,2,0,0,0,0,0,0,1110,88,0,10c10100060100020000000000000000000000005604580000
1,2875,0,115000,6,1,0,2,0,0,0,0,0,0,1110,88,0,38c10100060100020000000000000000000000005604580000
1,2876,0,115040,6,1,0,2,0,0,0,0,0,0,1110,88,0,60c10100060100020000000000000000000000005604580000
1,2877,0,115080,6,1,0,2,0,0,0,0,0,0,1110,88,0,88c10100060100020000000000000000000000005604580000
1,2878,0,115120,6,1,0,2,0,0,0,0,0,0,1110,88,0,b0c10100060100020000000000000000000000005604580000
1,2879,0,115160,6,1,0,2,0,0,0,0,0,0,1110,88,0,d8c10100060100020000000000000000000000005604580000
1,2880,0,115200,6,1,0,2,0,0,0,0,0,0,1110,88,0,00c20100060100020000000000000000000000005604580000
1,2881,0,115240,6,1,0,2,0,0,0,0,0,0,1110,88,0,28c20100060100020000000000000000000000005604580000
1,2882,0,115280,6,1,0,2,0,0,0,0,0,0,1110,88,0,50c20100060100020000000000000000000000005604580000
1,2883,0,115320,6,1,0,2,0,0,0,0,0,0,1110,88,0,78c20100060100020000000000000000000000005604580000
1,2884,0,115360,6,1,0,2,0,0,0,0,0,0,1110,88,0,a0c20100060100020000000000000000000000005604580000
1,2885,0,115400,6,1,0,2,0,0,0,0,0,0,1110,88,0,c8c20100060100020000000000000000000000005604580000
1,2886,0,115440,6,1,0,2,0,0,0,0,0,0,1110,88,0,f0c20100060100020000000000000000000000005604580000
1,2887,0,115480,6,1,0,2,0,0,0,0,0,0,1110,88,0,18c30100060100020000000000000000000000005604580000
1,2888,0,115520,6,1,0,2,0,0,0,0,0,0,1110,88,0,40c30100060100020000000000000000000000005604580000
1,2889,0,115560,6,1,0,2,0,0,0,0,0,0,1110,88,0,68c30100060100020000000000000000000000005604580000
1,2890,0,115600,6,1,0,2,0,0,0,0,0,0,1110,88,0,90c30100060100020000000000000000000000005604580000
1,2891,0,115640,6,1,0,2,0,0,0,0,0,0,1110,88,0,b8c30100060100020000000000000000000000005604580000
1,2892,0,115680,6,1,0,2,0,0,0,0,0,0,1110,88,0,e0c30100060100020000000000000000000000005604580000
1,2893,0,115720,6,1,0,2,0,0,0,0,0,0,1110,88,0,08c40100060100020000000000000000000000005604580000
1,2894,0,115760,6,1,0,2,0,0,0,0,0,0,1110,88,0,30c40100060100020000000000000000000000005604580000
1,2895,0,115800,6,1,0,2,0,0,0,0,0,0,1110,88,0,58c40100060100020000000000000000000000005604580000
1,2896,0,115840,6,1,0,2,0,0,0,0,0,0,1110,88,0,80c40100060100020000000000000000000000005604580000
1,2897,0,115880,6,1,0,2,0,0,0,0,0,0,1110,88,0,a8c40100060100020000000000000000000000005604580000
1,2898,0,115920,6,1,0,2,0,0,0,0,0,0,1110,88,0,d0c40100060100020000000000000000000000005604580000
1,2899,0,115960,6,1,0,2,0,0,0,0,0,0,1110,88,0,f8c40100060100020000000000000000000000005604580000
1,2900,0,116000,6,1,0,2,0,0,0,0,0,0,1110,88,0,20c50100060100020000000000000000000000005604580000
1,2901,0,116040,6,1,0,2,0,0,0,0,0,0,1110,88,0,48c50100060100020000000000000000000000005604580000
1,2902,0,116080,6,1,0,2,0,0,0,0,0,0,1110,88,0,70c50100060100020000000000000000000000005604580000
1,2903,0,116120,6,1,0,2,0,0,0,0,0,0,1110,88,0,98c50100060100020000000000000000000000005604580000
1,2904,0,116160,6,1,0,2,0,0,0,0,0,0,1110,88,0,c0c50100060100020000000000000000000000005604580000
1,2905,0,116200,6,1,0,2,0,0,0,0,0,0,1110,88,0,e8c50100060100020000000000000000000000005604580000
1,2906,0,116240,6,1,0,2,0,0,0,0,0,0,1110,88,0,10c60100060100020000000000000000000000005604580000
1,2907,0,116280,6,1,0,2,0,0,0,0,0,0,1110,88,0,38c60100060100020000000000000000000000005604580000
1,2908,0,116320,6,1,0,2,0,0,0,0,0,0,1110,88,0,60c60100060100020000000000000000000000005604580000
1,2909,0,116360,6,1,0,2,0,0,0,0,0,0,1110,88,0,88c60100060100020000000000000000000000005604580000
1,2910,0,116400,6,1,0,2,0,0,0,0,0,0,1110,88,0,b0c60100060100020000000000000000000000005604580000
1,2911,0,116440,6,1,0,2,0,0,0,0,0,0,1110,88,0,d8c60100060100020000000000000000000000005604580000
1,2912,0,116480,6,1,0,2,0,0,0,0,0,0,1110,88,0,00c70100060100020000000000000000000000005604580000
1,2913,0,116520,6,1,0,2,0,0,0,0,0,0,1110,88,0,28c70100060100020000000000000000000000005604580000
1,2914,0,116560,6,1,0,2,0,0,0,0,0,0,1110,88,0,50c70100060100020000000000000000000000005604580000
1,2915,0,116600,6,1,0,2,0,0,0,0,0,0,1110,88,0,78c70100060100020000000000000000000000005604580000
1,2916,0,116640,6,1,0,2,0,0,0,0,0,0,1110,88,0,a0c70100060100020000000000000000000000005604580000
1,2917,0,116680,6,1,0,2,0,0,0,0,0,0,1110,88,0,c8c70100060100020000000000000000000000005604580000
1,2918,0,116720,6,1,0,2,0,0,0,0,0,0,1110,88,0,f0c70100060100020000000000000000000000005604580000
1,2919,0,116760,6,1,0,2,0,0,0,0,0,0,1110,88,0,18c80100060100020000000000000000000000005604580000
1,2920,0,116800,6,1,0,2,0,0,0,0,0,0,1110,88,0,40c80100060100020000000000000000000000005604580000
1,2921,0,116840,6,1,0,2,0,0,0,0,0,0,1110,88,0,68c80100060100020000000000000000000000005604580000
1,2922,0,116880,6,1,0,2,0,0,0,0,0,0,1110,88,0,90c80100060100020000000000000000000000005604580000
1,2923,0,116920,6,1,0,2,0,0,0,0,0,0,1110,88,0,b8c80100060100020000000000000000000000005604580000
1,2924,0,116960,6,1,0,2,0,0,0,0,0,0,1110,88,0,e0c80100060100020000000000000000000000005604580000
1,2925,0,117000,6,1,0,2,0,0,0,0,0,0,1110,88,0,08c90100060100020000000000000000000000005604580000
1,2926,0,117040,6,1,0,2,0,0,0,0,0,0,1110,88,0,30c90100060100020000000000000000000000005604580000
1,2927,0,117080,6,1,0,2,0,0,0,0,0,0,1110,88,0,58c90100060100020000000000000000000000005604580000
1,2928,0,117120,6,1,0,2,0,0,0,0,0,0,1110,88,0,80c90100060100020000000000000000000000005604580000
1,2929,0,117160,6,1,0,2,0,0,0,0,0,0,1110,88,0,a8c90100060100020000000000000000000000005604580000
1,2930,0,117200,6,1,0,2,0,0,0,0,0,0,1110,88,0,d0c90100060100020000000000000000000000005604580000
1,2931,0,117240,6,1,0,2,0,0,0,0,0,0,1110,88,0,f8c90100060100020000000000000000000000005604580000
1,2932,0,117280,6,1,0,2,0,0,0,0,0,0,1110,88,0,20ca0100060100020000000000000000000000005604580000
1,2933,0,117320,6,1,0,2,0,0,0,0,0,0,1110,88,0,48ca0100060100020000000000000000000000005604580000
1,2934,0,117360,6,1,0,2,0,0,0,0,0,0,1110,88,0,70ca0100060100020000000000000000000000005604580000
1,2935,0,117400,6,1,0,2,0,0,0,0,0,0,1110,88,0,98ca0100060100020000000000000000000000005604580000
1,2936,0,117440,6,1,0,2,0,0,0,0,0,0,1110,88,0,c0ca0100060100020000000000000000000000005604580000
1,2937,0,117480,6,1,0,2,0,0,0,0,0,0,1110,88,0,e8ca0100060100020000000000000000000000005604580000
1,2938,0,117520,6,1,0,2,0,0,0,0,0,0,1110,88,0,10cb0100060100020000000000000000000000005604580000
1,2939,0,117560,6,1,0,2,0,0,0,0,0,0,1110,88,0,38cb0100060100020000000000000000000000005604580000
1,2940,0,117600,6,1,0,2,0,0,0,0,0,0,1110,88,0,60cb0100060100020000000000000000000000005604580000
1,2941,0,117640,6,1,0,2,0,0,0,0,0,0,1110,88,0,88cb0100060100020000000000000000000000005604580000
1,2942,0,117680,6,1,0,2,0,0,0,0,0,0,1110,88,0,b0cb0100060100020000000000000000000000005604580000
1,2943,0,117720,6,1,0,2,0,0,0,0,0,0,1110,88,0,d8cb0100060100020000000000000000000000005604580000
1,2944,0,117760,6,1,0,2,0,0,0,0,0,0,1110,88,0,00cc0100060100020000000000000000000000005604580000
1,2945,0,117800,6,1,0,2,0,0,0,0,0,0,1110,88,0,28cc0100060100020000000000000000000000005604580000
1,2946,0,117840,6,1,0,2,0,0,0,0,0,0,1110,88,0,50cc0100060100020000000000000000000000005604580000
1,2947,0,117880,6,1,0,2,0,0,0,0,0,0,1110,88,0,78cc0100060100020000000000000000000000005604580000
1,2948,0,117920,6,1,0,2,0,0,0,0,0,0,1110,88,0,a0cc0100060100020000000000000000000000005604580000
1,2949,0,117960,6,1,0,2,0,0,0,0,0,0,1110,88,0,c8cc0100060100020000000000000000000000005604580000
1,2950,0,118000,6,1,0,2,0,0,0,0,0,0,1110,88,0,f0cc0100060100020000000000000000000000005604580000
1,2951,0,118040,6,1,0,2,0,0,0,0,0,0,1110,88,0,18cd0100060100020000000000000000000000005604580000
1,2952,0,118080,6,1,0,2,0,0,0,0,0,0,1110,88,0,40cd0100060100020000000000000000000000005604580000
1,2953,0,118120,6,1,0,2,0,0,0,0,0,0,1110,88,0,68cd0100060100020000000000000000000000005604580000
1,2954,0,118160,6,1,0,2,0,0,0,0,0,0,1110,88,0,90cd0100060100020000000000000000000000005604580000
1,2955,0,118200,6,1,0,2,0,0,0,0,0,0,1110,88,0,b8cd0100060100020000000000000000000000005604580000
1,2956,0,118240,6,1,0,2,0,0,0,0,0,0,1110,88,0,e0cd0100060100020000000000000000000000005604580000
1,2957,0,118280,6,1,0,2,0,0,0,0,0,0,1110,88,0,08ce0100060100020000000000000000000000005604580000
1,2958,0,118320,6,1,0,2,0,0,0,0,0,0,1110,88,0,30ce0100060100020000000000000000000000005604580000
1,2959,0,118360,6,1,0,2,0,0,0,0,0,0,1110,88,0,58ce0100060100020000000000000000000000005604580000
1,2960,0,118400,6,1,0,2,0,0,0,0,0,0,1110,88,0,80ce0100060100020000000000000000000000005604580000
1,2961,0,118440,6,1,0,2,0,0,0,0,0,0,1110,88,0,a8ce0100060100020000000000000000000000005604580000
1,2962,0,118480,6,1,0,2,0,0,0,0,0,0,1110,88,0,d0ce0100060100020000000000000000000000005604580000
1,2963,0,118520,6,1,0,2,0,0,0,0,0,0,1110,88,0,f8ce0100060100020000000000000000000000005604580000
1,2964,0,118560,6,1,0,2,0,0,0,0,0,0,1110,88,0,20cf0100060100020000000000000000000000005604580000
1,2965,0,118600,6,1,0,2,0,0,0,0,0,0,1110,88,0,48cf0100060100020000000000000000000000005604580000
1,2966,0,118640,6,1,0,2,0,0,0,0,0,0,1110,88,0,70cf0100060100020000000000000000000000005604580000
1,2967,0,118680,6,1,0,2,0,0,0,0,0,0,1110,88,0,98cf0100060100020000000000000000000000005604580000
1,2968,0,118720,6,1,0,2,0,0,0,0,0,0,1110,88,0,c0cf0100060100020000000000000000000000005604580000
1,2969,0,118760,6,1,0,2,0,0,0,0,0,0,1110,88,0,e8cf0100060100020000000000000000000000005604580000
1,2970,0,118800,6,1,0,2,0,0,0,0,0,0,1110,88,0,10d00100060100020000000000000000000000005604580000
1,2971,0,118840,6,1,0,2,0,0,0,0,0,0,1110,88,0,38d00100060100020000000000000000000000005604580000
1,2972,0,118880,6,1,0,2,0,0,0,0,0,0,1110,88,0,60d00100060100020000000000000000000000005604580000
1,2973,0,118920,6,1,0,2,0,0,0,0,0,0,1110,88,0,88d00100060100020000000000000000000000005604580000
1,2974,0,118960,6,1,0,2,0,0,0,0,0,0,1110,88,0,b0d00100060100020000000000000000000000005604580000
1,2975,0,119000,6,1,0,2,0,0,0,0,0,0,1110,88,0,d8d00100060100020000000000000000000000005604580000
1,2976,0,119040,6,1,0,2,0,0,0,0,0,0,1110,88,0,00d10100060100020000000000000000000000005604580000
1,2977,0,119080,6,1,0,2,0,0,0,0,0,0,1110,88,0,28d10100060100020000000000000000000000005604580000
1,2978,0,119120,6,1,0,2,0,0,0,0,0,0,1110,88,0,50d10100060100020000000000000000000000005604580000
1,2979,0,119160,6,1,0,2,0,0,0,0,0,0,1110,88,0,78d10100060100020000000000000000000000005604580000
1,2980,0,119200,6,1,0,2,0,0,0,0,0,0,1110,88,0,a0d10100060100020000000000000000000000005604580000
1,2981,0,119240,6,1,0,2,0,0,0,0,0,0,1110,88,0,c8d10100060100020000000000000000000000005604580000
1,2982,0,119280,6,1,0,2,0,0,0,0,0,0,1110,88,0,f0d10100060100020000000000000000000000005604580000
1,2983,0,119320,6,1,0,2,0,0,0,0,0,0,1110,88,0,18d20100060100020000000000000000000000005604580000
1,2984,0,119360,6,1,0,2,0,0,0,0,0,0,1110,88,0,40d20100060100020000000000000000000000005604580000
1,2985,0,119400,6,1,0,2,0,0,0,0,0,0,1110,88,0,68d20100060100020000000000000000000000005604580000
1,2986,0,119440,6,1,0,2,0,0,0,0,0,0,1110,88,0,90d20100060100020000000000000000000000005604580000
1,2987,0,119480,6,1,0,2,0,0,0,0,0,0,1110,88,0,b8d20100060100020000000000000000000000005604580000
1,2988,0,119520,6,1,0,2,0,0,0,0,0,0,1110,88,0,e0d20100060100020000000000000000000000005604580000
1,2989,0,119560,6,1,0,2,0,0,0,0,0,0,1110,88,0,08d30100060100020000000000000000000000005604580000
1,2990,0,119600,6,1,0,2,0,0,0,0,0,0,1110,88,0,30d30100060100020000000000000000000000005604580000
1,2991,0,119640,6,1,0,2,0,0,0,0,0,0,1110,88,0,58d30100060100020000000000000000000000005604580000
1,2992,0,119680,6,1,0,2,0,0,0,0,0,0,1110,88,0,80d30100060100020000000000000000000000005604580000
1,2993,0,119720,6,1,0,2,0,0,0,0,0,0,1110,88,0,a8d30100060100020000000000000000000000005604580000
1,2994,0,119760,6,1,0,2,0,0,0,0,0,0,1110,88,0,d0d30100060100020000000000000000000000005604580000
1,2995,0,119800,6,1,0,2,0,0,0,0,0,0,1110,88,0,f8d30100060100020000000000000000000000005604580000
1,2996,0,119840,6,1,0,2,0,0,0,0,0,0,1110,88,0,20d40100060100020000000000000000000000005604580000
1,2997,0,119880,6,1,0,2,0,0,0,0,0,0,1110,88,0,48d40100060100020000000000000000000000005604580000
1,2998,0,119920,6,1,0,2,0,0,0,0,0,0,1110,88,0,70d40100060100020000000000000000000000005604580000
1,2999,0,119960,6,1,0,2,0,0,0,0,0,0,1110,88,0,98d40100060100020000000000000000000000005604580000
1,3000,0,120000,6,1,0,2,0,0,0,0,0,0,1110,88,0,c0d40100060100020000000000000000000000005604580000
1,3001,0,120040,6,1,0,2,0,0,0,0,0,0,1110,88,0,e8d40100060100020000000000000000000000005604580000
1,3002,0,120080,6,1,0,2,0,0,0,0,0,0,1110,88,0,10d50100060100020000000000000000000000005604580000
1,3003,0,120120,6,1,0,2,0,0,0,0,0,0,1110,88,0,38d50100060100020000000000000000000000005604580000
1,3004,0,120160,6,1,0,2,0,0,0,0,0,0,1110,88,0,60d50100060100020000000000000000000000005604580000
1,3005,0,120200,6,1,0,2,0,0,0,0,0,0,1110,88,0,88d50100060100020000000000000000000000005604580000
1,3006,0,120240,6,1,0,2,0,0,0,0,0,0,1110,88,0,b0d50100060100020000000000000000000000005604580000
1,3007,0,120280,6,1,0,2,0,0,0,0,0,0,1110,88,0,d8d50100060100020000000000000000000000005604580000
1,3008,0,120320,6,1,0,2,0,0,0,0,0,0,1110,88,0,00d60100060100020000000000000000000000005604580000
1,3009,0,120360,6,1,0,2,0,0,0,0,0,0,1110,88,0,28d60100060100020000000000000000000000005604580000
1,3010,0,120400,6,1,0,2,0,0,0,0,0,0,1110,88,0,50d60100060100020000000000000000000000005604580000
1,3011,0,120440,6,1,0,2,0,0,0,0,0,0,1110,88,0,78d60100060100020000000000000000000000005604580000
1,3012,0,120480,6,1,0,2,0,0,0,0,0,0,1110,88,0,a0d60100060100020000000000000000000000005604580000
1,3013,0,120520,6,1,0,2,0,0,0,0,0,0,1110,88,0,c8d60100060100020000000000000000000000005604580000
1,3014,0,120560,6,1,0,2,0,0,0,0,0,0,1110,88,0,f0d60100060100020000000000000000000000005604580000
1,3015,0,120600,6,1,0,2,0,0,0,0,0,0,1110,88,0,18d70100060100020000000000000000000000005604580000
1,3016,0,120640,6,1,0,2,0,0,0,0,0,0,1110,88,0,40d70100060100020000000000000000000000005604580000
1,3017,0,120680,6,1,0,2,0,0,0,0,0,0,1110,88,0,68d70100060100020000000000000000000000005604580000
1,3018,0,120720,6,1,0,2,0,0,0,0,0,0,1110,88,0,90d70100060100020000000000000000000000005604580000
1,3019,0,120760,6,1,0,2,0,0,0,0,0,0,1110,88,0,b8d70100060100020000000000000000000000005604580000
1,3020,0,120800,6,1,0,2,0,0,0,0,0,0,1110,88,0,e0d70100060100020000000000000000000000005604580000
1,3021,0,120840,6,1,0,2,0,0,0,0,0,0,1110,88,0,08d80100060100020000000000000000000000005604580000
1,3022,0,120880,6,1,0,2,0,0,0,0,0,0,1110,88,0,30d80100060100020000000000000000000000005604580000
1,3023,0,120920,6,1,0,2,0,0,0,0,0,0,1110,88,0,58d80100060100020000000000000000000000005604580000
1,3024,0,120960,6,1,0,2,0,0,0,0,0,0,1110,88,0,80d80100060100020000000000000000000000005604580000
1,3025,0,121000,6,1,0,2,0,0,0,0,0,0,1110,88,0,a8d80100060100020000000000000000000000005604580000
1,3026,0,121040,6,1,0,2,0,0,0,0,0,0,1110,88,0,d0d80100060100020000000000000000000000005604580000
1,3027,0,121080,6,1,0,2,0,0,0,0,0,0,1110,88,0,f8d80100060100020000000000000000000000005604580000
1,3028,0,121120,6,1,0,2,0,0,0,0,0,0,1110,88,0,20d90100060100020000000000000000000000005604580000
1,3029,0,121160,6,1,0,2,0,0,0,0,0,0,1110,88,0,48d90100060100020000000000000000000000005604580000
1,3030,0,121200,6,1,0,2,0,0,0,0,0,0,1110,88,0,70d90100060100020000000000000000000000005604580000
1,3031,0,121240,6,1,0,2,0,0,0,0,0,0,1110,88,0,98d90100060100020000000000000000000000005604580000
1,3032,0,121280,6,1,0,2,0,0,0,0,0,0,1110,88,0,c0d90100060100020000000000000000000000005604580000
1,3033,0,121320,6,1,0,2,0,0,0,0,0,0,1110,88,0,e8d90100060100020000000000000000000000005604580000
1,3034,0,121360,6,1,0,2,0,0,0,0,0,0,1110,88,0,10da0100060100020000000000000000000000005604580000
1,3035,0,121400,6,1,0,2,0,0,0,0,0,0,1110,88,0,38da0100060100020000000000000000000000005604580000
1,3036,0,121440,6,1,0,2,0,0,0,0,0,0,1110,88,0,60da0100060100020000000000000000000000005604580000
1,3037,0,121480,6,1,0,2,0,0,0,0,0,0,1110,88,0,88da0100060100020000000000000000000000005604580000
1,3038,0,121520,6,1,0,2,0,0,0,0,0,0,1110,88,0,b0da0100060100020000000000000000000000005604580000
1,3039,0,121560,6,1,0,2,0,0,0,0,0,0,1110,88,0,d8da0100060100020000000000000000000000005604580000
1,3040,0,121600,6,1,0,2,0,0,0,0,0,0,1110,88,0,00db0100060100020000000000000000000000005604580000
1,3041,0,121640,6,1,0,2,0,0,0,0,0,0,1110,88,0,28db0100060100020000000000000000000000005604580000
1,3042,0,121680,6,1,0,2,0,0,0,0,0,0,1110,88,0,50db0100060100020000000000000000000000005604580000
1,3043,0,121720,6,1,0,2,0,0,0,0,0,0,1110,88,0,78db0100060100020000000000000000000000005604580000
1,3044,0,121760,6,1,0,2,0,0,0,0,0,0,1110,88,0,a0db0100060100020000000000000000000000005604580000
1,3045,0,121800,6,1,0,2,0,0,0,0,0,0,1110,88,0,c8db0100060100020000000000000000000000005604580000
1,3046,0,121840,6,1,0,2,0,0,0,0,0,0,1110,88,0,f0db0100060100020000000000000000000000005604580000
1,3047,0,121880,6,1,0,2,0,0,0,0,0,0,1110,88,0,18dc0100060100020000000000000000000000005604580000
1,3048,0,121920,6,1,0,2,0,0,0,0,0,0,1110,88,0,40dc0100060100020000000000000000000000005604580000
1,3049,0,121960,6,1,0,2,0,0,0,0,0,0,1110,88,0,68dc0100060100020000000000000000000000005604580000
1,3050,0,122000,6,1,0,2,0,0,0,0,0,0,1110,88,0,90dc0100060100020000000000000000000000005604580000
1,3051,0,122040,6,1,0,2,0,0,0,0,0,0,1110,88,0,b8dc0100060100020000000000000000000000005604580000
1,3052,0,122080,6,1,0,2,0,0,0,0,0,0,1110,88,0,e0dc0100060100020000000000000000000000005604580000
1,3053,0,122120,6,1,0,2,0,0,0,0,0,0,1110,88,0,08dd0100060100020000000000000000000000005604580000
1,3054,0,122160,6,1,0,2,0,0,0,0,0,0,1110,88,0,30dd0100060100020000000000000000000000005604580000
1,3055,0,122200,6,1,0,2,0,0,0,0,0,0,1110,88,0,58dd0100060100020000000000000000000000005604580000
1,3056,0,122240,6,1,0,2,0,0,0,0,0,0,1110,88,0,80dd0100060100020000000000000000000000005604580000
1,3057,0,122280,6,1,0,2,0,0,0,0,0,0,1110,88,0,a8dd0100060100020000000000000000000000005604580000
1,3058,0,122320,6,1,0,2,0,0,0,0,0,0,1110,88,0,d0dd0100060100020000000000000000000000005604580000
1,3059,0,122360,6,1,0,2,0,0,0,0,0,0,1110,88,0,f8dd0100060100020000000000000000000000005604580000
1,3060,0,122400,6,1,0,2,0,0,0,0,0,0,1110,88,0,20de0100060100020000000000000000000000005604580000
1,3061,0,122440,6,1,0,2,0,0,0,0,0,0,1110,88,0,48de0100060100020000000000000000000000005604580000
1,3062,0,122480,6,1,0,2,0,0,0,0,0,0,1110,88,0,70de0100060100020000000000000000000000005604580000
1,3063,0,122520,6,1,0,2,0,0,0,0,0,0,1110,88,0,98de0100060100020000000000000000000000005604580000
1,3064,0,122560,6,1,0,2,0,0,0,0,0,0,1110,88,0,c0de0100060100020000000000000000000000005604580000
1,3065,0,122600,6,1,0,2,0,0,0,0,0,0,1110,88,0,e8de0100060100020000000000000000000000005604580000
1,3066,0,122640,6,1,0,2,0,0,0,0,0,0,1110,88,0,10df0100060100020000000000000000000000005604580000
1,3067,0,122680,6,1,0,2,0,0,0,0,0,0,1110,88,0,38df0100060100020000000000000000000000005604580000
1,3068,0,122720,6,1,0,2,0,0,0,0,0,0,1110,88,0,60df0100060100020000000000000000000000005604580000
1,3069,0,122760,6,1,0,2,0,0,0,0,0,0,1110,88,0,88df0100060100020000000000000000000000005604580000
1,3070,0,122800,6,1,0,2,0,0,0,0,0,0,1110,88,0,b0df0100060100020000000000000000000000005604580000
1,3071,0,122840,6,1,0,2,0,0,0,0,0,0,1110,88,0,d8df0100060100020000000000000000000000005604580000
1,3072,0,122880,6,1,0,2,0,0,0,0,0,0,1110,88,0,00e00100060100020000000000000000000000005604580000
1,3073,0,122920,6,1,0,2,0,0,0,0,0,0,1110,88,0,28e00100060100020000000000000000000000005604580000
1,3074,0,122960,6,1,0,2,0,0,0,0,0,0,1110,88,0,50e00100060100020000000000000000000000005604580000
1,3075,0,123000,6,1,0,2,0,0,0,0,0,0,1110,88,0,78e00100060100020000000000000000000000005604580000
1,3076,0,123040,6,1,0,2,0,0,0,0,0,0,1110,88,0,a0e00100060100020000000000000000000000005604580000
1,3077,0,123080,6,1,0,2,0,0,0,0,0,0,1110,88,0,c8e00100060100020000000000000000000000005604580000
1,3078,0,123120,6,1,0,2,0,0,0,0,0,0,1110,88,0,f0e00100060100020000000000000000000000005604580000
1,3079,0,123160,6,1,0,2,0,0,0,0,0,0,1110,88,0,18e10100060100020000000000000000000000005604580000
1,3080,0,123200,6,1,0,2,0,0,0,0,0,0,1110,88,0,40e10100060100020000000000000000000000005604580000
1,3081,0,123240,6,1,0,2,0,0,0,0,0,0,1110,88,0,68e10100060100020000000000000000000000005604580000
1,3082,0,123280,6,1,0,2,0,0,0,0,0,0,1110,88,0,90e10100060100020000000000000000000000005604580000
1,3083,0,123320,6,1,0,2,0,0,0,0,0,0,1110,88,0,b8e10100060100020000000000000000000000005604580000
1,3084,0,123360,6,1,0,2,0,0,0,0,0,0,1110,88,0,e0e10100060100020000000000000000000000005604580000
1,3085,0,123400,6,1,0,2,0,0,0,0,0,0,1110,88,0,08e20100060100020000000000000000000000005604580000
1,3086,0,123440,6,1,0,2,0,0,0,0,0,0,1110,88,0,30e20100060100020000000000000000000000005604580000
1,3087,0,123480,6,1,0,2,0,0,0,0,0,0,1110,88,0,58e20100060100020000000000000000000000005604580000
1,3088,0,123520,6,1,0,2,0,0,0,0,0,0,1110,88,0,80e20100060100020000000000000000000000005604580000
1,3089,0,123560,6,1,0,2,0,0,0,0,0,0,1110,88,0,a8e20100060100020000000000000000000000005604580000
1,3090,0,123600,6,1,0,2,0,0,0,0,0,0,1110,88,0,d0e20100060100020000000000000000000000005604580000
1,3091,0,123640,6,1,0,2,0,0,0,0,0,0,1110,88,0,f8e20100060100020000000000000000000000005604580000
1,3092,0,123680,6,1,0,2,0,0,0,0,0,0,1110,88,0,20e30100060100020000000000000000000000005604580000
1,3093,0,123720,6,1,0,2,0,0,0,0,0,0,1110,88,0,48e30100060100020000000000000000000000005604580000
1,3094,0,123760,6,1,0,2,0,0,0,0,0,0,1110,88,0,70e30100060100020000000000000000000000005604580000
1,3095,0,123800,6,1,0,2,0,0,0,0,0,0,1110,88,0,98e30100060100020000000000000000000000005604580000
1,3096,0,123840,6,1,0,2,0,0,0,0,0,0,1110,88,0,c0e30100060100020000000000000000000000005604580000
1,3097,0,123880,6,1,0,2,0,0,0,0,0,0,1110,88,0,e8e30100060100020000000000000000000000005604580000
1,3098,0,123920,6,1,0,2,0,0,0,0,0,0,1110,88,0,10e40100060100020000000000000000000000005604580000
1,3099,0,123960,6,1,0,2,0,0,0,0,0,0,1110,88,0,38e40100060100020000000000000000000000005604580000
1,3100,0,124000,6,1,0,2,0,0,0,0,0,0,1110,88,0,60e40100060100020000000000000000000000005604580000
1,3101,0,124040,6,1,0,2,0,0,0,0,0,0,1110,88,0,88e40100060100020000000000000000000000005604580000
1,3102,0,124080,6,1,0,2,0,0,0,0,0,0,1110,88,0,b0e40100060100020000000000000000000000005604580000
1,3103,0,124120,6,1,0,2,0,0,0,0,0,0,1110,88,0,d8e40100060100020000000000000000000000005604580000
1,3104,0,124160,6,1,0,2,0,0,0,0,0,0,1110,88,0,00e50100060100020000000000000000000000005604580000
1,3105,0,124200,6,1,0,2,0,0,0,0,0,0,1110,88,0,28e50100060100020000000000000000000000005604580000
1,3106,0,124240,6,1,0,2,0,0,0,0,0,0,1110,88,0,50e50100060100020000000000000000000000005604580000
1,3107,0,124280,6,1,0,2,0,0,0,0,0,0,1110,88,0,78e50100060100020000000000000000000000005604580000
1,3108,0,124320,6,1,0,2,0,0,0,0,0,0,1110,88,0,a0e50100060100020000000000000000000000005604580000
1,3109,0,124360,6,1,0,2,0,0,0,0,0,0,1110,88,0,c8e50100060100020000000000000000000000005604580000
1,3110,0,124400,6,1,0,2,0,0,0,0,0,0,1110,88,0,f0e50100060100020000000000000000000000005604580000
1,3111,0,124440,6,1,0,2,0,0,0,0,0,0,1110,88,0,18e60100060100020000000000000000000000005604580000
1,3112,0,124480,6,1,0,2,0,0,0,0,0,0,1110,88,0,40e60100060100020000000000000000000000005604580000
1,3113,0,124520,6,1,0,2,0,0,0,0,0,0,1110,88,0,68e60100060100020000000000000000000000005604580000
1,3114,0,124560,6,1,0,2,0,0,0,0,0,0,1110,88,0,90e60100060100020000000000000000000000005604580000
1,3115,0,124600,6,1,0,2,0,0,0,0,0,0,1110,88,0,b8e60100060100020000000000000000000000005604580000
1,3116,0,124640,6,1,0,2,0,0,0,0,0,0,1110,88,0,e0e60100060100020000000000000000000000005604580000
1,3117,0,124680,6,1,0,2,0,0,0,0,0,0,1110,88,0,08e70100060100020000000000000000000000005604580000
1,3118,0,124720,6,1,0,2,0,0,0,0,0,0,1110,88,0,30e70100060100020000000000000000000000005604580000
1,3119,0,124760,6,1,0,2,0,0,0,0,0,0,1110,88,0,58e70100060100020000000000000000000000005604580000
1,3120,0,124800,6,1,0,2,0,0,0,0,0,0,1110,88,0,80e70100060100020000000000000000000000005604580000
1,3121,0,124840,6,1,0,2,0,0,0,0,0,0,1110,88,0,a8e70100060100020000000000000000000000005604580000
1,3122,0,124880,6,1,0,2,0,0,0,0,0,0,1110,88,0,d0e70100060100020000000000000000000000005604580000
1,3123,0,124920,6,1,0,2,0,0,0,0,0,0,1110,88,0,f8e70100060100020000000000000000000000005604580000
1,3124,0,124960,6,1,0,2,0,0,0,0,0,0,1110,88,0,20e80100060100020000000000000000000000005604580000
1,3125,0,125000,6,1,0,2,0,0,0,0,0,0,1110,88,0,48e80100060100020000000000000000000000005604580000
1,3126,0,125040,6,1,0,2,0,0,0,0,0,0,1110,88,0,70e80100060100020000000000000000000000005604580000
1,3127,0,125080,6,1,0,2,0,0,0,0,0,0,1110,88,0,98e80100060100020000000000000000000000005604580000
1,3128,0,125120,6,1,0,2,0,0,0,0,0,0,1110,88,0,c0e80100060100020000000000000000000000005604580000
1,3129,0,125160,6,1,0,2,0,0,0,0,0,0,1110,88,0,e8e80100060100020000000000000000000000005604580000
1,3130,0,125200,6,1,0,2,0,0,0,0,0,0,1110,88,0,10e90100060100020000000000000000000000005604580000
1,3131,0,125240,6,1,0,2,0,0,0,0,0,0,1110,88,0,38e90100060100020000000000000000000000005604580000
1,3132,0,125280,6,1,0,2,0,0,0,0,0,0,1110,88,0,60e90100060100020000000000000000000000005604580000
1,3133,0,125320,6,1,0,2,0,0,0,0,0,0,1110,88,0,88e90100060100020000000000000000000000005604580000
1,3134,0,125360,6,1,0,2,0,0,0,0,0,0,1110,88,0,b0e90100060100020000000000000000000000005604580000
1,3135,0,125400,6,1,0,2,0,0,0,0,0,0,1110,88,0,d8e90100060100020000000000000000000000005604580000
1,3136,0,125440,6,1,0,2,0,0,0,0,0,0,1110,88,0,00ea0100060100020000000000000000000000005604580000
1,3137,0,125480,6,1,0,2,0,0,0,0,0,0,1110,88,0,28ea0100060100020000000000000000000000005604580000
1,3138,0,125520,6,1,0,2,0,0,0,0,0,0,1110,88,0,50ea0100060100020000000000000000000000005604580000
1,3139,0,125560,6,1,0,2,0,0,0,0,0,0,1110,88,0,78ea0100060100020000000000000000000000005604580000
1,3140,0,125600,6,1,0,2,0,0,0,0,0,0,1110,88,0,a0ea0100060100020000000000000000000000005604580000
1,3141,0,125640,6,1,0,2,0,0,0,0,0,0,1110,88,0,c8ea0100060100020000000000000000000000005604580000
1,3142,0,125680,6,1,0,2,0,0,0,0,0,0,1110,88,0,f0ea0100060100020000000000000000000000005604580000
1,3143,0,125720,6,1,0,2,0,0,0,0,0,0,1110,88,0,18eb0100060100020000000000000000000000005604580000
1,3144,0,125760,6,1,0,2,0,0,0,0,0,0,1110,88,0,40eb0100060100020000000000000000000000005604580000
1,3145,0,125800,6,1,0,2,0,0,0,0,0,0,1110,88,0,68eb0100060100020000000000000000000000005604580000
1,3146,0,125840,6,1,0,2,0,0,0,0,0,0,1110,88,0,90eb0100060100020000000000000000000000005604580000
1,3147,0,125880,6,1,0,2,0,0,0,0,0,0,1110,88,0,b8eb0100060100020000000000000000000000005604580000
1,3148,0,125920,6,1,0,2,0,0,0,0,0,0,1110,88,0,e0eb0100060100020000000000000000000000005604580000
1,3149,0,125960,6,1,0,2,0,0,0,0,0,0,1110,88,0,08ec0100060100020000000000000000000000005604580000
1,3150,0,126000,6,1,0,2,0,0,0,0,0,0,1110,88,0,30ec0100060100020000000000000000000000005604580000
1,3151,0,126040,6,1,0,2,0,0,0,0,0,0,1110,88,0,58ec0100060100020000000000000000000000005604580000
1,3152,0,126080,6,1,0,2,0,0,0,0,0,0,1110,88,0,80ec0100060100020000000000000000000000005604580000
1,3153,0,126120,6,1,0,2,0,0,0,0,0,0,1110,88,0,a8ec0100060100020000000000000000000000005604580000
1,3154,0,126160,6,1,0,2,0,0,0,0,0,0,1110,88,0,d0ec0100060100020000000000000000000000005604580000
1,3155,0,126200,6,1,0,2,0,0,0,0,0,0,1110,88,0,f8ec0100060100020000000000000000000000005604580000
1,3156,0,126240,6,1,0,2,0,0,0,0,0,0,1110,88,0,20ed0100060100020000000000000000000000005604580000
1,3157,0,126280,6,1,0,2,0,0,0,0,0,0,1110,88,0,48ed0100060100020000000000000000000000005604580000
1,3158,0,126320,6,1,0,2,0,0,0,0,0,0,1110,88,0,70ed0100060100020000000000000000000000005604580000
1,3159,0,126360,6,1,0,2,0,0,0,0,0,0,1110,88,0,98ed0100060100020000000000000000000000005604580000
1,3160,0,126400,6,1,0,2,0,0,0,0,0,0,1110,88,0,c0ed0100060100020000000000000000000000005604580000
1,3161,0,126440,6,1,0,2,0,0,0,0,0,0,1110,88,0,e8ed0100060100020000000000000000000000005604580000
1,3162,0,126480,6,1,0,2,0,0,0,0,0,0,1110,88,0,10ee0100060100020000000000000000000000005604580000
1,3163,0,126520,6,1,0,2,0,0,0,0,0,0,1110,88,0,38ee0100060100020000000000000000000000005604580000
1,3164,0,126560,6,1,0,2,0,0,0,0,0,0,1110,88,0,60ee0100060100020000000000000000000000005604580000
1,3165,0,126600,6,1,0,2,0,0,0,0,0,0,1110,88,0,88ee0100060100020000000000000000000000005604580000
1,3166,0,126640,6,1,0,2,0,0,0,0,0,0,1110,88,0,b0ee0100060100020000000000000000000000005604580000
1,3167,0,126680,6,1,0,2,0,0,0,0,0,0,1110,88,0,d8ee0100060100020000000000000000000000005604580000
1,3168,0,126720,6,1,0,2,0,0,0,0,0,0,1110,88,0,00ef0100060100020000000000000000000000005604580000
1,3169,0,126760,6,1,0,2,0,0,0,0,0,0,1110,88,0,28ef0100060100020000000000000000000000005604580000
1,3170,0,126800,6,1,0,2,0,0,0,0,0,0,1110,88,0,50ef0100060100020000000000000000000000005604580000
1,3171,0,126840,6,1,0,2,0,0,0,0,0,0,1110,88,0,78ef0100060100020000000000000000000000005604580000
1,3172,0,126880,6,1,0,2,0,0,0,0,0,0,1110,88,0,a0ef0100060100020000000000000000000000005604580000
1,3173,0,126920,6,1,0,2,0,0,0,0,0,0,1110,88,0,c8ef0100060100020000000000000000000000005604580000
1,3174,0,126960,6,1,0,2,0,0,0,0,0,0,1110,88,0,f0ef0100060100020000000000000000000000005604580000
1,3175,0,127000,6,1,0,2,0,0,0,0,0,0,1110,88,0,18f00100060100020000000000000000000000005604580000
1,3176,0,127040,6,1,0,2,0,0,0,0,0,0,1110,88,0,40f00100060100020000000000000000000000005604580000
1,3177,0,127080,6,1,0,2,0,0,0,0,0,0,1110,88,0,68f00100060100020000000000000000000000005604580000
1,3178,0,127120,6,1,0,2,0,0,0,0,0,0,1110,88,0,90f00100060100020000000000000000000000005604580000
1,3179,0,127160,6,1,0,2,0,0,0,0,0,0,1110,88,0,b8f00100060100020000000000000000000000005604580000
1,3180,0,127200,6,1,0,2,0,0,0,0,0,0,1110,88,0,e0f00100060100020000000000000000000000005604580000
1,3181,0,127240,6,1,0,2,0,0,0,0,0,0,1110,88,0,08f10100060100020000000000000000000000005604580000
1,3182,0,127280,6,1,0,2,0,0,0,0,0,0,1110,88,0,30f10100060100020000000000000000000000005604580000
1,3183,0,127320,6,1,0,2,0,0,0,0,0,0,1110,88,0,58f10100060100020000000000000000000000005604580000
1,3184,0,127360,6,1,0,2,0,0,0,0,0,0,1110,88,0,80f10100060100020000000000000000000000005604580000
1,3185,0,127400,6,1,0,2,0,0,0,0,0,0,1110,88,0,a8f10100060100020000000000000000000000005604580000
1,3186,0,127440,6,1,0,2,0,0,0,0,0,0,1110,88,0,d0f10100060100020000000000000000000000005604580000
1,3187,0,127480,6,1,0,2,0,0,0,0,0,0,1110,88,0,f8f10100060100020000000000000000000000005604580000
1,3188,0,127520,6,1,0,2,0,0,0,0,0,0,1110,88,0,20f20100060100020000000000000000000000005604580000
1,3189,0,127560,6,1,0,2,0,0,0,0,0,0,1110,88,0,48f20100060100020000000000000000000000005604580000
1,3190,0,127600,6,1,0,2,0,0,0,0,0,0,1110,88,0,70f20100060100020000000000000000000000005604580000
1,3191,0,127640,6,1,0,2,0,0,0,0,0,0,1110,88,0,98f20100060100020000000000000000000000005604580000
1,3192,0,127680,6,1,0,2,0,0,0,0,0,0,1110,88,0,c0f20100060100020000000000000000000000005604580000
1,3193,0,127720,6,1,0,2,0,0,0,0,0,0,1110,88,0,e8f20100060100020000000000000000000000005604580000
1,3194,0,127760,6,1,0,2,0,0,0,0,0,0,1110,88,0,10f30100060100020000000000000000000000005604580000
1,3195,0,127800,6,1,0,2,0,0,0,0,0,0,1110,88,0,38f30100060100020000000000000000000000005604580000
1,3196,0,127840,6,1,0,2,0,0,0,0,0,0,1110,88,0,60f30100060100020000000000000000000000005604580000
1,3197,0,127880,6,1,0,2,0,0,0,0,0,0,1110,88,0,88f30100060100020000000000000000000000005604580000
1,3198,0,127920,6,1,0,2,0,0,0,0,0,0,1110,88,0,b0f30100060100020000000000000000000000005604580000
1,3199,0,127960,6,1,0,2,0,0,0,0,0,0,1110,88,0,d8f30100060100020000000000000000000000005604580000
1,3200,0,128000,6,1,0,2,0,0,0,0,0,0,1110,88,0,00f40100060100020000000000000000000000005604580000
1,3201,0,128040,6,1,0,2,0,0,0,0,0,0,1110,88,0,28f40100060100020000000000000000000000005604580000
1,3202,0,128080,6,1,0,2,0,0,0,0,0,0,1110,88,0,50f40100060100020000000000000000000000005604580000
1,3203,0,128120,6,1,0,2,0,0,0,0,0,0,1110,88,0,78f40100060100020000000000000000000000005604580000
1,3204,0,128160,6,1,0,2,0,0,0,0,0,0,1110,88,0,a0f40100060100020000000000000000000000005604580000
1,3205,0,128200,6,1,0,2,0,0,0,0,0,0,1110,88,0,c8f40100060100020000000000000000000000005604580000
1,3206,0,128240,6,1,0,2,0,0,0,0,0,0,1110,88,0,f0f40100060100020000000000000000000000005604580000
1,3207,0,128280,6,1,0,2,0,0,0,0,0,0,1110,88,0,18f50100060100020000000000000000000000005604580000
1,3208,0,128320,6,1,0,2,0,0,0,0,0,0,1110,88,0,40f50100060100020000000000000000000000005604580000
1,3209,0,128360,6,1,0,2,0,0,0,0,0,0,1110,88,0,68f50100060100020000000000000000000000005604580000
1,3210,0,128400,6,1,0,2,0,0,0,0,0,0,1110,88,0,90f50100060100020000000000000000000000005604580000
1,3211,0,128440,6,1,0,2,0,0,0,0,0,0,1110,88,0,b8f50100060100020000000000000000000000005604580000
1,3212,0,128480,6,1,0,2,0,0,0,0,0,0,1110,88,0,e0f50100060100020000000000000000000000005604580000
1,3213,0,128520,6,1,0,2,0,0,0,0,0,0,1110,88,0,08f60100060100020000000000000000000000005604580000
1,3214,0,128560,6,1,0,2,0,0,0,0,0,0,1110,88,0,30f60100060100020000000000000000000000005604580000
1,3215,0,128600,6,1,0,2,0,0,0,0,0,0,1110,88,0,58f60100060100020000000000000000000000005604580000
1,3216,0,128640,6,1,0,2,0,0,0,0,0,0,1110,88,0,80f60100060100020000000000000000000000005604580000
1,3217,0,128680,6,1,0,2,0,0,0,0,0,0,1110,88,0,a8f60100060100020000000000000000000000005604580000
1,3218,0,128720,6,1,0,2,0,0,0,0,0,0,1110,88,0,d0f60100060100020000000000000000000000005604580000
1,3219,0,128760,6,1,0,2,0,0,0,0,0,0,1110,88,0,f8f60100060100020000000000000000000000005604580000
1,3220,0,128800,6,1,0,2,0,0,0,0,0,0,1110,88,0,20f70100060100020000000000000000000000005604580000
1,3221,0,128840,6,1,0,2,0,0,0,0,0,0,1110,88,0,48f70100060100020000000000000000000000005604580000
1,3222,0,128880,6,1,0,2,0,0,0,0,0,0,1110,88,0,70f70100060100020000000000000000000000005604580000
1,3223,0,128920,6,1,0,2,0,0,0,0,0,0,1110,88,0,98f70100060100020000000000000000000000005604580000
1,3224,0,128960,6,1,0,2,0,0,0,0,0,0,1110,88,0,c0f70100060100020000000000000000000000005604580000
1,3225,0,129000,6,1,0,2,0,0,0,0,0,0,1110,88,0,e8f70100060100020000000000000000000000005604580000
1,3226,0,129040,6,1,0,2,0,0,0,0,0,0,1110,88,0,10f80100060100020000000000000000000000005604580000
1,3227,0,129080,6,1,0,2,0,0,0,0,0,0,1110,88,0,38f80100060100020000000000000000000000005604580000
1,3228,0,129120,6,1,0,2,0,0,0,0,0,0,1110,88,0,60f80100060100020000000000000000000000005604580000
1,3229,0,129160,6,1,0,2,0,0,0,0,0,0,1110,88,0,88f80100060100020000000000000000000000005604580000
1,3230,0,129200,6,1,0,2,0,0,0,0,0,0,1110,88,0,b0f80100060100020000000000000000000000005604580000
1,3231,0,129240,6,1,0,2,0,0,0,0,0,0,1110,88,0,d8f80100060100020000000000000000000000005604580000
1,3232,0,129280,6,1,0,2,0,0,0,0,0,0,1110,88,0,00f90100060100020000000000000000000000005604580000
1,3233,0,129320,6,1,0,2,0,0,0,0,0,0,1110,88,0,28f90100060100020000000000000000000000005604580000
1,3234,0,129360,6,1,0,2,0,0,0,0,0,0,1110,88,0,50f90100060100020000000000000000000000005604580000
1,3235,0,129400,6,1,0,2,0,0,0,0,0,0,1110,88,0,78f90100060100020000000000000000000000005604580000
1,3236,0,129440,6,1,0,2,0,0,0,0,0,0,1110,88,0,a0f90100060100020000000000000000000000005604580000
1,3237,0,129480,6,1,0,2,0,0,0,0,0,0,1110,88,0,c8f90100060100020000000000000000000000005604580000
1,3238,0,129520,6,1,0,2,0,0,0,0,0,0,1110,88,0,f0f90100060100020000000000000000000000005604580000
1,3239,0,129560,6,1,0,2,0,0,0,0,0,0,1110,88,0,18fa0100060100020000000000000000000000005604580000
1,3240,0,129600,6,1,0,2,0,0,0,0,0,0,1110,88,0,40fa0100060100020000000000000000000000005604580000
1,3241,0,129640,6,1,0,2,0,0,0,0,0,0,1110,88,0,68fa0100060100020000000000000000000000005604580000
1,3242,0,129680,6,1,0,2,0,0,0,0,0,0,1110,88,0,90fa0100060100020000000000000000000000005604580000
1,3243,0,129720,6,1,0,2,0,0,0,0,0,0,1110,88,0,b8fa0100060100020000000000000000000000005604580000
1,3244,0,129760,6,1,0,2,0,0,0,0,0,0,1110,88,0,e0fa0100060100020000000000000000000000005604580000
1,3245,0,129800,6,1,0,2,0,0,0,0,0,0,1110,88,0,08fb0100060100020000000000000000000000005604580000
1,3246,0,129840,6,1,0,2,0,0,0,0,0,0,1110,88,0,30fb0100060100020000000000000000000000005604580000
1,3247,0,129880,6,1,0,2,0,0,0,0,0,0,1110,88,0,58fb0100060100020000000000000000000000005604580000
1,3248,0,129920,6,1,0,2,0,0,0,0,0,0,1110,88,0,80fb0100060100020000000000000000000000005604580000
1,3249,0,129960,6,1,0,2,0,0,0,0,0,0,1110,88,0,a8fb0100060100020000000000000000000000005604580000
1,3250,0,130000,6,1,0,2,0,0,0,0,0,0,1110,88,0,d0fb0100060100020000000000000000000000005604580000
1,3251,0,130040,6,1,0,2,0,0,0,0,0,0,1110,88,0,f8fb0100060100020000000000000000000000005604580000
1,3252,0,130080,6,1,0,2,0,0,0,0,0,0,1110,88,0,20fc0100060100020000000000000000000000005604580000
1,3253,0,130120,6,1,0,2,0,0,0,0,0,0,1110,88,0,48fc0100060100020000000000000000000000005604580000
1,3254,0,130160,6,1,0,2,0,0,0,0,0,0,1110,88,0,70fc0100060100020000000000000000000000005604580000
1,3255,0,130200,6,1,0,2,0,0,0,0,0,0,1110,88,0,98fc0100060100020000000000000000000000005604580000
1,3256,0,130240,6,1,0,2,0,0,0,0,0,0,1110,88,0,c0fc0100060100020000000000000000000000005604580000
1,3257,0,130280,6,1,0,2,0,0,0,0,0,0,1110,88,0,e8fc0100060100020000000000000000000000005604580000
1,3258,0,130320,6,1,0,2,0,0,0,0,0,0,1110,88,0,10fd0100060100020000000000000000000000005604580000
1,3259,0,130360,6,1,0,2,0,0,0,0,0,0,1110,88,0,38fd0100060100020000000000000000000000005604580000
1,3260,0,130400,6,1,0,2,0,0,0,0,0,0,1110,88,0,60fd0100060100020000000000000000000000005604580000
1,3261,0,130440,6,1,0,2,0,0,0,0,0,0,1110,88,0,88fd0100060100020000000000000000000000005604580000
1,3262,0,130480,6,1,0,2,0,0,0,0,0,0,1110,88,0,b0fd0100060100020000000000000000000000005604580000
1,3263,0,130520,6,1,0,2,0,0,0,0,0,0,1110,88,0,d8fd0100060100020000000000000000000000005604580000
1,3264,0,130560,6,1,0,2,0,0,0,0,0,0,1110,88,0,00fe0100060100020000000000000000000000005604580000
1,3265,0,130600,6,1,0,2,0,0,0,0,0,0,1110,88,0,28fe0100060100020000000000000000000000005604580000
1,3266,0,130640,6,1,0,2,0,0,0,0,0,0,1110,88,0,50fe0100060100020000000000000000000000005604580000
1,3267,0,130680,6,1,0,2,0,0,0,0,0,0,1110,88,0,78fe0100060100020000000000000000000000005604580000
1,3268,0,130720,6,1,0,2,0,0,0,0,0,0,1110,88,0,a0fe0100060100020000000000000000000000005604580000
1,3269,0,130760,6,1,0,2,0,0,0,0,0,0,1110,88,0,c8fe0100060100020000000000000000000000005604580000
1,3270,0,130800,6,1,0,2,0,0,0,0,0,0,1110,88,0,f0fe0100060100020000000000000000000000005604580000
1,3271,0,130840,6,1,0,2,0,0,0,0,0,0,1110,88,0,18ff0100060100020000000000000000000000005604580000
1,3272,0,130880,6,1,0,2,0,0,0,0,0,0,1110,88,0,40ff0100060100020000000000000000000000005604580000
1,3273,0,130920,6,1,0,2,0,0,0,0,0,0,1110,88,0,68ff0100060100020000000000000000000000005604580000
1,3274,0,130960,6,1,0,2,0,0,0,0,0,0,1110,88,0,90ff0100060100020000000000000000000000005604580000
1,3275,0,131000,6,1,0,2,0,0,0,0,0,0,1110,88,0,b8ff0100060100020000000000000000000000005604580000
1,3276,0,131040,6,1,0,2,0,0,0,0,0,0,1110,88,0,e0ff0100060100020000000000000000000000005604580000
1,3277,0,131080,6,1,0,2,0,0,0,0,0,0,1110,88,0,08000200060100020000000000000000000000005604580000
1,3278,0,131120,6,1,0,2,0,0,0,0,0,0,1110,88,0,30000200060100020000000000000000000000005604580000
1,3279,0,131160,6,1,0,2,0,0,0,0,0,0,1110,88,0,58000200060100020000000000000000000000005604580000
1,3280,0,131200,6,1,0,2,0,0,0,0,0,0,1110,88,0,80000200060100020000000000000000000000005604580000
1,3281,0,131240,6,1,0,2,0,0,0,0,0,0,1110,88,0,a8000200060100020000000000000000000000005604580000
1,3282,0,131280,6,1,0,2,0,0,0,0,0,0,1110,88,0,d0000200060100020000000000000000000000005604580000
1,3283,0,131320,6,1,0,2,0,0,0,0,0,0,1110,88,0,f8000200060100020000000000000000000000005604580000
1,3284,0,131360,6,1,0,2,0,0,0,0,0,0,1110,88,0,20010200060100020000000000000000000000005604580000
1,3285,0,131400,6,1,0,2,0,0,0,0,0,0,1110,88,0,48010200060100020000000000000000000000005604580000
1,3286,0,131440,6,1,0,2,0,0,0,0,0,0,1110,88,0,70010200060100020000000000000000000000005604580000
1,3287,0,131480,6,1,0,2,0,0,0,0,0,0,1110,88,0,98010200060100020000000000000000000000005604580000
1,3288,0,131520,6,1,0,2,0,0,0,0,0,0,1110,88,0,c0010200060100020000000000000000000000005604580000
1,3289,0,131560,6,1,0,2,0,0,0,0,0,0,1110,88,0,e8010200060100020000000000000000000000005604580000
1,3290,0,131600,6,1,0,2,0,0,0,0,0,0,1110,88,0,10020200060100020000000000000000000000005604580000
1,3291,0,131640,6,1,0,2,0,0,0,0,0,0,1110,88,0,38020200060100020000000000000000000000005604580000
1,3292,0,131680,6,1,0,2,0,0,0,0,0,0,1110,88,0,60020200060100020000000000000000000000005604580000
1,3293,0,131720,6,1,0,2,0,0,0,0,0,0,1110,88,0,88020200060100020000000000000000000000005604580000
1,3294,0,131760,6,1,0,2,0,0,0,0,0,0,1110,88,0,b0020200060100020000000000000000000000005604580000
1,3295,0,131800,6,1,0,2,0,0,0,0,0,0,1110,88,0,d8020200060100020000000000000000000000005604580000
1,3296,0,131840,6,1,0,2,0,0,0,0,0,0,1110,88,0,00030200060100020000000000000000000000005604580000
1,3297,0,131880,6,1,0,2,0,0,0,0,0,0,1110,88,0,28030200060100020000000000000000000000005604580000
1,3298,0,131920,6,1,0,2,0,0,0,0,0,0,1110,88,0,50030200060100020000000000000000000000005604580000
1,3299,0,131960,6,1,0,2,0,0,0,0,0,0,1110,88,0,78030200060100020000000000000000000000005604580000
1,3300,0,132000,6,1,0,2,0,0,0,0,0,0,1110,88,0,a0030200060100020000000000000000000000005604580000
1,3301,0,132040,6,1,0,2,0,0,0,0,0,0,1110,88,0,c8030200060100020000000000000000000000005604580000
1,3302,0,132080,6,1,0,2,0,0,0,0,0,0,1110,88,0,f0030200060100020000000000000000000000005604580000
1,3303,0,132120,6,1,0,2,0,0,0,0,0,0,1110,88,0,18040200060100020000000000000000000000005604580000
1,3304,0,132160,6,1,0,2,0,0,0,0,0,0,1110,88,0,40040200060100020000000000000000000000005604580000
1,3305,0,132200,6,1,0,2,0,0,0,0,0,0,1110,88,0,68040200060100020000000000000000000000005604580000
1,3306,0,132240,6,1,0,2,0,0,0,0,0,0,1110,88,0,90040200060100020000000000000000000000005604580000
1,3307,0,132280,6,1,0,2,0,0,0,0,0,0,1110,88,0,b8040200060100020000000000000000000000005604580000
1,3308,0,132320,6,1,0,2,0,0,0,0,0,0,1110,88,0,e0040200060100020000000000000000000000005604580000
1,3309,0,132360,6,1,0,2,0,0,0,0,0,0,1110,88,0,08050200060100020000000000000000000000005604580000
1,3310,0,132400,6,1,0,2,0,0,0,0,0,0,1110,88,0,30050200060100020000000000000000000000005604580000
1,3311,0,132440,6,1,0,2,0,0,0,0,0,0,1110,88,0,58050200060100020000000000000000000000005604580000
1,3312,0,132480,6,1,0,2,0,0,0,0,0,0,1110,88,0,80050200060100020000000000000000000000005604580000
1,3313,0,132520,6,1,0,2,0,0,0,0,0,0,1110,88,0,a8050200060100020000000000000000000000005604580000
1,3314,0,132560,6,1,0,2,0,0,0,0,0,0,1110,88,0,d0050200060100020000000000000000000000005604580000
1,3315,0,132600,6,1,0,2,0,0,0,0,0,0,1110,88,0,f8050200060100020000000000000000000000005604580000
1,3316,0,132640,6,1,0,2,0,0,0,0,0,0,1110,88,0,20060200060100020000000000000000000000005604580000
1,3317,0,132680,6,1,0,2,0,0,0,0,0,0,1110,88,0,48060200060100020000000000000000000000005604580000
1,3318,0,132720,6,1,0,2,0,0,0,0,0,0,1110,88,0,70060200060100020000000000000000000000005604580000
1,3319,0,132760,6,1,0,2,0,0,0,0,0,0,1110,88,0,98060200060100020000000000000000000000005604580000
1,3320,0,132800,6,1,0,2,0,0,0,0,0,0,1110,88,0,c0060200060100020000000000000000000000005604580000
1,3321,0,132840,6,1,0,2,0,0,0,0,0,0,1110,88,0,e8060200060100020000000000000000000000005604580000
1,3322,0,132880,6,1,0,2,0,0,0,0,0,0,1110,88,0,10070200060100020000000000000000000000005604580000
1,3323,0,132920,6,1,0,2,0,0,0,0,0,0,1110,88,0,38070200060100020000000000000000000000005604580000
1,3324,0,132960,6,1,0,2,0,0,0,0,0,0,1110,88,0,60070200060100020000000000000000000000005604580000
1,3325,0,133000,6,1,0,2,0,0,0,0,0,0,1110,88,0,88070200060100020000000000000000000000005604580000
1,3326,0,133040,6,1,0,2,0,0,0,0,0,0,1110,88,0,b0070200060100020000000000000000000000005604580000
1,3327,0,133080,6,1,0,2,0,0,0,0,0,0,1110,88,0,d8070200060100020000000000000000000000005604580000
1,3328,0,133120,6,1,0,2,0,0,0,0,0,0,1110,88,0,00080200060100020000000000000000000000005604580000
1,3329,0,133160,6,1,0,2,0,0,0,0,0,0,1110,88,0,28080200060100020000000000000000000000005604580000
1,3330,0,133200,6,1,0,2,0,0,0,0,0,0,1110,88,0,50080200060100020000000000000000000000005604580000
1,3331,0,133240,6,1,0,2,0,0,0,0,0,0,1110,88,0,78080200060100020000000000000000000000005604580000
1,3332,0,133280,6,1,0,2,0,0,0,0,0,0,1110,88,0,a0080200060100020000000000000000000000005604580000
1,3333,0,133320,6,1,0,2,0,0,0,0,0,0,1110,88,0,c8080200060100020000000000000000000000005604580000
1,3334,0,133360,6,1,0,2,0,0,0,0,0,0,1110,88,0,f0080200060100020000000000000000000000005604580000
1,3335,0,133400,6,1,0,2,0,0,0,0,0,0,1110,88,0,18090200060100020000000000000000000000005604580000
1,3336,0,133440,6,1,0,2,0,0,0,0,0,0,1110,88,0,40090200060100020000000000000000000000005604580000
1,3337,0,133480,6,1,0,2,0,0,0,0,0,0,1110,88,0,68090200060100020000000000000000000000005604580000
1,3338,0,133520,6,1,0,2,0,0,0,0,0,0,1110,88,0,90090200060100020000000000000000000000005604580000
1,3339,0,133560,6,1,0,2,0,0,0,0,0,0,1110,88,0,b8090200060100020000000000000000000000005604580000
1,3340,0,133600,6,1,0,2,0,0,0,0,0,0,1110,88,0,e0090200060100020000000000000000000000005604580000
1,3341,0,133640,6,1,0,2,0,0,0,0,0,0,1110,88,0,080a0200060100020000000000000000000000005604580000
1,3342,0,133680,6,1,0,2,0,0,0,0,0,0,1110,88,0,300a0200060100020000000000000000000000005604580000
1,3343,0,133720,6,1,0,2,0,0,0,0,0,0,1110,88,0,580a0200060100020000000000000000000000005604580000
1,3344,0,133760,6,1,0,2,0,0,0,0,0,0,1110,88,0,800a0200060100020000000000000000000000005604580000
1,3345,0,133800,6,1,0,2,0,0,0,0,0,0,1110,88,0,a80a0200060100020000000000000000000000005604580000
1,3346,0,133840,6,1,0,2,0,0,0,0,0,0,1110,88,0,d00a0200060100020000000000000000000000005604580000
1,3347,0,133880,6,1,0,2,0,0,0,0,0,0,1110,88,0,f80a0200060100020000000000000000000000005604580000
1,3348,0,133920,6,1,0,2,0,0,0,0,0,0,1110,88,0,200b0200060100020000000000000000000000005604580000
1,3349,0,133960,6,1,0,2,0,0,0,0,0,0,1110,88,0,480b0200060100020000000000000000000000005604580000
1,3350,0,134000,6,1,0,2,0,0,0,0,0,0,1110,88,0,700b0200060100020000000000000000000000005604580000
1,3351,0,134040,6,1,0,2,0,0,0,0,0,0,1110,88,0,980b0200060100020000000000000000000000005604580000
1,3352,0,134080,6,1,0,2,0,0,0,0,0,0,1110,88,0,c00b0200060100020000000000000000000000005604580000
1,3353,0,134120,6,1,0,2,0,0,0,0,0,0,1110,88,0,e80b0200060100020000000000000000000000005604580000
1,3354,0,134160,6,1,0,2,0,0,0,0,0,0,1110,88,0,100c0200060100020000000000000000000000005604580000
1,3355,0,134200,6,1,0,2,0,0,0,0,0,0,1110,88,0,380c0200060100020000000000000000000000005604580000
1,3356,0,134240,6,1,0,2,0,0,0,0,0,0,1110,88,0,600c0200060100020000000000000000000000005604580000
1,3357,0,134280,6,1,0,2,0,0,0,0,0,0,1110,88,0,880c0200060100020000000000000000000000005604580000
1,3358,0,134320,6,1,0,2,0,0,0,0,0,0,1110,88,0,b00c0200060100020000000000000000000000005604580000
1,3359,0,134360,6,1,0,2,0,0,0,0,0,0,1110,88,0,d80c0200060100020000000000000000000000005604580000
1,3360,0,134400,6,1,0,2,0,0,0,0,0,0,1110,88,0,000d0200060100020000000000000000000000005604580000
1,3361,0,134440,6,1,0,2,0,0,0,0,0,0,1110,88,0,280d0200060100020000000000000000000000005604580000
1,3362,0,134480,6,1,0,2,0,0,0,0,0,0,1110,88,0,500d0200060100020000000000000000000000005604580000
1,3363,0,134520,6,1,0,2,0,0,0,0,0,0,1110,88,0,780d0200060100020000000000000000000000005604580000
1,3364,0,134560,6,1,0,2,0,0,0,0,0,0,1110,88,0,a00d0200060100020000000000000000000000005604580000
1,3365,0,134600,6,1,0,2,0,0,0,0,0,0,1110,88,0,c80d0200060100020000000000000000000000005604580000
1,3366,0,134640,6,1,0,2,0,0,0,0,0,0,1110,88,0,f00d0200060100020000000000000000000000005604580000
1,3367,0,134680,6,1,0,2,0,0,0,0,0,0,1110,88,0,180e0200060100020000000000000000000000005604580000
1,3368,0,134720,6,1,0,2,0,0,0,0,0,0,1110,88,0,400e0200060100020000000000000000000000005604580000
1,3369,0,134760,6,1,0,2,0,0,0,0,0,0,1110,88,0,680e0200060100020000000000000000000000005604580000
1,3370,0,134800,6,1,0,2,0,0,0,0,0,0,1110,88,0,900e0200060100020000000000000000000000005604580000
1,3371,0,134840,6,1,0,2,0,0,0,0,0,0,1110,88,0,b80e0200060100020000000000000000000000005604580000
1,3372,0,134880,6,1,0,2,0,0,0,0,0,0,1110,88,0,e00e0200060100020000000000000000000000005604580000
1,3373,0,134920,6,1,0,2,0,0,0,0,0,0,1110,88,0,080f0200060100020000000000000000000000005604580000
1,3374,0,134960,6,1,0,2,0,0,0,0,0,0,1110,88,0,300f0200060100020000000000000000000000005604580000
1,3375,0,135000,6,1,0,2,0,0,0,0,0,0,1110,88,0,580f0200060100020000000000000000000000005604580000
1,3376,0,135040,6,1,0,2,0,0,0,0,0,0,1110,88,0,800f0200060100020000000000000000000000005604580000
1,3377,0,135080,6,1,0,2,0,0,0,0,0,0,1110,88,0,a80f0200060100020000000000000000000000005604580000
1,3378,0,135120,6,1,0,2,0,0,0,0,0,0,1110,88,0,d00f0200060100020000000000000000000000005604580000
1,3379,0,135160,6,1,0,2,0,0,0,0,0,0,1110,88,0,f80f0200060100020000000000000000000000005604580000
1,3380,0,135200,6,1,0,2,0,0,0,0,0,0,1110,88,0,20100200060100020000000000000000000000005604580000
1,3381,0,135240,6,1,0,2,0,0,0,0,0,0,1110,88,0,48100200060100020000000000000000000000005604580000
1,3382,0,135280,6,1,0,2,0,0,0,0,0,0,1110,88,0,70100200060100020000000000000000000000005604580000
1,3383,0,135320,6,1,0,2,0,0,0,0,0,0,1110,88,0,98100200060100020000000000000000000000005604580000
1,3384,0,135360,6,1,0,2,0,0,0,0,0,0,1110,88,0,c0100200060100020000000000000000000000005604580000
1,3385,0,135400,6,1,0,2,0,0,0,0,0,0,1110,88,0,e8100200060100020000000000000000000000005604580000
1,3386,0,135440,6,1,0,2,0,0,0,0,0,0,1110,88,0,10110200060100020000000000000000000000005604580000
1,3387,0,135480,6,1,0,2,0,0,0,0,0,0,1110,88,0,38110200060100020000000000000000000000005604580000
1,3388,0,135520,6,1,0,2,0,0,0,0,0,0,1110,88,0,60110200060100020000000000000000000000005604580000
1,3389,0,135560,6,1,0,2,0,0,0,0,0,0,1110,88,0,88110200060100020000000000000000000000005604580000
1,3390,0,135600,6,1,0,2,0,0,0,0,0,0,1110,88,0,b0110200060100020000000000000000000000005604580000
1,3391,0,135640,6,1,0,2,0,0,0,0,0,0,1110,88,0,d8110200060100020000000000000000000000005604580000
1,3392,0,135680,6,1,0,2,0,0,0,0,0,0,1110,88,0,00120200060100020000000000000000000000005604580000
1,3393,0,135720,6,1,0,2,0,0,0,0,0,0,1110,88,0,28120200060100020000000000000000000000005604580000
1,3394,0,135760,6,1,0,2,0,0,0,0,0,0,1110,88,0,50120200060100020000000000000000000000005604580000
1,3395,0,135800,6,1,0,2,0,0,0,0,0,0,1110,88,0,78120200060100020000000000000000000000005604580000
1,3396,0,135840,6,1,0,2,0,0,0,0,0,0,1110,88,0,a0120200060100020000000000000000000000005604580000
1,3397,0,135880,6,1,0,2,0,0,0,0,0,0,1110,88,0,c8120200060100020000000000000000000000005604580000
1,3398,0,135920,6,1,0,2,0,0,0,0,0,0,1110,88,0,f0120200060100020000000000000000000000005604580000
1,3399,0,135960,6,1,0,2,0,0,0,0,0,0,1110,88,0,18130200060100020000000000000000000000005604580000
1,3400,0,136000,6,1,0,2,0,0,0,0,0,0,1110,88,0,40130200060100020000000000000000000000005604580000
1,3401,0,136040,6,1,0,2,0,0,0,0,0,0,1110,88,0,68130200060100020000000000000000000000005604580000
1,3402,0,136080,6,1,0,2,0,0,0,0,0,0,1110,88,0,90130200060100020000000000000000000000005604580000
1,3403,0,136120,6,1,0,2,0,0,0,0,0,0,1110,88,0,b8130200060100020000000000000000000000005604580000
1,3404,0,136160,6,1,0,2,0,0,0,0,0,0,1110,88,0,e0130200060100020000000000000000000000005604580000
1,3405,0,136200,6,1,0,2,0,0,0,0,0,0,1110,88,0,08140200060100020000000000000000000000005604580000
1,3406,0,136240,6,1,0,2,0,0,0,0,0,0,1110,88,0,30140200060100020000000000000000000000005604580000
1,3407,0,136280,6,1,0,2,0,0,0,0,0,0,1110,88,0,58140200060100020000000000000000000000005604580000
1,3408,0,136320,6,1,0,2,0,0,0,0,0,0,1110,88,0,80140200060100020000000000000000000000005604580000
1,3409,0,136360,6,1,0,2,0,0,0,0,0,0,1110,88,0,a8140200060100020000000000000000000000005604580000
1,3410,0,136400,6,1,0,2,0,0,0,0,0,0,1110,88,0,d0140200060100020000000000000000000000005604580000
1,3411,0,136440,6,1,0,2,0,0,0,0,0,0,1110,88,0,f8140200060100020000000000000000000000005604580000
1,3412,0,136480,6,1,0,2,0,0,0,0,0,0,1110,88,0,20150200060100020000000000000000000000005604580000
1,3413,0,136520,6,1,0,2,0,0,0,0,0,0,1110,88,0,48150200060100020000000000000000000000005604580000
1,3414,0,136560,6,1,0,2,0,0,0,0,0,0,1110,88,0,70150200060100020000000000000000000000005604580000
1,3415,0,136600,6,1,0,2,0,0,0,0,0,0,1110,88,0,98150200060100020000000000000000000000005604580000
1,3416,0,136640,6,1,0,2,0,0,0,0,0,0,1110,88,0,c0150200060100020000000000000000000000005604580000
1,3417,0,136680,6,1,0,2,0,0,0,0,0,0,1110,88,0,e8150200060100020000000000000000000000005604580000
1,3418,0,136720,6,1,0,2,0,0,0,0,0,0,1110,88,0,10160200060100020000000000000000000000005604580000
1,3419,0,136760,6,1,0,2,0,0,0,0,0,0,1110,88,0,38160200060100020000000000000000000000005604580000
1,3420,0,136800,6,1,0,2,0,0,0,0,0,0,1110,88,0,60160200060100020000000000000000000000005604580000
1,3421,0,136840,6,1,0,2,0,0,0,0,0,0,1110,88,0,88160200060100020000000000000000000000005604580000
1,3422,0,136880,6,1,0,2,0,0,0,0,0,0,1110,88,0,b0160200060100020000000000000000000000005604580000
1,3423,0,136920,6,1,0,2,0,0,0,0,0,0,1110,88,0,d8160200060100020000000000000000000000005604580000
1,3424,0,136960,6,1,0,2,0,0,0,0,0,0,1110,88,0,00170200060100020000000000000000000000005604580000
1,3425,0,137000,6,1,0,2,0,0,0,0,0,0,1110,88,0,28170200060100020000000000000000000000005604580000
1,3426,0,137040,6,1,0,2,0,0,0,0,0,0,1110,88,0,50170200060100020000000000000000000000005604580000
1,3427,0,137080,6,1,0,2,0,0,0,0,0,0,1110,88,0,78170200060100020000000000000000000000005604580000
1,3428,0,137120,6,1,0,2,0,0,0,0,0,0,1110,88,0,a0170200060100020000000000000000000000005604580000
1,3429,0,137160,6,1,0,2,0,0,0,0,0,0,1110,88,0,c8170200060100020000000000000000000000005604580000
1,3430,0,137200,6,1,0,2,0,0,0,0,0,0,1110,88,0,f0170200060100020000000000000000000000005604580000
1,3431,0,137240,6,1,0,2,0,0,0,0,0,0,1110,88,0,18180200060100020000000000000000000000005604580000
1,3432,0,137280,6,1,0,2,0,0,0,0,0,0,1110,88,0,40180200060100020000000000000000000000005604580000
1,3433,0,137320,6,1,0,2,0,0,0,0,0,0,1110,88,0,68180200060100020000000000000000000000005604580000
1,3434,0,137360,6,1,0,2,0,0,0,0,0,0,1110,88,0,90180200060100020000000000000000000000005604580000
1,3435,0,137400,6,1,0,2,0,0,0,0,0,0,1110,88,0,b8180200060100020000000000000000000000005604580000
1,3436,0,137440,6,1,0,2,0,0,0,0,0,0,1110,88,0,e0180200060100020000000000000000000000005604580000
1,3437,0,137480,6,1,0,2,0,0,0,0,0,0,1110,88,0,08190200060100020000000000000000000000005604580000
1,3438,0,137520,6,1,0,2,0,0,0,0,0,0,1110,88,0,30190200060100020000000000000000000000005604580000
1,3439,0,137560,6,1,0,2,0,0,0,0,0,0,1110,88,0,58190200060100020000000000000000000000005604580000
1,3440,0,137600,6,1,0,2,0,0,0,0,0,0,1110,88,0,80190200060100020000000000000000000000005604580000
1,3441,0,137640,6,1,0,2,0,0,0,0,0,0,1110,88,0,a8190200060100020000000000000000000000005604580000
1,3442,0,137680,6,1,0,2,0,0,0,0,0,0,1110,88,0,d0190200060100020000000000000000000000005604580000
1,3443,0,137720,6,1,0,2,0,0,0,0,0,0,1110,88,0,f8190200060100020000000000000000000000005604580000
1,3444,0,137760,6,1,0,2,0,0,0,0,0,0,1110,88,0,201a0200060100020000000000000000000000005604580000
1,3445,0,137800,6,1,0,2,0,0,0,0,0,0,1110,88,0,481a0200060100020000000000000000000000005604580000
1,3446,0,137840,6,1,0,2,0,0,0,0,0,0,1110,88,0,701a0200060100020000000000000000000000005604580000
1,3447,0,137880,6,1,0,2,0,0,0,0,0,0,1110,88,0,981a0200060100020000000000000000000000005604580000
1,3448,0,137920,6,1,0,2,0,0,0,0,0,0,1110,88,0,c01a0200060100020000000000000000000000005604580000
1,3449,0,137960,6,1,0,2,0,0,0,0,0,0,1110,88,0,e81a0200060100020000000000000000000000005604580000
1,3450,0,138000,6,1,0,2,0,0,0,0,0,0,1110,88,0,101b0200060100020000000000000000000000005604580000
1,3451,0,138040,6,1,0,2,0,0,0,0,0,0,1110,88,0,381b0200060100020000000000000000000000005604580000
1,3452,0,138080,6,1,0,2,0,0,0,0,0,0,1110,88,0,601b0200060100020000000000000000000000005604580000
1,3453,0,138120,6,1,0,2,0,0,0,0,0,0,1110,88,0,881b0200060100020000000000000000000000005604580000
1,3454,0,138160,6,1,0,2,0,0,0,0,0,0,1110,88,0,b01b0200060100020000000000000000000000005604580000
1,3455,0,138200,6,1,0,2,0,0,0,0,0,0,1110,88,0,d81b0200060100020000000000000000000000005604580000
1,3456,0,138240,6,1,0,2,0,0,0,0,0,0,1110,88,0,001c0200060100020000000000000000000000005604580000
1,3457,0,138280,6,1,0,2,0,0,0,0,0,0,1110,88,0,281c0200060100020000000000000000000000005604580000
1,3458,0,138320,6,1,0,2,0,0,0,0,0,0,1110,88,0,501c0200060100020000000000000000000000005604580000
1,3459,0,138360,6,1,0,2,0,0,0,0,0,0,1110,88,0,781c0200060100020000000000000000000000005604580000
1,3460,0,138400,6,1,0,2,0,0,0,0,0,0,1110,88,0,a01c0200060100020000000000000000000000005604580000
1,3461,0,138440,6,1,0,2,0,0,0,0,0,0,1110,88,0,c81c0200060100020000000000000000000000005604580000
1,3462,0,138480,6,1,0,2,0,0,0,0,0,0,1110,88,0,f01c0200060100020000000000000000000000005604580000
1,3463,0,138520,6,1,0,2,0,0,0,0,0,0,1110,88,0,181d0200060100020000000000000000000000005604580000
1,3464,0,138560,6,1,0,2,0,0,0,0,0,0,1110,88,0,401d0200060100020000000000000000000000005604580000
1,3465,0,138600,6,1,0,2,0,0,0,0,0,0,1110,88,0,681d0200060100020000000000000000000000005604580000
1,3466,0,138640,6,1,0,2,0,0,0,0,0,0,1110,88,0,901d0200060100020000000000000000000000005604580000
1,3467,0,138680,6,1,0,2,0,0,0,0,0,0,1110,88,0,b81d0200060100020000000000000000000000005604580000
1,3468,0,138720,6,1,0,2,0,0,0,0,0,0,1110,88,0,e01d0200060100020000000000000000000000005604580000
1,3469,0,138760,6,1,0,2,0,0,0,0,0,0,1110,88,0,081e0200060100020000000000000000000000005604580000
1,3470,0,138800,6,1,0,2,0,0,0,0,0,0,1110,88,0,301e0200060100020000000000000000000000005604580000
1,3471,0,138840,6,1,0,2,0,0,0,0,0,0,1110,88,0,581e0200060100020000000000000000000000005604580000
1,3472,0,138880,6,1,0,2,0,0,0,0,0,0,1110,88,0,801e0200060100020000000000000000000000005604580000
1,3473,0,138920,6,1,0,2,0,0,0,0,0,0,1110,88,0,a81e0200060100020000000000000000000000005604580000
1,3474,0,138960,6,1,0,2,0,0,0,0,0,0,1110,88,0,d01e0200060100020000000000000000000000005604580000
1,3475,0,139000,6,1,0,2,0,0,0,0,0,0,1110,88,0,f81e0200060100020000000000000000000000005604580000
1,3476,0,139040,6,1,0,2,0,0,0,0,0,0,1110,88,0,201f0200060100020000000000000000000000005604580000
1,3477,0,139080,6,1,0,2,0,0,0,0,0,0,1110,88,0,481f0200060100020000000000000000000000005604580000
1,3478,0,139120,6,1,0,2,0,0,0,0,0,0,1110,88,0,701f0200060100020000000000000000000000005604580000
1,3479,0,139160,6,1,0,2,0,0,0,0,0,0,1110,88,0,981f0200060100020000000000000000000000005604580000
1,3480,0,139200,6,1,0,2,0,0,0,0,0,0,1110,88,0,c01f0200060100020000000000000000000000005604580000
1,3481,0,139240,6,1,0,2,0,0,0,0,0,0,1110,88,0,e81f0200060100020000000000000000000000005604580000
1,3482,0,139280,6,1,0,2,0,0,0,0,0,0,1110,88,0,10200200060100020000000000000000000000005604580000
1,3483,0,139320,6,1,0,2,0,0,0,0,0,0,1110,88,0,38200200060100020000000000000000000000005604580000
1,3484,0,139360,6,1,0,2,0,0,0,0,0,0,1110,88,0,60200200060100020000000000000000000000005604580000
1,3485,0,139400,6,1,0,2,0,0,0,0,0,0,1110,88,0,88200200060100020000000000000000000000005604580000
1,3486,0,139440,6,1,0,2,0,0,0,0,0,0,1110,88,0,b0200200060100020000000000000000000000005604580000
1,3487,0,139480,6,1,0,2,0,0,0,0,0,0,1110,88,0,d8200200060100020000000000000000000000005604580000
1,3488,0,139520,6,1,0,2,0,0,0,0,0,0,1110,88,0,00210200060100020000000000000000000000005604580000
1,3489,0,139560,6,1,0,2,0,0,0,0,0,0,1110,88,0,28210200060100020000000000000000000000005604580000
1,3490,0,139600,6,1,0,2,0,0,0,0,0,0,1110,88,0,50210200060100020000000000000000000000005604580000
1,3491,0,139640,6,1,0,2,0,0,0,0,0,0,1110,88,0,78210200060100020000000000000000000000005604580000
1,3492,0,139680,6,1,0,2,0,0,0,0,0,0,1110,88,0,a0210200060100020000000000000000000000005604580000
1,3493,0,139720,6,1,0,2,0,0,0,0,0,0,1110,88,0,c8210200060100020000000000000000000000005604580000
1,3494,0,139760,6,1,0,2,0,0,0,0,0,0,1110,88,0,f0210200060100020000000000000000000000005604580000
1,3495,0,139800,6,1,0,2,0,0,0,0,0,0,1110,88,0,18220200060100020000000000000000000000005604580000
1,3496,0,139840,6,1,0,2,0,0,0,0,0,0,1110,88,0,40220200060100020000000000000000000000005604580000
1,3497,0,139880,6,1,0,2,0,0,0,0,0,0,1110,88,0,68220200060100020000000000000000000000005604580000
1,3498,0,139920,6,1,0,2,0,0,0,0,0,0,1110,88,0,90220200060100020000000000000000000000005604580000
1,3499,0,139960,6,1,0,2,0,0,0,0,0,0,1110,88,0,b8220200060100020000000000000000000000005604580000
1,3500,0,140000,6,1,0,2,0,0,0,0,0,0,1110,88,0,e0220200060100020000000000000000000000005604580000
1,3501,0,140040,6,1,0,2,0,0,0,0,0,0,1110,88,0,08230200060100020000000000000000000000005604580000
1,3502,0,140080,6,1,0,2,0,0,0,0,0,0,1110,88,0,30230200060100020000000000000000000000005604580000
1,3503,0,140120,6,1,0,2,0,0,0,0,0,0,1110,88,0,58230200060100020000000000000000000000005604580000
1,3504,0,140160,6,1,0,2,0,0,0,0,0,0,1110,88,0,80230200060100020000000000000000000000005604580000
1,3505,0,140200,6,1,0,2,0,0,0,0,0,0,1110,88,0,a8230200060100020000000000000000000000005604580000
1,3506,0,140240,6,1,0,2,0,0,0,0,0,0,1110,88,0,d0230200060100020000000000000000000000005604580000
1,3507,0,140280,6,1,0,2,0,0,0,0,0,0,1110,88,0,f8230200060100020000000000000000000000005604580000
1,3508,0,140320,6,1,0,2,0,0,0,0,0,0,1110,88,0,20240200060100020000000000000000000000005604580000
1,3509,0,140360,6,1,0,2,0,0,0,0,0,0,1110,88,0,48240200060100020000000000000000000000005604580000
1,3510,0,140400,6,1,0,2,0,0,0,0,0,0,1110,88,0,70240200060100020000000000000000000000005604580000
1,3511,0,140440,6,1,0,2,0,0,0,0,0,0,1110,88,0,98240200060100020000000000000000000000005604580000
1,3512,0,140480,6,1,0,2,0,0,0,0,0,0,1110,88,0,c0240200060100020000000000000000000000005604580000
1,3513,0,140520,6,1,0,2,0,0,0,0,0,0,1110,88,0,e8240200060100020000000000000000000000005604580000
1,3514,0,140560,6,1,0,2,0,0,0,0,0,0,1110,88,0,10250200060100020000000000000000000000005604580000
1,3515,0,140600,6,1,0,2,0,0,0,0,0,0,1110,88,0,38250200060100020000000000000000000000005604580000
1,3516,0,140640,6,1,0,2,0,0,0,0,0,0,1110,88,0,60250200060100020000000000000000000000005604580000
1,3517,0,140680,6,1,0,2,0,0,0,0,0,0,1110,88,0,88250200060100020000000000000000000000005604580000
1,3518,0,140720,6,1,0,2,0,0,0,0,0,0,1110,88,0,b0250200060100020000000000000000000000005604580000
1,3519,0,140760,6,1,0,2,0,0,0,0,0,0,1110,88,0,d8250200060100020000000000000000000000005604580000
1,3520,0,140800,6,1,0,2,0,0,0,0,0,0,1110,88,0,00260200060100020000000000000000000000005604580000
1,3521,0,140840,6,1,0,2,0,0,0,0,0,0,1110,88,0,28260200060100020000000000000000000000005604580000
1,3522,0,140880,6,1,0,2,0,0,0,0,0,0,1110,88,0,50260200060100020000000000000000000000005604580000
1,3523,0,140920,6,1,0,2,0,0,0,0,0,0,1110,88,0,78260200060100020000000000000000000000005604580000
1,3524,0,140960,6,1,0,2,0,0,0,0,0,0,1110,88,0,a0260200060100020000000000000000000000005604580000
1,3525,0,141000,6,1,0,2,0,0,0,0,0,0,1110,88,0,c8260200060100020000000000000000000000005604580000
1,3526,0,141040,6,1,0,2,0,0,0,0,0,0,1110,88,0,f0260200060100020000000000000000000000005604580000
1,3527,0,141080,6,1,0,2,0,0,0,0,0,0,1110,88,0,18270200060100020000000000000000000000005604580000
1,3528,0,141120,6,1,0,2,0,0,0,0,0,0,1110,88,0,40270200060100020000000000000000000000005604580000
1,3529,0,141160,6,1,0,2,0,0,0,0,0,0,1110,88,0,68270200060100020000000000000000000000005604580000
1,3530,0,141200,6,1,0,2,0,0,0,0,0,0,1110,88,0,90270200060100020000000000000000000000005604580000
1,3531,0,141240,6,1,0,2,0,0,0,0,0,0,1110,88,0,b8270200060100020000000000000000000000005604580000
1,3532,0,141280,6,1,0,2,0,0,0,0,0,0,1110,88,0,e0270200060100020000000000000000000000005604580000
1,3533,0,141320,6,1,0,2,0,0,0,0,0,0,1110,88,0,08280200060100020000000000000000000000005604580000
1,3534,0,141360,6,1,0,2,0,0,0,0,0,0,1110,88,0,30280200060100020000000000000000000000005604580000
1,3535,0,141400,6,1,0,2,0,0,0,0,0,0,1110,88,0,58280200060100020000000000000000000000005604580000
1,3536,0,141440,6,1,0,2,0,0,0,0,0,0,1110,88,0,80280200060100020000000000000000000000005604580000
1,3537,0,141480,6,1,0,2,0,0,0,0,0,0,1110,88,0,a8280200060100020000000000000000000000005604580000
1,3538,0,141520,6,1,0,2,0,0,0,0,0,0,1110,88,0,d0280200060100020000000000000000000000005604580000
1,3539,0,141560,6,1,0,2,0,0,0,0,0,0,1110,88,0,f8280200060100020000000000000000000000005604580000
1,3540,0,141600,6,1,0,2,0,0,0,0,0,0,1110,88,0,20290200060100020000000000000000000000005604580000
1,3541,0,141640,6,1,0,2,0,0,0,0,0,0,1110,88,0,48290200060100020000000000000000000000005604580000
1,3542,0,141680,6,1,0,2,0,0,0,0,0,0,1110,88,0,70290200060100020000000000000000000000005604580000
1,3543,0,141720,6,1,0,2,0,0,0,0,0,0,1110,88,0,98290200060100020000000000000000000000005604580000
1,3544,0,141760,6,1,0,2,0,0,0,0,0,0,1110,88,0,c0290200060100020000000000000000000000005604580000
1,3545,0,141800,6,1,0,2,0,0,0,0,0,0,1110,88,0,e8290200060100020000000000000000000000005604580000
1,3546,0,141840,6,1,0,2,0,0,0,0,0,0,1110,88,0,102a0200060100020000000000000000000000005604580000
1,3547,0,141880,6,1,0,2,0,0,0,0,0,0,1110,88,0,382a0200060100020000000000000000000000005604580000
1,3548,0,141920,6,1,0,2,0,0,0,0,0,0,1110,88,0,602a0200060100020000000000000000000000005604580000
1,3549,0,141960,6,1,0,2,0,0,0,0,0,0,1110,88,0,882a0200060100020000000000000000000000005604580000
1,3550,0,142000,6,1,0,2,0,0,0,0,0,0,1110,88,0,b02a0200060100020000000000000000000000005604580000
1,3551,0,142040,6,1,0,2,0,0,0,0,0,0,1110,88,0,d82a0200060100020000000000000000000000005604580000
1,3552,0,142080,6,1,0,2,0,0,0,0,0,0,1110,88,0,002b0200060100020000000000000000000000005604580000
1,3553,0,142120,6,1,0,2,0,0,0,0,0,0,1110,88,0,282b0200060100020000000000000000000000005604580000
1,3554,0,142160,6,1,0,2,0,0,0,0,0,0,1110,88,0,502b0200060100020000000000000000000000005604580000
1,3555,0,142200,6,1,0,2,0,0,0,0,0,0,1110,88,0,782b0200060100020000000000000000000000005604580000
1,3556,0,142240,6,1,0,2,0,0,0,0,0,0,1110,88,0,a02b0200060100020000000000000000000000005604580000
1,3557,0,142280,6,1,0,2,0,0,0,0,0,0,1110,88,0,c82b0200060100020000000000000000000000005604580000
1,3558,0,142320,6,1,0,2,0,0,0,0,0,0,1110,88,0,f02b0200060100020000000000000000000000005604580000
1,3559,0,142360,6,1,0,2,0,0,0,0,0,0,1110,88,0,182c0200060100020000000000000000000000005604580000
1,3560,0,142400,6,1,0,2,0,0,0,0,0,0,1110,88,0,402c0200060100020000000000000000000000005604580000
1,3561,0,142440,6,1,0,2,0,0,0,0,0,0,1110,88,0,682c0200060100020000000000000000000000005604580000
1,3562,0,142480,6,1,0,2,0,0,0,0,0,0,1110,88,0,902c0200060100020000000000000000000000005604580000
1,3563,0,142520,6,1,0,2,0,0,0,0,0,0,1110,88,0,b82c0200060100020000000000000000000000005604580000
1,3564,0,142560,6,1,0,2,0,0,0,0,0,0,1110,88,0,e02c0200060100020000000000000000000000005604580000
1,3565,0,142600,6,1,0,2,0,0,0,0,0,0,1110,88,0,082d0200060100020000000000000000000000005604580000
1,3566,0,142640,6,1,0,2,0,0,0,0,0,0,1110,88,0,302d0200060100020000000000000000000000005604580000
1,3567,0,142680,6,1,0,2,0,0,0,0,0,0,1110,88,0,582d0200060100020000000000000000000000005604580000
1,3568,0,142720,6,1,0,2,0,0,0,0,0,0,1110,88,0,802d0200060100020000000000000000000000005604580000
1,3569,0,142760,6,1,0,2,0,0,0,0,0,0,1110,88,0,a82d0200060100020000000000000000000000005604580000
1,3570,0,142800,6,1,0,2,0,0,0,0,0,0,1110,88,0,d02d0200060100020000000000000000000000005604580000
1,3571,0,142840,6,1,0,2,0,0,0,0,0,0,1110,88,0,f82d0200060100020000000000000000000000005604580000
1,3572,0,142880,6,1,0,2,0,0,0,0,0,0,1110,88,0,202e0200060100020000000000000000000000005604580000
1,3573,0,142920,6,1,0,2,0,0,0,0,0,0,1110,88,0,482e0200060100020000000000000000000000005604580000
1,3574,0,142960,6,1,0,2,0,0,0,0,0,0,1110,88,0,702e0200060100020000000000000000000000005604580000
1,3575,0,143000,6,1,0,2,0,0,0,0,0,0,1110,88,0,982e0200060100020000000000000000000000005604580000
1,3576,0,143040,6,1,0,2,0,0,0,0,0,0,1110,88,0,c02e0200060100020000000000000000000000005604580000
1,3577,0,143080,6,1,0,2,0,0,0,0,0,0,1110,88,0,e82e0200060100020000000000000000000000005604580000
1,3578,0,143120,6,1,0,2,0,0,0,0,0,0,1110,88,0,102f0200060100020000000000000000000000005604580000
1,3579,0,143160,6,1,0,2,0,0,0,0,0,0,1110,88,0,382f0200060100020000000000000000000000005604580000
1,3580,0,143200,6,1,0,2,0,0,0,0,0,0,1110,88,0,602f0200060100020000000000000000000000005604580000
1,3581,0,143240,6,1,0,2,0,0,0,0,0,0,1110,88,0,882f0200060100020000000000000000000000005604580000
1,3582,0,143280,6,1,0,2,0,0,0,0,0,0,1110,88,0,b02f0200060100020000000000000000000000005604580000
1,3583,0,143320,6,1,0,2,0,0,0,0,0,0,1110,88,0,d82f0200060100020000000000000000000000005604580000
1,3584,0,143360,6,1,0,2,0,0,0,0,0,0,1110,88,0,00300200060100020000000000000000000000005604580000
1,3585,0,143400,6,1,0,2,0,0,0,0,0,0,1110,88,0,28300200060100020000000000000000000000005604580000
1,3586,0,143440,6,1,0,2,0,0,0,0,0,0,1110,88,0,50300200060100020000000000000000000000005604580000
1,3587,0,143480,6,1,0,2,0,0,0,0,0,0,1110,88,0,78300200060100020000000000000000000000005604580000
1,3588,0,143520,6,1,0,2,0,0,0,0,0,0,1110,88,0,a0300200060100020000000000000000000000005604580000
1,3589,0,143560,6,1,0,2,0,0,0,0,0,0,1110,88,0,c8300200060100020000000000000000000000005604580000
1,3590,0,143600,6,1,0,2,0,0,0,0,0,0,1110,88,0,f0300200060100020000000000000000000000005604580000
1,3591,0,143640,6,1,0,2,0,0,0,0,0,0,1110,88,0,18310200060100020000000000000000000000005604580000
1,3592,0,143680,6,1,0,2,0,0,0,0,0,0,1110,88,0,40310200060100020000000000000000000000005604580000
1,3593,0,143720,6,1,0,2,0,0,0,0,0,0,1110,88,0,68310200060100020000000000000000000000005604580000
1,3594,0,143760,6,1,0,2,0,0,0,0,0,0,1110,88,0,90310200060100020000000000000000000000005604580000
1,3595,0,143800,6,1,0,2,0,0,0,0,0,0,1110,88,0,b8310200060100020000000000000000000000005604580000
1,3596,0,143840,6,1,0,2,0,0,0,0,0,0,1110,88,0,e0310200060100020000000000000000000000005604580000
1,3597,0,143880,6,1,0,2,0,0,0,0,0,0,1110,88,0,08320200060100020000000000000000000000005604580000
1,3598,0,143920,6,1,0,2,0,0,0,0,0,0,1110,88,0,30320200060100020000000000000000000000005604580000
1,3599,0,143960,6,1,0,2,0,0,0,0,0,0,1110,88,0,58320200060100020000000000000000000000005604580000
1,3600,0,144000,6,1,0,2,0,0,0,0,0,0,1110,88,0,80320200060100020000000000000000000000005604580000
1,3601,0,144040,6,1,0,2,0,0,0,0,0,0,1110,88,0,a8320200060100020000000000000000000000005604580000
1,3602,0,144080,6,1,0,2,0,0,0,0,0,0,1110,88,0,d0320200060100020000000000000000000000005604580000
1,3603,0,144120,6,1,0,2,0,0,0,0,0,0,1110,88,0,f8320200060100020000000000000000000000005604580000
1,3604,0,144160,6,1,0,2,0,0,0,0,0,0,1110,88,0,20330200060100020000000000000000000000005604580000
1,3605,0,144200,6,1,0,2,0,0,0,0,0,0,1110,88,0,48330200060100020000000000000000000000005604580000
1,3606,0,144240,6,1,0,2,0,0,0,0,0,0,1110,88,0,70330200060100020000000000000000000000005604580000
1,3607,0,144280,6,1,0,2,0,0,0,0,0,0,1110,88,0,98330200060100020000000000000000000000005604580000
1,3608,0,144320,6,1,0,2,0,0,0,0,0,0,1110,88,0,c0330200060100020000000000000000000000005604580000
1,3609,0,144360,6,1,0,2,0,0,0,0,0,0,1110,88,0,e8330200060100020000000000000000000000005604580000
1,3610,0,144400,6,1,0,2,0,0,0,0,0,0,1110,88,0,10340200060100020000000000000000000000005604580000
1,3611,0,144440,6,1,0,2,0,0,0,0,0,0,1110,88,0,38340200060100020000000000000000000000005604580000
1,3612,0,144480,6,1,0,2,0,0,0,0,0,0,1110,88,0,60340200060100020000000000000000000000005604580000
1,3613,0,144520,6,1,0,2,0,0,0,0,0,0,1110,88,0,88340200060100020000000000000000000000005604580000
1,3614,0,144560,6,1,0,2,0,0,0,0,0,0,1110,88,0,b0340200060100020000000000000000000000005604580000
1,3615,0,144600,6,1,0,2,0,0,0,0,0,0,1110,88,0,d8340200060100020000000000000000000000005604580000
1,3616,0,144640,6,1,0,2,0,0,0,0,0,0,1110,88,0,00350200060100020000000000000000000000005604580000
1,3617,0,144680,6,1,0,2,0,0,0,0,0,0,1110,88,0,28350200060100020000000000000000000000005604580000
1,3618,0,144720,6,1,0,2,0,0,0,0,0,0,1110,88,0,50350200060100020000000000000000000000005604580000
1,3619,0,144760,6,1,0,2,0,0,0,0,0,0,1110,88,0,78350200060100020000000000000000000000005604580000
1,3620,0,144800,6,1,0,2,0,0,0,0,0,0,1110,88,0,a0350200060100020000000000000000000000005604580000
1,3621,0,144840,6,1,0,2,0,0,0,0,0,0,1110,88,0,c8350200060100020000000000000000000000005604580000
1,3622,0,144880,6,1,0,2,0,0,0,0,0,0,1110,88,0,f0350200060100020000000000000000000000005604580000
1,3623,0,144920,6,1,0,2,0,0,0,0,0,0,1110,88,0,18360200060100020000000000000000000000005604580000
1,3624,0,144960,6,1,0,2,0,0,0,0,0,0,1110,88,0,40360200060100020000000000000000000000005604580000
1,3625,0,145000,6,1,0,2,0,0,0,0,0,0,1110,88,0,68360200060100020000000000000000000000005604580000
1,3626,0,145040,6,1,0,2,0,0,0,0,0,0,1110,88,0,90360200060100020000000000000000000000005604580000
1,3627,0,145080,6,1,0,2,0,0,0,0,0,0,1110,88,0,b8360200060100020000000000000000000000005604580000
1,3628,0,145120,6,1,0,2,0,0,0,0,0,0,1110,88,0,e0360200060100020000000000000000000000005604580000
1,3629,0,145160,6,1,0,2,0,0,0,0,0,0,1110,88,0,08370200060100020000000000000000000000005604580000
1,3630,0,145200,6,1,0,2,0,0,0,0,0,0,1110,88,0,30370200060100020000000000000000000000005604580000
1,3631,0,145240,6,1,0,2,0,0,0,0,0,0,1110,88,0,58370200060100020000000000000000000000005604580000
1,3632,0,145280,6,1,0,2,0,0,0,0,0,0,1110,88,0,80370200060100020000000000000000000000005604580000
1,3633,0,145320,6,1,0,2,0,0,0,0,0,0,1110,88,0,a8370200060100020000000000000000000000005604580000
1,3634,0,145360,6,1,0,2,0,0,0,0,0,0,1110,88,0,d0370200060100020000000000000000000000005604580000
1,3635,0,145400,6,1,0,2,0,0,0,0,0,0,1110,88,0,f8370200060100020000000000000000000000005604580000
1,3636,0,145440,6,1,0,2,0,0,0,0,0,0,1110,88,0,20380200060100020000000000000000000000005604580000
1,3637,0,145480,6,1,0,2,0,0,0,0,0,0,1110,88,0,48380200060100020000000000000000000000005604580000
1,3638,0,145520,6,1,0,2,0,0,0,0,0,0,1110,88,0,70380200060100020000000000000000000000005604580000
1,3639,0,145560,6,1,0,2,0,0,0,0,0,0,1110,88,0,98380200060100020000000000000000000000005604580000
1,3640,0,145600,6,1,0,2,0,0,0,0,0,0,1110,88,0,c0380200060100020000000000000000000000005604580000
1,3641,0,145640,6,1,0,2,0,0,0,0,0,0,1110,88,0,e8380200060100020000000000000000000000005604580000
1,3642,0,145680,6,1,0,2,0,0,0,0,0,0,1110,88,0,10390200060100020000000000000000000000005604580000
1,3643,0,145720,6,1,0,2,0,0,0,0,0,0,1110,88,0,38390200060100020000000000000000000000005604580000
1,3644,0,145760,6,1,0,2,0,0,0,0,0,0,1110,88,0,60390200060100020000000000000000000000005604580000
1,3645,0,145800,6,1,0,2,0,0,0,0,0,0,1110,88,0,88390200060100020000000000000000000000005604580000
1,3646,0,145840,6,1,0,2,0,0,0,0,0,0,1110,88,0,b0390200060100020000000000000000000000005604580000
1,3647,0,145880,6,1,0,2,0,0,0,0,0,0,1110,88,0,d8390200060100020000000000000000000000005604580000
1,3648,0,145920,6,1,0,2,0,0,0,0,0,0,1110,88,0,003a0200060100020000000000000000000000005604580000
1,3649,0,145960,6,1,0,2,0,0,0,0,0,0,1110,88,0,283a0200060100020000000000000000000000005604580000
1,3650,0,146000,6,1,0,2,0,0,0,0,0,0,1110,88,0,503a0200060100020000000000000000000000005604580000
1,3651,0,146040,6,1,0,2,0,0,0,0,0,0,1110,88,0,783a0200060100020000000000000000000000005604580000
1,3652,0,146080,6,1,0,2,0,0,0,0,0,0,1110,88,0,a03a0200060100020000000000000000000000005604580000
1,3653,0,146120,6,1,0,2,0,0,0,0,0,0,1110,88,0,c83a0200060100020000000000000000000000005604580000
1,3654,0,146160,6,1,0,2,0,0,0,0,0,0,1110,88,0,f03a0200060100020000000000000000000000005604580000
1,3655,0,146200,6,1,0,2,0,0,0,0,0,0,1110,88,0,183b0200060100020000000000000000000000005604580000
1,3656,0,146240,6,1,0,2,0,0,0,0,0,0,1110,88,0,403b0200060100020000000000000000000000005604580000
1,3657,0,146280,6,1,0,2,0,0,0,0,0,0,1110,88,0,683b0200060100020000000000000000000000005604580000
1,3658,0,146320,6,1,0,2,0,0,0,0,0,0,1110,88,0,903b0200060100020000000000000000000000005604580000
1,3659,0,146360,6,1,0,2,0,0,0,0,0,0,1110,88,0,b83b0200060100020000000000000000000000005604580000
1,3660,0,146400,6,1,0,2,0,0,0,0,0,0,1110,88,0,e03b0200060100020000000000000000000000005604580000
1,3661,0,146440,6,1,0,2,0,0,0,0,0,0,1110,88,0,083c0200060100020000000000000000000000005604580000
1,3662,0,146480,6,1,0,2,0,0,0,0,0,0,1110,88,0,303c0200060100020000000000000000000000005604580000
1,3663,0,146520,6,1,0,2,0,0,0,0,0,0,1110,88,0,583c0200060100020000000000000000000000005604580000
1,3664,0,146560,6,1,0,2,0,0,0,0,0,0,1110,88,0,803c0200060100020000000000000000000000005604580000
1,3665,0,146600,6,1,0,2,0,0,0,0,0,0,1110,88,0,a83c0200060100020000000000000000000000005604580000
1,3666,0,146640,6,1,0,2,0,0,0,0,0,0,1110,88,0,d03c0200060100020000000000000000000000005604580000
1,3667,0,146680,6,1,0,2,0,0,0,0,0,0,1110,88,0,f83c0200060100020000000000000000000000005604580000
1,3668,0,146720,6,1,0,2,0,0,0,0,0,0,1110,88,0,203d0200060100020000000000000000000000005604580000
1,3669,0,146760,6,1,0,2,0,0,0,0,0,0,1110,88,0,483d0200060100020000000000000000000000005604580000
1,3670,0,146800,6,1,0,2,0,0,0,0,0,0,1110,88,0,703d0200060100020000000000000000000000005604580000
1,3671,0,146840,6,1,0,2,0,0,0,0,0,0,1110,88,0,983d0200060100020000000000000000000000005604580000
1,3672,0,146880,6,1,0,2,0,0,0,0,0,0,1110,88,0,c03d0200060100020000000000000000000000005604580000
1,3673,0,146920,6,1,0,2,0,0,0,0,0,0,1110,88,0,e83d0200060100020000000000000000000000005604580000
1,3674,0,146960,6,1,0,2,0,0,0,0,0,0,1110,88,0,103e0200060100020000000000000000000000005604580000
1,3675,0,147000,6,1,0,2,0,0,0,0,0,0,1110,88,0,383e0200060100020000000000000000000000005604580000
1,3676,0,147040,6,1,0,2,0,0,0,0,0,0,1110,88,0,603e0200060100020000000000000000000000005604580000
1,3677,0,147080,6,1,0,2,0,0,0,0,0,0,1110,88,0,883e0200060100020000000000000000000000005604580000
1,3678,0,147120,6,1,0,2,0,0,0,0,0,0,1110,88,0,b03e0200060100020000000000000000000000005604580000
1,3679,0,147160,6,1,0,2,0,0,0,0,0,0,1110,88,0,d83e0200060100020000000000000000000000005604580000
1,3680,0,147200,6,1,0,2,0,0,0,0,0,0,1110,88,0,003f0200060100020000000000000000000000005604580000
1,3681,0,147240,6,1,0,2,0,0,0,0,0,0,1110,88,0,283f0200060100020000000000000000000000005604580000
1,3682,0,147280,6,1,0,2,0,0,0,0,0,0,1110,88,0,503f0200060100020000000000000000000000005604580000
1,3683,0,147320,6,1,0,2,0,0,0,0,0,0,1110,88,0,783f0200060100020000000000000000000000005604580000
1,3684,0,147360,6,1,0,2,0,0,0,0,0,0,1110,88,0,a03f0200060100020000000000000000000000005604580000
1,3685,0,147400,6,1,0,2,0,0,0,0,0,0,1110,88,0,c83f0200060100020000000000000000000000005604580000
1,3686,0,147440,6,1,0,2,0,0,0,0,0,0,1110,88,0,f03f0200060100020000000000000000000000005604580000
1,3687,0,147480,6,1,0,2,0,0,0,0,0,0,1110,88,0,18400200060100020000000000000000000000005604580000
1,3688,0,147520,6,1,0,2,0,0,0,0,0,0,1110,88,0,40400200060100020000000000000000000000005604580000
1,3689,0,147560,6,1,0,2,0,0,0,0,0,0,1110,88,0,68400200060100020000000000000000000000005604580000
1,3690,0,147600,6,1,0,2,0,0,0,0,0,0,1110,88,0,90400200060100020000000000000000000000005604580000
1,3691,0,147640,6,1,0,2,0,0,0,0,0,0,1110,88,0,b8400200060100020000000000000000000000005604580000
1,3692,0,147680,6,1,0,2,0,0,0,0,0,0,1110,88,0,e0400200060100020000000000000000000000005604580000
1,3693,0,147720,6,1,0,2,0,0,0,0,0,0,1110,88,0,08410200060100020000000000000000000000005604580000
1,3694,0,147760,6,1,0,2,0,0,0,0,0,0,1110,88,0,30410200060100020000000000000000000000005604580000
1,3695,0,147800,6,1,0,2,0,0,0,0,0,0,1110,88,0,58410200060100020000000000000000000000005604580000
1,3696,0,147840,6,1,0,2,0,0,0,0,0,0,1110,88,0,80410200060100020000000000000000000000005604580000
1,3697,0,147880,6,1,0,2,0,0,0,0,0,0,1110,88,0,a8410200060100020000000000000000000000005604580000
1,3698,0,147920,6,1,0,2,0,0,0,0,0,0,1110,88,0,d0410200060100020000000000000000000000005604580000
1,3699,0,147960,6,1,0,2,0,0,0,0,0,0,1110,88,0,f8410200060100020000000000000000000000005604580000
1,3700,0,148000,6,1,0,2,0,0,0,0,0,0,1110,88,0,20420200060100020000000000000000000000005604580000
1,3701,0,148040,6,1,0,2,0,0,0,0,0,0,1110,88,0,48420200060100020000000000000000000000005604580000
1,3702,0,148080,6,1,0,2,0,0,0,0,0,0,1110,88,0,70420200060100020000000000000000000000005604580000
1,3703,0,148120,6,1,0,2,0,0,0,0,0,0,1110,88,0,98420200060100020000000000000000000000005604580000
1,3704,0,148160,6,1,0,2,0,0,0,0,0,0,1110,88,0,c0420200060100020000000000000000000000005604580000
1,3705,0,148200,6,1,0,2,0,0,0,0,0,0,1110,88,0,e8420200060100020000000000000000000000005604580000
1,3706,0,148240,6,1,0,2,0,0,0,0,0,0,1110,88,0,10430200060100020000000000000000000000005604580000
1,3707,0,148280,6,1,0,2,0,0,0,0,0,0,1110,88,0,38430200060100020000000000000000000000005604580000
1,3708,0,148320,6,1,0,2,0,0,0,0,0,0,1110,88,0,60430200060100020000000000000000000000005604580000
1,3709,0,148360,6,1,0,2,0,0,0,0,0,0,1110,88,0,88430200060100020000000000000000000000005604580000
1,3710,0,148400,6,1,0,2,0,0,0,0,0,0,1110,88,0,b0430200060100020000000000000000000000005604580000
1,3711,0,148440,6,1,0,2,0,0,0,0,0,0,1110,88,0,d8430200060100020000000000000000000000005604580000
1,3712,0,148480,6,1,0,2,0,0,0,0,0,0,1110,88,0,00440200060100020000000000000000000000005604580000
1,3713,0,148520,6,1,0,2,0,0,0,0,0,0,1110,88,0,28440200060100020000000000000000000000005604580000
1,3714,0,148560,6,1,0,2,0,0,0,0,0,0,1110,88,0,50440200060100020000000000000000000000005604580000
1,3715,0,148600,6,1,0,2,0,0,0,0,0,0,1110,88,0,78440200060100020000000000000000000000005604580000
1,3716,0,148640,6,1,0,2,0,0,0,0,0,0,1110,88,0,a0440200060100020000000000000000000000005604580000
1,3717,0,148680,6,1,0,2,0,0,0,0,0,0,1110,88,0,c8440200060100020000000000000000000000005604580000
1,3718,0,148720,6,1,0,2,0,0,0,0,0,0,1110,88,0,f0440200060100020000000000000000000000005604580000
1,3719,0,148760,6,1,0,2,0,0,0,0,0,0,1110,88,0,18450200060100020000000000000000000000005604580000
1,3720,0,148800,6,1,0,2,0,0,0,0,0,0,1110,88,0,40450200060100020000000000000000000000005604580000
1,3721,0,148840,6,1,0,2,0,0,0,0,0,0,1110,88,0,68450200060100020000000000000000000000005604580000
1,3722,0,148880,6,1,0,2,0,0,0,0,0,0,1110,88,0,90450200060100020000000000000000000000005604580000
1,3723,0,148920,6,1,0,2,0,0,0,0,0,0,1110,88,0,b8450200060100020000000000000000000000005604580000
1,3724,0,148960,6,1,0,2,0,0,0,0,0,0,1110,88,0,e0450200060100020000000000000000000000005604580000
1,3725,0,149000,6,1,0,2,0,0,0,0,0,0,1110,88,0,08460200060100020000000000000000000000005604580000
1,3726,0,149040,6,1,0,2,0,0,0,0,0,0,1110,88,0,30460200060100020000000000000000000000005604580000
1,3727,0,149080,6,1,0,2,0,0,0,0,0,0,1110,88,0,58460200060100020000000000000000000000005604580000
1,3728,0,149120,6,1,0,2,0,0,0,0,0,0,1110,88,0,80460200060100020000000000000000000000005604580000
1,3729,0,149160,6,1,0,2,0,0,0,0,0,0,1110,88,0,a8460200060100020000000000000000000000005604580000
1,3730,0,149200,6,1,0,2,0,0,0,0,0,0,1110,88,0,d0460200060100020000000000000000000000005604580000
1,3731,0,149240,6,1,0,2,0,0,0,0,0,0,1110,88,0,f8460200060100020000000000000000000000005604580000
1,3732,0,149280,6,1,0,2,0,0,0,0,0,0,1110,88,0,20470200060100020000000000000000000000005604580000
1,3733,0,149320,6,1,0,2,0,0,0,0,0,0,1110,88,0,48470200060100020000000000000000000000005604580000
1,3734,0,149360,6,1,0,2,0,0,0,0,0,0,1110,88,0,70470200060100020000000000000000000000005604580000
1,3735,0,149400,6,1,0,2,0,0,0,0,0,0,1110,88,0,98470200060100020000000000000000000000005604580000
1,3736,0,149440,6,1,0,2,0,0,0,0,0,0,1110,88,0,c0470200060100020000000000000000000000005604580000
1,3737,0,149480,6,1,0,2,0,0,0,0,0,0,1110,88,0,e8470200060100020000000000000000000000005604580000
1,3738,0,149520,6,1,0,2,0,0,0,0,0,0,1110,88,0,10480200060100020000000000000000000000005604580000
1,3739,0,149560,6,1,0,2,0,0,0,0,0,0,1110,88,0,38480200060100020000000000000000000000005604580000
1,3740,0,149600,6,1,0,2,0,0,0,0,0,0,1110,88,0,60480200060100020000000000000000000000005604580000
1,3741,0,149640,6,1,0,2,0,0,0,0,0,0,1110,88,0,88480200060100020000000000000000000000005604580000
1,3742,0,149680,6,1,0,2,0,0,0,0,0,0,1110,88,0,b0480200060100020000000000000000000000005604580000
1,3743,0,149720,6,1,0,2,0,0,0,0,0,0,1110,88,0,d8480200060100020000000000000000000000005604580000
1,3744,0,149760,6,1,0,2,0,0,0,0,0,0,1110,88,0,00490200060100020000000000000000000000005604580000
1,3745,0,149800,6,1,0,2,0,0,0,0,0,0,1110,88,0,28490200060100020000000000000000000000005604580000
1,3746,0,149840,6,1,0,2,0,0,0,0,0,0,1110,88,0,50490200060100020000000000000000000000005604580000
1,3747,0,149880,6,1,0,2,0,0,0,0,0,0,1110,88,0,78490200060100020000000000000000000000005604580000
1,3748,0,149920,6,1,0,2,0,0,0,0,0,0,1110,88,0,a0490200060100020000000000000000000000005604580000
1,3749,0,149960,6,1,0,2,0,0,0,0,0,0,1110,88,0,c8490200060100020000000000000000000000005604580000
1,3750,0,150000,6,1,0,2,0,0,0,0,0,0,1110,88,0,f0490200060100020000000000000000000000005604580000
1,3751,0,150040,6,1,0,2,0,0,0,0,0,0,1110,88,0,184a0200060100020000000000000000000000005604580000
1,3752,0,150080,6,1,0,2,0,0,0,0,0,0,1110,88,0,404a0200060100020000000000000000000000005604580000
1,3753,0,150120,6,1,0,2,0,0,0,0,0,0,1110,88,0,684a0200060100020000000000000000000000005604580000
1,3754,0,150160,6,1,0,2,0,0,0,0,0,0,1110,88,0,904a0200060100020000000000000000000000005604580000
1,3755,0,150200,6,1,0,2,0,0,0,0,0,0,1110,88,0,b84a0200060100020000000000000000000000005604580000
1,3756,0,150240,6,1,0,2,0,0,0,0,0,0,1110,88,0,e04a0200060100020000000000000000000000005604580000
1,3757,0,150280,6,1,0,2,0,0,0,0,0,0,1110,88,0,084b0200060100020000000000000000000000005604580000
1,3758,0,150320,6,1,0,2,0,0,0,0,0,0,1110,88,0,304b0200060100020000000000000000000000005604580000
1,3759,0,150360,6,1,0,2,0,0,0,0,0,0,1110,88,0,584b0200060100020000000000000000000000005604580000
1,3760,0,150400,6,1,0,2,0,0,0,0,0,0,1110,88,0,804b0200060100020000000000000000000000005604580000
1,3761,0,150440,6,1,0,2,0,0,0,0,0,0,1110,88,0,a84b0200060100020000000000000000000000005604580000
1,3762,0,150480,6,1,0,2,0,0,0,0,0,0,1110,88,0,d04b0200060100020000000000000000000000005604580000
1,3763,0,150520,6,1,0,2,0,0,0,0,0,0,1110,88,0,f84b0200060100020000000000000000000000005604580000
1,3764,0,150560,6,1,0,2,0,0,0,0,0,0,1110,88,0,204c0200060100020000000000000000000000005604580000
1,3765,0,150600,6,1,0,2,0,0,0,0,0,0,1110,88,0,484c0200060100020000000000000000000000005604580000
1,3766,0,150640,6,1,0,2,0,0,0,0,0,0,1110,88,0,704c0200060100020000000000000000000000005604580000
1,3767,0,150680,6,1,0,2,0,0,0,0,0,0,1110,88,0,984c0200060100020000000000000000000000005604580000
1,3768,0,150720,6,1,0,2,0,0,0,0,0,0,1110,88,0,c04c0200060100020000000000000000000000005604580000
1,3769,0,150760,6,1,0,2,0,0,0,0,0,0,1110,88,0,e84c0200060100020000000000000000000000005604580000
1,3770,0,150800,6,1,0,2,0,0,0,0,0,0,1110,88,0,104d0200060100020000000000000000000000005604580000
1,3771,0,150840,6,1,0,2,0,0,0,0,0,0,1110,88,0,384d0200060100020000000000000000000000005604580000
1,3772,0,150880,6,1,0,2,0,0,0,0,0,0,1110,88,0,604d0200060100020000000000000000000000005604580000
1,3773,0,150920,6,1,0,2,0,0,0,0,0,0,1110,88,0,884d0200060100020000000000000000000000005604580000
1,3774,0,150960,6,1,0,2,0,0,0,0,0,0,1110,88,0,b04d0200060100020000000000000000000000005604580000
1,3775,0,151000,6,1,0,2,0,0,0,0,0,0,1110,88,0,d84d0200060100020000000000000000000000005604580000
1,3776,0,151040,6,1,0,2,0,0,0,0,0,0,1110,88,0,004e0200060100020000000000000000000000005604580000
1,3777,0,151080,6,1,0,2,0,0,0,0,0,0,1110,88,0,284e0200060100020000000000000000000000005604580000
1,3778,0,151120,6,1,0,2,0,0,0,0,0,0,1110,88,0,504e0200060100020000000000000000000000005604580000
1,3779,0,151160,6,1,0,2,0,0,0,0,0,0,1110,88,0,784e0200060100020000000000000000000000005604580000
1,3780,0,151200,6,1,0,2,0,0,0,0,0,0,1110,88,0,a04e0200060100020000000000000000000000005604580000
1,3781,0,151240,6,1,0,2,0,0,0,0,0,0,1110,88,0,c84e0200060100020000000000000000000000005604580000
1,3782,0,151280,6,1,0,2,0,0,0,0,0,0,1110,88,0,f04e0200060100020000000000000000000000005604580000
1,3783,0,151320,6,1,0,2,0,0,0,0,0,0,1110,88,0,184f0200060100020000000000000000000000005604580000
1,3784,0,151360,6,1,0,2,0,0,0,0,0,0,1110,88,0,404f0200060100020000000000000000000000005604580000
1,3785,0,151400,6,1,0,2,0,0,0,0,0,0,1110,88,0,684f0200060100020000000000000000000000005604580000
1,3786,0,151440,6,1,0,2,0,0,0,0,0,0,1110,88,0,904f0200060100020000000000000000000000005604580000
1,3787,0,151480,6,1,0,2,0,0,0,0,0,0,1110,88,0,b84f0200060100020000000000000000000000005604580000
1,3788,0,151520,6,1,0,2,0,0,0,0,0,0,1110,88,0,e04f0200060100020000000000000000000000005604580000
1,3789,0,151560,6,1,0,2,0,0,0,0,0,0,1110,88,0,08500200060100020000000000000000000000005604580000
1,3790,0,151600,6,1,0,2,0,0,0,0,0,0,1110,88,0,30500200060100020000000000000000000000005604580000
1,3791,0,151640,6,1,0,2,0,0,0,0,0,0,1110,88,0,58500200060100020000000000000000000000005604580000
1,3792,0,151680,6,1,0,2,0,0,0,0,0,0,1110,88,0,80500200060100020000000000000000000000005604580000
1,3793,0,151720,6,1,0,2,0,0,0,0,0,0,1110,88,0,a8500200060100020000000000000000000000005604580000
1,3794,0,151760,6,1,0,2,0,0,0,0,0,0,1110,88,0,d0500200060100020000000000000000000000005604580000
1,3795,0,151800,6,1,0,2,0,0,0,0,0,0,1110,88,0,f8500200060100020000000000000000000000005604580000
1,3796,0,151840,6,1,0,2,0,0,0,0,0,0,1110,88,0,20510200060100020000000000000000000000005604580000
1,3797,0,151880,6,1,0,2,0,0,0,0,0,0,1110,88,0,48510200060100020000000000000000000000005604580000
1,3798,0,151920,6,1,0,2,0,0,0,0,0,0,1110,88,0,70510200060100020000000000000000000000005604580000
1,3799,0,151960,6,1,0,2,0,0,0,0,0,0,1110,88,0,98510200060100020000000000000000000000005604580000
1,3800,0,152000,6,1,0,2,0,0,0,0,0,0,1110,88,0,c0510200060100020000000000000000000000005604580000
1,3801,0,152040,6,1,0,2,0,0,0,0,0,0,1110,88,0,e8510200060100020000000000000000000000005604580000
1,3802,0,152080,6,1,0,2,0,0,0,0,0,0,1110,88,0,10520200060100020000000000000000000000005604580000
1,3803,0,152120,6,1,0,2,0,0,0,0,0,0,1110,88,0,38520200060100020000000000000000000000005604580000
1,3804,0,152160,6,1,0,2,0,0,0,0,0,0,1110,88,0,60520200060100020000000000000000000000005604580000
1,3805,0,152200,6,1,0,2,0,0,0,0,0,0,1110,88,0,88520200060100020000000000000000000000005604580000
1,3806,0,152240,6,1,0,2,0,0,0,0,0,0,1110,88,0,b0520200060100020000000000000000000000005604580000
1,3807,0,152280,6,1,0,2,0,0,0,0,0,0,1110,88,0,d8520200060100020000000000000000000000005604580000
1,3808,0,152320,6,1,0,2,0,0,0,0,0,0,1110,88,0,00530200060100020000000000000000000000005604580000
1,3809,0,152360,6,1,0,2,0,0,0,0,0,0,1110,88,0,28530200060100020000000000000000000000005604580000
1,3810,0,152400,6,1,0,2,0,0,0,0,0,0,1110,88,0,50530200060100020000000000000000000000005604580000
1,3811,0,152440,6,1,0,2,0,0,0,0,0,0,1110,88,0,78530200060100020000000000000000000000005604580000
1,3812,0,152480,6,1,0,2,0,0,0,0,0,0,1110,88,0,a0530200060100020000000000000000000000005604580000
1,3813,0,152520,6,1,0,2,0,0,0,0,0,0,1110,88,0,c8530200060100020000000000000000000000005604580000
1,3814,0,152560,6,1,0,2,0,0,0,0,0,0,1110,88,0,f0530200060100020000000000000000000000005604580000
1,3815,0,152600,6,1,0,2,0,0,0,0,0,0,1110,88,0,18540200060100020000000000000000000000005604580000
1,3816,0,152640,6,1,0,2,0,0,0,0,0,0,1110,88,0,40540200060100020000000000000000000000005604580000
1,3817,0,152680,6,1,0,2,0,0,0,0,0,0,1110,88,0,68540200060100020000000000000000000000005604580000
1,3818,0,152720,6,1,0,2,0,0,0,0,0,0,1110,88,0,90540200060100020000000000000000000000005604580000
1,3819,0,152760,6,1,0,2,0,0,0,0,0,0,1110,88,0,b8540200060100020000000000000000000000005604580000
1,3820,0,152800,6,1,0,2,0,0,0,0,0,0,1110,88,0,e0540200060100020000000000000000000000005604580000
1,3821,0,152840,6,1,0,2,0,0,0,0,0,0,1110,88,0,08550200060100020000000000000000000000005604580000
1,3822,0,152880,6,1,0,2,0,0,0,0,0,0,1110,88,0,30550200060100020000000000000000000000005604580000
1,3823,0,152920,6,1,0,2,0,0,0,0,0,0,1110,88,0,58550200060100020000000000000000000000005604580000
1,3824,0,152960,6,1,0,2,0,0,0,0,0,0,1110,88,0,80550200060100020000000000000000000000005604580000
1,3825,0,153000,6,1,0,2,0,0,0,0,0,0,1110,88,0,a8550200060100020000000000000000000000005604580000
1,3826,0,153040,6,1,0,2,0,0,0,0,0,0,1110,88,0,d0550200060100020000000000000000000000005604580000
1,3827,0,153080,6,1,0,2,0,0,0,0,0,0,1110,88,0,f8550200060100020000000000000000000000005604580000
1,3828,0,153120,6,1,0,2,0,0,0,0,0,0,1110,88,0,20560200060100020000000000000000000000005604580000
1,3829,0,153160,6,1,0,2,0,0,0,0,0,0,1110,88,0,48560200060100020000000000000000000000005604580000
1,3830,0,153200,6,1,0,2,0,0,0,0,0,0,1110,88,0,70560200060100020000000000000000000000005604580000
1,3831,0,153240,6,1,0,2,0,0,0,0,0,0,1110,88,0,98560200060100020000000000000000000000005604580000
1,3832,0,153280,6,1,0,2,0,0,0,0,0,0,1110,88,0,c0560200060100020000000000000000000000005604580000
1,3833,0,153320,6,1,0,2,0,0,0,0,0,0,1110,88,0,e8560200060100020000000000000000000000005604580000
1,3834,0,153360,6,1,0,2,0,0,0,0,0,0,1110,88,0,10570200060100020000000000000000000000005604580000
1,3835,0,153400,6,1,0,2,0,0,0,0,0,0,1110,88,0,38570200060100020000000000000000000000005604580000
1,3836,0,153440,6,1,0,2,0,0,0,0,0,0,1110,88,0,60570200060100020000000000000000000000005604580000
1,3837,0,153480,6,1,0,2,0,0,0,0,0,0,1110,88,0,88570200060100020000000000000000000000005604580000
1,3838,0,153520,6,1,0,2,0,0,0,0,0,0,1110,88,0,b0570200060100020000000000000000000000005604580000
1,3839,0,153560,6,1,0,2,0,0,0,0,0,0,1110,88,0,d8570200060100020000000000000000000000005604580000
1,3840,0,153600,6,1,0,2,0,0,0,0,0,0,1110,88,0,00580200060100020000000000000000000000005604580000
1,3841,0,153640,6,1,0,2,0,0,0,0,0,0,1110,88,0,28580200060100020000000000000000000000005604580000
1,3842,0,153680,6,1,0,2,0,0,0,0,0,0,1110,88,0,50580200060100020000000000000000000000005604580000
1,3843,0,153720,6,1,0,2,0,0,0,0,0,0,1110,88,0,78580200060100020000000000000000000000005604580000
1,3844,0,153760,6,1,0,2,0,0,0,0,0,0,1110,88,0,a0580200060100020000000000000000000000005604580000
1,3845,0,153800,6,1,0,2,0,0,0,0,0,0,1110,88,0,c8580200060100020000000000000000000000005604580000
1,3846,0,153840,6,1,0,2,0,0,0,0,0,0,1110,88,0,f0580200060100020000000000000000000000005604580000
1,3847,0,153880,6,1,0,2,0,0,0,0,0,0,1110,88,0,18590200060100020000000000000000000000005604580000
1,3848,0,153920,6,1,0,2,0,0,0,0,0,0,1110,88,0,40590200060100020000000000000000000000005604580000
1,3849,0,153960,6,1,0,2,0,0,0,0,0,0,1110,88,0,68590200060100020000000000000000000000005604580000
1,3850,0,154000,6,1,0,2,0,0,0,0,0,0,1110,88,0,90590200060100020000000000000000000000005604580000
1,3851,0,154040,6,1,0,2,0,0,0,0,0,0,1110,88,0,b8590200060100020000000000000000000000005604580000
1,3852,0,154080,6,1,0,2,0,0,0,0,0,0,1110,88,0,e0590200060100020000000000000000000000005604580000
1,3853,0,154120,6,1,0,2,0,0,0,0,0,0,1110,88,0,085a0200060100020000000000000000000000005604580000
1,3854,0,154160,6,1,0,2,0,0,0,0,0,0,1110,88,0,305a0200060100020000000000000000000000005604580000
1,3855,0,154200,6,1,0,2,0,0,0,0,0,0,1110,88,0,585a0200060100020000000000000000000000005604580000
1,3856,0,154240,6,1,0,2,0,0,0,0,0,0,1110,88,0,805a0200060100020000000000000000000000005604580000
1,3857,0,154280,6,1,0,2,0,0,0,0,0,0,1110,88,0,a85a0200060100020000000000000000000000005604580000
1,3858,0,154320,6,1,0,2,0,0,0,0,0,0,1110,88,0,d05a0200060100020000000000000000000000005604580000
1,3859,0,154360,6,1,0,2,0,0,0,0,0,0,1110,88,0,f85a0200060100020000000000000000000000005604580000
1,3860,0,154400,6,1,0,2,0,0,0,0,0,0,1110,88,0,205b0200060100020000000000000000000000005604580000
1,3861,0,154440,6,1,0,2,0,0,0,0,0,0,1110,88,0,485b0200060100020000000000000000000000005604580000
1,3862,0,154480,6,1,0,2,0,0,0,0,0,0,1110,88,0,705b0200060100020000000000000000000000005604580000
1,3863,0,154520,6,1,0,2,0,0,0,0,0,0,1110,88,0,985b0200060100020000000000000000000000005604580000
1,3864,0,154560,6,1,0,2,0,0,0,0,0,0,1110,88,0,c05b0200060100020000000000000000000000005604580000
1,3865,0,154600,6,1,0,2,0,0,0,0,0,0,1110,88,0,e85b0200060100020000000000000000000000005604580000
1,3866,0,154640,6,1,0,2,0,0,0,0,0,0,1110,88,0,105c0200060100020000000000000000000000005604580000
1,3867,0,154680,6,1,0,2,0,0,0,0,0,0,1110,88,0,385c0200060100020000000000000000000000005604580000
1,3868,0,154720,6,1,0,2,0,0,0,0,0,0,1110,88,0,605c0200060100020000000000000000000000005604580000
1,3869,0,154760,6,1,0,2,0,0,0,0,0,0,1110,88,0,885c0200060100020000000000000000000000005604580000
1,3870,0,154800,6,1,0,2,0,0,0,0,0,0,1110,88,0,b05c0200060100020000000000000000000000005604580000
1,3871,0,154840,6,1,0,2,0,0,0,0,0,0,1110,88,0,d85c0200060100020000000000000000000000005604580000
1,3872,0,154880,6,1,0,2,0,0,0,0,0,0,1110,88,0,005d0200060100020000000000000000000000005604580000
1,3873,0,154920,6,1,0,2,0,0,0,0,0,0,1110,88,0,285d0200060100020000000000000000000000005604580000
1,3874,0,154960,6,1,0,2,0,0,0,0,0,0,1110,88,0,505d0200060100020000000000000000000000005604580000
1,3875,0,155000,6,1,0,2,0,0,0,0,0,0,1110,88,0,785d0200060100020000000000000000000000005604580000
1,3876,0,155040,6,1,0,2,0,0,0,0,0,0,1110,88,0,a05d0200060100020000000000000000000000005604580000
1,3877,0,155080,6,1,0,2,0,0,0,0,0,0,1110,88,0,c85d0200060100020000000000000000000000005604580000
1,3878,0,155120,6,1,0,2,0,0,0,0,0,0,1110,88,0,f05d0200060100020000000000000000000000005604580000
1,3879,0,155160,6,1,0,2,0,0,0,0,0,0,1110,88,0,185e0200060100020000000000000000000000005604580000
1,3880,0,155200,6,1,0,2,0,0,0,0,0,0,1110,88,0,405e0200060100020000000000000000000000005604580000
1,3881,0,155240,6,1,0,2,0,0,0,0,0,0,1110,88,0,685e0200060100020000000000000000000000005604580000
1,3882,0,155280,6,1,0,2,0,0,0,0,0,0,1110,88,0,905e0200060100020000000000000000000000005604580000
1,3883,0,155320,6,1,0,2,0,0,0,0,0,0,1110,88,0,b85e0200060100020000000000000000000000005604580000
1,3884,0,155360,6,1,0,2,0,0,0,0,0,0,1110,88,0,e05e0200060100020000000000000000000000005604580000
1,3885,0,155400,6,1,0,2,0,0,0,0,0,0,1110,88,0,085f0200060100020000000000000000000000005604580000
1,3886,0,155440,6,1,0,2,0,0,0,0,0,0,1110,88,0,305f0200060100020000000000000000000000005604580000
1,3887,0,155480,6,1,0,2,0,0,0,0,0,0,1110,88,0,585f0200060100020000000000000000000000005604580000
1,3888,0,155520,6,1,0,2,0,0,0,0,0,0,1110,88,0,805f0200060100020000000000000000000000005604580000
1,3889,0,155560,6,1,0,2,0,0,0,0,0,0,1110,88,0,a85f0200060100020000000000000000000000005604580000
1,3890,0,155600,6,1,0,2,0,0,0,0,0,0,1110,88,0,d05f0200060100020000000000000000000000005604580000
1,3891,0,155640,6,1,0,2,0,0,0,0,0,0,1110,88,0,f85f0200060100020000000000000000000000005604580000
1,3892,0,155680,6,1,0,2,0,0,0,0,0,0,1110,88,0,20600200060100020000000000000000000000005604580000
1,3893,0,155720,6,1,0,2,0,0,0,0,0,0,1110,88,0,48600200060100020000000000000000000000005604580000
1,3894,0,155760,6,1,0,2,0,0,0,0,0,0,1110,88,0,70600200060100020000000000000000000000005604580000
1,3895,0,155800,6,1,0,2,0,0,0,0,0,0,1110,88,0,98600200060100020000000000000000000000005604580000
1,3896,0,155840,6,1,0,2,0,0,0,0,0,0,1110,88,0,c0600200060100020000000000000000000000005604580000
1,3897,0,155880,6,1,0,2,0,0,0,0,0,0,1110,88,0,e8600200060100020000000000000000000000005604580000
1,3898,0,155920,6,1,0,2,0,0,0,0,0,0,1110,88,0,10610200060100020000000000000000000000005604580000
1,3899,0,155960,6,1,0,2,0,0,0,0,0,0,1110,88,0,38610200060100020000000000000000000000005604580000
1,3900,0,156000,6,1,0,2,0,0,0,0,0,0,1110,88,0,60610200060100020000000000000000000000005604580000
1,3901,0,156040,6,1,0,2,0,0,0,0,0,0,1110,88,0,88610200060100020000000000000000000000005604580000
1,3902,0,156080,6,1,0,2,0,0,0,0,0,0,1110,88,0,b0610200060100020000000000000000000000005604580000
1,3903,0,156120,6,1,0,2,0,0,0,0,0,0,1110,88,0,d8610200060100020000000000000000000000005604580000
1,3904,0,156160,6,1,0,2,0,0,0,0,0,0,1110,88,0,00620200060100020000000000000000000000005604580000
1,3905,0,156200,6,1,0,2,0,0,0,0,0,0,1110,88,0,28620200060100020000000000000000000000005604580000
1,3906,0,156240,6,1,0,2,0,0,0,0,0,0,1110,88,0,50620200060100020000000000000000000000005604580000
1,3907,0,156280,6,1,0,2,0,0,0,0,0,0,1110,88,0,78620200060100020000000000000000000000005604580000
1,3908,0,156320,6,1,0,2,0,0,0,0,0,0,1110,88,0,a0620200060100020000000000000000000000005604580000
1,3909,0,156360,6,1,0,2,0,0,0,0,0,0,1110,88,0,c8620200060100020000000000000000000000005604580000
1,3910,0,156400,6,1,0,2,0,0,0,0,0,0,1110,88,0,f0620200060100020000000000000000000000005604580000
1,3911,0,156440,6,1,0,2,0,0,0,0,0,0,1110,88,0,18630200060100020000000000000000000000005604580000
1,3912,0,156480,6,1,0,2,0,0,0,0,0,0,1110,88,0,40630200060100020000000000000000000000005604580000
1,3913,0,156520,6,1,0,2,0,0,0,0,0,0,1110,88,0,68630200060100020000000000000000000000005604580000
1,3914,0,156560,6,1,0,2,0,0,0,0,0,0,1110,88,0,90630200060100020000000000000000000000005604580000
1,3915,0,156600,6,1,0,2,0,0,0,0,0,0,1110,88,0,b8630200060100020000000000000000000000005604580000
1,3916,0,156640,6,1,0,2,0,0,0,0,0,0,1110,88,0,e0630200060100020000000000000000000000005604580000
1,3917,0,156680,6,1,0,2,0,0,0,0,0,0,1110,88,0,08640200060100020000000000000000000000005604580000
1,3918,0,156720,6,1,0,2,0,0,0,0,0,0,1110,88,0,30640200060100020000000000000000000000005604580000
1,3919,0,156760,6,1,0,2,0,0,0,0,0,0,1110,88,0,58640200060100020000000000000000000000005604580000
1,3920,0,156800,6,1,0,2,0,0,0,0,0,0,1110,88,0,80640200060100020000000000000000000000005604580000
1,3921,0,156840,6,1,0,2,0,0,0,0,0,0,1110,88,0,a8640200060100020000000000000000000000005604580000
1,3922,0,156880,6,1,0,2,0,0,0,0,0,0,1110,88,0,d0640200060100020000000000000000000000005604580000
1,3923,0,156920,6,1,0,2,0,0,0,0,0,0,1110,88,0,f8640200060100020000000000000000000000005604580000
1,3924,0,156960,6,1,0,2,0,0,0,0,0,0,1110,88,0,20650200060100020000000000000000000000005604580000
1,3925,0,157000,6,1,0,2,0,0,0,0,0,0,1110,88,0,48650200060100020000000000000000000000005604580000
1,3926,0,157040,6,1,0,2,0,0,0,0,0,0,1110,88,0,70650200060100020000000000000000000000005604580000
1,3927,0,157080,6,1,0,2,0,0,0,0,0,0,1110,88,0,98650200060100020000000000000000000000005604580000
1,3928,0,157120,6,1,0,2,0,0,0,0,0,0,1110,88,0,c0650200060100020000000000000000000000005604580000
1,3929,0,157160,6,1,0,2,0,0,0,0,0,0,1110,88,0,e8650200060100020000000000000000000000005604580000
1,3930,0,157200,6,1,0,2,0,0,0,0,0,0,1110,88,0,10660200060100020000000000000000000000005604580000
1,3931,0,157240,6,1,0,2,0,0,0,0,0,0,1110,88,0,38660200060100020000000000000000000000005604580000
1,3932,0,157280,6,1,0,2,0,0,0,0,0,0,1110,88,0,60660200060100020000000000000000000000005604580000
1,3933,0,157320,6,1,0,2,0,0,0,0,0,0,1110,88,0,88660200060100020000000000000000000000005604580000
1,3934,0,157360,6,1,0,2,0,0,0,0,0,0,1110,88,0,b0660200060100020000000000000000000000005604580000
1,3935,0,157400,6,1,0,2,0,0,0,0,0,0,1110,88,0,d8660200060100020000000000000000000000005604580000
1,3936,0,157440,6,1,0,2,0,0,0,0,0,0,1110,88,0,00670200060100020000000000000000000000005604580000
1,3937,0,157480,6,1,0,2,0,0,0,0,0,0,1110,88,0,28670200060100020000000000000000000000005604580000
1,3938,0,157520,6,1,0,2,0,0,0,0,0,0,1110,88,0,50670200060100020000000000000000000000005604580000
1,3939,0,157560,6,1,0,2,0,0,0,0,0,0,1110,88,0,78670200060100020000000000000000000000005604580000
1,3940,0,157600,6,1,0,2,0,0,0,0,0,0,1110,88,0,a0670200060100020000000000000000000000005604580000
1,3941,0,157640,6,1,0,2,0,0,0,0,0,0,1110,88,0,c8670200060100020000000000000000000000005604580000
1,3942,0,157680,6,1,0,2,0,0,0,0,0,0,1110,88,0,f0670200060100020000000000000000000000005604580000
1,3943,0,157720,6,1,0,2,0,0,0,0,0,0,1110,88,0,18680200060100020000000000000000000000005604580000
1,3944,0,157760,6,1,0,2,0,0,0,0,0,0,1110,88,0,40680200060100020000000000000000000000005604580000
1,3945,0,157800,6,1,0,2,0,0,0,0,0,0,1110,88,0,68680200060100020000000000000000000000005604580000
1,3946,0,157840,6,1,0,2,0,0,0,0,0,0,1110,88,0,90680200060100020000000000000000000000005604580000
1,3947,0,157880,6,1,0,2,0,0,0,0,0,0,1110,88,0,b8680200060100020000000000000000000000005604580000
1,3948,0,157920,6,1,0,2,0,0,0,0,0,0,1110,88,0,e0680200060100020000000000000000000000005604580000
1,3949,0,157960,6,1,0,2,0,0,0,0,0,0,1110,88,0,08690200060100020000000000000000000000005604580000
1,3950,0,158000,6,1,0,2,0,0,0,0,0,0,1110,88,0,30690200060100020000000000000000000000005604580000
1,3951,0,158040,6,1,0,2,0,0,0,0,0,0,1110,88,0,58690200060100020000000000000000000000005604580000
1,3952,0,158080,6,1,0,2,0,0,0,0,0,0,1110,88,0,80690200060100020000000000000000000000005604580000
1,3953,0,158120,6,1,0,2,0,0,0,0,0,0,1110,88,0,a8690200060100020000000000000000000000005604580000
1,3954,0,158160,6,1,0,2,0,0,0,0,0,0,1110,88,0,d0690200060100020000000000000000000000005604580000
1,3955,0,158200,6,1,0,2,0,0,0,0,0,0,1110,88,0,f8690200060100020000000000000000000000005604580000
1,3956,0,158240,6,1,0,2,0,0,0,0,0,0,1110,88,0,206a0200060100020000000000000000000000005604580000
1,3957,0,158280,6,1,0,2,0,0,0,0,0,0,1110,88,0,486a0200060100020000000000000000000000005604580000
1,3958,0,158320,6,1,0,2,0,0,0,0,0,0,1110,88,0,706a0200060100020000000000000000000000005604580000
1,3959,0,158360,6,1,0,2,0,0,0,0,0,0,1110,88,0,986a0200060100020000000000000000000000005604580000
1,3960,0,158400,6,1,0,2,0,0,0,0,0,0,1110,88,0,c06a0200060100020000000000000000000000005604580000
1,3961,0,158440,6,1,0,2,0,0,0,0,0,0,1110,88,0,e86a0200060100020000000000000000000000005604580000
1,3962,0,158480,6,1,0,2,0,0,0,0,0,0,1110,88,0,106b0200060100020000000000000000000000005604580000
1,3963,0,158520,6,1,0,2,0,0,0,0,0,0,1110,88,0,386b0200060100020000000000000000000000005604580000
1,3964,0,158560,6,1,0,2,0,0,0,0,0,0,1110,88,0,606b0200060100020000000000000000000000005604580000
1,3965,0,158600,6,1,0,2,0,0,0,0,0,0,1110,88,0,886b0200060100020000000000000000000000005604580000
1,3966,0,158640,6,1,0,2,0,0,0,0,0,0,1110,88,0,b06b0200060100020000000000000000000000005604580000
1,3967,0,158680,6,1,0,2,0,0,0,0,0,0,1110,88,0,d86b0200060100020000000000000000000000005604580000
1,3968,0,158720,6,1,0,2,0,0,0,0,0,0,1110,88,0,006c0200060100020000000000000000000000005604580000
1,3969,0,158760,6,1,0,2,0,0,0,0,0,0,1110,88,0,286c0200060100020000000000000000000000005604580000
1,3970,0,158800,6,1,0,2,0,0,0,0,0,0,1110,88,0,506c0200060100020000000000000000000000005604580000
1,3971,0,158840,6,1,0,2,0,0,0,0,0,0,1110,88,0,786c0200060100020000000000000000000000005604580000
1,3972,0,158880,6,1,0,2,0,0,0,0,0,0,1110,88,0,a06c0200060100020000000000000000000000005604580000
1,3973,0,158920,6,1,0,2,0,0,0,0,0,0,1110,88,0,c86c0200060100020000000000000000000000005604580000
1,3974,0,158960,6,1,0,2,0,0,0,0,0,0,1110,88,0,f06c0200060100020000000000000000000000005604580000
1,3975,0,159000,6,1,0,2,0,0,0,0,0,0,1110,88,0,186d0200060100020000000000000000000000005604580000
1,3976,0,159040,6,1,0,2,0,0,0,0,0,0,1110,88,0,406d0200060100020000000000000000000000005604580000
1,3977,0,159080,6,1,0,2,0,0,0,0,0,0,1110,88,0,686d0200060100020000000000000000000000005604580000
1,3978,0,159120,6,1,0,2,0,0,0,0,0,0,1110,88,0,906d0200060100020000000000000000000000005604580000
1,3979,0,159160,6,1,0,2,0,0,0,0,0,0,1110,88,0,b86d0200060100020000000000000000000000005604580000
1,3980,0,159200,6,1,0,2,0,0,0,0,0,0,1110,88,0,e06d0200060100020000000000000000000000005604580000
1,3981,0,159240,6,1,0,2,0,0,0,0,0,0,1110,88,0,086e0200060100020000000000000000000000005604580000
1,3982,0,159280,6,1,0,2,0,0,0,0,0,0,1110,88,0,306e0200060100020000000000000000000000005604580000
1,3983,0,159320,6,1,0,2,0,0,0,0,0,0,1110,88,0,586e0200060100020000000000000000000000005604580000
1,3984,0,159360,6,1,0,2,0,0,0,0,0,0,1110,88,0,806e0200060100020000000000000000000000005604580000
1,3985,0,159400,6,1,0,2,0,0,0,0,0,0,1110,88,0,a86e0200060100020000000000000000000000005604580000
1,3986,0,159440,6,1,0,2,0,0,0,0,0,0,1110,88,0,d06e0200060100020000000000000000000000005604580000
1,3987,0,159480,6,1,0,2,0,0,0,0,0,0,1110,88,0,f86e0200060100020000000000000000000000005604580000
1,3988,0,159520,6,1,0,2,0,0,0,0,0,0,1110,88,0,206f0200060100020000000000000000000000005604580000
1,3989,0,159560,6,1,0,2,0,0,0,0,0,0,1110,88,0,486f0200060100020000000000000000000000005604580000
1,3990,0,159600,6,1,0,2,0,0,0,0,0,0,1110,88,0,706f0200060100020000000000000000000000005604580000
1,3991,0,159640,6,1,0,2,0,0,0,0,0,0,1110,88,0,986f0200060100020000000000000000000000005604580000
1,3992,0,159680,6,1,0,2,0,0,0,0,0,0,1110,88,0,c06f0200060100020000000000000000000000005604580000
1,3993,0,159720,6,1,0,2,0,0,0,0,0,0,1110,88,0,e86f0200060100020000000000000000000000005604580000
1,3994,0,159760,6,1,0,2,0,0,0,0,0,0,1110,88,0,10700200060100020000000000000000000000005604580000
1,3995,0,159800,6,1,0,2,0,0,0,0,0,0,1110,88,0,38700200060100020000000000000000000000005604580000
1,3996,0,159840,6,1,0,2,0,0,0,0,0,0,1110,88,0,60700200060100020000000000000000000000005604580000
1,3997,0,159880,6,1,0,2,0,0,0,0,0,0,1110,88,0,88700200060100020000000000000000000000005604580000
1,3998,0,159920,6,1,0,2,0,0,0,0,0,0,1110,88,0,b0700200060100020000000000000000000000005604580000
1,3999,0,159960,6,1,0,2,0,0,0,0,0,0,1110,88,0,d8700200060100020000000000000000000000005604580000
1,4000,0,160000,6,1,0,2,0,0,0,0,0,0,1110,88,0,00710200060100020000000000000000000000005604580000
1,4001,0,160040,6,1,0,2,0,0,0,0,0,0,1110,88,0,28710200060100020000000000000000000000005604580000
1,4002,0,160080,6,1,0,2,0,0,0,0,0,0,1110,88,0,50710200060100020000000000000000000000005604580000
1,4003,0,160120,6,1,0,2,0,0,0,0,0,0,1110,88,0,78710200060100020000000000000000000000005604580000
1,4004,0,160160,6,1,0,2,0,0,0,0,0,0,1110,88,0,a0710200060100020000000000000000000000005604580000
1,4005,0,160200,6,1,0,2,0,0,0,0,0,0,1110,88,0,c8710200060100020000000000000000000000005604580000
1,4006,0,160240,6,1,0,2,0,0,0,0,0,0,1110,88,0,f0710200060100020000000000000000000000005604580000
1,4007,0,160280,6,1,0,2,0,0,0,0,0,0,1110,88,0,18720200060100020000000000000000000000005604580000
1,4008,0,160320,6,1,0,2,0,0,0,0,0,0,1110,88,0,40720200060100020000000000000000000000005604580000
1,4009,0,160360,6,1,0,2,0,0,0,0,0,0,1110,88,0,68720200060100020000000000000000000000005604580000
1,4010,0,160400,6,1,0,2,0,0,0,0,0,0,1110,88,0,90720200060100020000000000000000000000005604580000
1,4011,0,160440,6,1,0,2,0,0,0,0,0,0,1110,88,0,b8720200060100020000000000000000000000005604580000
1,4012,0,160480,6,1,0,2,0,0,0,0,0,0,1110,88,0,e0720200060100020000000000000000000000005604580000
1,4013,0,160520,6,1,0,2,0,0,0,0,0,0,1110,88,0,08730200060100020000000000000000000000005604580000
1,4014,0,160560,6,1,0,2,0,0,0,0,0,0,1110,88,0,30730200060100020000000000000000000000005604580000
1,4015,0,160600,6,1,0,2,0,0,0,0,0,0,1110,88,0,58730200060100020000000000000000000000005604580000
1,4016,0,160640,6,1,0,2,0,0,0,0,0,0,1110,88,0,80730200060100020000000000000000000000005604580000
1,4017,0,160680,6,1,0,2,0,0,0,0,0,0,1110,88,0,a8730200060100020000000000000000000000005604580000
1,4018,0,160720,6,1,0,2,0,0,0,0,0,0,1110,88,0,d0730200060100020000000000000000000000005604580000
1,4019,0,160760,6,1,0,2,0,0,0,0,0,0,1110,88,0,f8730200060100020000000000000000000000005604580000
1,4020,0,160800,6,1,0,2,0,0,0,0,0,0,1110,88,0,20740200060100020000000000000000000000005604580000
1,4021,0,160840,6,1,0,2,0,0,0,0,0,0,1110,88,0,48740200060100020000000000000000000000005604580000
1,4022,0,160880,6,1,0,2,0,0,0,0,0,0,1110,88,0,70740200060100020000000000000000000000005604580000
1,4023,0,160920,6,1,0,2,0,0,0,0,0,0,1110,88,0,98740200060100020000000000000000000000005604580000
1,4024,0,160960,6,1,0,2,0,0,0,0,0,0,1110,88,0,c0740200060100020000000000000000000000005604580000
1,4025,0,161000,6,1,0,2,0,0,0,0,0,0,1110,88,0,e8740200060100020000000000000000000000005604580000
1,4026,0,161040,6,1,0,2,0,0,0,0,0,0,1110,88,0,10750200060100020000000000000000000000005604580000
1,4027,0,161080,6,1,0,2,0,0,0,0,0,0,1110,88,0,38750200060100020000000000000000000000005604580000
1,4028,0,161120,6,1,0,2,0,0,0,0,0,0,1110,88,0,60750200060100020000000000000000000000005604580000
1,4029,0,161160,6,1,0,2,0,0,0,0,0,0,1110,88,0,88750200060100020000000000000000000000005604580000
1,4030,0,161200,6,1,0,2,0,0,0,0,0,0,1110,88,0,b0750200060100020000000000000000000000005604580000
1,4031,0,161240,6,1,0,2,0,0,0,0,0,0,1110,88,0,d8750200060100020000000000000000000000005604580000
1,4032,0,161280,6,1,0,2,0,0,0,0,0,0,1110,88,0,00760200060100020000000000000000000000005604580000
1,4033,0,161320,6,1,0,2,0,0,0,0,0,0,1110,88,0,28760200060100020000000000000000000000005604580000
1,4034,0,161360,6,1,0,2,0,0,0,0,0,0,1110,88,0,50760200060100020000000000000000000000005604580000
1,4035,0,161400,6,1,0,2,0,0,0,0,0,0,1110,88,0,78760200060100020000000000000000000000005604580000
1,4036,0,161440,6,1,0,2,0,0,0,0,0,0,1110,88,0,a0760200060100020000000000000000000000005604580000
1,4037,0,161480,6,1,0,2,0,0,0,0,0,0,1110,88,0,c8760200060100020000000000000000000000005604580000
1,4038,0,161520,6,1,0,2,0,0,0,0,0,0,1110,88,0,f0760200060100020000000000000000000000005604580000
1,4039,0,161560,6,1,0,2,0,0,0,0,0,0,1110,88,0,18770200060100020000000000000000000000005604580000
1,4040,0,161600,6,1,0,2,0,0,0,0,0,0,1110,88,0,40770200060100020000000000000000000000005604580000
1,4041,0,161640,6,1,0,2,0,0,0,0,0,0,1110,88,0,68770200060100020000000000000000000000005604580000
1,4042,0,161680,6,1,0,2,0,0,0,0,0,0,1110,88,0,90770200060100020000000000000000000000005604580000
1,4043,0,161720,6,1,0,2,0,0,0,0,0,0,1110,88,0,b8770200060100020000000000000000000000005604580000
1,4044,0,161760,6,1,0,2,0,0,0,0,0,0,1110,88,0,e0770200060100020000000000000000000000005604580000
1,4045,0,161800,6,1,0,2,0,0,0,0,0,0,1110,88,0,08780200060100020000000000000000000000005604580000
1,4046,0,161840,6,1,0,2,0,0,0,0,0,0,1110,88,0,30780200060100020000000000000000000000005604580000
1,4047,0,161880,6,1,0,2,0,0,0,0,0,0,1110,88,0,58780200060100020000000000000000000000005604580000
1,4048,0,161920,6,1,0,2,0,0,0,0,0,0,1110,88,0,80780200060100020000000000000000000000005604580000
1,4049,0,161960,6,1,0,2,0,0,0,0,0,0,1110,88,0,a8780200060100020000000000000000000000005604580000
1,4050,0,162000,6,1,0,2,0,0,0,0,0,0,1110,88,0,d0780200060100020000000000000000000000005604580000
1,4051,0,162040,6,1,0,2,0,0,0,0,0,0,1110,88,0,f8780200060100020000000000000000000000005604580000
1,4052,0,162080,6,1,0,2,0,0,0,0,0,0,1110,88,0,20790200060100020000000000000000000000005604580000
1,4053,0,162120,6,1,0,2,0,0,0,0,0,0,1110,88,0,48790200060100020000000000000000000000005604580000
1,4054,0,162160,6,1,0,2,0,0,0,0,0,0,1110,88,0,70790200060100020000000000000000000000005604580000
1,4055,0,162200,6,1,0,2,0,0,0,0,0,0,1110,88,0,98790200060100020000000000000000000000005604580000
1,4056,0,162240,6,1,0,2,0,0,0,0,0,0,1110,88,0,c0790200060100020000000000000000000000005604580000
1,4057,0,162280,6,1,0,2,0,0,0,0,0,0,1110,88,0,e8790200060100020000000000000000000000005604580000
1,4058,0,162320,6,1,0,2,0,0,0,0,0,0,1110,88,0,107a0200060100020000000000000000000000005604580000
1,4059,0,162360,6,1,0,2,0,0,0,0,0,0,1110,88,0,387a0200060100020000000000000000000000005604580000
1,4060,0,162400,6,1,0,2,0,0,0,0,0,0,1110,88,0,607a0200060100020000000000000000000000005604580000
1,4061,0,162440,6,1,0,2,0,0,0,0,0,0,1110,88,0,887a0200060100020000000000000000000000005604580000
1,4062,0,162480,6,1,0,2,0,0,0,0,0,0,1110,88,0,b07a0200060100020000000000000000000000005604580000
1,4063,0,162520,6,1,0,2,0,0,0,0,0,0,1110,88,0,d87a0200060100020000000000000000000000005604580000
1,4064,0,162560,6,1,0,2,0,0,0,0,0,0,1110,88,0,007b0200060100020000000000000000000000005604580000
1,4065,0,162600,6,1,0,2,0,0,0,0,0,0,1110,88,0,287b0200060100020000000000000000000000005604580000
1,4066,0,162640,6,1,0,2,0,0,0,0,0,0,1110,88,0,507b0200060100020000000000000000000000005604580000
1,4067,0,162680,6,1,0,2,0,0,0,0,0,0,1110,88,0,787b0200060100020000000000000000000000005604580000
1,4068,0,162720,6,1,0,2,0,0,0,0,0,0,1110,88,0,a07b0200060100020000000000000000000000005604580000
1,4069,0,162760,6,1,0,2,0,0,0,0,0,0,1110,88,0,c87b0200060100020000000000000000000000005604580000
1,4070,0,162800,6,1,0,2,0,0,0,0,0,0,1110,88,0,f07b0200060100020000000000000000000000005604580000
1,4071,0,162840,6,1,0,2,0,0,0,0,0,0,1110,88,0,187c0200060100020000000000000000000000005604580000
1,4072,0,162880,6,1,0,2,0,0,0,0,0,0,1110,88,0,407c0200060100020000000000000000000000005604580000
1,4073,0,162920,6,1,0,2,0,0,0,0,0,0,1110,88,0,687c0200060100020000000000000000000000005604580000
1,4074,0,162960,6,1,0,2,0,0,0,0,0,0,1110,88,0,907c0200060100020000000000000000000000005604580000
1,4075,0,163000,6,1,0,2,0,0,0,0,0,0,1110,88,0,b87c0200060100020000000000000000000000005604580000
1,4076,0,163040,6,1,0,2,0,0,0,0,0,0,1110,88,0,e07c0200060100020000000000000000000000005604580000
1,4077,0,163080,6,1,0,2,0,0,0,0,0,0,1110,88,0,087d0200060100020000000000000000000000005604580000
1,4078,0,163120,6,1,0,2,0,0,0,0,0,0,1110,88,0,307d0200060100020000000000000000000000005604580000
1,4079,0,163160,6,1,0,2,0,0,0,0,0,0,1110,88,0,587d0200060100020000000000000000000000005604580000
1,4080,0,163200,6,1,0,2,0,0,0,0,0,0,1110,88,0,807d0200060100020000000000000000000000005604580000
1,4081,0,163240,6,1,0,2,0,0,0,0,0,0,1110,88,0,a87d0200060100020000000000000000000000005604580000
1,4082,0,163280,6,1,0,2,0,0,0,0,0,0,1110,88,0,d07d0200060100020000000000000000000000005604580000
1,4083,0,163320,6,1,0,2,0,0,0,0,0,0,1110,88,0,f87d0200060100020000000000000000000000005604580000
1,4084,0,163360,6,1,0,2,0,0,0,0,0,0,1110,88,0,207e0200060100020000000000000000000000005604580000
1,4085,0,163400,6,1,0,2,0,0,0,0,0,0,1110,88,0,487e0200060100020000000000000000000000005604580000
1,4086,0,163440,6,1,0,2,0,0,0,0,0,0,1110,88,0,707e0200060100020000000000000000000000005604580000
1,4087,0,163480,6,1,0,2,0,0,0,0,0,0,1110,88,0,987e0200060100020000000000000000000000005604580000
1,4088,0,163520,6,1,0,2,0,0,0,0,0,0,1110,88,0,c07e0200060100020000000000000000000000005604580000
1,4089,0,163560,6,1,0,2,0,0,0,0,0,0,1110,88,0,e87e0200060100020000000000000000000000005604580000
1,4090,0,163600,6,1,0,2,0,0,0,0,0,0,1110,88,0,107f0200060100020000000000000000000000005604580000
1,4091,0,163640,6,1,0,2,0,0,0,0,0,0,1110,88,0,387f0200060100020000000000000000000000005604580000
1,4092,0,163680,6,1,0,2,0,0,0,0,0,0,1110,88,0,607f0200060100020000000000000000000000005604580000
1,4093,0,163720,6,1,0,2,0,0,0,0,0,0,1110,88,0,887f0200060100020000000000000000000000005604580000
1,4094,0,163760,6,1,0,2,0,0,0,0,0,0,1110,88,0,b07f0200060100020000000000000000000000005604580000
1,4095,0,163800,6,1,0,2,0,0,0,0,0,0,1110,88,0,d87f0200060100020000000000000000000000005604580000
1,4096,0,163840,6,1,0,2,0,0,0,0,0,0,1110,88,0,00800200060100020000000000000000000000005604580000
1,4097,0,163880,6,1,0,2,0,0,0,0,0,0,1110,88,0,28800200060100020000000000000000000000005604580000
1,4098,0,163920,6,1,0,2,0,0,0,0,0,0,1110,88,0,50800200060100020000000000000000000000005604580000
1,4099,0,163960,6,1,0,2,0,0,0,0,0,0,1110,88,0,78800200060100020000000000000000000000005604580000
1,4100,0,164000,6,1,0,2,0,0,0,0,0,0,1110,88,0,a0800200060100020000000000000000000000005604580000
1,4101,0,164040,6,1,0,2,0,0,0,0,0,0,1110,88,0,c8800200060100020000000000000000000000005604580000
1,4102,0,164080,6,1,0,2,0,0,0,0,0,0,1110,88,0,f0800200060100020000000000000000000000005604580000
1,4103,0,164120,6,1,0,2,0,0,0,0,0,0,1110,88,0,18810200060100020000000000000000000000005604580000
1,4104,0,164160,6,1,0,2,0,0,0,0,0,0,1110,88,0,40810200060100020000000000000000000000005604580000
1,4105,0,164200,6,1,0,2,0,0,0,0,0,0,1110,88,0,68810200060100020000000000000000000000005604580000
1,4106,0,164240,6,1,0,2,0,0,0,0,0,0,1110,88,0,90810200060100020000000000000000000000005604580000
1,4107,0,164280,6,1,0,2,0,0,0,0,0,0,1110,88,0,b8810200060100020000000000000000000000005604580000
1,4108,0,164320,6,1,0,2,0,0,0,0,0,0,1110,88,0,e0810200060100020000000000000000000000005604580000
1,4109,0,164360,6,1,0,2,0,0,0,0,0,0,1110,88,0,08820200060100020000000000000000000000005604580000
1,4110,0,164400,6,1,0,2,0,0,0,0,0,0,1110,88,0,30820200060100020000000000000000000000005604580000
1,4111,0,164440,6,1,0,2,0,0,0,0,0,0,1110,88,0,58820200060100020000000000000000000000005604580000
1,4112,0,164480,6,1,0,2,0,0,0,0,0,0,1110,88,0,80820200060100020000000000000000000000005604580000
1,4113,0,164520,6,1,0,2,0,0,0,0,0,0,1110,88,0,a8820200060100020000000000000000000000005604580000
1,4114,0,164560,6,1,0,2,0,0,0,0,0,0,1110,88,0,d0820200060100020000000000000000000000005604580000
1,4115,0,164600,6,1,0,2,0,0,0,0,0,0,1110,88,0,f8820200060100020000000000000000000000005604580000
1,4116,0,164640,6,1,0,2,0,0,0,0,0,0,1110,88,0,20830200060100020000000000000000000000005604580000
1,4117,0,164680,6,1,0,2,0,0,0,0,0,0,1110,88,0,48830200060100020000000000000000000000005604580000
1,4118,0,164720,6,1,0,2,0,0,0,0,0,0,1110,88,0,70830200060100020000000000000000000000005604580000
1,4119,0,164760,6,1,0,2,0,0,0,0,0,0,1110,88,0,98830200060100020000000000000000000000005604580000
1,4120,0,164800,6,1,0,2,0,0,0,0,0,0,1110,88,0,c0830200060100020000000000000000000000005604580000
1,4121,0,164840,6,1,0,2,0,0,0,0,0,0,1110,88,0,e8830200060100020000000000000000000000005604580000
1,4122,0,164880,6,1,0,2,0,0,0,0,0,0,1110,88,0,10840200060100020000000000000000000000005604580000
1,4123,0,164920,6,1,0,2,0,0,0,0,0,0,1110,88,0,38840200060100020000000000000000000000005604580000
1,4124,0,164960,6,1,0,2,0,0,0,0,0,0,1110,88,0,60840200060100020000000000000000000000005604580000
1,4125,0,165000,6,1,0,2,0,0,0,0,0,0,1110,88,0,88840200060100020000000000000000000000005604580000
1,4126,0,165040,6,1,0,2,0,0,0,0,0,0,1110,88,0,b0840200060100020000000000000000000000005604580000
1,4127,0,165080,6,1,0,2,0,0,0,0,0,0,1110,88,0,d8840200060100020000000000000000000000005604580000
1,4128,0,165120,6,1,0,2,0,0,0,0,0,0,1110,88,0,00850200060100020000000000000000000000005604580000
1,4129,0,165160,6,1,0,2,0,0,0,0,0,0,1110,88,0,28850200060100020000000000000000000000005604580000
1,4130,0,165200,6,1,0,2,0,0,0,0,0,0,1110,88,0,50850200060100020000000000000000000000005604580000
1,4131,0,165240,6,1,0,2,0,0,0,0,0,0,1110,88,0,78850200060100020000000000000000000000005604580000
1,4132,0,165280,6,1,0,2,0,0,0,0,0,0,1110,88,0,a0850200060100020000000000000000000000005604580000
1,4133,0,165320,6,1,0,2,0,0,0,0,0,0,1110,88,0,c8850200060100020000000000000000000000005604580000
1,4134,0,165360,6,1,0,2,0,0,0,0,0,0,1110,88,0,f0850200060100020000000000000000000000005604580000
1,4135,0,165400,6,1,0,2,0,0,0,0,0,0,1110,88,0,18860200060100020000000000000000000000005604580000
1,4136,0,165440,6,1,0,2,0,0,0,0,0,0,1110,88,0,40860200060100020000000000000000000000005604580000
1,4137,0,165480,6,1,0,2,0,0,0,0,0,0,1110,88,0,68860200060100020000000000000000000000005604580000
1,4138,0,165520,6,1,0,2,0,0,0,0,0,0,1110,88,0,90860200060100020000000000000000000000005604580000
1,4139,0,165560,6,1,0,2,0,0,0,0,0,0,1110,88,0,b8860200060100020000000000000000000000005604580000
1,4140,0,165600,6,1,0,2,0,0,0,0,0,0,1110,88,0,e0860200060100020000000000000000000000005604580000
1,4141,0,165640,6,1,0,2,0,0,0,0,0,0,1110,88,0,08870200060100020000000000000000000000005604580000
1,4142,0,165680,6,1,0,2,0,0,0,0,0,0,1110,88,0,30870200060100020000000000000000000000005604580000
1,4143,0,165720,6,1,0,2,0,0,0,0,0,0,1110,88,0,58870200060100020000000000000000000000005604580000
1,4144,0,165760,6,1,0,2,0,0,0,0,0,0,1110,88,0,80870200060100020000000000000000000000005604580000
1,4145,0,165800,6,1,0,2,0,0,0,0,0,0,1110,88,0,a8870200060100020000000000000000000000005604580000
1,4146,0,165840,6,1,0,2,0,0,0,0,0,0,1110,88,0,d0870200060100020000000000000000000000005604580000
1,4147,0,165880,6,1,0,2,0,0,0,0,0,0,1110,88,0,f8870200060100020000000000000000000000005604580000
1,4148,0,165920,6,1,0,2,0,0,0,0,0,0,1110,88,0,20880200060100020000000000000000000000005604580000
1,4149,0,165960,6,1,0,2,0,0,0,0,0,0,1110,88,0,48880200060100020000000000000000000000005604580000
1,4150,0,166000,6,1,0,2,0,0,0,0,0,0,1110,88,0,70880200060100020000000000000000000000005604580000
1,4151,0,166040,6,1,0,2,0,0,0,0,0,0,1110,88,0,98880200060100020000000000000000000000005604580000
1,4152,0,166080,6,1,0,2,0,0,0,0,0,0,1110,88,0,c0880200060100020000000000000000000000005604580000
1,4153,0,166120,6,1,0,2,0,0,0,0,0,0,1110,88,0,e8880200060100020000000000000000000000005604580000
1,4154,0,166160,6,1,0,2,0,0,0,0,0,0,1110,88,0,10890200060100020000000000000000000000005604580000
1,4155,0,166200,6,1,0,2,0,0,0,0,0,0,1110,88,0,38890200060100020000000000000000000000005604580000
1,4156,0,166240,6,1,0,2,0,0,0,0,0,0,1110,88,0,60890200060100020000000000000000000000005604580000
1,4157,0,166280,6,1,0,2,0,0,0,0,0,0,1110,88,0,88890200060100020000000000000000000000005604580000
1,4158,0,166320,6,1,0,2,0,0,0,0,0,0,1110,88,0,b0890200060100020000000000000000000000005604580000
1,4159,0,166360,6,1,0,2,0,0,0,0,0,0,1110,88,0,d8890200060100020000000000000000000000005604580000
1,4160,0,166400,6,1,0,2,0,0,0,0,0,0,1110,88,0,008a0200060100020000000000000000000000005604580000
1,4161,0,166440,6,1,0,2,0,0,0,0,0,0,1110,88,0,288a0200060100020000000000000000000000005604580000
1,4162,0,166480,6,1,0,2,0,0,0,0,0,0,1110,88,0,508a0200060100020000000000000000000000005604580000
1,4163,0,166520,6,1,0,2,0,0,0,0,0,0,1110,88,0,788a0200060100020000000000000000000000005604580000
1,4164,0,166560,6,1,0,2,0,0,0,0,0,0,1110,88,0,a08a0200060100020000000000000000000000005604580000
1,4165,0,166600,6,1,0,2,0,0,0,0,0,0,1110,88,0,c88a0200060100020000000000000000000000005604580000
1,4166,0,166640,6,1,0,2,0,0,0,0,0,0,1110,88,0,f08a0200060100020000000000000000000000005604580000
1,4167,0,166680,6,1,0,2,0,0,0,0,0,0,1110,88,0,188b0200060100020000000000000000000000005604580000
1,4168,0,166720,6,1,0,2,0,0,0,0,0,0,1110,88,0,408b0200060100020000000000000000000000005604580000
1,4169,0,166760,6,1,0,2,0,0,0,0,0,0,1110,88,0,688b0200060100020000000000000000000000005604580000
1,4170,0,166800,6,1,0,2,0,0,0,0,0,0,1110,88,0,908b0200060100020000000000000000000000005604580000
1,4171,0,166840,6,1,0,2,0,0,0,0,0,0,1110,88,0,b88b0200060100020000000000000000000000005604580000
1,4172,0,166880,6,1,0,2,0,0,0,0,0,0,1110,88,0,e08b0200060100020000000000000000000000005604580000
1,4173,0,166920,6,1,0,2,0,0,0,0,0,0,1110,88,0,088c0200060100020000000000000000000000005604580000
1,4174,0,166960,6,1,0,2,0,0,0,0,0,0,1110,88,0,308c0200060100020000000000000000000000005604580000
1,4175,0,167000,6,1,0,2,0,0,0,0,0,0,1110,88,0,588c0200060100020000000000000000000000005604580000
1,4176,0,167040,6,1,0,2,0,0,0,0,0,0,1110,88,0,808c0200060100020000000000000000000000005604580000
1,4177,0,167080,6,1,0,2,0,0,0,0,0,0,1110,88,0,a88c0200060100020000000000000000000000005604580000
1,4178,0,167120,6,1,0,2,0,0,0,0,0,0,1110,88,0,d08c0200060100020000000000000000000000005604580000
1,4179,0,167160,6,1,0,2,0,0,0,0,0,0,1110,88,0,f88c0200060100020000000000000000000000005604580000
1,4180,0,167200,6,1,0,2,0,0,0,0,0,0,1110,88,0,208d0200060100020000000000000000000000005604580000
1,4181,0,167240,6,1,0,2,0,0,0,0,0,0,1110,88,0,488d0200060100020000000000000000000000005604580000
1,4182,0,167280,6,1,0,2,0,0,0,0,0,0,1110,88,0,708d0200060100020000000000000000000000005604580000
1,4183,0,167320,6,1,0,2,0,0,0,0,0,0,1110,88,0,988d0200060100020000000000000000000000005604580000
1,4184,0,167360,6,1,0,2,0,0,0,0,0,0,1110,88,0,c08d0200060100020000000000000000000000005604580000
1,4185,0,167400,6,1,0,2,0,0,0,0,0,0,1110,88,0,e88d0200060100020000000000000000000000005604580000
1,4186,0,167440,6,1,0,2,0,0,0,0,0,0,1110,88,0,108e0200060100020000000000000000000000005604580000
1,4187,0,167480,6,1,0,2,0,0,0,0,0,0,1110,88,0,388e0200060100020000000000000000000000005604580000
1,4188,0,167520,6,1,0,2,0,0,0,0,0,0,1110,88,0,608e0200060100020000000000000000000000005604580000
1,4189,0,167560,6,1,0,2,0,0,0,0,0,0,1110,88,0,888e0200060100020000000000000000000000005604580000
1,4190,0,167600,6,1,0,2,0,0,0,0,0,0,1110,88,0,b08e0200060100020000000000000000000000005604580000
1,4191,0,167640,6,1,0,2,0,0,0,0,0,0,1110,88,0,d88e0200060100020000000000000000000000005604580000
1,4192,0,167680,6,1,0,2,0,0,0,0,0,0,1110,88,0,008f0200060100020000000000000000000000005604580000
1,4193,0,167720,6,1,0,2,0,0,0,0,0,0,1110,88,0,288f0200060100020000000000000000000000005604580000
1,4194,0,167760,6,1,0,2,0,0,0,0,0,0,1110,88,0,508f0200060100020000000000000000000000005604580000
1,4195,0,167800,6,1,0,2,0,0,0,0,0,0,1110,88,0,788f0200060100020000000000000000000000005604580000
1,4196,0,167840,6,1,0,2,0,0,0,0,0,0,1110,88,0,a08f0200060100020000000000000000000000005604580000
1,4197,0,167880,6,1,0,2,0,0,0,0,0,0,1110,88,0,c88f0200060100020000000000000000000000005604580000
1,4198,0,167920,6,1,0,2,0,0,0,0,0,0,1110,88,0,f08f0200060100020000000000000000000000005604580000
1,4199,0,167960,6,1,0,2,0,0,0,0,0,0,1110,88,0,18900200060100020000000000000000000000005604580000
1,4200,0,168000,6,1,0,2,0,0,0,0,0,0,1110,88,0,40900200060100020000000000000000000000005604580000
1,4201,0,168040,6,1,0,2,0,0,0,0,0,0,1110,88,0,68900200060100020000000000000000000000005604580000
1,4202,0,168080,6,1,0,2,0,0,0,0,0,0,1110,88,0,90900200060100020000000000000000000000005604580000
1,4203,0,168120,6,1,0,2,0,0,0,0,0,0,1110,88,0,b8900200060100020000000000000000000000005604580000
1,4204,0,168160,6,1,0,2,0,0,0,0,0,0,1110,88,0,e0900200060100020000000000000000000000005604580000
1,4205,0,168200,6,1,0,2,0,0,0,0,0,0,1110,88,0,08910200060100020000000000000000000000005604580000
1,4206,0,168240,6,1,0,2,0,0,0,0,0,0,1110,88,0,30910200060100020000000000000000000000005604580000
1,4207,0,168280,6,1,0,2,0,0,0,0,0,0,1110,88,0,58910200060100020000000000000000000000005604580000
1,4208,0,168320,6,1,0,2,0,0,0,0,0,0,1110,88,0,80910200060100020000000000000000000000005604580000
1,4209,0,168360,6,1,0,2,0,0,0,0,0,0,1110,88,0,a8910200060100020000000000000000000000005604580000
1,4210,0,168400,6,1,0,2,0,0,0,0,0,0,1110,88,0,d0910200060100020000000000000000000000005604580000
1,4211,0,168440,6,1,0,2,0,0,0,0,0,0,1110,88,0,f8910200060100020000000000000000000000005604580000
1,4212,0,168480,6,1,0,2,0,0,0,0,0,0,1110,88,0,20920200060100020000000000000000000000005604580000
1,4213,0,168520,6,1,0,2,0,0,0,0,0,0,1110,88,0,48920200060100020000000000000000000000005604580000
1,4214,0,168560,6,1,0,2,0,0,0,0,0,0,1110,88,0,70920200060100020000000000000000000000005604580000
1,4215,0,168600,6,1,0,2,0,0,0,0,0,0,1110,88,0,98920200060100020000000000000000000000005604580000
1,4216,0,168640,6,1,0,2,0,0,0,0,0,0,1110,88,0,c0920200060100020000000000000000000000005604580000
1,4217,0,168680,6,1,0,2,0,0,0,0,0,0,1110,88,0,e8920200060100020000000000000000000000005604580000
1,4218,0,168720,6,1,0,2,0,0,0,0,0,0,1110,88,0,10930200060100020000000000000000000000005604580000
1,4219,0,168760,6,1,0,2,0,0,0,0,0,0,1110,88,0,38930200060100020000000000000000000000005604580000
1,4220,0,168800,6,1,0,2,0,0,0,0,0,0,1110,88,0,60930200060100020000000000000000000000005604580000
1,4221,0,168840,6,1,0,2,0,0,0,0,0,0,1110,88,0,88930200060100020000000000000000000000005604580000
1,4222,0,168880,6,1,0,2,0,0,0,0,0,0,1110,88,0,b0930200060100020000000000000000000000005604580000
1,4223,0,168920,6,1,0,2,0,0,0,0,0,0,1110,88,0,d8930200060100020000000000000000000000005604580000
1,4224,0,168960,6,1,0,2,0,0,0,0,0,0,1110,88,0,00940200060100020000000000000000000000005604580000
1,4225,0,169000,6,1,0,2,0,0,0,0,0,0,1110,88,0,28940200060100020000000000000000000000005604580000
1,4226,0,169040,6,1,0,2,0,0,0,0,0,0,1110,88,0,50940200060100020000000000000000000000005604580000
1,4227,0,169080,6,1,0,2,0,0,0,0,0,0,1110,88,0,78940200060100020000000000000000000000005604580000
1,4228,0,169120,6,1,0,2,0,0,0,0,0,0,1110,88,0,a0940200060100020000000000000000000000005604580000
1,4229,0,169160,6,1,0,2,0,0,0,0,0,0,1110,88,0,c8940200060100020000000000000000000000005604580000
1,4230,0,169200,6,1,0,2,0,0,0,0,0,0,1110,88,0,f0940200060100020000000000000000000000005604580000
1,4231,0,169240,6,1,0,2,0,0,0,0,0,0,1110,88,0,18950200060100020000000000000000000000005604580000
1,4232,0,169280,6,1,0,2,0,0,0,0,0,0,1110,88,0,40950200060100020000000000000000000000005604580000
1,4233,0,169320,6,1,0,2,0,0,0,0,0,0,1110,88,0,68950200060100020000000000000000000000005604580000
1,4234,0,169360,6,1,0,2,0,0,0,0,0,0,1110,88,0,90950200060100020000000000000000000000005604580000
1,4235,0,169400,6,1,0,2,0,0,0,0,0,0,1110,88,0,b8950200060100020000000000000000000000005604580000
1,4236,0,169440,6,1,0,2,0,0,0,0,0,0,1110,88,0,e0950200060100020000000000000000000000005604580000
1,4237,0,169480,6,1,0,2,0,0,0,0,0,0,1110,88,0,08960200060100020000000000000000000000005604580000
1,4238,0,169520,6,1,0,2,0,0,0,0,0,0,1110,88,0,30960200060100020000000000000000000000005604580000
1,4239,0,169560,6,1,0,2,0,0,0,0,0,0,1110,88,0,58960200060100020000000000000000000000005604580000
1,4240,0,169600,6,1,0,2,0,0,0,0,0,0,1110,88,0,80960200060100020000000000000000000000005604580000
1,4241,0,169640,6,1,0,2,0,0,0,0,0,0,1110,88,0,a8960200060100020000000000000000000000005604580000
1,4242,0,169680,6,1,0,2,0,0,0,0,0,0,1110,88,0,d0960200060100020000000000000000000000005604580000
1,4243,0,169720,6,1,0,2,0,0,0,0,0,0,1110,88,0,f8960200060100020000000000000000000000005604580000
1,4244,0,169760,6,1,0,2,0,0,0,0,0,0,1110,88,0,20970200060100020000000000000000000000005604580000
1,4245,0,169800,6,1,0,2,0,0,0,0,0,0,1110,88,0,48970200060100020000000000000000000000005604580000
1,4246,0,169840,6,1,0,2,0,0,0,0,0,0,1110,88,0,70970200060100020000000000000000000000005604580000
1,4247,0,169880,6,1,0,2,0,0,0,0,0,0,1110,88,0,98970200060100020000000000000000000000005604580000
1,4248,0,169920,6,1,0,2,0,0,0,0,0,0,1110,88,0,c0970200060100020000000000000000000000005604580000
1,4249,0,169960,6,1,0,2,0,0,0,0,0,0,1110,88,0,e8970200060100020000000000000000000000005604580000
1,4250,0,170000,6,1,0,2,0,0,0,0,0,0,1110,88,0,10980200060100020000000000000000000000005604580000
1,4251,0,170040,6,1,0,2,0,0,0,0,0,0,1110,88,0,38980200060100020000000000000000000000005604580000
1,4252,0,170080,6,1,0,2,0,0,0,0,0,0,1110,88,0,60980200060100020000000000000000000000005604580000
1,4253,0,170120,6,1,0,2,0,0,0,0,0,0,1110,88,0,88980200060100020000000000000000000000005604580000
1,4254,0,170160,6,1,0,2,0,0,0,0,0,0,1110,88,0,b0980200060100020000000000000000000000005604580000
1,4255,0,170200,6,1,0,2,0,0,0,0,0,0,1110,88,0,d8980200060100020000000000000000000000005604580000
1,4256,0,170240,6,1,0,2,0,0,0,0,0,0,1110,88,0,00990200060100020000000000000000000000005604580000
1,4257,0,170280,6,1,0,2,0,0,0,0,0,0,1110,88,0,28990200060100020000000000000000000000005604580000
1,4258,0,170320,6,1,0,2,0,0,0,0,0,0,1110,88,0,50990200060100020000000000000000000000005604580000
1,4259,0,170360,6,1,0,2,0,0,0,0,0,0,1110,88,0,78990200060100020000000000000000000000005604580000
1,4260,0,170400,6,1,0,2,0,0,0,0,0,0,1110,88,0,a0990200060100020000000000000000000000005604580000
1,4261,0,170440,6,1,0,2,0,0,0,0,0,0,1110,88,0,c8990200060100020000000000000000000000005604580000
1,4262,0,170480,6,1,0,2,0,0,0,0,0,0,1110,88,0,f0990200060100020000000000000000000000005604580000
1,4263,0,170520,6,1,0,2,0,0,0,0,0,0,1110,88,0,189a0200060100020000000000000000000000005604580000
1,4264,0,170560,6,1,0,2,0,0,0,0,0,0,1110,88,0,409a0200060100020000000000000000000000005604580000
1,4265,0,170600,6,1,0,2,0,0,0,0,0,0,1110,88,0,689a0200060100020000000000000000000000005604580000
1,4266,0,170640,6,1,0,2,0,0,0,0,0,0,1110,88,0,909a0200060100020000000000000000000000005604580000
1,4267,0,170680,6,1,0,2,0,0,0,0,0,0,1110,88,0,b89a0200060100020000000000000000000000005604580000
1,4268,0,170720,6,1,0,2,0,0,0,0,0,0,1110,88,0,e09a0200060100020000000000000000000000005604580000
1,4269,0,170760,6,1,0,2,0,0,0,0,0,0,1110,88,0,089b0200060100020000000000000000000000005604580000
1,4270,0,170800,6,1,0,2,0,0,0,0,0,0,1110,88,0,309b0200060100020000000000000000000000005604580000
1,4271,0,170840,6,1,0,2,0,0,0,0,0,0,1110,88,0,589b0200060100020000000000000000000000005604580000
1,4272,0,170880,6,1,0,2,0,0,0,0,0,0,1110,88,0,809b0200060100020000000000000000000000005604580000
1,4273,0,170920,6,1,0,2,0,0,0,0,0,0,1110,88,0,a89b0200060100020000000000000000000000005604580000
1,4274,0,170960,6,1,0,2,0,0,0,0,0,0,1110,88,0,d09b0200060100020000000000000000000000005604580000
1,4275,0,171000,6,1,0,2,0,0,0,0,0,0,1110,88,0,f89b0200060100020000000000000000000000005604580000
1,4276,0,171040,6,1,0,2,0,0,0,0,0,0,1110,88,0,209c0200060100020000000000000000000000005604580000
1,4277,0,171080,6,1,0,2,0,0,0,0,0,0,1110,88,0,489c0200060100020000000000000000000000005604580000
1,4278,0,171120,6,1,0,2,0,0,0,0,0,0,1110,88,0,709c0200060100020000000000000000000000005604580000
1,4279,0,171160,6,1,0,2,0,0,0,0,0,0,1110,88,0,989c0200060100020000000000000000000000005604580000
1,4280,0,171200,6,1,0,2,0,0,0,0,0,0,1110,88,0,c09c0200060100020000000000000000000000005604580000
1,4281,0,171240,6,1,0,2,0,0,0,0,0,0,1110,88,0,e89c0200060100020000000000000000000000005604580000
1,4282,0,171280,6,1,0,2,0,0,0,0,0,0,1110,88,0,109d0200060100020000000000000000000000005604580000
1,4283,0,171320,6,1,0,2,0,0,0,0,0,0,1110,88,0,389d0200060100020000000000000000000000005604580000
1,4284,0,171360,6,1,0,2,0,0,0,0,0,0,1110,88,0,609d0200060100020000000000000000000000005604580000
1,4285,0,171400,6,1,0,2,0,0,0,0,0,0,1110,88,0,889d0200060100020000000000000000000000005604580000
1,4286,0,171440,6,1,0,2,0,0,0,0,0,0,1110,88,0,b09d0200060100020000000000000000000000005604580000
1,4287,0,171480,6,1,0,2,0,0,0,0,0,0,1110,88,0,d89d0200060100020000000000000000000000005604580000
1,4288,0,171520,6,1,0,2,0,0,0,0,0,0,1110,88,0,009e0200060100020000000000000000000000005604580000
1,4289,0,171560,6,1,0,2,0,0,0,0,0,0,1110,88,0,289e0200060100020000000000000000000000005604580000
1,4290,0,171600,6,1,0,2,0,0,0,0,0,0,1110,88,0,509e0200060100020000000000000000000000005604580000
1,4291,0,171640,6,1,0,2,0,0,0,0,0,0,1110,88,0,789e0200060100020000000000000000000000005604580000
1,4292,0,171680,6,1,0,2,0,0,0,0,0,0,1110,88,0,a09e0200060100020000000000000000000000005604580000
1,4293,0,171720,6,1,0,2,0,0,0,0,0,0,1110,88,0,c89e0200060100020000000000000000000000005604580000
1,4294,0,171760,6,1,0,2,0,0,0,0,0,0,1110,88,0,f09e0200060100020000000000000000000000005604580000
1,4295,0,171800,6,1,0,2,0,0,0,0,0,0,1110,88,0,189f0200060100020000000000000000000000005604580000
1,4296,0,171840,6,1,0,2,0,0,0,0,0,0,1110,88,0,409f0200060100020000000000000000000000005604580000
1,4297,0,171880,6,1,0,2,0,0,0,0,0,0,1110,88,0,689f0200060100020000000000000000000000005604580000
1,4298,0,171920,6,1,0,2,0,0,0,0,0,0,1110,88,0,909f0200060100020000000000000000000000005604580000
1,4299,0,171960,6,1,0,2,0,0,0,0,0,0,1110,88,0,b89f0200060100020000000000000000000000005604580000
1,4300,0,172000,6,1,0,2,0,0,0,0,0,0,1110,88,0,e09f0200060100020000000000000000000000005604580000
1,4301,0,172040,6,1,0,2,0,0,0,0,0,0,1110,88,0,08a00200060100020000000000000000000000005604580000
1,4302,0,172080,6,1,0,2,0,0,0,0,0,0,1110,88,0,30a00200060100020000000000000000000000005604580000
1,4303,0,172120,6,1,0,2,0,0,0,0,0,0,1110,88,0,58a00200060100020000000000000000000000005604580000
1,4304,0,172160,6,1,0,2,0,0,0,0,0,0,1110,88,0,80a00200060100020000000000000000000000005604580000
1,4305,0,172200,6,1,0,2,0,0,0,0,0,0,1110,88,0,a8a00200060100020000000000000000000000005604580000
1,4306,0,172240,6,1,0,2,0,0,0,0,0,0,1110,88,0,d0a00200060100020000000000000000000000005604580000
1,4307,0,172280,6,1,0,2,0,0,0,0,0,0,1110,88,0,f8a00200060100020000000000000000000000005604580000
1,4308,0,172320,6,1,0,2,0,0,0,0,0,0,1110,88,0,20a10200060100020000000000000000000000005604580000
1,4309,0,172360,6,1,0,2,0,0,0,0,0,0,1110,88,0,48a10200060100020000000000000000000000005604580000
1,4310,0,172400,6,1,0,2,0,0,0,0,0,0,1110,88,0,70a10200060100020000000000000000000000005604580000
1,4311,0,172440,6,1,0,2,0,0,0,0,0,0,1110,88,0,98a10200060100020000000000000000000000005604580000
1,4312,0,172480,6,1,0,2,0,0,0,0,0,0,1110,88,0,c0a10200060100020000000000000000000000005604580000
1,4313,0,172520,6,1,0,2,0,0,0,0,0,0,1110,88,0,e8a10200060100020000000000000000000000005604580000
1,4314,0,172560,6,1,0,2,0,0,0,0,0,0,1110,88,0,10a20200060100020000000000000000000000005604580000
1,4315,0,172600,6,1,0,2,0,0,0,0,0,0,1110,88,0,38a20200060100020000000000000000000000005604580000
1,4316,0,172640,6,1,0,2,0,0,0,0,0,0,1110,88,0,60a20200060100020000000000000000000000005604580000
1,4317,0,172680,6,1,0,2,0,0,0,0,0,0,1110,88,0,88a20200060100020000000000000000000000005604580000
1,4318,0,172720,6,1,0,2,0,0,0,0,0,0,1110,88,0,b0a20200060100020000000000000000000000005604580000
1,4319,0,172760,6,1,0,2,0,0,0,0,0,0,1110,88,0,d8a20200060100020000000000000000000000005604580000
1,4320,0,172800,6,1,0,2,0,0,0,0,0,0,1110,88,0,00a30200060100020000000000000000000000005604580000
1,4321,0,172840,6,1,0,2,0,0,0,0,0,0,1110,88,0,28a30200060100020000000000000000000000005604580000
1,4322,0,172880,6,1,0,2,0,0,0,0,0,0,1110,88,0,50a30200060100020000000000000000000000005604580000
1,4323,0,172920,6,1,0,2,0,0,0,0,0,0,1110,88,0,78a30200060100020000000000000000000000005604580000
1,4324,0,172960,6,1,0,2,0,0,0,0,0,0,1110,88,0,a0a30200060100020000000000000000000000005604580000
1,4325,0,173000,6,1,0,2,0,0,0,0,0,0,1110,88,0,c8a30200060100020000000000000000000000005604580000
1,4326,0,173040,6,1,0,2,0,0,0,0,0,0,1110,88,0,f0a30200060100020000000000000000000000005604580000
1,4327,0,173080,6,1,0,2,0,0,0,0,0,0,1110,88,0,18a40200060100020000000000000000000000005604580000
1,4328,0,173120,6,1,0,2,0,0,0,0,0,0,1110,88,0,40a40200060100020000000000000000000000005604580000
1,4329,0,173160,6,1,0,2,0,0,0,0,0,0,1110,88,0,68a40200060100020000000000000000000000005604580000
1,4330,0,173200,6,1,0,2,0,0,0,0,0,0,1110,88,0,90a40200060100020000000000000000000000005604580000
1,4331,0,173240,6,1,0,2,0,0,0,0,0,0,1110,88,0,b8a40200060100020000000000000000000000005604580000
1,4332,0,173280,6,1,0,2,0,0,0,0,0,0,1110,88,0,e0a40200060100020000000000000000000000005604580000
1,4333,0,173320,6,1,0,2,0,0,0,0,0,0,1110,88,0,08a50200060100020000000000000000000000005604580000
1,4334,0,173360,6,1,0,2,0,0,0,0,0,0,1110,88,0,30a50200060100020000000000000000000000005604580000
1,4335,0,173400,6,1,0,2,0,0,0,0,0,0,1110,88,0,58a50200060100020000000000000000000000005604580000
1,4336,0,173440,6,1,0,2,0,0,0,0,0,0,1110,88,0,80a50200060100020000000000000000000000005604580000
1,4337,0,173480,6,1,0,2,0,0,0,0,0,0,1110,88,0,a8a50200060100020000000000000000000000005604580000
1,4338,0,173520,6,1,0,2,0,0,0,0,0,0,1110,88,0,d0a50200060100020000000000000000000000005604580000
1,4339,0,173560,6,1,0,2,0,0,0,0,0,0,1110,88,0,f8a50200060100020000000000000000000000005604580000
1,4340,0,173600,6,1,0,2,0,0,0,0,0,0,1110,88,0,20a60200060100020000000000000000000000005604580000
1,4341,0,173640,6,1,0,2,0,0,0,0,0,0,1110,88,0,48a60200060100020000000000000000000000005604580000
1,4342,0,173680,6,1,0,2,0,0,0,0,0,0,1110,88,0,70a60200060100020000000000000000000000005604580000
1,4343,0,173720,6,1,0,2,0,0,0,0,0,0,1110,88,0,98a60200060100020000000000000000000000005604580000
1,4344,0,173760,6,1,0,2,0,0,0,0,0,0,1110,88,0,c0a60200060100020000000000000000000000005604580000
1,4345,0,173800,6,1,0,2,0,0,0,0,0,0,1110,88,0,e8a60200060100020000000000000000000000005604580000
1,4346,0,173840,6,1,0,2,0,0,0,0,0,0,1110,88,0,10a70200060100020000000000000000000000005604580000
1,4347,0,173880,6,1,0,2,0,0,0,0,0,0,1110,88,0,38a70200060100020000000000000000000000005604580000
1,4348,0,173920,6,1,0,2,0,0,0,0,0,0,1110,88,0,60a70200060100020000000000000000000000005604580000
1,4349,0,173960,6,1,0,2,0,0,0,0,0,0,1110,88,0,88a70200060100020000000000000000000000005604580000
1,4350,0,174000,6,1,0,2,0,0,0,0,0,0,1110,88,0,b0a70200060100020000000000000000000000005604580000
1,4351,0,174040,6,1,0,2,0,0,0,0,0,0,1110,88,0,d8a70200060100020000000000000000000000005604580000
1,4352,0,174080,6,1,0,2,0,0,0,0,0,0,1110,88,0,00a80200060100020000000000000000000000005604580000
1,4353,0,174120,6,1,0,2,0,0,0,0,0,0,1110,88,0,28a80200060100020000000000000000000000005604580000
1,4354,0,174160,6,1,0,2,0,0,0,0,0,0,1110,88,0,50a80200060100020000000000000000000000005604580000
1,4355,0,174200,6,1,0,2,0,0,0,0,0,0,1110,88,0,78a80200060100020000000000000000000000005604580000
1,4356,0,174240,6,1,0,2,0,0,0,0,0,0,1110,88,0,a0a80200060100020000000000000000000000005604580000
1,4357,0,174280,6,1,0,2,0,0,0,0,0,0,1110,88,0,c8a80200060100020000000000000000000000005604580000
1,4358,0,174320,6,1,0,2,0,0,0,0,0,0,1110,88,0,f0a80200060100020000000000000000000000005604580000
1,4359,0,174360,6,1,0,2,0,0,0,0,0,0,1110,88,0,18a90200060100020000000000000000000000005604580000
1,4360,0,174400,6,1,0,2,0,0,0,0,0,0,1110,88,0,40a90200060100020000000000000000000000005604580000
1,4361,0,174440,6,1,0,2,0,0,0,0,0,0,1110,88,0,68a90200060100020000000000000000000000005604580000
1,4362,0,174480,6,1,0,2,0,0,0,0,0,0,1110,88,0,90a90200060100020000000000000000000000005604580000
1,4363,0,174520,6,1,0,2,0,0,0,0,0,0,1110,88,0,b8a90200060100020000000000000000000000005604580000
1,4364,0,174560,6,1,0,2,0,0,0,0,0,0,1110,88,0,e0a90200060100020000000000000000000000005604580000
1,4365,0,174600,6,1,0,2,0,0,0,0,0,0,1110,88,0,08aa0200060100020000000000000000000000005604580000
1,4366,0,174640,6,1,0,2,0,0,0,0,0,0,1110,88,0,30aa0200060100020000000000000000000000005604580000
1,4367,0,174680,6,1,0,2,0,0,0,0,0,0,1110,88,0,58aa0200060100020000000000000000000000005604580000
1,4368,0,174720,6,1,0,2,0,0,0,0,0,0,1110,88,0,80aa0200060100020000000000000000000000005604580000
1,4369,0,174760,6,1,0,2,0,0,0,0,0,0,1110,88,0,a8aa0200060100020000000000000000000000005604580000
1,4370,0,174800,6,1,0,2,0,0,0,0,0,0,1110,88,0,d0aa0200060100020000000000000000000000005604580000
1,4371,0,174840,6,1,0,2,0,0,0,0,0,0,1110,88,0,f8aa0200060100020000000000000000000000005604580000
1,4372,0,174880,6,1,0,2,0,0,0,0,0,0,1110,88,0,20ab0200060100020000000000000000000000005604580000
1,4373,0,174920,6,1,0,2,0,0,0,0,0,0,1110,88,0,48ab0200060100020000000000000000000000005604580000
1,4374,0,174960,6,1,0,2,0,0,0,0,0,0,1110,88,0,70ab0200060100020000000000000000000000005604580000
1,4375,0,175000,6,1,0,2,0,0,0,0,0,0,1110,88,0,98ab0200060100020000000000000000000000005604580000
1,4376,0,175040,6,1,0,2,0,0,0,0,0,0,1110,88,0,c0ab0200060100020000000000000000000000005604580000
1,4377,0,175080,6,1,0,2,0,0,0,0,0,0,1110,88,0,e8ab0200060100020000000000000000000000005604580000
1,4378,0,175120,6,1,0,2,0,0,0,0,0,0,1110,88,0,10ac0200060100020000000000000000000000005604580000
1,4379,0,175160,6,1,0,2,0,0,0,0,0,0,1110,88,0,38ac0200060100020000000000000000000000005604580000
1,4380,0,175200,6,1,0,2,0,0,0,0,0,0,1110,88,0,60ac0200060100020000000000000000000000005604580000
1,4381,0,175240,6,1,0,2,0,0,0,0,0,0,1110,88,0,88ac0200060100020000000000000000000000005604580000
1,4382,0,175280,6,1,0,2,0,0,0,0,0,0,1110,88,0,b0ac0200060100020000000000000000000000005604580000
1,4383,0,175320,6,1,0,2,0,0,0,0,0,0,1110,88,0,d8ac0200060100020000000000000000000000005604580000
1,4384,0,175360,6,1,0,2,0,0,0,0,0,0,1110,88,0,00ad0200060100020000000000000000000000005604580000
1,4385,0,175400,6,1,0,2,0,0,0,0,0,0,1110,88,0,28ad0200060100020000000000000000000000005604580000
1,4386,0,175440,6,1,0,2,0,0,0,0,0,0,1110,88,0,50ad0200060100020000000000000000000000005604580000
1,4387,0,175480,6,1,0,2,0,0,0,0,0,0,1110,88,0,78ad0200060100020000000000000000000000005604580000
1,4388,0,175520,6,1,0,2,0,0,0,0,0,0,1110,88,0,a0ad0200060100020000000000000000000000005604580000
1,4389,0,175560,6,1,0,2,0,0,0,0,0,0,1110,88,0,c8ad0200060100020000000000000000000000005604580000
1,4390,0,175600,6,1,0,2,0,0,0,0,0,0,1110,88,0,f0ad0200060100020000000000000000000000005604580000
1,4391,0,175640,6,1,0,2,0,0,0,0,0,0,1110,88,0,18ae0200060100020000000000000000000000005604580000
1,4392,0,175680,6,1,0,2,0,0,0,0,0,0,1110,88,0,40ae0200060100020000000000000000000000005604580000
1,4393,0,175720,6,1,0,2,0,0,0,0,0,0,1110,88,0,68ae0200060100020000000000000000000000005604580000
1,4394,0,175760,6,1,0,2,0,0,0,0,0,0,1110,88,0,90ae0200060100020000000000000000000000005604580000
1,4395,0,175800,6,1,0,2,0,0,0,0,0,0,1110,88,0,b8ae0200060100020000000000000000000000005604580000
1,4396,0,175840,6,1,0,2,0,0,0,0,0,0,1110,88,0,e0ae0200060100020000000000000000000000005604580000
1,4397,0,175880,6,1,0,2,0,0,0,0,0,0,1110,88,0,08af0200060100020000000000000000000000005604580000
1,4398,0,175920,6,1,0,2,0,0,0,0,0,0,1110,88,0,30af0200060100020000000000000000000000005604580000
1,4399,0,175960,6,1,0,2,0,0,0,0,0,0,1110,88,0,58af0200060100020000000000000000000000005604580000
1,4400,0,176000,6,1,0,2,0,0,0,0,0,0,1110,88,0,80af0200060100020000000000000000000000005604580000
1,4401,0,176040,6,1,0,2,0,0,0,0,0,0,1110,88,0,a8af0200060100020000000000000000000000005604580000
1,4402,0,176080,6,1,0,2,0,0,0,0,0,0,1110,88,0,d0af0200060100020000000000000000000000005604580000
1,4403,0,176120,6,1,0,2,0,0,0,0,0,0,1110,88,0,f8af0200060100020000000000000000000000005604580000
1,4404,0,176160,6,1,0,2,0,0,0,0,0,0,1110,88,0,20b00200060100020000000000000000000000005604580000
1,4405,0,176200,6,1,0,2,0,0,0,0,0,0,1110,88,0,48b00200060100020000000000000000000000005604580000
1,4406,0,176240,6,1,0,2,0,0,0,0,0,0,1110,88,0,70b00200060100020000000000000000000000005604580000
1,4407,0,176280,6,1,0,2,0,0,0,0,0,0,1110,88,0,98b00200060100020000000000000000000000005604580000
1,4408,0,176320,6,1,0,2,0,0,0,0,0,0,1110,88,0,c0b00200060100020000000000000000000000005604580000
1,4409,0,176360,6,1,0,2,0,0,0,0,0,0,1110,88,0,e8b00200060100020000000000000000000000005604580000
1,4410,0,176400,6,1,0,2,0,0,0,0,0,0,1110,88,0,10b10200060100020000000000000000000000005604580000
1,4411,0,176440,6,1,0,2,0,0,0,0,0,0,1110,88,0,38b10200060100020000000000000000000000005604580000
1,4412,0,176480,6,1,0,2,0,0,0,0,0,0,1110,88,0,60b10200060100020000000000000000000000005604580000
1,4413,0,176520,6,1,0,2,0,0,0,0,0,0,1110,88,0,88b10200060100020000000000000000000000005604580000
1,4414,0,176560,6,1,0,2,0,0,0,0,0,0,1110,88,0,b0b10200060100020000000000000000000000005604580000
1,4415,0,176600,6,1,0,2,0,0,0,0,0,0,1110,88,0,d8b10200060100020000000000000000000000005604580000
1,4416,0,176640,6,1,0,2,0,0,0,0,0,0,1110,88,0,00b20200060100020000000000000000000000005604580000
1,4417,0,176680,6,1,0,2,0,0,0,0,0,0,1110,88,0,28b20200060100020000000000000000000000005604580000
1,4418,0,176720,6,1,0,2,0,0,0,0,0,0,1110,88,0,50b20200060100020000000000000000000000005604580000
1,4419,0,176760,6,1,0,2,0,0,0,0,0,0,1110,88,0,78b20200060100020000000000000000000000005604580000
1,4420,0,176800,6,1,0,2,0,0,0,0,0,0,1110,88,0,a0b20200060100020000000000000000000000005604580000
1,4421,0,176840,6,1,0,2,0,0,0,0,0,0,1110,88,0,c8b20200060100020000000000000000000000005604580000
1,4422,0,176880,6,1,0,2,0,0,0,0,0,0,1110,88,0,f0b20200060100020000000000000000000000005604580000
1,4423,0,176920,6,1,0,2,0,0,0,0,0,0,1110,88,0,18b30200060100020000000000000000000000005604580000
1,4424,0,176960,6,1,0,2,0,0,0,0,0,0,1110,88,0,40b30200060100020000000000000000000000005604580000
1,4425,0,177000,6,1,0,2,0,0,0,0,0,0,1110,88,0,68b30200060100020000000000000000000000005604580000
1,4426,0,177040,6,1,0,2,0,0,0,0,0,0,1110,88,0,90b30200060100020000000000000000000000005604580000
1,4427,0,177080,6,1,0,2,0,0,0,0,0,0,1110,88,0,b8b30200060100020000000000000000000000005604580000
1,4428,0,177120,6,1,0,2,0,0,0,0,0,0,1110,88,0,e0b30200060100020000000000000000000000005604580000
1,4429,0,177160,6,1,0,2,0,0,0,0,0,0,1110,88,0,08b40200060100020000000000000000000000005604580000
1,4430,0,177200,6,1,0,2,0,0,0,0,0,0,1110,88,0,30b40200060100020000000000000000000000005604580000
1,4431,0,177240,6,1,0,2,0,0,0,0,0,0,1110,88,0,58b40200060100020000000000000000000000005604580000
1,4432,0,177280,6,1,0,2,0,0,0,0,0,0,1110,88,0,80b40200060100020000000000000000000000005604580000
1,4433,0,177320,6,1,0,2,0,0,0,0,0,0,1110,88,0,a8b40200060100020000000000000000000000005604580000
1,4434,0,177360,6,1,0,2,0,0,0,0,0,0,1110,88,0,d0b40200060100020000000000000000000000005604580000
1,4435,0,177400,6,1,0,2,0,0,0,0,0,0,1110,88,0,f8b40200060100020000000000000000000000005604580000
1,4436,0,177440,6,1,0,2,0,0,0,0,0,0,1110,88,0,20b50200060100020000000000000000000000005604580000
1,4437,0,177480,6,1,0,2,0,0,0,0,0,0,1110,88,0,48b50200060100020000000000000000000000005604580000
1,4438,0,177520,6,1,0,2,0,0,0,0,0,0,1110,88,0,70b50200060100020000000000000000000000005604580000
1,4439,0,177560,6,1,0,2,0,0,0,0,0,0,1110,88,0,98b50200060100020000000000000000000000005604580000
1,4440,0,177600,6,1,0,2,0,0,0,0,0,0,1110,88,0,c0b50200060100020000000000000000000000005604580000
1,4441,0,177640,6,1,0,2,0,0,0,0,0,0,1110,88,0,e8b50200060100020000000000000000000000005604580000
1,4442,0,177680,6,1,0,2,0,0,0,0,0,0,1110,88,0,10b60200060100020000000000000000000000005604580000
1,4443,0,177720,6,1,0,2,0,0,0,0,0,0,1110,88,0,38b60200060100020000000000000000000000005604580000
1,4444,0,177760,6,1,0,2,0,0,0,0,0,0,1110,88,0,60b60200060100020000000000000000000000005604580000
1,4445,0,177800,6,1,0,2,0,0,0,0,0,0,1110,88,0,88b60200060100020000000000000000000000005604580000
1,4446,0,177840,6,1,0,2,0,0,0,0,0,0,1110,88,0,b0b60200060100020000000000000000000000005604580000
1,4447,0,177880,6,1,0,2,0,0,0,0,0,0,1110,88,0,d8b60200060100020000000000000000000000005604580000
1,4448,0,177920,6,1,0,2,0,0,0,0,0,0,1110,88,0,00b70200060100020000000000000000000000005604580000
1,4449,0,177960,6,1,0,2,0,0,0,0,0,0,1110,88,0,28b70200060100020000000000000000000000005604580000
1,4450,0,178000,6,1,0,2,0,0,0,0,0,0,1110,88,0,50b70200060100020000000000000000000000005604580000
1,4451,0,178040,6,1,0,2,0,0,0,0,0,0,1110,88,0,78b70200060100020000000000000000000000005604580000
1,4452,0,178080,6,1,0,2,0,0,0,0,0,0,1110,88,0,a0b70200060100020000000000000000000000005604580000
1,4453,0,178120,6,1,0,2,0,0,0,0,0,0,1110,88,0,c8b70200060100020000000000000000000000005604580000
1,4454,0,178160,6,1,0,2,0,0,0,0,0,0,1110,88,0,f0b70200060100020000000000000000000000005604580000
1,4455,0,178200,6,1,0,2,0,0,0,0,0,0,1110,88,0,18b80200060100020000000000000000000000005604580000
1,4456,0,178240,6,1,0,2,0,0,0,0,0,0,1110,88,0,40b80200060100020000000000000000000000005604580000
1,4457,0,178280,6,1,0,2,0,0,0,0,0,0,1110,88,0,68b80200060100020000000000000000000000005604580000
1,4458,0,178320,6,1,0,2,0,0,0,0,0,0,1110,88,0,90b80200060100020000000000000000000000005604580000
1,4459,0,178360,6,1,0,2,0,0,0,0,0,0,1110,88,0,b8b80200060100020000000000000000000000005604580000
1,4460,0,178400,6,1,0,2,0,0,0,0,0,0,1110,88,0,e0b80200060100020000000000000000000000005604580000
1,4461,0,178440,6,1,0,2,0,0,0,0,0,0,1110,88,0,08b90200060100020000000000000000000000005604580000
1,4462,0,178480,6,1,0,2,0,0,0,0,0,0,1110,88,0,30b90200060100020000000000000000000000005604580000
1,4463,0,178520,6,1,0,2,0,0,0,0,0,0,1110,88,0,58b90200060100020000000000000000000000005604580000
1,4464,0,178560,6,1,0,2,0,0,0,0,0,0,1110,88,0,80b90200060100020000000000000000000000005604580000
1,4465,0,178600,6,1,0,2,0,0,0,0,0,0,1110,88,0,a8b90200060100020000000000000000000000005604580000
1,4466,0,178640,6,1,0,2,0,0,0,0,0,0,1110,88,0,d0b90200060100020000000000000000000000005604580000
1,4467,0,178680,6,1,0,2,0,0,0,0,0,0,1110,88,0,f8b90200060100020000000000000000000000005604580000
1,4468,0,178720,6,1,0,2,0,0,0,0,0,0,1110,88,0,20ba0200060100020000000000000000000000005604580000
1,4469,0,178760,6,1,0,2,0,0,0,0,0,0,1110,88,0,48ba0200060100020000000000000000000000005604580000
1,4470,0,178800,6,1,0,2,0,0,0,0,0,0,1110,88,0,70ba0200060100020000000000000000000000005604580000
1,4471,0,178840,6,1,0,2,0,0,0,0,0,0,1110,88,0,98ba0200060100020000000000000000000000005604580000
1,4472,0,178880,6,1,0,2,0,0,0,0,0,0,1110,88,0,c0ba0200060100020000000000000000000000005604580000
1,4473,0,178920,6,1,0,2,0,0,0,0,0,0,1110,88,0,e8ba0200060100020000000000000000000000005604580000
1,4474,0,178960,6,1,0,2,0,0,0,0,0,0,1110,88,0,10bb0200060100020000000000000000000000005604580000
1,4475,0,179000,6,1,0,2,0,0,0,0,0,0,1110,88,0,38bb0200060100020000000000000000000000005604580000
1,4476,0,179040,6,1,0,2,0,0,0,0,0,0,1110,88,0,60bb0200060100020000000000000000000000005604580000
1,4477,0,179080,6,1,0,2,0,0,0,0,0,0,1110,88,0,88bb0200060100020000000000000000000000005604580000
1,4478,0,179120,6,1,0,2,0,0,0,0,0,0,1110,88,0,b0bb0200060100020000000000000000000000005604580000
1,4479,0,179160,6,1,0,2,0,0,0,0,0,0,1110,88,0,d8bb0200060100020000000000000000000000005604580000
1,4480,0,179200,6,1,0,2,0,0,0,0,0,0,1110,88,0,00bc0200060100020000000000000000000000005604580000
1,4481,0,179240,6,1,0,2,0,0,0,0,0,0,1110,88,0,28bc0200060100020000000000000000000000005604580000
1,4482,0,179280,6,1,0,2,0,0,0,0,0,0,1110,88,0,50bc0200060100020000000000000000000000005604580000
1,4483,0,179320,6,1,0,2,0,0,0,0,0,0,1110,88,0,78bc0200060100020000000000000000000000005604580000
1,4484,0,179360,6,1,0,2,0,0,0,0,0,0,1110,88,0,a0bc0200060100020000000000000000000000005604580000
1,4485,0,179400,6,1,0,2,0,0,0,0,0,0,1110,88,0,c8bc0200060100020000000000000000000000005604580000
1,4486,0,179440,6,1,0,2,0,0,0,0,0,0,1110,88,0,f0bc0200060100020000000000000000000000005604580000
1,4487,0,179480,6,1,0,2,0,0,0,0,0,0,1110,88,0,18bd0200060100020000000000000000000000005604580000
1,4488,0,179520,6,1,0,2,0,0,0,0,0,0,1110,88,0,40bd0200060100020000000000000000000000005604580000
1,4489,0,179560,6,1,0,2,0,0,0,0,0,0,1110,88,0,68bd0200060100020000000000000000000000005604580000
1,4490,0,179600,6,1,0,2,0,0,0,0,0,0,1110,88,0,90bd0200060100020000000000000000000000005604580000
1,4491,0,179640,6,1,0,2,0,0,0,0,0,0,1110,88,0,b8bd0200060100020000000000000000000000005604580000
1,4492,0,179680,6,1,0,2,0,0,0,0,0,0,1110,88,0,e0bd0200060100020000000000000000000000005604580000
1,4493,0,179720,6,1,0,2,0,0,0,0,0,0,1110,88,0,08be0200060100020000000000000000000000005604580000
1,4494,0,179760,6,1,0,2,0,0,0,0,0,0,1110,88,0,30be0200060100020000000000000000000000005604580000
1,4495,0,179800,6,1,0,2,0,0,0,0,0,0,1110,88,0,58be0200060100020000000000000000000000005604580000
1,4496,0,179840,6,1,0,2,0,0,0,0,0,0,1110,88,0,80be0200060100020000000000000000000000005604580000
1,4497,0,179880,6,1,0,2,0,0,0,0,0,0,1110,88,0,a8be0200060100020000000000000000000000005604580000
1,4498,0,179920,6,1,0,2,0,0,0,0,0,0,1110,88,0,d0be0200060100020000000000000000000000005604580000
1,4499,0,179960,6,1,0,2,0,0,0,0,0,0,1110,88,0,f8be0200060100020000000000000000000000005604580000
1,4500,0,180000,6,1,0,2,0,0,0,0,0,0,1110,88,0,20bf0200060100020000000000000000000000005604580000
1,4501,0,180040,6,1,0,2,0,0,0,0,0,0,1110,88,0,48bf0200060100020000000000000000000000005604580000
1,4502,0,180080,6,1,0,2,0,0,0,0,0,0,1110,88,0,70bf0200060100020000000000000000000000005604580000
1,4503,0,180120,6,1,0,2,0,0,0,0,0,0,1110,88,0,98bf0200060100020000000000000000000000005604580000
1,4504,0,180160,6,1,0,2,0,0,0,0,0,0,1110,88,0,c0bf0200060100020000000000000000000000005604580000
1,4505,0,180200,6,1,0,2,0,0,0,0,0,0,1110,88,0,e8bf0200060100020000000000000000000000005604580000
1,4506,0,180240,6,1,0,2,0,0,0,0,0,0,1110,88,0,10c00200060100020000000000000000000000005604580000
1,4507,0,180280,6,1,0,2,0,0,0,0,0,0,1110,88,0,38c00200060100020000000000000000000000005604580000
1,4508,0,180320,6,1,0,2,0,0,0,0,0,0,1110,88,0,60c00200060100020000000000000000000000005604580000
1,4509,0,180360,6,1,0,2,0,0,0,0,0,0,1110,88,0,88c00200060100020000000000000000000000005604580000
1,4510,0,180400,6,1,0,2,0,0,0,0,0,0,1110,88,0,b0c00200060100020000000000000000000000005604580000
1,4511,0,180440,6,1,0,2,0,0,0,0,0,0,1110,88,0,d8c00200060100020000000000000000000000005604580000
1,4512,0,180480,6,1,0,2,0,0,0,0,0,0,1110,88,0,00c10200060100020000000000000000000000005604580000
1,4513,0,180520,6,1,0,2,0,0,0,0,0,0,1110,88,0,28c10200060100020000000000000000000000005604580000
1,4514,0,180560,6,1,0,2,0,0,0,0,0,0,1110,88,0,50c10200060100020000000000000000000000005604580000
1,4515,0,180600,6,1,0,2,0,0,0,0,0,0,1110,88,0,78c10200060100020000000000000000000000005604580000
1,4516,0,180640,6,1,0,2,0,0,0,0,0,0,1110,88,0,a0c10200060100020000000000000000000000005604580000
1,4517,0,180680,6,1,0,2,0,0,0,0,0,0,1110,88,0,c8c10200060100020000000000000000000000005604580000
1,4518,0,180720,6,1,0,2,0,0,0,0,0,0,1110,88,0,f0c10200060100020000000000000000000000005604580000
1,4519,0,180760,6,1,0,2,0,0,0,0,0,0,1110,88,0,18c20200060100020000000000000000000000005604580000
1,4520,0,180800,6,1,0,2,0,0,0,0,0,0,1110,88,0,40c20200060100020000000000000000000000005604580000
1,4521,0,180840,6,1,0,2,0,0,0,0,0,0,1110,88,0,68c20200060100020000000000000000000000005604580000
1,4522,0,180880,6,1,0,2,0,0,0,0,0,0,1110,88,0,90c20200060100020000000000000000000000005604580000
1,4523,0,180920,6,1,0,2,0,0,0,0,0,0,1110,88,0,b8c20200060100020000000000000000000000005604580000
1,4524,0,180960,6,1,0,2,0,0,0,0,0,0,1110,88,0,e0c20200060100020000000000000000000000005604580000
1,4525,0,181000,6,1,0,2,0,0,0,0,0,0,1110,88,0,08c30200060100020000000000000000000000005604580000
1,4526,0,181040,6,1,0,2,0,0,0,0,0,0,1110,88,0,30c30200060100020000000000000000000000005604580000
1,4527,0,181080,6,1,0,2,0,0,0,0,0,0,1110,88,0,58c30200060100020000000000000000000000005604580000
1,4528,0,181120,6,1,0,2,0,0,0,0,0,0,1110,88,0,80c30200060100020000000000000000000000005604580000
1,4529,0,181160,6,1,0,2,0,0,0,0,0,0,1110,88,0,a8c30200060100020000000000000000000000005604580000
1,4530,0,181200,6,1,0,2,0,0,0,0,0,0,1110,88,0,d0c30200060100020000000000000000000000005604580000
1,4531,0,181240,6,1,0,2,0,0,0,0,0,0,1110,88,0,f8c30200060100020000000000000000000000005604580000
1,4532,0,181280,6,1,0,2,0,0,0,0,0,0,1110,88,0,20c40200060100020000000000000000000000005604580000
1,4533,0,181320,6,1,0,2,0,0,0,0,0,0,1110,88,0,48c40200060100020000000000000000000000005604580000
1,4534,0,181360,6,1,0,2,0,0,0,0,0,0,1110,88,0,70c40200060100020000000000000000000000005604580000
1,4535,0,181400,6,1,0,2,0,0,0,0,0,0,1110,88,0,98c40200060100020000000000000000000000005604580000
1,4536,0,181440,6,1,0,2,0,0,0,0,0,0,1110,88,0,c0c40200060100020000000000000000000000005604580000
1,4537,0,181480,6,1,0,2,0,0,0,0,0,0,1110,88,0,e8c40200060100020000000000000000000000005604580000
1,4538,0,181520,6,1,0,2,0,0,0,0,0,0,1110,88,0,10c50200060100020000000000000000000000005604580000
1,4539,0,181560,6,1,0,2,0,0,0,0,0,0,1110,88,0,38c50200060100020000000000000000000000005604580000
1,4540,0,181600,6,1,0,2,0,0,0,0,0,0,1110,88,0,60c50200060100020000000000000000000000005604580000
1,4541,0,181640,6,1,0,2,0,0,0,0,0,0,1110,88,0,88c50200060100020000000000000000000000005604580000
1,4542,0,181680,6,1,0,2,0,0,0,0,0,0,1110,88,0,b0c50200060100020000000000000000000000005604580000
1,4543,0,181720,6,1,0,2,0,0,0,0,0,0,1110,88,0,d8c50200060100020000000000000000000000005604580000
1,4544,0,181760,6,1,0,2,0,0,0,0,0,0,1110,88,0,00c60200060100020000000000000000000000005604580000
1,4545,0,181800,6,1,0,2,0,0,0,0,0,0,1110,88,0,28c60200060100020000000000000000000000005604580000
1,4546,0,181840,6,1,0,2,0,0,0,0,0,0,1110,88,0,50c60200060100020000000000000000000000005604580000
1,4547,0,181880,6,1,0,2,0,0,0,0,0,0,1110,88,0,78c60200060100020000000000000000000000005604580000
1,4548,0,181920,6,1,0,2,0,0,0,0,0,0,1110,88,0,a0c60200060100020000000000000000000000005604580000
1,4549,0,181960,6,1,0,2,0,0,0,0,0,0,1110,88,0,c8c60200060100020000000000000000000000005604580000
1,4550,0,182000,6,1,0,2,0,0,0,0,0,0,1110,88,0,f0c60200060100020000000000000000000000005604580000
1,4551,0,182040,6,1,0,2,0,0,0,0,0,0,1110,88,0,18c70200060100020000000000000000000000005604580000
1,4552,0,182080,6,1,0,2,0,0,0,0,0,0,1110,88,0,40c70200060100020000000000000000000000005604580000
1,4553,0,182120,6,1,0,2,0,0,0,0,0,0,1110,88,0,68c70200060100020000000000000000000000005604580000
1,4554,0,182160,6,1,0,2,0,0,0,0,0,0,1110,88,0,90c70200060100020000000000000000000000005604580000
1,4555,0,182200,6,1,0,2,0,0,0,0,0,0,1110,88,0,b8c70200060100020000000000000000000000005604580000
1,4556,0,182240,6,1,0,2,0,0,0,0,0,0,1110,88,0,e0c70200060100020000000000000000000000005604580000
1,4557,0,182280,6,1,0,2,0,0,0,0,0,0,1110,88,0,08c80200060100020000000000000000000000005604580000
1,4558,0,182320,6,1,0,2,0,0,0,0,0,0,1110,88,0,30c80200060100020000000000000000000000005604580000
1,4559,0,182360,6,1,0,2,0,0,0,0,0,0,1110,88,0,58c80200060100020000000000000000000000005604580000
1,4560,0,182400,6,1,0,2,0,0,0,0,0,0,1110,88,0,80c80200060100020000000000000000000000005604580000
1,4561,0,182440,6,1,0,2,0,0,0,0,0,0,1110,88,0,a8c80200060100020000000000000000000000005604580000
1,4562,0,182480,6,1,0,2,0,0,0,0,0,0,1110,88,0,d0c80200060100020000000000000000000000005604580000
1,4563,0,182520,6,1,0,2,0,0,0,0,0,0,1110,88,0,f8c80200060100020000000000000000000000005604580000
1,4564,0,182560,6,1,0,2,0,0,0,0,0,0,1110,88,0,20c90200060100020000000000000000000000005604580000
1,4565,0,182600,6,1,0,2,0,0,0,0,0,0,1110,88,0,48c90200060100020000000000000000000000005604580000
1,4566,0,182640,6,1,0,2,0,0,0,0,0,0,1110,88,0,70c90200060100020000000000000000000000005604580000
1,4567,0,182680,6,1,0,2,0,0,0,0,0,0,1110,88,0,98c90200060100020000000000000000000000005604580000
1,4568,0,182720,6,1,0,2,0,0,0,0,0,0,1110,88,0,c0c90200060100020000000000000000000000005604580000
1,4569,0,182760,6,1,0,2,0,0,0,0,0,0,1110,88,0,e8c90200060100020000000000000000000000005604580000
1,4570,0,182800,6,1,0,2,0,0,0,0,0,0,1110,88,0,10ca0200060100020000000000000000000000005604580000
1,4571,0,182840,6,1,0,2,0,0,0,0,0,0,1110,88,0,38ca0200060100020000000000000000000000005604580000
1,4572,0,182880,6,1,0,2,0,0,0,0,0,0,1110,88,0,60ca0200060100020000000000000000000000005604580000
1,4573,0,182920,6,1,0,2,0,0,0,0,0,0,1110,88,0,88ca0200060100020000000000000000000000005604580000
1,4574,0,182960,6,1,0,2,0,0,0,0,0,0,1110,88,0,b0ca0200060100020000000000000000000000005604580000
1,4575,0,183000,6,1,0,2,0,0,0,0,0,0,1110,88,0,d8ca0200060100020000000000000000000000005604580000
1,4576,0,183040,6,1,0,2,0,0,0,0,0,0,1110,88,0,00cb0200060100020000000000000000000000005604580000
1,4577,0,183080,6,1,0,2,0,0,0,0,0,0,1110,88,0,28cb0200060100020000000000000000000000005604580000
1,4578,0,183120,6,1,0,2,0,0,0,0,0,0,1110,88,0,50cb0200060100020000000000000000000000005604580000
1,4579,0,183160,6,1,0,2,0,0,0,0,0,0,1110,88,0,78cb0200060100020000000000000000000000005604580000
1,4580,0,183200,6,1,0,2,0,0,0,0,0,0,1110,88,0,a0cb0200060100020000000000000000000000005604580000
1,4581,0,183240,6,1,0,2,0,0,0,0,0,0,1110,88,0,c8cb0200060100020000000000000000000000005604580000
1,4582,0,183280,6,1,0,2,0,0,0,0,0,0,1110,88,0,f0cb0200060100020000000000000000000000005604580000
1,4583,0,183320,6,1,0,2,0,0,0,0,0,0,1110,88,0,18cc0200060100020000000000000000000000005604580000
1,4584,0,183360,6,1,0,2,0,0,0,0,0,0,1110,88,0,40cc0200060100020000000000000000000000005604580000
1,4585,0,183400,6,1,0,2,0,0,0,0,0,0,1110,88,0,68cc0200060100020000000000000000000000005604580000
1,4586,0,183440,6,1,0,2,0,0,0,0,0,0,1110,88,0,90cc0200060100020000000000000000000000005604580000
1,4587,0,183480,6,1,0,2,0,0,0,0,0,0,1110,88,0,b8cc0200060100020000000000000000000000005604580000
1,4588,0,183520,6,1,0,2,0,0,0,0,0,0,1110,88,0,e0cc0200060100020000000000000000000000005604580000
1,4589,0,183560,6,1,0,2,0,0,0,0,0,0,1110,88,0,08cd0200060100020000000000000000000000005604580000
1,4590,0,183600,6,1,0,2,0,0,0,0,0,0,1110,88,0,30cd0200060100020000000000000000000000005604580000
1,4591,0,183640,6,1,0,2,0,0,0,0,0,0,1110,88,0,58cd0200060100020000000000000000000000005604580000
1,4592,0,183680,6,1,0,2,0,0,0,0,0,0,1110,88,0,80cd0200060100020000000000000000000000005604580000
1,4593,0,183720,6,1,0,2,0,0,0,0,0,0,1110,88,0,a8cd0200060100020000000000000000000000005604580000
1,4594,0,183760,6,1,0,2,0,0,0,0,0,0,1110,88,0,d0cd0200060100020000000000000000000000005604580000
1,4595,0,183800,6,1,0,2,0,0,0,0,0,0,1110,88,0,f8cd0200060100020000000000000000000000005604580000
1,4596,0,183840,6,1,0,2,0,0,0,0,0,0,1110,88,0,20ce0200060100020000000000000000000000005604580000
1,4597,0,183880,6,1,0,2,0,0,0,0,0,0,1110,88,0,48ce0200060100020000000000000000000000005604580000
1,4598,0,183920,6,1,0,2,0,0,0,0,0,0,1110,88,0,70ce0200060100020000000000000000000000005604580000
1,4599,0,183960,6,1,0,2,0,0,0,0,0,0,1110,88,0,98ce0200060100020000000000000000000000005604580000
1,4600,0,184000,6,1,0,2,0,0,0,0,0,0,1110,88,0,c0ce0200060100020000000000000000000000005604580000
1,4601,0,184040,6,1,0,2,0,0,0,0,0,0,1110,88,0,e8ce0200060100020000000000000000000000005604580000
1,4602,0,184080,6,1,0,2,0,0,0,0,0,0,1110,88,0,10cf0200060100020000000000000000000000005604580000
1,4603,0,184120,6,1,0,2,0,0,0,0,0,0,1110,88,0,38cf0200060100020000000000000000000000005604580000
1,4604,0,184160,6,1,0,2,0,0,0,0,0,0,1110,88,0,60cf0200060100020000000000000000000000005604580000
1,4605,0,184200,6,1,0,2,0,0,0,0,0,0,1110,88,0,88cf0200060100020000000000000000000000005604580000
1,4606,0,184240,6,1,0,2,0,0,0,0,0,0,1110,88,0,b0cf0200060100020000000000000000000000005604580000
1,4607,0,184280,6,1,0,2,0,0,0,0,0,0,1110,88,0,d8cf0200060100020000000000000000000000005604580000
1,4608,0,184320,6,1,0,2,0,0,0,0,0,0,1110,88,0,00d00200060100020000000000000000000000005604580000
1,4609,0,184360,6,1,0,2,0,0,0,0,0,0,1110,88,0,28d00200060100020000000000000000000000005604580000
1,4610,0,184400,6,1,0,2,0,0,0,0,0,0,1110,88,0,50d00200060100020000000000000000000000005604580000
1,4611,0,184440,6,1,0,2,0,0,0,0,0,0,1110,88,0,78d00200060100020000000000000000000000005604580000
1,4612,0,184480,6,1,0,2,0,0,0,0,0,0,1110,88,0,a0d00200060100020000000000000000000000005604580000
1,4613,0,184520,6,1,0,2,0,0,0,0,0,0,1110,88,0,c8d00200060100020000000000000000000000005604580000
1,4614,0,184560,6,1,0,2,0,0,0,0,0,0,1110,88,0,f0d00200060100020000000000000000000000005604580000
1,4615,0,184600,6,1,0,2,0,0,0,0,0,0,1110,88,0,18d10200060100020000000000000000000000005604580000
1,4616,0,184640,6,1,0,2,0,0,0,0,0,0,1110,88,0,40d10200060100020000000000000000000000005604580000
1,4617,0,184680,6,1,0,2,0,0,0,0,0,0,1110,88,0,68d10200060100020000000000000000000000005604580000
1,4618,0,184720,6,1,0,2,0,0,0,0,0,0,1110,88,0,90d10200060100020000000000000000000000005604580000
1,4619,0,184760,6,1,0,2,0,0,0,0,0,0,1110,88,0,b8d10200060100020000000000000000000000005604580000
1,4620,0,184800,6,1,0,2,0,0,0,0,0,0,1110,88,0,e0d10200060100020000000000000000000000005604580000
1,4621,0,184840,6,1,0,2,0,0,0,0,0,0,1110,88,0,08d20200060100020000000000000000000000005604580000
1,4622,0,184880,6,1,0,2,0,0,0,0,0,0,1110,88,0,30d20200060100020000000000000000000000005604580000
1,4623,0,184920,6,1,0,2,0,0,0,0,0,0,1110,88,0,58d20200060100020000000000000000000000005604580000
1,4624,0,184960,6,1,0,2,0,0,0,0,0,0,1110,88,0,80d20200060100020000000000000000000000005604580000
1,4625,0,185000,6,1,0,2,0,0,0,0,0,0,1110,88,0,a8d20200060100020000000000000000000000005604580000
1,4626,0,185040,6,1,0,2,0,0,0,0,0,0,1110,88,0,d0d20200060100020000000000000000000000005604580000
1,4627,0,185080,6,1,0,2,0,0,0,0,0,0,1110,88,0,f8d20200060100020000000000000000000000005604580000
1,4628,0,185120,6,1,0,2,0,0,0,0,0,0,1110,88,0,20d30200060100020000000000000000000000005604580000
1,4629,0,185160,6,1,0,2,0,0,0,0,0,0,1110,88,0,48d30200060100020000000000000000000000005604580000
1,4630,0,185200,6,1,0,2,0,0,0,0,0,0,1110,88,0,70d30200060100020000000000000000000000005604580000
1,4631,0,185240,6,1,0,2,0,0,0,0,0,0,1110,88,0,98d30200060100020000000000000000000000005604580000
1,4632,0,185280,6,1,0,2,0,0,0,0,0,0,1110,88,0,c0d30200060100020000000000000000000000005604580000
1,4633,0,185320,6,1,0,2,0,0,0,0,0,0,1110,88,0,e8d30200060100020000000000000000000000005604580000
1,4634,0,185360,6,1,0,2,0,0,0,0,0,0,1110,88,0,10d40200060100020000000000000000000000005604580000
1,4635,0,185400,6,1,0,2,0,0,0,0,0,0,1110,88,0,38d40200060100020000000000000000000000005604580000
1,4636,0,185440,6,1,0,2,0,0,0,0,0,0,1110,88,0,60d40200060100020000000000000000000000005604580000
1,4637,0,185480,6,1,0,2,0,0,0,0,0,0,1110,88,0,88d40200060100020000000000000000000000005604580000
1,4638,0,185520,6,1,0,2,0,0,0,0,0,0,1110,88,0,b0d40200060100020000000000000000000000005604580000
1,4639,0,185560,6,1,0,2,0,0,0,0,0,0,1110,88,0,d8d40200060100020000000000000000000000005604580000
1,4640,0,185600,6,1,0,2,0,0,0,0,0,0,1110,88,0,00d50200060100020000000000000000000000005604580000
1,4641,0,185640,6,1,0,2,0,0,0,0,0,0,1110,88,0,28d50200060100020000000000000000000000005604580000
1,4642,0,185680,6,1,0,2,0,0,0,0,0,0,1110,88,0,50d50200060100020000000000000000000000005604580000
1,4643,0,185720,6,1,0,2,0,0,0,0,0,0,1110,88,0,78d50200060100020000000000000000000000005604580000
1,4644,0,185760,6,1,0,2,0,0,0,0,0,0,1110,88,0,a0d50200060100020000000000000000000000005604580000
1,4645,0,185800,6,1,0,2,0,0,0,0,0,0,1110,88,0,c8d50200060100020000000000000000000000005604580000
1,4646,0,185840,6,1,0,2,0,0,0,0,0,0,1110,88,0,f0d50200060100020000000000000000000000005604580000
1,4647,0,185880,6,1,0,2,0,0,0,0,0,0,1110,88,0,18d60200060100020000000000000000000000005604580000
1,4648,0,185920,6,1,0,2,0,0,0,0,0,0,1110,88,0,40d60200060100020000000000000000000000005604580000
1,4649,0,185960,6,1,0,2,0,0,0,0,0,0,1110,88,0,68d60200060100020000000000000000000000005604580000
1,4650,0,186000,6,1,0,2,0,0,0,0,0,0,1110,88,0,90d60200060100020000000000000000000000005604580000
1,4651,0,186040,6,1,0,2,0,0,0,0,0,0,1110,88,0,b8d60200060100020000000000000000000000005604580000
1,4652,0,186080,6,1,0,2,0,0,0,0,0,0,1110,88,0,e0d60200060100020000000000000000000000005604580000
1,4653,0,186120,6,1,0,2,0,0,0,0,0,0,1110,88,0,08d70200060100020000000000000000000000005604580000
1,4654,0,186160,6,1,0,2,0,0,0,0,0,0,1110,88,0,30d70200060100020000000000000000000000005604580000
1,4655,0,186200,6,1,0,2,0,0,0,0,0,0,1110,88,0,58d70200060100020000000000000000000000005604580000
1,4656,0,186240,6,1,0,2,0,0,0,0,0,0,1110,88,0,80d70200060100020000000000000000000000005604580000
1,4657,0,186280,6,1,0,2,0,0,0,0,0,0,1110,88,0,a8d70200060100020000000000000000000000005604580000
1,4658,0,186320,6,1,0,2,0,0,0,0,0,0,1110,88,0,d0d70200060100020000000000000000000000005604580000
1,4659,0,186360,6,1,0,2,0,0,0,0,0,0,1110,88,0,f8d70200060100020000000000000000000000005604580000
1,4660,0,186400,6,1,0,2,0,0,0,0,0,0,1110,88,0,20d80200060100020000000000000000000000005604580000
1,4661,0,186440,6,1,0,2,0,0,0,0,0,0,1110,88,0,48d80200060100020000000000000000000000005604580000
1,4662,0,186480,6,1,0,2,0,0,0,0,0,0,1110,88,0,70d80200060100020000000000000000000000005604580000
1,4663,0,186520,6,1,0,2,0,0,0,0,0,0,1110,88,0,98d80200060100020000000000000000000000005604580000
1,4664,0,186560,6,1,0,2,0,0,0,0,0,0,1110,88,0,c0d80200060100020000000000000000000000005604580000
1,4665,0,186600,6,1,0,2,0,0,0,0,0,0,1110,88,0,e8d80200060100020000000000000000000000005604580000
1,4666,0,186640,6,1,0,2,0,0,0,0,0,0,1110,88,0,10d90200060100020000000000000000000000005604580000
1,4667,0,186680,6,1,0,2,0,0,0,0,0,0,1110,88,0,38d90200060100020000000000000000000000005604580000
1,4668,0,186720,6,1,0,2,0,0,0,0,0,0,1110,88,0,60d90200060100020000000000000000000000005604580000
1,4669,0,186760,6,1,0,2,0,0,0,0,0,0,1110,88,0,88d90200060100020000000000000000000000005604580000
1,4670,0,186800,6,1,0,2,0,0,0,0,0,0,1110,88,0,b0d90200060100020000000000000000000000005604580000
1,4671,0,186840,6,1,0,2,0,0,0,0,0,0,1110,88,0,d8d90200060100020000000000000000000000005604580000
1,4672,0,186880,6,1,0,2,0,0,0,0,0,0,1110,88,0,00da0200060100020000000000000000000000005604580000
1,4673,0,186920,6,1,0,2,0,0,0,0,0,0,1110,88,0,28da0200060100020000000000000000000000005604580000
1,4674,0,186960,6,1,0,2,0,0,0,0,0,0,1110,88,0,50da0200060100020000000000000000000000005604580000
1,4675,0,187000,6,1,0,2,0,0,0,0,0,0,1110,88,0,78da0200060100020000000000000000000000005604580000
1,4676,0,187040,6,1,0,2,0,0,0,0,0,0,1110,88,0,a0da0200060100020000000000000000000000005604580000
1,4677,0,187080,6,1,0,2,0,0,0,0,0,0,1110,88,0,c8da0200060100020000000000000000000000005604580000
1,4678,0,187120,6,1,0,2,0,0,0,0,0,0,1110,88,0,f0da0200060100020000000000000000000000005604580000
1,4679,0,187160,6,1,0,2,0,0,0,0,0,0,1110,88,0,18db0200060100020000000000000000000000005604580000
1,4680,0,187200,6,1,0,2,0,0,0,0,0,0,1110,88,0,40db0200060100020000000000000000000000005604580000
1,4681,0,187240,6,1,0,2,0,0,0,0,0,0,1110,88,0,68db0200060100020000000000000000000000005604580000
1,4682,0,187280,6,1,0,2,0,0,0,0,0,0,1110,88,0,90db0200060100020000000000000000000000005604580000
1,4683,0,187320,6,1,0,2,0,0,0,0,0,0,1110,88,0,b8db0200060100020000000000000000000000005604580000
1,4684,0,187360,6,1,0,2,0,0,0,0,0,0,1110,88,0,e0db0200060100020000000000000000000000005604580000
1,4685,0,187400,6,1,0,2,0,0,0,0,0,0,1110,88,0,08dc0200060100020000000000000000000000005604580000
1,4686,0,187440,6,1,0,2,0,0,0,0,0,0,1110,88,0,30dc0200060100020000000000000000000000005604580000
1,4687,0,187480,6,1,0,2,0,0,0,0,0,0,1110,88,0,58dc0200060100020000000000000000000000005604580000
1,4688,0,187520,6,1,0,2,0,0,0,0,0,0,1110,88,0,80dc0200060100020000000000000000000000005604580000
1,4689,0,187560,6,1,0,2,0,0,0,0,0,0,1110,88,0,a8dc0200060100020000000000000000000000005604580000
1,4690,0,187600,6,1,0,2,0,0,0,0,0,0,1110,88,0,d0dc0200060100020000000000000000000000005604580000
1,4691,0,187640,6,1,0,2,0,0,0,0,0,0,1110,88,0,f8dc0200060100020000000000000000000000005604580000
1,4692,0,187680,6,1,0,2,0,0,0,0,0,0,1110,88,0,20dd0200060100020000000000000000000000005604580000
1,4693,0,187720,6,1,0,2,0,0,0,0,0,0,1110,88,0,48dd0200060100020000000000000000000000005604580000
1,4694,0,187760,6,1,0,2,0,0,0,0,0,0,1110,88,0,70dd0200060100020000000000000000000000005604580000
1,4695,0,187800,6,1,0,2,0,0,0,0,0,0,1110,88,0,98dd0200060100020000000000000000000000005604580000
1,4696,0,187840,6,1,0,2,0,0,0,0,0,0,1110,88,0,c0dd0200060100020000000000000000000000005604580000
1,4697,0,187880,6,1,0,2,0,0,0,0,0,0,1110,88,0,e8dd0200060100020000000000000000000000005604580000
1,4698,0,187920,6,1,0,2,0,0,0,0,0,0,1110,88,0,10de0200060100020000000000000000000000005604580000
1,4699,0,187960,6,1,0,2,0,0,0,0,0,0,1110,88,0,38de0200060100020000000000000000000000005604580000
1,4700,0,188000,6,1,0,2,0,0,0,0,0,0,1110,88,0,60de0200060100020000000000000000000000005604580000
1,4701,0,188040,6,1,0,2,0,0,0,0,0,0,1110,88,0,88de0200060100020000000000000000000000005604580000
1,4702,0,188080,6,1,0,2,0,0,0,0,0,0,1110,88,0,b0de0200060100020000000000000000000000005604580000
1,4703,0,188120,6,1,0,2,0,0,0,0,0,0,1110,88,0,d8de0200060100020000000000000000000000005604580000
1,4704,0,188160,6,1,0,2,0,0,0,0,0,0,1110,88,0,00df0200060100020000000000000000000000005604580000
1,4705,0,188200,6,1,0,2,0,0,0,0,0,0,1110,88,0,28df0200060100020000000000000000000000005604580000
1,4706,0,188240,6,1,0,2,0,0,0,0,0,0,1110,88,0,50df0200060100020000000000000000000000005604580000
1,4707,0,188280,6,1,0,2,0,0,0,0,0,0,1110,88,0,78df0200060100020000000000000000000000005604580000
1,4708,0,188320,6,1,0,2,0,0,0,0,0,0,1110,88,0,a0df0200060100020000000000000000000000005604580000
1,4709,0,188360,6,1,0,2,0,0,0,0,0,0,1110,88,0,c8df0200060100020000000000000000000000005604580000
1,4710,0,188400,6,1,0,2,0,0,0,0,0,0,1110,88,0,f0df0200060100020000000000000000000000005604580000
1,4711,0,188440,6,1,0,2,0,0,0,0,0,0,1110,88,0,18e00200060100020000000000000000000000005604580000
1,4712,0,188480,6,1,0,2,0,0,0,0,0,0,1110,88,0,40e00200060100020000000000000000000000005604580000
1,4713,0,188520,6,1,0,2,0,0,0,0,0,0,1110,88,0,68e00200060100020000000000000000000000005604580000
1,4714,0,188560,6,1,0,2,0,0,0,0,0,0,1110,88,0,90e00200060100020000000000000000000000005604580000
1,4715,0,188600,6,1,0,2,0,0,0,0,0,0,1110,88,0,b8e00200060100020000000000000000000000005604580000
1,4716,0,188640,6,1,0,2,0,0,0,0,0,0,1110,88,0,e0e00200060100020000000000000000000000005604580000
1,4717,0,188680,6,1,0,2,0,0,0,0,0,0,1110,88,0,08e10200060100020000000000000000000000005604580000
1,4718,0,188720,6,1,0,2,0,0,0,0,0,0,1110,88,0,30e10200060100020000000000000000000000005604580000
1,4719,0,188760,6,1,0,2,0,0,0,0,0,0,1110,88,0,58e10200060100020000000000000000000000005604580000
1,4720,0,188800,6,1,0,2,0,0,0,0,0,0,1110,88,0,80e10200060100020000000000000000000000005604580000
1,4721,0,188840,6,1,0,2,0,0,0,0,0,0,1110,88,0,a8e10200060100020000000000000000000000005604580000
1,4722,0,188880,6,1,0,2,0,0,0,0,0,0,1110,88,0,d0e10200060100020000000000000000000000005604580000
1,4723,0,188920,6,1,0,2,0,0,0,0,0,0,1110,88,0,f8e10200060100020000000000000000000000005604580000
1,4724,0,188960,6,1,0,2,0,0,0,0,0,0,1110,88,0,20e20200060100020000000000000000000000005604580000
1,4725,0,189000,6,1,0,2,0,0,0,0,0,0,1110,88,0,48e20200060100020000000000000000000000005604580000
1,4726,0,189040,6,1,0,2,0,0,0,0,0,0,1110,88,0,70e20200060100020000000000000000000000005604580000
1,4727,0,189080,6,1,0,2,0,0,0,0,0,0,1110,88,0,98e20200060100020000000000000000000000005604580000
1,4728,0,189120,6,1,0,2,0,0,0,0,0,0,1110,88,0,c0e20200060100020000000000000000000000005604580000
1,4729,0,189160,6,1,0,2,0,0,0,0,0,0,1110,88,0,e8e20200060100020000000000000000000000005604580000
1,4730,0,189200,6,1,0,2,0,0,0,0,0,0,1110,88,0,10e30200060100020000000000000000000000005604580000
1,4731,0,189240,6,1,0,2,0,0,0,0,0,0,1110,88,0,38e30200060100020000000000000000000000005604580000
1,4732,0,189280,6,1,0,2,0,0,0,0,0,0,1110,88,0,60e30200060100020000000000000000000000005604580000
1,4733,0,189320,6,1,0,2,0,0,0,0,0,0,1110,88,0,88e30200060100020000000000000000000000005604580000
1,4734,0,189360,6,1,0,2,0,0,0,0,0,0,1110,88,0,b0e30200060100020000000000000000000000005604580000
1,4735,0,189400,6,1,0,2,0,0,0,0,0,0,1110,88,0,d8e30200060100020000000000000000000000005604580000
1,4736,0,189440,6,1,0,2,0,0,0,0,0,0,1110,88,0,00e40200060100020000000000000000000000005604580000
1,4737,0,189480,6,1,0,2,0,0,0,0,0,0,1110,88,0,28e40200060100020000000000000000000000005604580000
1,4738,0,189520,6,1,0,2,0,0,0,0,0,0,1110,88,0,50e40200060100020000000000000000000000005604580000
1,4739,0,189560,6,1,0,2,0,0,0,0,0,0,1110,88,0,78e40200060100020000000000000000000000005604580000
1,4740,0,189600,6,1,0,2,0,0,0,0,0,0,1110,88,0,a0e40200060100020000000000000000000000005604580000
1,4741,0,189640,6,1,0,2,0,0,0,0,0,0,1110,88,0,c8e40200060100020000000000000000000000005604580000
1,4742,0,189680,6,1,0,2,0,0,0,0,0,0,1110,88,0,f0e40200060100020000000000000000000000005604580000
1,4743,0,189720,6,1,0,2,0,0,0,0,0,0,1110,88,0,18e50200060100020000000000000000000000005604580000
1,4744,0,189760,6,1,0,2,0,0,0,0,0,0,1110,88,0,40e50200060100020000000000000000000000005604580000
1,4745,0,189800,6,1,0,2,0,0,0,0,0,0,1110,88,0,68e50200060100020000000000000000000000005604580000
1,4746,0,189840,6,1,0,2,0,0,0,0,0,0,1110,88,0,90e50200060100020000000000000000000000005604580000
1,4747,0,189880,6,1,0,2,0,0,0,0,0,0,1110,88,0,b8e50200060100020000000000000000000000005604580000
1,4748,0,189920,6,1,0,2,0,0,0,0,0,0,1110,88,0,e0e50200060100020000000000000000000000005604580000
1,4749,0,189960,6,1,0,2,0,0,0,0,0,0,1110,88,0,08e60200060100020000000000000000000000005604580000
1,4750,0,190000,6,1,0,2,0,0,0,0,0,0,1110,88,0,30e60200060100020000000000000000000000005604580000
1,4751,0,190040,6,1,0,2,0,0,0,0,0,0,1110,88,0,58e60200060100020000000000000000000000005604580000
1,4752,0,190080,6,1,0,2,0,0,0,0,0,0,1110,88,0,80e60200060100020000000000000000000000005604580000
1,4753,0,190120,6,1,0,2,0,0,0,0,0,0,1110,88,0,a8e60200060100020000000000000000000000005604580000
1,4754,0,190160,6,1,0,2,0,0,0,0,0,0,1110,88,0,d0e60200060100020000000000000000000000005604580000
1,4755,0,190200,6,1,0,2,0,0,0,0,0,0,1110,88,0,f8e60200060100020000000000000000000000005604580000
1,4756,0,190240,6,1,0,2,0,0,0,0,0,0,1110,88,0,20e70200060100020000000000000000000000005604580000
1,4757,0,190280,6,1,0,2,0,0,0,0,0,0,1110,88,0,48e70200060100020000000000000000000000005604580000
1,4758,0,190320,6,1,0,2,0,0,0,0,0,0,1110,88,0,70e70200060100020000000000000000000000005604580000
1,4759,0,190360,6,1,0,2,0,0,0,0,0,0,1110,88,0,98e70200060100020000000000000000000000005604580000
1,4760,0,190400,6,1,0,2,0,0,0,0,0,0,1110,88,0,c0e70200060100020000000000000000000000005604580000
1,4761,0,190440,6,1,0,2,0,0,0,0,0,0,1110,88,0,e8e70200060100020000000000000000000000005604580000
1,4762,0,190480,6,1,0,2,0,0,0,0,0,0,1110,88,0,10e80200060100020000000000000000000000005604580000
1,4763,0,190520,6,1,0,2,0,0,0,0,0,0,1110,88,0,38e80200060100020000000000000000000000005604580000
1,4764,0,190560,6,1,0,2,0,0,0,0,0,0,1110,88,0,60e80200060100020000000000000000000000005604580000
1,4765,0,190600,6,1,0,2,0,0,0,0,0,0,1110,88,0,88e80200060100020000000000000000000000005604580000
1,4766,0,190640,6,1,0,2,0,0,0,0,0,0,1110,88,0,b0e80200060100020000000000000000000000005604580000
1,4767,0,190680,6,1,0,2,0,0,0,0,0,0,1110,88,0,d8e80200060100020000000000000000000000005604580000
1,4768,0,190720,6,1,0,2,0,0,0,0,0,0,1110,88,0,00e90200060100020000000000000000000000005604580000
1,4769,0,190760,6,1,0,2,0,0,0,0,0,0,1110,88,0,28e90200060100020000000000000000000000005604580000
1,4770,0,190800,6,1,0,2,0,0,0,0,0,0,1110,88,0,50e90200060100020000000000000000000000005604580000
1,4771,0,190840,6,1,0,2,0,0,0,0,0,0,1110,88,0,78e90200060100020000000000000000000000005604580000
1,4772,0,190880,6,1,0,2,0,0,0,0,0,0,1110,88,0,a0e90200060100020000000000000000000000005604580000
1,4773,0,190920,6,1,0,2,0,0,0,0,0,0,1110,88,0,c8e90200060100020000000000000000000000005604580000
1,4774,0,190960,6,1,0,2,0,0,0,0,0,0,1110,88,0,f0e90200060100020000000000000000000000005604580000
1,4775,0,191000,6,1,0,2,0,0,0,0,0,0,1110,88,0,18ea0200060100020000000000000000000000005604580000
1,4776,0,191040,6,1,0,2,0,0,0,0,0,0,1110,88,0,40ea0200060100020000000000000000000000005604580000
1,4777,0,191080,6,1,0,2,0,0,0,0,0,0,1110,88,0,68ea0200060100020000000000000000000000005604580000
1,4778,0,191120,6,1,0,2,0,0,0,0,0,0,1110,88,0,90ea0200060100020000000000000000000000005604580000
1,4779,0,191160,6,1,0,2,0,0,0,0,0,0,1110,88,0,b8ea0200060100020000000000000000000000005604580000
1,4780,0,191200,6,1,0,2,0,0,0,0,0,0,1110,88,0,e0ea0200060100020000000000000000000000005604580000
1,4781,0,191240,6,1,0,2,0,0,0,0,0,0,1110,88,0,08eb0200060100020000000000000000000000005604580000
1,4782,0,191280,6,1,0,2,0,0,0,0,0,0,1110,88,0,30eb0200060100020000000000000000000000005604580000
1,4783,0,191320,6,1,0,2,0,0,0,0,0,0,1110,88,0,58eb0200060100020000000000000000000000005604580000
1,4784,0,191360,6,1,0,2,0,0,0,0,0,0,1110,88,0,80eb0200060100020000000000000000000000005604580000
1,4785,0,191400,6,1,0,2,0,0,0,0,0,0,1110,88,0,a8eb0200060100020000000000000000000000005604580000
1,4786,0,191440,6,1,0,2,0,0,0,0,0,0,1110,88,0,d0eb0200060100020000000000000000000000005604580000
1,4787,0,191480,6,1,0,2,0,0,0,0,0,0,1110,88,0,f8eb0200060100020000000000000000000000005604580000
1,4788,0,191520,6,1,0,2,0,0,0,0,0,0,1110,88,0,20ec0200060100020000000000000000000000005604580000
1,4789,0,191560,6,1,0,2,0,0,0,0,0,0,1110,88,0,48ec0200060100020000000000000000000000005604580000
1,4790,0,191600,6,1,0,2,0,0,0,0,0,0,1110,88,0,70ec0200060100020000000000000000000000005604580000
1,4791,0,191640,6,1,0,2,0,0,0,0,0,0,1110,88,0,98ec0200060100020000000000000000000000005604580000
1,4792,0,191680,6,1,0,2,0,0,0,0,0,0,1110,88,0,c0ec0200060100020000000000000000000000005604580000
1,4793,0,191720,6,1,0,2,0,0,0,0,0,0,1110,88,0,e8ec0200060100020000000000000000000000005604580000
1,4794,0,191760,6,1,0,2,0,0,0,0,0,0,1110,88,0,10ed0200060100020000000000000000000000005604580000
1,4795,0,191800,6,1,0,2,0,0,0,0,0,0,1110,88,0,38ed0200060100020000000000000000000000005604580000
1,4796,0,191840,6,1,0,2,0,0,0,0,0,0,1110,88,0,60ed0200060100020000000000000000000000005604580000
1,4797,0,191880,6,1,0,2,0,0,0,0,0,0,1110,88,0,88ed0200060100020000000000000000000000005604580000
1,4798,0,191920,6,1,0,2,0,0,0,0,0,0,1110,88,0,b0ed0200060100020000000000000000000000005604580000
1,4799,0,191960,6,1,0,2,0,0,0,0,0,0,1110,88,0,d8ed0200060100020000000000000000000000005604580000
1,4800,0,192000,6,1,0,2,0,0,0,0,0,0,1110,88,0,00ee0200060100020000000000000000000000005604580000
1,4801,0,192040,6,1,0,2,0,0,0,0,0,0,1110,88,0,28ee0200060100020000000000000000000000005604580000
1,4802,0,192080,6,1,0,2,0,0,0,0,0,0,1110,88,0,50ee0200060100020000000000000000000000005604580000
1,4803,0,192120,6,1,0,2,0,0,0,0,0,0,1110,88,0,78ee0200060100020000000000000000000000005604580000
1,4804,0,192160,6,1,0,2,0,0,0,0,0,0,1110,88,0,a0ee0200060100020000000000000000000000005604580000
1,4805,0,192200,6,1,0,2,0,0,0,0,0,0,1110,88,0,c8ee0200060100020000000000000000000000005604580000
1,4806,0,192240,6,1,0,2,0,0,0,0,0,0,1110,88,0,f0ee0200060100020000000000000000000000005604580000
1,4807,0,192280,6,1,0,2,0,0,0,0,0,0,1110,88,0,18ef0200060100020000000000000000000000005604580000
1,4808,0,192320,6,1,0,2,0,0,0,0,0,0,1110,88,0,40ef0200060100020000000000000000000000005604580000
1,4809,0,192360,6,1,0,2,0,0,0,0,0,0,1110,88,0,68ef0200060100020000000000000000000000005604580000
1,4810,0,192400,6,1,0,2,0,0,0,0,0,0,1110,88,0,90ef0200060100020000000000000000000000005604580000
1,4811,0,192440,6,1,0,2,0,0,0,0,0,0,1110,88,0,b8ef0200060100020000000000000000000000005604580000
1,4812,0,192480,6,1,0,2,0,0,0,0,0,0,1110,88,0,e0ef0200060100020000000000000000000000005604580000
1,4813,0,192520,6,1,0,2,0,0,0,0,0,0,1110,88,0,08f00200060100020000000000000000000000005604580000
1,4814,0,192560,6,1,0,2,0,0,0,0,0,0,1110,88,0,30f00200060100020000000000000000000000005604580000
1,4815,0,192600,6,1,0,2,0,0,0,0,0,0,1110,88,0,58f00200060100020000000000000000000000005604580000
1,4816,0,192640,6,1,0,2,0,0,0,0,0,0,1110,88,0,80f00200060100020000000000000000000000005604580000
1,4817,0,192680,6,1,0,2,0,0,0,0,0,0,1110,88,0,a8f00200060100020000000000000000000000005604580000
1,4818,0,192720,6,1,0,2,0,0,0,0,0,0,1110,88,0,d0f00200060100020000000000000000000000005604580000
1,4819,0,192760,6,1,0,2,0,0,0,0,0,0,1110,88,0,f8f00200060100020000000000000000000000005604580000
1,4820,0,192800,6,1,0,2,0,0,0,0,0,0,1110,88,0,20f10200060100020000000000000000000000005604580000
1,4821,0,192840,6,1,0,2,0,0,0,0,0,0,1110,88,0,48f10200060100020000000000000000000000005604580000
1,4822,0,192880,6,1,0,2,0,0,0,0,0,0,1110,88,0,70f10200060100020000000000000000000000005604580000
1,4823,0,192920,6,1,0,2,0,0,0,0,0,0,1110,88,0,98f10200060100020000000000000000000000005604580000
1,4824,0,192960,6,1,0,2,0,0,0,0,0,0,1110,88,0,c0f10200060100020000000000000000000000005604580000
1,4825,0,193000,6,1,0,2,0,0,0,0,0,0,1110,88,0,e8f10200060100020000000000000000000000005604580000
1,4826,0,193040,6,1,0,2,0,0,0,0,0,0,1110,88,0,10f20200060100020000000000000000000000005604580000
1,4827,0,193080,6,1,0,2,0,0,0,0,0,0,1110,88,0,38f20200060100020000000000000000000000005604580000
1,4828,0,193120,6,1,0,2,0,0,0,0,0,0,1110,88,0,60f20200060100020000000000000000000000005604580000
1,4829,0,193160,6,1,0,2,0,0,0,0,0,0,1110,88,0,88f20200060100020000000000000000000000005604580000
1,4830,0,193200,6,1,0,2,0,0,0,0,0,0,1110,88,0,b0f20200060100020000000000000000000000005604580000
1,4831,0,193240,6,1,0,2,0,0,0,0,0,0,1110,88,0,d8f20200060100020000000000000000000000005604580000
1,4832,0,193280,6,1,0,2,0,0,0,0,0,0,1110,88,0,00f30200060100020000000000000000000000005604580000
1,4833,0,193320,6,1,0,2,0,0,0,0,0,0,1110,88,0,28f30200060100020000000000000000000000005604580000
1,4834,0,193360,6,1,0,2,0,0,0,0,0,0,1110,88,0,50f30200060100020000000000000000000000005604580000
1,4835,0,193400,6,1,0,2,0,0,0,0,0,0,1110,88,0,78f30200060100020000000000000000000000005604580000
1,4836,0,193440,6,1,0,2,0,0,0,0,0,0,1110,88,0,a0f30200060100020000000000000000000000005604580000
1,4837,0,193480,6,1,0,2,0,0,0,0,0,0,1110,88,0,c8f30200060100020000000000000000000000005604580000
1,4838,0,193520,6,1,0,2,0,0,0,0,0,0,1110,88,0,f0f30200060100020000000000000000000000005604580000
1,4839,0,193560,6,1,0,2,0,0,0,0,0,0,1110,88,0,18f40200060100020000000000000000000000005604580000
1,4840,0,193600,6,1,0,2,0,0,0,0,0,0,1110,88,0,40f40200060100020000000000000000000000005604580000
1,4841,0,193640,6,1,0,2,0,0,0,0,0,0,1110,88,0,68f40200060100020000000000000000000000005604580000
1,4842,0,193680,6,1,0,2,0,0,0,0,0,0,1110,88,0,90f40200060100020000000000000000000000005604580000
1,4843,0,193720,6,1,0,2,0,0,0,0,0,0,1110,88,0,b8f40200060100020000000000000000000000005604580000
1,4844,0,193760,6,1,0,2,0,0,0,0,0,0,1110,88,0,e0f40200060100020000000000000000000000005604580000
1,4845,0,193800,6,1,0,2,0,0,0,0,0,0,1110,88,0,08f50200060100020000000000000000000000005604580000
1,4846,0,193840,6,1,0,2,0,0,0,0,0,0,1110,88,0,30f50200060100020000000000000000000000005604580000
1,4847,0,193880,6,1,0,2,0,0,0,0,0,0,1110,88,0,58f50200060100020000000000000000000000005604580000
1,4848,0,193920,6,1,0,2,0,0,0,0,0,0,1110,88,0,80f50200060100020000000000000000000000005604580000
1,4849,0,193960,6,1,0,2,0,0,0,0,0,0,1110,88,0,a8f50200060100020000000000000000000000005604580000
1,4850,0,194000,6,1,0,2,0,0,0,0,0,0,1110,88,0,d0f50200060100020000000000000000000000005604580000
1,4851,0,194040,6,1,0,2,0,0,0,0,0,0,1110,88,0,f8f50200060100020000000000000000000000005604580000
1,4852,0,194080,6,1,0,2,0,0,0,0,0,0,1110,88,0,20f60200060100020000000000000000000000005604580000
1,4853,0,194120,6,1,0,2,0,0,0,0,0,0,1110,88,0,48f60200060100020000000000000000000000005604580000
1,4854,0,194160,6,1,0,2,0,0,0,0,0,0,1110,88,0,70f60200060100020000000000000000000000005604580000
1,4855,0,194200,6,1,0,2,0,0,0,0,0,0,1110,88,0,98f60200060100020000000000000000000000005604580000
1,4856,0,194240,6,1,0,2,0,0,0,0,0,0,1110,88,0,c0f60200060100020000000000000000000000005604580000
1,4857,0,194280,6,1,0,2,0,0,0,0,0,0,1110,88,0,e8f60200060100020000000000000000000000005604580000
1,4858,0,194320,6,1,0,2,0,0,0,0,0,0,1110,88,0,10f70200060100020000000000000000000000005604580000
1,4859,0,194360,6,1,0,2,0,0,0,0,0,0,1110,88,0,38f70200060100020000000000000000000000005604580000
1,4860,0,194400,6,1,0,2,0,0,0,0,0,0,1110,88,0,60f70200060100020000000000000000000000005604580000
1,4861,0,194440,6,1,0,2,0,0,0,0,0,0,1110,88,0,88f70200060100020000000000000000000000005604580000
1,4862,0,194480,6,1,0,2,0,0,0,0,0,0,1110,88,0,b0f70200060100020000000000000000000000005604580000
1,4863,0,194520,6,1,0,2,0,0,0,0,0,0,1110,88,0,d8f70200060100020000000000000000000000005604580000
1,4864,0,194560,6,1,0,2,0,0,0,0,0,0,1110,88,0,00f80200060100020000000000000000000000005604580000
1,4865,0,194600,6,1,0,2,0,0,0,0,0,0,1110,88,0,28f80200060100020000000000000000000000005604580000
1,4866,0,194640,6,1,0,2,0,0,0,0,0,0,1110,88,0,50f80200060100020000000000000000000000005604580000
1,4867,0,194680,6,1,0,2,0,0,0,0,0,0,1110,88,0,78f80200060100020000000000000000000000005604580000
1,4868,0,194720,6,1,0,2,0,0,0,0,0,0,1110,88,0,a0f80200060100020000000000000000000000005604580000
1,4869,0,194760,6,1,0,2,0,0,0,0,0,0,1110,88,0,c8f80200060100020000000000000000000000005604580000
1,4870,0,194800,6,1,0,2,0,0,0,0,0,0,1110,88,0,f0f80200060100020000000000000000000000005604580000
1,4871,0,194840,6,1,0,2,0,0,0,0,0,0,1110,88,0,18f90200060100020000000000000000000000005604580000
1,4872,0,194880,6,1,0,2,0,0,0,0,0,0,1110,88,0,40f90200060100020000000000000000000000005604580000
1,4873,0,194920,6,1,0,2,0,0,0,0,0,0,1110,88,0,68f90200060100020000000000000000000000005604580000
1,4874,0,194960,6,1,0,2,0,0,0,0,0,0,1110,88,0,90f90200060100020000000000000000000000005604580000
1,4875,0,195000,6,1,0,2,0,0,0,0,0,0,1110,88,0,b8f90200060100020000000000000000000000005604580000
1,4876,0,195040,6,1,0,2,0,0,0,0,0,0,1110,88,0,e0f90200060100020000000000000000000000005604580000
1,4877,0,195080,6,1,0,2,0,0,0,0,0,0,1110,88,0,08fa0200060100020000000000000000000000005604580000
1,4878,0,195120,6,1,0,2,0,0,0,0,0,0,1110,88,0,30fa0200060100020000000000000000000000005604580000
1,4879,0,195160,6,1,0,2,0,0,0,0,0,0,1110,88,0,58fa0200060100020000000000000000000000005604580000
1,4880,0,195200,6,1,0,2,0,0,0,0,0,0,1110,88,0,80fa0200060100020000000000000000000000005604580000
1,4881,0,195240,6,1,0,2,0,0,0,0,0,0,1110,88,0,a8fa0200060100020000000000000000000000005604580000
1,4882,0,195280,6,1,0,2,0,0,0,0,0,0,1110,88,0,d0fa0200060100020000000000000000000000005604580000
1,4883,0,195320,6,1,0,2,0,0,0,0,0,0,1110,88,0,f8fa0200060100020000000000000000000000005604580000
1,4884,0,195360,6,1,0,2,0,0,0,0,0,0,1110,88,0,20fb0200060100020000000000000000000000005604580000
1,4885,0,195400,6,1,0,2,0,0,0,0,0,0,1110,88,0,48fb0200060100020000000000000000000000005604580000
1,4886,0,195440,6,1,0,2,0,0,0,0,0,0,1110,88,0,70fb0200060100020000000000000000000000005604580000
1,4887,0,195480,6,1,0,2,0,0,0,0,0,0,1110,88,0,98fb0200060100020000000000000000000000005604580000
1,4888,0,195520,6,1,0,2,0,0,0,0,0,0,1110,88,0,c0fb0200060100020000000000000000000000005604580000
1,4889,0,195560,6,1,0,2,0,0,0,0,0,0,1110,88,0,e8fb0200060100020000000000000000000000005604580000
1,4890,0,195600,6,1,0,2,0,0,0,0,0,0,1110,88,0,10fc0200060100020000000000000000000000005604580000
1,4891,0,195640,6,1,0,2,0,0,0,0,0,0,1110,88,0,38fc0200060100020000000000000000000000005604580000
1,4892,0,195680,6,1,0,2,0,0,0,0,0,0,1110,88,0,60fc0200060100020000000000000000000000005604580000
1,4893,0,195720,6,1,0,2,0,0,0,0,0,0,1110,88,0,88fc0200060100020000000000000000000000005604580000
1,4894,0,195760,6,1,0,2,0,0,0,0,0,0,1110,88,0,b0fc0200060100020000000000000000000000005604580000
1,4895,0,195800,6,1,0,2,0,0,0,0,0,0,1110,88,0,d8fc0200060100020000000000000000000000005604580000
1,4896,0,195840,6,1,0,2,0,0,0,0,0,0,1110,88,0,00fd0200060100020000000000000000000000005604580000
1,4897,0,195880,6,1,0,2,0,0,0,0,0,0,1110,88,0,28fd0200060100020000000000000000000000005604580000
1,4898,0,195920,6,1,0,2,0,0,0,0,0,0,1110,88,0,50fd0200060100020000000000000000000000005604580000
1,4899,0,195960,6,1,0,2,0,0,0,0,0,0,1110,88,0,78fd0200060100020000000000000000000000005604580000
1,4900,0,196000,6,1,0,2,0,0,0,0,0,0,1110,88,0,a0fd0200060100020000000000000000000000005604580000
1,4901,0,196040,6,1,0,2,0,0,0,0,0,0,1110,88,0,c8fd0200060100020000000000000000000000005604580000
1,4902,0,196080,6,1,0,2,0,0,0,0,0,0,1110,88,0,f0fd0200060100020000000000000000000000005604580000
1,4903,0,196120,6,1,0,2,0,0,0,0,0,0,1110,88,0,18fe0200060100020000000000000000000000005604580000
1,4904,0,196160,6,1,0,2,0,0,0,0,0,0,1110,88,0,40fe0200060100020000000000000000000000005604580000
1,4905,0,196200,6,1,0,2,0,0,0,0,0,0,1110,88,0,68fe0200060100020000000000000000000000005604580000
1,4906,0,196240,6,1,0,2,0,0,0,0,0,0,1110,88,0,90fe0200060100020000000000000000000000005604580000
1,4907,0,196280,6,1,0,2,0,0,0,0,0,0,1110,88,0,b8fe0200060100020000000000000000000000005604580000
1,4908,0,196320,6,1,0,2,0,0,0,0,0,0,1110,88,0,e0fe0200060100020000000000000000000000005604580000
1,4909,0,196360,6,1,0,2,0,0,0,0,0,0,1110,88,0,08ff0200060100020000000000000000000000005604580000
1,4910,0,196400,6,1,0,2,0,0,0,0,0,0,1110,88,0,30ff0200060100020000000000000000000000005604580000
1,4911,0,196440,6,1,0,2,0,0,0,0,0,0,1110,88,0,58ff0200060100020000000000000000000000005604580000
1,4912,0,196480,6,1,0,2,0,0,0,0,0,0,1110,88,0,80ff0200060100020000000000000000000000005604580000
1,4913,0,196520,6,1,0,2,0,0,0,0,0,0,1110,88,0,a8ff0200060100020000000000000000000000005604580000
1,4914,0,196560,6,1,0,2,0,0,0,0,0,0,1110,88,0,d0ff0200060100020000000000000000000000005604580000
1,4915,0,196600,6,1,0,2,0,0,0,0,0,0,1110,88,0,f8ff0200060100020000000000000000000000005604580000
1,4916,0,196640,6,1,0,2,0,0,0,0,0,0,1110,88,0,20000300060100020000000000000000000000005604580000
1,4917,0,196680,6,1,0,2,0,0,0,0,0,0,1110,88,0,48000300060100020000000000000000000000005604580000
1,4918,0,196720,6,1,0,2,0,0,0,0,0,0,1110,88,0,70000300060100020000000000000000000000005604580000
1,4919,0,196760,6,1,0,2,0,0,0,0,0,0,1110,88,0,98000300060100020000000000000000000000005604580000
1,4920,0,196800,6,1,0,2,0,0,0,0,0,0,1110,88,0,c0000300060100020000000000000000000000005604580000
1,4921,0,196840,6,1,0,2,0,0,0,0,0,0,1110,88,0,e8000300060100020000000000000000000000005604580000
1,4922,0,196880,6,1,0,2,0,0,0,0,0,0,1110,88,0,10010300060100020000000000000000000000005604580000
1,4923,0,196920,6,1,0,2,0,0,0,0,0,0,1110,88,0,38010300060100020000000000000000000000005604580000
1,4924,0,196960,6,1,0,2,0,0,0,0,0,0,1110,88,0,60010300060100020000000000000000000000005604580000
1,4925,0,197000,6,1,0,2,0,0,0,0,0,0,1110,88,0,88010300060100020000000000000000000000005604580000
1,4926,0,197040,6,1,0,2,0,0,0,0,0,0,1110,88,0,b0010300060100020000000000000000000000005604580000
1,4927,0,197080,6,1,0,2,0,0,0,0,0,0,1110,88,0,d8010300060100020000000000000000000000005604580000
1,4928,0,197120,6,1,0,2,0,0,0,0,0,0,1110,88,0,00020300060100020000000000000000000000005604580000
1,4929,0,197160,6,1,0,2,0,0,0,0,0,0,1110,88,0,28020300060100020000000000000000000000005604580000
1,4930,0,197200,6,1,0,2,0,0,0,0,0,0,1110,88,0,50020300060100020000000000000000000000005604580000
1,4931,0,197240,6,1,0,2,0,0,0,0,0,0,1110,88,0,78020300060100020000000000000000000000005604580000
1,4932,0,197280,6,1,0,2,0,0,0,0,0,0,1110,88,0,a0020300060100020000000000000000000000005604580000
1,4933,0,197320,6,1,0,2,0,0,0,0,0,0,1110,88,0,c8020300060100020000000000000000000000005604580000
1,4934,0,197360,6,1,0,2,0,0,0,0,0,0,1110,88,0,f0020300060100020000000000000000000000005604580000
1,4935,0,197400,6,1,0,2,0,0,0,0,0,0,1110,88,0,18030300060100020000000000000000000000005604580000
1,4936,0,197440,6,1,0,2,0,0,0,0,0,0,1110,88,0,40030300060100020000000000000000000000005604580000
1,4937,0,197480,6,1,0,2,0,0,0,0,0,0,1110,88,0,68030300060100020000000000000000000000005604580000
1,4938,0,197520,6,1,0,2,0,0,0,0,0,0,1110,88,0,90030300060100020000000000000000000000005604580000
1,4939,0,197560,6,1,0,2,0,0,0,0,0,0,1110,88,0,b8030300060100020000000000000000000000005604580000
1,4940,0,197600,6,1,0,2,0,0,0,0,0,0,1110,88,0,e0030300060100020000000000000000000000005604580000
1,4941,0,197640,6,1,0,2,0,0,0,0,0,0,1110,88,0,08040300060100020000000000000000000000005604580000
1,4942,0,197680,6,1,0,2,0,0,0,0,0,0,1110,88,0,30040300060100020000000000000000000000005604580000
1,4943,0,197720,6,1,0,2,0,0,0,0,0,0,1110,88,0,58040300060100020000000000000000000000005604580000
1,4944,0,197760,6,1,0,2,0,0,0,0,0,0,1110,88,0,80040300060100020000000000000000000000005604580000
1,4945,0,197800,6,1,0,2,0,0,0,0,0,0,1110,88,0,a8040300060100020000000000000000000000005604580000
1,4946,0,197840,6,1,0,2,0,0,0,0,0,0,1110,88,0,d0040300060100020000000000000000000000005604580000
1,4947,0,197880,6,1,0,2,0,0,0,0,0,0,1110,88,0,f8040300060100020000000000000000000000005604580000
1,4948,0,197920,6,1,0,2,0,0,0,0,0,0,1110,88,0,20050300060100020000000000000000000000005604580000
1,4949,0,197960,6,1,0,2,0,0,0,0,0,0,1110,88,0,48050300060100020000000000000000000000005604580000
1,4950,0,198000,6,1,0,2,0,0,0,0,0,0,1110,88,0,70050300060100020000000000000000000000005604580000
1,4951,0,198040,6,1,0,2,0,0,0,0,0,0,1110,88,0,98050300060100020000000000000000000000005604580000
1,4952,0,198080,6,1,0,2,0,0,0,0,0,0,1110,88,0,c0050300060100020000000000000000000000005604580000
1,4953,0,198120,6,1,0,2,0,0,0,0,0,0,1110,88,0,e8050300060100020000000000000000000000005604580000
1,4954,0,198160,6,1,0,2,0,0,0,0,0,0,1110,88,0,10060300060100020000000000000000000000005604580000
1,4955,0,198200,6,1,0,2,0,0,0,0,0,0,1110,88,0,38060300060100020000000000000000000000005604580000
1,4956,0,198240,6,1,0,2,0,0,0,0,0,0,1110,88,0,60060300060100020000000000000000000000005604580000
1,4957,0,198280,6,1,0,2,0,0,0,0,0,0,1110,88,0,88060300060100020000000000000000000000005604580000
1,4958,0,198320,6,1,0,2,0,0,0,0,0,0,1110,88,0,b0060300060100020000000000000000000000005604580000
1,4959,0,198360,6,1,0,2,0,0,0,0,0,0,1110,88,0,d8060300060100020000000000000000000000005604580000
1,4960,0,198400,6,1,0,2,0,0,0,0,0,0,1110,88,0,00070300060100020000000000000000000000005604580000
1,4961,0,198440,6,1,0,2,0,0,0,0,0,0,1110,88,0,28070300060100020000000000000000000000005604580000
1,4962,0,198480,6,1,0,2,0,0,0,0,0,0,1110,88,0,50070300060100020000000000000000000000005604580000
1,4963,0,198520,6,1,0,2,0,0,0,0,0,0,1110,88,0,78070300060100020000000000000000000000005604580000
1,4964,0,198560,6,1,0,2,0,0,0,0,0,0,1110,88,0,a0070300060100020000000000000000000000005604580000
1,4965,0,198600,6,1,0,2,0,0,0,0,0,0,1110,88,0,c8070300060100020000000000000000000000005604580000
1,4966,0,198640,6,1,0,2,0,0,0,0,0,0,1110,88,0,f0070300060100020000000000000000000000005604580000
1,4967,0,198680,6,1,0,2,0,0,0,0,0,0,1110,88,0,18080300060100020000000000000000000000005604580000
1,4968,0,198720,6,1,0,2,0,0,0,0,0,0,1110,88,0,40080300060100020000000000000000000000005604580000
1,4969,0,198760,6,1,0,2,0,0,0,0,0,0,1110,88,0,68080300060100020000000000000000000000005604580000
1,4970,0,198800,6,1,0,2,0,0,0,0,0,0,1110,88,0,90080300060100020000000000000000000000005604580000
1,4971,0,198840,6,1,0,2,0,0,0,0,0,0,1110,88,0,b8080300060100020000000000000000000000005604580000
1,4972,0,198880,6,1,0,2,0,0,0,0,0,0,1110,88,0,e0080300060100020000000000000000000000005604580000
1,4973,0,198920,6,1,0,2,0,0,0,0,0,0,1110,88,0,08090300060100020000000000000000000000005604580000
1,4974,0,198960,6,1,0,2,0,0,0,0,0,0,1110,88,0,30090300060100020000000000000000000000005604580000
1,4975,0,199000,6,1,0,2,0,0,0,0,0,0,1110,88,0,58090300060100020000000000000000000000005604580000
1,4976,0,199040,6,1,0,2,0,0,0,0,0,0,1110,88,0,80090300060100020000000000000000000000005604580000
1,4977,0,199080,6,1,0,2,0,0,0,0,0,0,1110,88,0,a8090300060100020000000000000000000000005604580000
1,4978,0,199120,6,1,0,2,0,0,0,0,0,0,1110,88,0,d0090300060100020000000000000000000000005604580000
1,4979,0,199160,6,1,0,2,0,0,0,0,0,0,1110,88,0,f8090300060100020000000000000000000000005604580000
1,4980,0,199200,6,1,0,2,0,0,0,0,0,0,1110,88,0,200a0300060100020000000000000000000000005604580000
1,4981,0,199240,6,1,0,2,0,0,0,0,0,0,1110,88,0,480a0300060100020000000000000000000000005604580000
1,4982,0,199280,6,1,0,2,0,0,0,0,0,0,1110,88,0,700a0300060100020000000000000000000000005604580000
1,4983,0,199320,6,1,0,2,0,0,0,0,0,0,1110,88,0,980a0300060100020000000000000000000000005604580000
1,4984,0,199360,6,1,0,2,0,0,0,0,0,0,1110,88,0,c00a0300060100020000000000000000000000005604580000
1,4985,0,199400,6,1,0,2,0,0,0,0,0,0,1110,88,0,e80a0300060100020000000000000000000000005604580000
1,4986,0,199440,6,1,0,2,0,0,0,0,0,0,1110,88,0,100b0300060100020000000000000000000000005604580000
1,4987,0,199480,6,1,0,2,0,0,0,0,0,0,1110,88,0,380b0300060100020000000000000000000000005604580000
1,4988,0,199520,6,1,0,2,0,0,0,0,0,0,1110,88,0,600b0300060100020000000000000000000000005604580000
1,4989,0,199560,6,1,0,2,0,0,0,0,0,0,1110,88,0,880b0300060100020000000000000000000000005604580000
1,4990,0,199600,6,1,0,2,0,0,0,0,0,0,1110,88,0,b00b0300060100020000000000000000000000005604580000
1,4991,0,199640,6,1,0,2,0,0,0,0,0,0,1110,88,0,d80b0300060100020000000000000000000000005604580000
1,4992,0,199680,6,1,0,2,0,0,0,0,0,0,1110,88,0,000c0300060100020000000000000000000000005604580000
1,4993,0,199720,6,1,0,2,0,0,0,0,0,0,1110,88,0,280c0300060100020000000000000000000000005604580000
1,4994,0,199760,6,1,0,2,0,0,0,0,0,0,1110,88,0,500c0300060100020000000000000000000000005604580000
1,4995,0,199800,6,1,0,2,0,0,0,0,0,0,1110,88,0,780c0300060100020000000000000000000000005604580000
1,4996,0,199840,6,1,0,2,0,0,0,0,0,0,1110,88,0,a00c0300060100020000000000000000000000005604580000
1,4997,0,199880,6,1,0,2,0,0,0,0,0,0,1110,88,0,c80c0300060100020000000000000000000000005604580000
1,4998,0,199920,6,1,0,2,0,0,0,0,0,0,1110,88,0,f00c0300060100020000000000000000000000005604580000
1,4999,0,199960,6,1,0,2,0,0,0,0,0,0,1110,88,0,180d0300060100020000000000000000000000005604580000
1,5000,0,200000,10,1,0,2,0,0,0,0,0,0,1110,88,0,400d03000a0100020000000000000000000000005604580000
