
Symbol table '.symtab' contains 1581 entries:
   Num:    Value  Size Type    Bind   Vis      Ndx Name
     0: 00000000     0 NOTYPE  LOCAL  DEFAULT  UND 
     1: 00000000     0 SECTION LOCAL  DEFAULT    1 .rodata
     2: 00000000     0 SECTION LOCAL  DEFAULT    3 .llext.rodata.noreloc
     3: 00000000     0 SECTION LOCAL  DEFAULT    4 .text
     4: 00000000     0 SECTION LOCAL  DEFAULT    7 .bss
     5: 0000dddc     0 NOTYPE  LOCAL  DEFAULT    4 $t
     6: 0000de38     0 NOTYPE  LOCAL  DEFAULT    4 $t
     7: 0000de64     0 NOTYPE  LOCAL  DEFAULT    4 $t
     8: 0000de7c     0 NOTYPE  LOCAL  DEFAULT    4 $d
     9: 0000de80     0 NOTYPE  LOCAL  DEFAULT    4 $t
    10: 0000df10     0 NOTYPE  LOCAL  DEFAULT    4 $d
    11: 0000df14     0 NOTYPE  LOCAL  DEFAULT    4 $t
    12: 0000e028     0 NOTYPE  LOCAL  DEFAULT    4 $d
    13: 0000e040     0 NOTYPE  LOCAL  DEFAULT    4 $t
    14: 0000e10c     0 NOTYPE  LOCAL  DEFAULT    4 $d
    15: 0000e11c     0 NOTYPE  LOCAL  DEFAULT    4 $t
    16: 0000e284     0 NOTYPE  LOCAL  DEFAULT    4 $d
    17: 0000e288     0 NOTYPE  LOCAL  DEFAULT    4 $t
    18: 0000e2c4     0 NOTYPE  LOCAL  DEFAULT    4 $t
    19: 0000e360     0 NOTYPE  LOCAL  DEFAULT    4 $d
    20: 0000e364     0 NOTYPE  LOCAL  DEFAULT    4 $t
    21: 0000e380     0 NOTYPE  LOCAL  DEFAULT    4 $d
    22: 0000e388     0 NOTYPE  LOCAL  DEFAULT    4 $t
    23: 0000e45c     0 NOTYPE  LOCAL  DEFAULT    4 $d
    24: 0000e470     0 NOTYPE  LOCAL  DEFAULT    4 $t
    25: 0000e48a     0 NOTYPE  LOCAL  DEFAULT    4 $d
    26: 0000e490     0 NOTYPE  LOCAL  DEFAULT    4 $t
    27: 0000e540     0 NOTYPE  LOCAL  DEFAULT    4 $d
    28: 0000e56c     0 NOTYPE  LOCAL  DEFAULT    4 $t
    29: 0000e5e8     0 NOTYPE  LOCAL  DEFAULT    4 $d
    30: 00000000    24 OBJECT  LOCAL  DEFAULT    1 CSWTCH.50
    31: 0000e5f8     0 NOTYPE  LOCAL  DEFAULT    4 $t
    32: 0000e60e     0 NOTYPE  LOCAL  DEFAULT    4 $d
    33: 0000e616     0 NOTYPE  LOCAL  DEFAULT    4 $t
    34: 0000e694     0 NOTYPE  LOCAL  DEFAULT    4 $t
    35: 0000e75c     0 NOTYPE  LOCAL  DEFAULT    4 $d
    36: 0000e76c     0 NOTYPE  LOCAL  DEFAULT    4 $t
    37: 0000e828     0 NOTYPE  LOCAL  DEFAULT    4 $d
    38: 0000e840     0 NOTYPE  LOCAL  DEFAULT    4 $t
    39: 0000e874     0 NOTYPE  LOCAL  DEFAULT    4 $d
    40: 0000e878     0 NOTYPE  LOCAL  DEFAULT    4 $t
    41: 0000e888     0 NOTYPE  LOCAL  DEFAULT    4 $d
    42: 00000000     0 NOTYPE  LOCAL  DEFAULT    1 $d
    43: 0000015d     0 NOTYPE  LOCAL  DEFAULT    3 $d
    44: 00000010     0 NOTYPE  LOCAL  DEFAULT    4 $t
    45: 00000024     0 NOTYPE  LOCAL  DEFAULT    4 $d
    46: 00000028     0 NOTYPE  LOCAL  DEFAULT    4 $t
    47: 00000058     0 NOTYPE  LOCAL  DEFAULT    4 $d
    48: 00000060     0 NOTYPE  LOCAL  DEFAULT    4 $t
    49: 000000ac     0 NOTYPE  LOCAL  DEFAULT    4 $d
    50: 000000b0     0 NOTYPE  LOCAL  DEFAULT    4 $t
    51: 00000488     0 NOTYPE  LOCAL  DEFAULT    4 $d
    52: 000004ac     0 NOTYPE  LOCAL  DEFAULT    4 $t
    53: 0000057c     0 NOTYPE  LOCAL  DEFAULT    4 $t
    54: 000005fc     0 NOTYPE  LOCAL  DEFAULT    4 $t
    55: 00000634     0 NOTYPE  LOCAL  DEFAULT    4 $t
    56: 00000690     0 NOTYPE  LOCAL  DEFAULT    4 $d
    57: 00000694     0 NOTYPE  LOCAL  DEFAULT    4 $t
    58: 000006e4     0 NOTYPE  LOCAL  DEFAULT    4 $d
    59: 000006e8     0 NOTYPE  LOCAL  DEFAULT    4 $t
    60: 0000070c     0 NOTYPE  LOCAL  DEFAULT    4 $d
    61: 00000714     0 NOTYPE  LOCAL  DEFAULT    4 $t
    62: 00000750     0 NOTYPE  LOCAL  DEFAULT    4 $d
    63: 00000754     0 NOTYPE  LOCAL  DEFAULT    4 $t
    64: 000007c4     0 NOTYPE  LOCAL  DEFAULT    4 $t
    65: 00000840     0 NOTYPE  LOCAL  DEFAULT    4 $d
    66: 00000844     0 NOTYPE  LOCAL  DEFAULT    4 $t
    67: 000008ac     0 NOTYPE  LOCAL  DEFAULT    4 $d
    68: 000008b8     0 NOTYPE  LOCAL  DEFAULT    4 $t
    69: 000008e0     0 NOTYPE  LOCAL  DEFAULT    4 $d
    70: 000008e8     0 NOTYPE  LOCAL  DEFAULT    4 $t
    71: 00000a20     0 NOTYPE  LOCAL  DEFAULT    4 $d
    72: 00000a38     0 NOTYPE  LOCAL  DEFAULT    4 $t
    73: 00000ad4     0 NOTYPE  LOCAL  DEFAULT    4 $d
    74: 00000ae0     0 NOTYPE  LOCAL  DEFAULT    4 $t
    75: 00000b78     0 NOTYPE  LOCAL  DEFAULT    4 $d
    76: 00000b90     0 NOTYPE  LOCAL  DEFAULT    4 $t
    77: 00000bc4     0 NOTYPE  LOCAL  DEFAULT    4 $d
    78: 00000bc8     0 NOTYPE  LOCAL  DEFAULT    4 $t
    79: 00000c2c     0 NOTYPE  LOCAL  DEFAULT    4 $d
    80: 00000c3c     0 NOTYPE  LOCAL  DEFAULT    4 $t
    81: 00000ca0     0 NOTYPE  LOCAL  DEFAULT    4 $d
    82: 00000cb0     0 NOTYPE  LOCAL  DEFAULT    4 $t
    83: 00000d38     0 NOTYPE  LOCAL  DEFAULT    4 $d
    84: 00000d48     0 NOTYPE  LOCAL  DEFAULT    4 $t
    85: 00000e50     0 NOTYPE  LOCAL  DEFAULT    4 $d
    86: 00000e70     0 NOTYPE  LOCAL  DEFAULT    4 $t
    87: 00000eac     0 NOTYPE  LOCAL  DEFAULT    4 $t
    88: 00000f78     0 NOTYPE  LOCAL  DEFAULT    4 $d
    89: 00000f8c     0 NOTYPE  LOCAL  DEFAULT    4 $t
    90: 00001094     0 NOTYPE  LOCAL  DEFAULT    4 $d
    91: 00000000     0 NOTYPE  LOCAL  DEFAULT    3 $d
    92: 000012cc     0 NOTYPE  LOCAL  DEFAULT    4 $t
    93: 00001302     0 NOTYPE  LOCAL  DEFAULT    4 $t
    94: 00001334     0 NOTYPE  LOCAL  DEFAULT    4 $t
    95: 000013ac     0 NOTYPE  LOCAL  DEFAULT    4 $d
    96: 000013b0     0 NOTYPE  LOCAL  DEFAULT    4 $t
    97: 000014a8     0 NOTYPE  LOCAL  DEFAULT    4 $d
    98: 000014b0     0 NOTYPE  LOCAL  DEFAULT    4 $t
    99: 00001598     0 NOTYPE  LOCAL  DEFAULT    4 $d
   100: 000015ac     0 NOTYPE  LOCAL  DEFAULT    4 $t
   101: 000015bc     0 NOTYPE  LOCAL  DEFAULT    4 $t
   102: 00001778     0 NOTYPE  LOCAL  DEFAULT    4 $d
   103: 000017a8     0 NOTYPE  LOCAL  DEFAULT    4 $t
   104: 000017b4     0 NOTYPE  LOCAL  DEFAULT    4 $d
   105: 000017b8     0 NOTYPE  LOCAL  DEFAULT    4 $t
   106: 0000184c     0 NOTYPE  LOCAL  DEFAULT    4 $d
   107: 00001860     0 NOTYPE  LOCAL  DEFAULT    4 $t
   108: 00001964     0 NOTYPE  LOCAL  DEFAULT    4 $d
   109: 00000010     0 NOTYPE  LOCAL  DEFAULT    3 $d
   110: 00002d80     0 NOTYPE  LOCAL  DEFAULT    4 $t
   111: 00002de8     0 NOTYPE  LOCAL  DEFAULT    4 $d
   112: 00002dec     0 NOTYPE  LOCAL  DEFAULT    4 $t
   113: 00002e60     0 NOTYPE  LOCAL  DEFAULT    4 $t
   114: 00002e6c     0 NOTYPE  LOCAL  DEFAULT    4 $t
   115: 00002ee4     0 NOTYPE  LOCAL  DEFAULT    4 $d
   116: 00002ee8     0 NOTYPE  LOCAL  DEFAULT    4 $t
   117: 00002ef4     0 NOTYPE  LOCAL  DEFAULT    4 $d
   118: 00002ef8     0 NOTYPE  LOCAL  DEFAULT    4 $t
   119: 00002f04     0 NOTYPE  LOCAL  DEFAULT    4 $d
   120: 00002f08     0 NOTYPE  LOCAL  DEFAULT    4 $t
   121: 00002fb8     0 NOTYPE  LOCAL  DEFAULT    4 $d
   122: 00002fcc     0 NOTYPE  LOCAL  DEFAULT    4 $t
   123: 00003064     0 NOTYPE  LOCAL  DEFAULT    4 $d
   124: 00003070     0 NOTYPE  LOCAL  DEFAULT    4 $t
   125: 000030d4     0 NOTYPE  LOCAL  DEFAULT    4 $d
   126: 000030dc     0 NOTYPE  LOCAL  DEFAULT    4 $t
   127: 00003150     0 NOTYPE  LOCAL  DEFAULT    4 $d
   128: 00003164     0 NOTYPE  LOCAL  DEFAULT    4 $t
   129: 000031b4     0 NOTYPE  LOCAL  DEFAULT    4 $d
   130: 000031c8     0 NOTYPE  LOCAL  DEFAULT    4 $t
   131: 000032ac     0 NOTYPE  LOCAL  DEFAULT    4 $d
   132: 000032cc     0 NOTYPE  LOCAL  DEFAULT    4 $t
   133: 000032d8     0 NOTYPE  LOCAL  DEFAULT    4 $d
   134: 000032dc     0 NOTYPE  LOCAL  DEFAULT    4 $t
   135: 00003318     0 NOTYPE  LOCAL  DEFAULT    4 $d
   136: 00003320     0 NOTYPE  LOCAL  DEFAULT    4 $t
   137: 00003330     0 NOTYPE  LOCAL  DEFAULT    4 $d
   138: 00003334     0 NOTYPE  LOCAL  DEFAULT    4 $t
   139: 000033f4     0 NOTYPE  LOCAL  DEFAULT    4 $d
   140: 00003408     0 NOTYPE  LOCAL  DEFAULT    4 $t
   141: 00003416     0 NOTYPE  LOCAL  DEFAULT    4 $t
   142: 0000342e     0 NOTYPE  LOCAL  DEFAULT    4 $t
   143: 00003456     0 NOTYPE  LOCAL  DEFAULT    4 $t
   144: 0000346c     0 NOTYPE  LOCAL  DEFAULT    4 $t
   145: 0000347e     0 NOTYPE  LOCAL  DEFAULT    4 $d
   146: 000034c8     0 NOTYPE  LOCAL  DEFAULT    4 $d
   147: 000034d4     0 NOTYPE  LOCAL  DEFAULT    4 $t
   148: 000034e6     0 NOTYPE  LOCAL  DEFAULT    4 $d
   149: 0000353c     0 NOTYPE  LOCAL  DEFAULT    4 $d
   150: 0000354c     0 NOTYPE  LOCAL  DEFAULT    4 $t
   151: 00003638     0 NOTYPE  LOCAL  DEFAULT    4 $d
   152: 00003644     0 NOTYPE  LOCAL  DEFAULT    4 $t
   153: 00003483     0 NOTYPE  LOCAL  DEFAULT    4 $d
   154: 00003484     0 NOTYPE  LOCAL  DEFAULT    4 $t
   155: 000034eb     0 NOTYPE  LOCAL  DEFAULT    4 $d
   156: 000034ec     0 NOTYPE  LOCAL  DEFAULT    4 $t
   157: 00003664     0 NOTYPE  LOCAL  DEFAULT    4 $t
   158: 00003665    94 FUNC    LOCAL  DEFAULT    4 _ZN4edge5Guard4stepEhbb.part.0
   159: 000036c2     0 NOTYPE  LOCAL  DEFAULT    4 $t
   160: 000036f8     0 NOTYPE  LOCAL  DEFAULT    4 $t
   161: 00003730     0 NOTYPE  LOCAL  DEFAULT    4 $d
   162: 00003734     0 NOTYPE  LOCAL  DEFAULT    4 $t
   163: 00003740     0 NOTYPE  LOCAL  DEFAULT    4 $t
   164: 00003756     0 NOTYPE  LOCAL  DEFAULT    4 $d
   165: 000037cc     0 NOTYPE  LOCAL  DEFAULT    4 $d
   166: 000037e8     0 NOTYPE  LOCAL  DEFAULT    4 $t
   167: 000037fa     0 NOTYPE  LOCAL  DEFAULT    4 $d
   168: 000037fe     0 NOTYPE  LOCAL  DEFAULT    4 $t
   169: 00003830     0 NOTYPE  LOCAL  DEFAULT    4 $d
   170: 00003834     0 NOTYPE  LOCAL  DEFAULT    4 $t
   171: 00003848     0 NOTYPE  LOCAL  DEFAULT    4 $d
   172: 0000384c     0 NOTYPE  LOCAL  DEFAULT    4 $t
   173: 000038a8     0 NOTYPE  LOCAL  DEFAULT    4 $d
   174: 000038b8     0 NOTYPE  LOCAL  DEFAULT    4 $t
   175: 00003920     0 NOTYPE  LOCAL  DEFAULT    4 $d
   176: 00003924     0 NOTYPE  LOCAL  DEFAULT    4 $t
   177: 00003a1c     0 NOTYPE  LOCAL  DEFAULT    4 $d
   178: 00003a2c     0 NOTYPE  LOCAL  DEFAULT    4 $t
   179: 00003a50     0 NOTYPE  LOCAL  DEFAULT    4 $d
   180: 00003a58     0 NOTYPE  LOCAL  DEFAULT    4 $t
   181: 00003a7e     0 NOTYPE  LOCAL  DEFAULT    4 $d
   182: 00003a8a     0 NOTYPE  LOCAL  DEFAULT    4 $t
   183: 00003b30     0 NOTYPE  LOCAL  DEFAULT    4 $d
   184: 00003b44     0 NOTYPE  LOCAL  DEFAULT    4 $t
   185: 00003bb4     0 NOTYPE  LOCAL  DEFAULT    4 $d
   186: 00003bc4     0 NOTYPE  LOCAL  DEFAULT    4 $t
   187: 00003c34     0 NOTYPE  LOCAL  DEFAULT    4 $d
   188: 00003c44     0 NOTYPE  LOCAL  DEFAULT    4 $t
   189: 00003c74     0 NOTYPE  LOCAL  DEFAULT    4 $t
   190: 00003cdc     0 NOTYPE  LOCAL  DEFAULT    4 $d
   191: 00003ce0     0 NOTYPE  LOCAL  DEFAULT    4 $t
   192: 00003eac     0 NOTYPE  LOCAL  DEFAULT    4 $d
   193: 00003ec4     0 NOTYPE  LOCAL  DEFAULT    4 $t
   194: 00003f70     0 NOTYPE  LOCAL  DEFAULT    4 $d
   195: 00003f84     0 NOTYPE  LOCAL  DEFAULT    4 $t
   196: 0000401c     0 NOTYPE  LOCAL  DEFAULT    4 $d
   197: 00004028     0 NOTYPE  LOCAL  DEFAULT    4 $t
   198: 000041dc     0 NOTYPE  LOCAL  DEFAULT    4 $d
   199: 0000002c     0 NOTYPE  LOCAL  DEFAULT    3 $d
   200: 0000375b     0 NOTYPE  LOCAL  DEFAULT    4 $d
   201: 0000375c     0 NOTYPE  LOCAL  DEFAULT    4 $t
   202: 000041f8     0 NOTYPE  LOCAL  DEFAULT    4 $t
   203: 000041f9   120 FUNC    LOCAL  DEFAULT    4 _ZN3fsm12_GLOBAL__N_115wrapHeadingViewEd
   204: 00004248     0 NOTYPE  LOCAL  DEFAULT    4 $d
   205: 00004270     0 NOTYPE  LOCAL  DEFAULT    4 $t
   206: 00004271   196 FUNC    LOCAL  DEFAULT    4 _ZN3fsm12_GLOBAL__N_117normalizedHeadingEf
   207: 000042f8     0 NOTYPE  LOCAL  DEFAULT    4 $d
   208: 00004334     0 NOTYPE  LOCAL  DEFAULT    4 $t
   209: 00004384     0 NOTYPE  LOCAL  DEFAULT    4 $d
   210: 00004388     0 NOTYPE  LOCAL  DEFAULT    4 $t
   211: 000043dc     0 NOTYPE  LOCAL  DEFAULT    4 $d
   212: 000043e0     0 NOTYPE  LOCAL  DEFAULT    4 $t
   213: 000043e8     0 NOTYPE  LOCAL  DEFAULT    4 $t
   214: 000044ec     0 NOTYPE  LOCAL  DEFAULT    4 $d
   215: 000044fc     0 NOTYPE  LOCAL  DEFAULT    4 $t
   216: 00004548     0 NOTYPE  LOCAL  DEFAULT    4 $d
   217: 00004554     0 NOTYPE  LOCAL  DEFAULT    4 $t
   218: 00004558     0 NOTYPE  LOCAL  DEFAULT    4 $t
   219: 00004598     0 NOTYPE  LOCAL  DEFAULT    4 $d
   220: 000045a8     0 NOTYPE  LOCAL  DEFAULT    4 $t
   221: 000045e0     0 NOTYPE  LOCAL  DEFAULT    4 $d
   222: 000045e8     0 NOTYPE  LOCAL  DEFAULT    4 $t
   223: 0000471c     0 NOTYPE  LOCAL  DEFAULT    4 $d
   224: 00004760     0 NOTYPE  LOCAL  DEFAULT    4 $t
   225: 000047b4     0 NOTYPE  LOCAL  DEFAULT    4 $d
   226: 000047c8     0 NOTYPE  LOCAL  DEFAULT    4 $t
   227: 00004808     0 NOTYPE  LOCAL  DEFAULT    4 $d
   228: 00004810     0 NOTYPE  LOCAL  DEFAULT    4 $t
   229: 00004878     0 NOTYPE  LOCAL  DEFAULT    4 $d
   230: 0000487c     0 NOTYPE  LOCAL  DEFAULT    4 $t
   231: 0000499c     0 NOTYPE  LOCAL  DEFAULT    4 $d
   232: 000049ac     0 NOTYPE  LOCAL  DEFAULT    4 $t
   233: 000049d0     0 NOTYPE  LOCAL  DEFAULT    4 $d
   234: 000049d8     0 NOTYPE  LOCAL  DEFAULT    4 $t
   235: 00004b98     0 NOTYPE  LOCAL  DEFAULT    4 $d
   236: 00004bf4     0 NOTYPE  LOCAL  DEFAULT    4 $t
   237: 00004c7c     0 NOTYPE  LOCAL  DEFAULT    4 $d
   238: 00004c80     0 NOTYPE  LOCAL  DEFAULT    4 $t
   239: 00004cbc     0 NOTYPE  LOCAL  DEFAULT    4 $d
   240: 00004cc8     0 NOTYPE  LOCAL  DEFAULT    4 $t
   241: 00004d20     0 NOTYPE  LOCAL  DEFAULT    4 $d
   242: 00004d34     0 NOTYPE  LOCAL  DEFAULT    4 $t
   243: 00004d46     0 NOTYPE  LOCAL  DEFAULT    4 $d
   244: 00004d4a     0 NOTYPE  LOCAL  DEFAULT    4 $t
   245: 00004d70     0 NOTYPE  LOCAL  DEFAULT    4 $d
   246: 00004d7c     0 NOTYPE  LOCAL  DEFAULT    4 $t
   247: 00004dd4     0 NOTYPE  LOCAL  DEFAULT    4 $d
   248: 00004de4     0 NOTYPE  LOCAL  DEFAULT    4 $t
   249: 00004e18     0 NOTYPE  LOCAL  DEFAULT    4 $d
   250: 00004e1e     0 NOTYPE  LOCAL  DEFAULT    4 $t
   251: 00004e64     0 NOTYPE  LOCAL  DEFAULT    4 $d
   252: 00004e68     0 NOTYPE  LOCAL  DEFAULT    4 $t
   253: 0000500c     0 NOTYPE  LOCAL  DEFAULT    4 $d
   254: 00005024     0 NOTYPE  LOCAL  DEFAULT    4 $t
   255: 0000504c     0 NOTYPE  LOCAL  DEFAULT    4 $d
   256: 00005054     0 NOTYPE  LOCAL  DEFAULT    4 $t
   257: 000050b4     0 NOTYPE  LOCAL  DEFAULT    4 $d
   258: 000050c4     0 NOTYPE  LOCAL  DEFAULT    4 $t
   259: 000050f4     0 NOTYPE  LOCAL  DEFAULT    4 $d
   260: 000050f8     0 NOTYPE  LOCAL  DEFAULT    4 $t
   261: 00005204     0 NOTYPE  LOCAL  DEFAULT    4 $d
   262: 00005220     0 NOTYPE  LOCAL  DEFAULT    4 $t
   263: 0000522c     0 NOTYPE  LOCAL  DEFAULT    4 $d
   264: 00005230     0 NOTYPE  LOCAL  DEFAULT    4 $t
   265: 000052d8     0 NOTYPE  LOCAL  DEFAULT    4 $d
   266: 000052f8     0 NOTYPE  LOCAL  DEFAULT    4 $t
   267: 00005310     0 NOTYPE  LOCAL  DEFAULT    4 $t
   268: 00005350     0 NOTYPE  LOCAL  DEFAULT    4 $d
   269: 00005354     0 NOTYPE  LOCAL  DEFAULT    4 $t
   270: 000053b8     0 NOTYPE  LOCAL  DEFAULT    4 $t
   271: 00005460     0 NOTYPE  LOCAL  DEFAULT    4 $d
   272: 00005488     0 NOTYPE  LOCAL  DEFAULT    4 $t
   273: 00005530     0 NOTYPE  LOCAL  DEFAULT    4 $d
   274: 0000555c     0 NOTYPE  LOCAL  DEFAULT    4 $t
   275: 00005680     0 NOTYPE  LOCAL  DEFAULT    4 $d
   276: 00005694     0 NOTYPE  LOCAL  DEFAULT    4 $t
   277: 000056c0     0 NOTYPE  LOCAL  DEFAULT    4 $d
   278: 000056c4     0 NOTYPE  LOCAL  DEFAULT    4 $t
   279: 000056d8     0 NOTYPE  LOCAL  DEFAULT    4 $d
   280: 00000064     0 NOTYPE  LOCAL  DEFAULT    3 $d
   281: 00005980     0 NOTYPE  LOCAL  DEFAULT    4 $t
   282: 000059a8     0 NOTYPE  LOCAL  DEFAULT    4 $d
   283: 000059b0     0 NOTYPE  LOCAL  DEFAULT    4 $t
   284: 00005a26     0 NOTYPE  LOCAL  DEFAULT    4 $t
   285: 00005a84     0 NOTYPE  LOCAL  DEFAULT    4 $t
   286: 00005bbc     0 NOTYPE  LOCAL  DEFAULT    4 $d
   287: 00005bcc     0 NOTYPE  LOCAL  DEFAULT    4 $t
   288: 00005c7c     0 NOTYPE  LOCAL  DEFAULT    4 $d
   289: 00005c84     0 NOTYPE  LOCAL  DEFAULT    4 $t
   290: 00005cec     0 NOTYPE  LOCAL  DEFAULT    4 $d
   291: 00000098     0 NOTYPE  LOCAL  DEFAULT    3 $d
   292: 00006368     0 NOTYPE  LOCAL  DEFAULT    4 $t
   293: 00006369    60 FUNC    LOCAL  DEFAULT    4 _ZN3fsm12_GLOBAL__N_19validDutyEf
   294: 000063a0     0 NOTYPE  LOCAL  DEFAULT    4 $d
   295: 000063a4     0 NOTYPE  LOCAL  DEFAULT    4 $t
   296: 000063a5    92 FUNC    LOCAL  DEFAULT    4 _ZN3fsm12_GLOBAL__N_112allowedWheelEff
   297: 000063fc     0 NOTYPE  LOCAL  DEFAULT    4 $d
   298: 00006400     0 NOTYPE  LOCAL  DEFAULT    4 $t
   299: 000064f8     0 NOTYPE  LOCAL  DEFAULT    4 $d
   300: 000064fc     0 NOTYPE  LOCAL  DEFAULT    4 $t
   301: 00006528     0 NOTYPE  LOCAL  DEFAULT    4 $d
   302: 0000652c     0 NOTYPE  LOCAL  DEFAULT    4 $t
   303: 0000654c     0 NOTYPE  LOCAL  DEFAULT    4 $t
   304: 00006578     0 NOTYPE  LOCAL  DEFAULT    4 $t
   305: 000065e4     0 NOTYPE  LOCAL  DEFAULT    4 $d
   306: 000065e8     0 NOTYPE  LOCAL  DEFAULT    4 $t
   307: 00006684     0 NOTYPE  LOCAL  DEFAULT    4 $d
   308: 00006694     0 NOTYPE  LOCAL  DEFAULT    4 $t
   309: 000066fc     0 NOTYPE  LOCAL  DEFAULT    4 $d
   310: 00006700     0 NOTYPE  LOCAL  DEFAULT    4 $t
   311: 000068a0     0 NOTYPE  LOCAL  DEFAULT    4 $d
   312: 000068c8     0 NOTYPE  LOCAL  DEFAULT    4 $t
   313: 000069a8     0 NOTYPE  LOCAL  DEFAULT    4 $d
   314: 000069bc     0 NOTYPE  LOCAL  DEFAULT    4 $t
   315: 00006a7c     0 NOTYPE  LOCAL  DEFAULT    4 $d
   316: 00006a84     0 NOTYPE  LOCAL  DEFAULT    4 $t
   317: 00006b18     0 NOTYPE  LOCAL  DEFAULT    4 $d
   318: 00006b1c     0 NOTYPE  LOCAL  DEFAULT    4 $t
   319: 00006c10     0 NOTYPE  LOCAL  DEFAULT    4 $d
   320: 00006c18     0 NOTYPE  LOCAL  DEFAULT    4 $t
   321: 00006c6c     0 NOTYPE  LOCAL  DEFAULT    4 $d
   322: 00006c74     0 NOTYPE  LOCAL  DEFAULT    4 $t
   323: 00006ed4     0 NOTYPE  LOCAL  DEFAULT    4 $d
   324: 00006ef0     0 NOTYPE  LOCAL  DEFAULT    4 $t
   325: 00006f94     0 NOTYPE  LOCAL  DEFAULT    4 $d
   326: 00006f98     0 NOTYPE  LOCAL  DEFAULT    4 $t
   327: 00007070     0 NOTYPE  LOCAL  DEFAULT    4 $d
   328: 0000707c     0 NOTYPE  LOCAL  DEFAULT    4 $t
   329: 000070cc     0 NOTYPE  LOCAL  DEFAULT    4 $d
   330: 000070e8     0 NOTYPE  LOCAL  DEFAULT    4 $t
   331: 00007154     0 NOTYPE  LOCAL  DEFAULT    4 $d
   332: 00007158     0 NOTYPE  LOCAL  DEFAULT    4 $t
   333: 000071b8     0 NOTYPE  LOCAL  DEFAULT    4 $d
   334: 000071c8     0 NOTYPE  LOCAL  DEFAULT    4 $t
   335: 00007260     0 NOTYPE  LOCAL  DEFAULT    4 $d
   336: 00007274     0 NOTYPE  LOCAL  DEFAULT    4 $t
   337: 000072d8     0 NOTYPE  LOCAL  DEFAULT    4 $d
   338: 000072dc     0 NOTYPE  LOCAL  DEFAULT    4 $t
   339: 000073b0     0 NOTYPE  LOCAL  DEFAULT    4 $d
   340: 000073c0     0 NOTYPE  LOCAL  DEFAULT    4 $t
   341: 000073f0     0 NOTYPE  LOCAL  DEFAULT    4 $d
   342: 000073fc     0 NOTYPE  LOCAL  DEFAULT    4 $t
   343: 000074fc     0 NOTYPE  LOCAL  DEFAULT    4 $d
   344: 00007514     0 NOTYPE  LOCAL  DEFAULT    4 $t
   345: 0000752c     0 NOTYPE  LOCAL  DEFAULT    4 $d
   346: 00007534     0 NOTYPE  LOCAL  DEFAULT    4 $t
   347: 00007610     0 NOTYPE  LOCAL  DEFAULT    4 $d
   348: 00007624     0 NOTYPE  LOCAL  DEFAULT    4 $t
   349: 0000768c     0 NOTYPE  LOCAL  DEFAULT    4 $d
   350: 00007694     0 NOTYPE  LOCAL  DEFAULT    4 $t
   351: 00007768     0 NOTYPE  LOCAL  DEFAULT    4 $d
   352: 00007780     0 NOTYPE  LOCAL  DEFAULT    4 $t
   353: 00007854     0 NOTYPE  LOCAL  DEFAULT    4 $d
   354: 00007860     0 NOTYPE  LOCAL  DEFAULT    4 $t
   355: 00007918     0 NOTYPE  LOCAL  DEFAULT    4 $d
   356: 00007930     0 NOTYPE  LOCAL  DEFAULT    4 $t
   357: 00007abc     0 NOTYPE  LOCAL  DEFAULT    4 $d
   358: 00007ae4     0 NOTYPE  LOCAL  DEFAULT    4 $t
   359: 00007bd0     0 NOTYPE  LOCAL  DEFAULT    4 $d
   360: 00007bdc     0 NOTYPE  LOCAL  DEFAULT    4 $t
   361: 00007cfc     0 NOTYPE  LOCAL  DEFAULT    4 $d
   362: 00007d14     0 NOTYPE  LOCAL  DEFAULT    4 $t
   363: 00007e18     0 NOTYPE  LOCAL  DEFAULT    4 $d
   364: 00007e20     0 NOTYPE  LOCAL  DEFAULT    4 $t
   365: 00007ea8     0 NOTYPE  LOCAL  DEFAULT    4 $d
   366: 00007eb4     0 NOTYPE  LOCAL  DEFAULT    4 $t
   367: 00007f10     0 NOTYPE  LOCAL  DEFAULT    4 $d
   368: 00007f14     0 NOTYPE  LOCAL  DEFAULT    4 $t
   369: 00007f94     0 NOTYPE  LOCAL  DEFAULT    4 $d
   370: 00007fb4     0 NOTYPE  LOCAL  DEFAULT    4 $t
   371: 000080fc     0 NOTYPE  LOCAL  DEFAULT    4 $d
   372: 0000810c     0 NOTYPE  LOCAL  DEFAULT    4 $t
   373: 000082b0     0 NOTYPE  LOCAL  DEFAULT    4 $d
   374: 000082bc     0 NOTYPE  LOCAL  DEFAULT    4 $t
   375: 00008348     0 NOTYPE  LOCAL  DEFAULT    4 $d
   376: 00008358     0 NOTYPE  LOCAL  DEFAULT    4 $t
   377: 00008468     0 NOTYPE  LOCAL  DEFAULT    4 $d
   378: 00008478     0 NOTYPE  LOCAL  DEFAULT    4 $t
   379: 00008588     0 NOTYPE  LOCAL  DEFAULT    4 $d
   380: 0000859c     0 NOTYPE  LOCAL  DEFAULT    4 $t
   381: 000086b0     0 NOTYPE  LOCAL  DEFAULT    4 $d
   382: 00008700     0 NOTYPE  LOCAL  DEFAULT    4 $t
   383: 0000880c     0 NOTYPE  LOCAL  DEFAULT    4 $d
   384: 000000b0     0 NOTYPE  LOCAL  DEFAULT    3 $d
   385: 0000a508     0 NOTYPE  LOCAL  DEFAULT    4 $t
   386: 0000a509   192 FUNC    LOCAL  DEFAULT    4 _ZN10opp_fusion12_GLOBAL__N_112worldBearingEff
   387: 0000a590     0 NOTYPE  LOCAL  DEFAULT    4 $d
   388: 0000a5c8     0 NOTYPE  LOCAL  DEFAULT    4 $t
   389: 0000a5d8     0 NOTYPE  LOCAL  DEFAULT    4 $d
   390: 0000a60c     0 NOTYPE  LOCAL  DEFAULT    4 $d
   391: 0000a624     0 NOTYPE  LOCAL  DEFAULT    4 $t
   392: 0000a6a8     0 NOTYPE  LOCAL  DEFAULT    4 $t
   393: 0000a6e4     0 NOTYPE  LOCAL  DEFAULT    4 $t
   394: 0000a808     0 NOTYPE  LOCAL  DEFAULT    4 $d
   395: 0000a830     0 NOTYPE  LOCAL  DEFAULT    4 $t
   396: 0000a91c     0 NOTYPE  LOCAL  DEFAULT    4 $d
   397: 0000a938     0 NOTYPE  LOCAL  DEFAULT    4 $t
   398: 0000a980     0 NOTYPE  LOCAL  DEFAULT    4 $d
   399: 0000a984     0 NOTYPE  LOCAL  DEFAULT    4 $t
   400: 0000a99c     0 NOTYPE  LOCAL  DEFAULT    4 $d
   401: 0000a9a0     0 NOTYPE  LOCAL  DEFAULT    4 $t
   402: 0000aa14     0 NOTYPE  LOCAL  DEFAULT    4 $d
   403: 0000aa24     0 NOTYPE  LOCAL  DEFAULT    4 $t
   404: 0000ab70     0 NOTYPE  LOCAL  DEFAULT    4 $d
   405: 0000ab88     0 NOTYPE  LOCAL  DEFAULT    4 $t
   406: 0000accc     0 NOTYPE  LOCAL  DEFAULT    4 $d
   407: 0000acec     0 NOTYPE  LOCAL  DEFAULT    4 $t
   408: 0000ae74     0 NOTYPE  LOCAL  DEFAULT    4 $d
   409: 0000ae90     0 NOTYPE  LOCAL  DEFAULT    4 $t
   410: 0000aebc     0 NOTYPE  LOCAL  DEFAULT    4 $d
   411: 0000aec0     0 NOTYPE  LOCAL  DEFAULT    4 $t
   412: 0000af08     0 NOTYPE  LOCAL  DEFAULT    4 $d
   413: 0000af0c     0 NOTYPE  LOCAL  DEFAULT    4 $t
   414: 00000100     0 NOTYPE  LOCAL  DEFAULT    3 $d
   415: 0000a5df     0 NOTYPE  LOCAL  DEFAULT    4 $d
   416: 0000a5e0     0 NOTYPE  LOCAL  DEFAULT    4 $t
   417: 0000b1ec     0 NOTYPE  LOCAL  DEFAULT    4 $t
   418: 0000b1ed   102 FUNC    LOCAL  DEFAULT    4 _ZN3imu12_GLOBAL__N_111zeroHeadingERKNS_8EstimateE
   419: 0000b254     0 NOTYPE  LOCAL  DEFAULT    4 $t
   420: 0000b255    40 FUNC    LOCAL  DEFAULT    4 _ZN3imu12_GLOBAL__N_15emptyERKNS_8EstimateE
   421: 0000b278     0 NOTYPE  LOCAL  DEFAULT    4 $d
   422: 0000b27c     0 NOTYPE  LOCAL  DEFAULT    4 $t
   423: 0000b2ca     0 NOTYPE  LOCAL  DEFAULT    4 $d
   424: 0000b2ce     0 NOTYPE  LOCAL  DEFAULT    4 $t
   425: 0000b4d8     0 NOTYPE  LOCAL  DEFAULT    4 $d
   426: 00000130     0 NOTYPE  LOCAL  DEFAULT    3 $d
   427: 0000bb88     0 NOTYPE  LOCAL  DEFAULT    4 $t
   428: 0000bb89    40 FUNC    LOCAL  DEFAULT    4 _ZN8line_qtr12_GLOBAL__N_18emptyPadERKNS_3PadE
   429: 0000bbb0     0 NOTYPE  LOCAL  DEFAULT    4 $t
   430: 0000bbb1    36 FUNC    LOCAL  DEFAULT    4 _ZN8line_qtr12_GLOBAL__N_17orderedERKNS_8SnapshotEjj
   431: 0000bbd4     0 NOTYPE  LOCAL  DEFAULT    4 $t
   432: 0000bbd5    44 FUNC    LOCAL  DEFAULT    4 _ZN8line_qtr12_GLOBAL__N_112emptyCleanupERKNS_7CleanupE
   433: 0000bc00     0 NOTYPE  LOCAL  DEFAULT    4 $t
   434: 0000bc01    96 FUNC    LOCAL  DEFAULT    4 _ZN8line_qtr12_GLOBAL__N_110emptyFrameERKNS_8SnapshotE
   435: 0000bc58     0 NOTYPE  LOCAL  DEFAULT    4 $d
   436: 0000bc60     0 NOTYPE  LOCAL  DEFAULT    4 $t
   437: 0000bc61    44 FUNC    LOCAL  DEFAULT    4 _ZN8line_qtr12_GLOBAL__N_110masksValidERKNS_8SnapshotE.isra.0
   438: 0000bc8c     0 NOTYPE  LOCAL  DEFAULT    4 $t
   439: 0000bf44     0 NOTYPE  LOCAL  DEFAULT    4 $d
   440: 0000bf54     0 NOTYPE  LOCAL  DEFAULT    4 $t
   441: 0000bf55   180 FUNC    LOCAL  DEFAULT    4 _ZN8line_qtr12_GLOBAL__N_112applyControlERN3fsm10RobotInputERKNS_8SnapshotEPKjj
   442: 0000c000     0 NOTYPE  LOCAL  DEFAULT    4 $d
   443: 0000c008     0 NOTYPE  LOCAL  DEFAULT    4 $t
   444: 0000c028     0 NOTYPE  LOCAL  DEFAULT    4 $t
   445: 0000c074     0 NOTYPE  LOCAL  DEFAULT    4 $d
   446: 0000c080     0 NOTYPE  LOCAL  DEFAULT    4 $t
   447: 0000c0e0     0 NOTYPE  LOCAL  DEFAULT    4 $d
   448: 00000144     0 NOTYPE  LOCAL  DEFAULT    3 $d
   449: 0000ea7c     0 NOTYPE  LOCAL  DEFAULT    4 $t
   450: 0000eb08     0 NOTYPE  LOCAL  DEFAULT    4 $d
   451: 0000eb0c     0 NOTYPE  LOCAL  DEFAULT    4 $t
   452: 0000eb2c     0 NOTYPE  LOCAL  DEFAULT    4 $d
   453: 00000178     0 NOTYPE  LOCAL  DEFAULT    3 $d
   454: 0000eb30     0 NOTYPE  LOCAL  DEFAULT    4 $t
   455: 0000eb31    76 FUNC    LOCAL  DEFAULT    4 _ZN2ui12_GLOBAL__N_15glyphERNS_5FrameEjPKhjb
   456: 0000eb7c     0 NOTYPE  LOCAL  DEFAULT    4 $t
   457: 0000eb7d   128 FUNC    LOCAL  DEFAULT    4 _ZN2ui12_GLOBAL__N_17invalidERNS_5FrameE.isra.0
   458: 0000ebec     0 NOTYPE  LOCAL  DEFAULT    4 $d
   459: 000001fb     5 OBJECT  LOCAL  DEFAULT    3 _ZN2ui12_GLOBAL__N_1L1EE
   460: 00000219     5 OBJECT  LOCAL  DEFAULT    3 _ZN2ui12_GLOBAL__N_1L5CROSSE
   461: 0000ec00     0 NOTYPE  LOCAL  DEFAULT    4 $t
   462: 0000ec8a     0 NOTYPE  LOCAL  DEFAULT    4 $d
   463: 0000eca2     0 NOTYPE  LOCAL  DEFAULT    4 $t
   464: 0000ee02     0 NOTYPE  LOCAL  DEFAULT    4 $d
   465: 0000ee0a     0 NOTYPE  LOCAL  DEFAULT    4 $t
   466: 0000eef8     0 NOTYPE  LOCAL  DEFAULT    4 $d
   467: 000001ec     5 OBJECT  LOCAL  DEFAULT    3 _ZN2ui12_GLOBAL__N_1L1BE
   468: 00000282     5 OBJECT  LOCAL  DEFAULT    3 _ZN2ui12_GLOBAL__N_1L9HOURGLASSE
   469: 00000205     5 OBJECT  LOCAL  DEFAULT    3 _ZN2ui12_GLOBAL__N_1L1SE
   470: 000001f6     5 OBJECT  LOCAL  DEFAULT    3 _ZN2ui12_GLOBAL__N_1L1DE
   471: 0000025a    35 OBJECT  LOCAL  DEFAULT    3 _ZN2ui12_GLOBAL__N_1L6FAULTSE
   472: 00000228    50 OBJECT  LOCAL  DEFAULT    3 _ZN2ui12_GLOBAL__N_1L6DIGITSE
   473: 000001f1     5 OBJECT  LOCAL  DEFAULT    3 _ZN2ui12_GLOBAL__N_1L1CE
   474: 0000ef64     0 NOTYPE  LOCAL  DEFAULT    4 $t
   475: 0000f0a2     0 NOTYPE  LOCAL  DEFAULT    4 $d
   476: 0000f0f0     0 NOTYPE  LOCAL  DEFAULT    4 $d
   477: 0000027d     5 OBJECT  LOCAL  DEFAULT    3 _ZN2ui12_GLOBAL__N_1L7CHECKERE
   478: 00000200     5 OBJECT  LOCAL  DEFAULT    3 _ZN2ui12_GLOBAL__N_1L1LE
   479: 00000214     5 OBJECT  LOCAL  DEFAULT    3 _ZN2ui12_GLOBAL__N_1L4DOWNE
   480: 00000223     5 OBJECT  LOCAL  DEFAULT    3 _ZN2ui12_GLOBAL__N_1L5RIGHTE
   481: 0000020a     5 OBJECT  LOCAL  DEFAULT    3 _ZN2ui12_GLOBAL__N_1L2UPE
   482: 0000020f     5 OBJECT  LOCAL  DEFAULT    3 _ZN2ui12_GLOBAL__N_1L3ARCE
   483: 0000021e     5 OBJECT  LOCAL  DEFAULT    3 _ZN2ui12_GLOBAL__N_1L5PAUSEE
   484: 0000f130     0 NOTYPE  LOCAL  DEFAULT    4 $t
   485: 0000f20c     0 NOTYPE  LOCAL  DEFAULT    4 $d
   486: 0000f210     0 NOTYPE  LOCAL  DEFAULT    4 $t
   487: 0000f21a     0 NOTYPE  LOCAL  DEFAULT    4 $d
   488: 0000f220     0 NOTYPE  LOCAL  DEFAULT    4 $t
   489: 00000194     0 NOTYPE  LOCAL  DEFAULT    3 $d
   490: 0000f0a7     0 NOTYPE  LOCAL  DEFAULT    4 $d
   491: 0000f0a8     0 NOTYPE  LOCAL  DEFAULT    4 $t
   492: 0000d778     0 NOTYPE  LOCAL  DEFAULT    4 $t
   493: 0000d779    30 FUNC    LOCAL  DEFAULT    4 _ZN8recorder3csv12_GLOBAL__N_14Line3putEc
   494: 0000d798     0 NOTYPE  LOCAL  DEFAULT    4 $t
   495: 0000d799   108 FUNC    LOCAL  DEFAULT    4 _ZN8recorder3csv12_GLOBAL__N_14Line6digitsEy
   496: 0000d7fc     0 NOTYPE  LOCAL  DEFAULT    4 $d
   497: 0000d804     0 NOTYPE  LOCAL  DEFAULT    4 $t
   498: 0000d805     4 FUNC    LOCAL  DEFAULT    4 _ZN8recorder3csv12_GLOBAL__N_16read32EPKh
   499: 0000d808     0 NOTYPE  LOCAL  DEFAULT    4 $t
   500: 0000d809    58 FUNC    LOCAL  DEFAULT    4 _ZN8recorder3csv12_GLOBAL__N_17publishEPKcjPcj
   501: 0000d844     0 NOTYPE  LOCAL  DEFAULT    4 $t
   502: 0000d845    68 FUNC    LOCAL  DEFAULT    4 _ZN8recorder3csv12_GLOBAL__N_14Line6finishEPcj
   503: 0000d880     0 NOTYPE  LOCAL  DEFAULT    4 $d
   504: 0000d888     0 NOTYPE  LOCAL  DEFAULT    4 $t
   505: 0000d889    20 FUNC    LOCAL  DEFAULT    4 _ZN8recorder3csv12_GLOBAL__N_14Line9separatorEv
   506: 0000d898     0 NOTYPE  LOCAL  DEFAULT    4 $d
   507: 0000d89c     0 NOTYPE  LOCAL  DEFAULT    4 $t
   508: 0000d89d   104 FUNC    LOCAL  DEFAULT    4 _ZN8recorder3csv12_GLOBAL__N_14Line6rawHexEPKhj
   509: 0000d8f8     0 NOTYPE  LOCAL  DEFAULT    4 $d
   510: 0000d904     0 NOTYPE  LOCAL  DEFAULT    4 $t
   511: 0000d905    32 FUNC    LOCAL  DEFAULT    4 _ZN8recorder3csv12_GLOBAL__N_14Line6numberEy
   512: 0000d91c     0 NOTYPE  LOCAL  DEFAULT    4 $d
   513: 0000d924     0 NOTYPE  LOCAL  DEFAULT    4 $t
   514: 0000d925    56 FUNC    LOCAL  DEFAULT    4 _ZN8recorder3csv12_GLOBAL__N_14Line12signedNumberEx
   515: 0000d950     0 NOTYPE  LOCAL  DEFAULT    4 $d
   516: 0000d95c     0 NOTYPE  LOCAL  DEFAULT    4 $t
   517: 0000d9ec     0 NOTYPE  LOCAL  DEFAULT    4 $d
   518: 0000da28     0 NOTYPE  LOCAL  DEFAULT    4 $t
   519: 0000da3c     0 NOTYPE  LOCAL  DEFAULT    4 $d
   520: 000002df   165 OBJECT  LOCAL  DEFAULT    3 _ZN8recorder3csv12_GLOBAL__N_1L12FRAME_HEADERE
   521: 0000da44     0 NOTYPE  LOCAL  DEFAULT    4 $t
   522: 0000db94     0 NOTYPE  LOCAL  DEFAULT    4 $d
   523: 0000dba8     0 NOTYPE  LOCAL  DEFAULT    4 $t
   524: 0000dbbc     0 NOTYPE  LOCAL  DEFAULT    4 $d
   525: 000002a8    55 OBJECT  LOCAL  DEFAULT    3 _ZN8recorder3csv12_GLOBAL__N_1L12EVENT_HEADERE
   526: 0000dbc4     0 NOTYPE  LOCAL  DEFAULT    4 $t
   527: 0000dc3c     0 NOTYPE  LOCAL  DEFAULT    4 $d
   528: 0000dc4c     0 NOTYPE  LOCAL  DEFAULT    4 $t
   529: 0000dc60     0 NOTYPE  LOCAL  DEFAULT    4 $d
   530: 00000384   556 OBJECT  LOCAL  DEFAULT    3 _ZN8recorder3csv12_GLOBAL__N_1L14SUMMARY_HEADERE
   531: 0000dc68     0 NOTYPE  LOCAL  DEFAULT    4 $t
   532: 0000ddd4     0 NOTYPE  LOCAL  DEFAULT    4 $d
   533: 00009c50     0 NOTYPE  LOCAL  DEFAULT    4 $t
   534: 00009c7c     0 NOTYPE  LOCAL  DEFAULT    4 $d
   535: 00009c84     0 NOTYPE  LOCAL  DEFAULT    4 $t
   536: 00009d44     0 NOTYPE  LOCAL  DEFAULT    4 $d
   537: 00009d4c     0 NOTYPE  LOCAL  DEFAULT    4 $t
   538: 00009d58     0 NOTYPE  LOCAL  DEFAULT    4 $d
   539: 000005c8    40 OBJECT  LOCAL  DEFAULT    3 _ZZNK7openers5Flank10definitionEvE11definitions
   540: 00009d5c     0 NOTYPE  LOCAL  DEFAULT    4 $t
   541: 00009d6c     0 NOTYPE  LOCAL  DEFAULT    4 $d
   542: 00009d74     0 NOTYPE  LOCAL  DEFAULT    4 $t
   543: 00009dd0     0 NOTYPE  LOCAL  DEFAULT    4 $d
   544: 00009de4     0 NOTYPE  LOCAL  DEFAULT    4 $t
   545: 00009e4c     0 NOTYPE  LOCAL  DEFAULT    4 $d
   546: 00009e60     0 NOTYPE  LOCAL  DEFAULT    4 $t
   547: 00009e9a     0 NOTYPE  LOCAL  DEFAULT    4 $t
   548: 00009eb0     0 NOTYPE  LOCAL  DEFAULT    4 $t
   549: 00009eec     0 NOTYPE  LOCAL  DEFAULT    4 $d
   550: 00009ef8     0 NOTYPE  LOCAL  DEFAULT    4 $t
   551: 00009f44     0 NOTYPE  LOCAL  DEFAULT    4 $d
   552: 00009f50     0 NOTYPE  LOCAL  DEFAULT    4 $t
   553: 00009fd4     0 NOTYPE  LOCAL  DEFAULT    4 $d
   554: 00009fd8     0 NOTYPE  LOCAL  DEFAULT    4 $t
   555: 0000a11c     0 NOTYPE  LOCAL  DEFAULT    4 $d
   556: 0000a134     0 NOTYPE  LOCAL  DEFAULT    4 $t
   557: 0000a160     0 NOTYPE  LOCAL  DEFAULT    4 $d
   558: 0000a168     0 NOTYPE  LOCAL  DEFAULT    4 $t
   559: 0000a200     0 NOTYPE  LOCAL  DEFAULT    4 $d
   560: 0000a210     0 NOTYPE  LOCAL  DEFAULT    4 $t
   561: 0000a264     0 NOTYPE  LOCAL  DEFAULT    4 $d
   562: 0000a270     0 NOTYPE  LOCAL  DEFAULT    4 $t
   563: 0000a2e0     0 NOTYPE  LOCAL  DEFAULT    4 $d
   564: 0000a2e4     0 NOTYPE  LOCAL  DEFAULT    4 $t
   565: 0000a32c     0 NOTYPE  LOCAL  DEFAULT    4 $d
   566: 0000a330     0 NOTYPE  LOCAL  DEFAULT    4 $t
   567: 0000a380     0 NOTYPE  LOCAL  DEFAULT    4 $t
   568: 0000a450     0 NOTYPE  LOCAL  DEFAULT    4 $d
   569: 0000a470     0 NOTYPE  LOCAL  DEFAULT    4 $t
   570: 0000a4a0     0 NOTYPE  LOCAL  DEFAULT    4 $d
   571: 0000a4a8     0 NOTYPE  LOCAL  DEFAULT    4 $t
   572: 0000a4f4     0 NOTYPE  LOCAL  DEFAULT    4 $d
   573: 000005c8     0 NOTYPE  LOCAL  DEFAULT    3 $d
   574: 00010160     0 NOTYPE  LOCAL  DEFAULT    4 $t
   575: 00010164     0 NOTYPE  LOCAL  DEFAULT    4 $t
   576: 0001017c     0 NOTYPE  LOCAL  DEFAULT    4 $d
   577: 00000000     0 NOTYPE  LOCAL  DEFAULT    8 $d
   578: 00000000     8 OBJECT  LOCAL  DEFAULT    8 _ZL16__llext_sym_main
   579: 00000000     0 NOTYPE  LOCAL  DEFAULT    4 $t
   580: 00000004     0 NOTYPE  LOCAL  DEFAULT    4 $d
   581: 00000008     0 NOTYPE  LOCAL  DEFAULT    4 $t
   582: 0000000c     0 NOTYPE  LOCAL  DEFAULT    4 $d
   583: 000010c8     0 NOTYPE  LOCAL  DEFAULT    4 $t
   584: 00001104     0 NOTYPE  LOCAL  DEFAULT    4 $t
   585: 00001160     0 NOTYPE  LOCAL  DEFAULT    4 $t
   586: 00001214     0 NOTYPE  LOCAL  DEFAULT    4 $d
   587: 00001218     0 NOTYPE  LOCAL  DEFAULT    4 $t
   588: 000012bc     0 NOTYPE  LOCAL  DEFAULT    4 $d
   589: 00001984     0 NOTYPE  LOCAL  DEFAULT    4 $t
   590: 00001a28     0 NOTYPE  LOCAL  DEFAULT    4 $d
   591: 00001a2c     0 NOTYPE  LOCAL  DEFAULT    4 $t
   592: 00001adc     0 NOTYPE  LOCAL  DEFAULT    4 $d
   593: 00001af4     0 NOTYPE  LOCAL  DEFAULT    4 $t
   594: 00001bd4     0 NOTYPE  LOCAL  DEFAULT    4 $d
   595: 00001be0     0 NOTYPE  LOCAL  DEFAULT    4 $t
   596: 00001c38     0 NOTYPE  LOCAL  DEFAULT    4 $t
   597: 00001c4a     0 NOTYPE  LOCAL  DEFAULT    4 $d
   598: 00001c98     0 NOTYPE  LOCAL  DEFAULT    4 $d
   599: 00001c9c     0 NOTYPE  LOCAL  DEFAULT    4 $t
   600: 00001cae     0 NOTYPE  LOCAL  DEFAULT    4 $d
   601: 00001cb2     0 NOTYPE  LOCAL  DEFAULT    4 $t
   602: 00001cfc     0 NOTYPE  LOCAL  DEFAULT    4 $d
   603: 00001d00     0 NOTYPE  LOCAL  DEFAULT    4 $t
   604: 00001d54     0 NOTYPE  LOCAL  DEFAULT    4 $d
   605: 00001d60     0 NOTYPE  LOCAL  DEFAULT    4 $t
   606: 00001e30     0 NOTYPE  LOCAL  DEFAULT    4 $d
   607: 00001e40     0 NOTYPE  LOCAL  DEFAULT    4 $t
   608: 00001eb2     0 NOTYPE  LOCAL  DEFAULT    4 $t
   609: 00001c51     0 NOTYPE  LOCAL  DEFAULT    4 $d
   610: 00001c52     0 NOTYPE  LOCAL  DEFAULT    4 $t
   611: 00001f00     0 NOTYPE  LOCAL  DEFAULT    4 $t
   612: 00001f2e     0 NOTYPE  LOCAL  DEFAULT    4 $t
   613: 00001f48     0 NOTYPE  LOCAL  DEFAULT    4 $t
   614: 00001f6c     0 NOTYPE  LOCAL  DEFAULT    4 $t
   615: 00001fb4     0 NOTYPE  LOCAL  DEFAULT    4 $d
   616: 00001fbc     0 NOTYPE  LOCAL  DEFAULT    4 $t
   617: 00002070     0 NOTYPE  LOCAL  DEFAULT    4 $d
   618: 00002078     0 NOTYPE  LOCAL  DEFAULT    4 $t
   619: 00002430     0 NOTYPE  LOCAL  DEFAULT    4 $d
   620: 00002460     0 NOTYPE  LOCAL  DEFAULT    4 $t
   621: 00002610     0 NOTYPE  LOCAL  DEFAULT    4 $d
   622: 00002618     0 NOTYPE  LOCAL  DEFAULT    4 $t
   623: 000027b4     0 NOTYPE  LOCAL  DEFAULT    4 $d
   624: 000027c8     0 NOTYPE  LOCAL  DEFAULT    4 $t
   625: 00002800     0 NOTYPE  LOCAL  DEFAULT    4 $d
   626: 00002804     0 NOTYPE  LOCAL  DEFAULT    4 $t
   627: 00002838     0 NOTYPE  LOCAL  DEFAULT    4 $t
   628: 000028a4     0 NOTYPE  LOCAL  DEFAULT    4 $d
   629: 000028ac     0 NOTYPE  LOCAL  DEFAULT    4 $t
   630: 00002924     0 NOTYPE  LOCAL  DEFAULT    4 $d
   631: 00002938     0 NOTYPE  LOCAL  DEFAULT    4 $t
   632: 00002984     0 NOTYPE  LOCAL  DEFAULT    4 $d
   633: 0000298c     0 NOTYPE  LOCAL  DEFAULT    4 $t
   634: 00002a98     0 NOTYPE  LOCAL  DEFAULT    4 $d
   635: 00002aac     0 NOTYPE  LOCAL  DEFAULT    4 $t
   636: 00002b10     0 NOTYPE  LOCAL  DEFAULT    4 $d
   637: 00002b20     0 NOTYPE  LOCAL  DEFAULT    4 $t
   638: 00002bdc     0 NOTYPE  LOCAL  DEFAULT    4 $d
   639: 00002be8     0 NOTYPE  LOCAL  DEFAULT    4 $t
   640: 00002bf0     0 NOTYPE  LOCAL  DEFAULT    4 $d
   641: 00002bf4     0 NOTYPE  LOCAL  DEFAULT    4 $t
   642: 00002bfc     0 NOTYPE  LOCAL  DEFAULT    4 $d
   643: 00002c00     0 NOTYPE  LOCAL  DEFAULT    4 $t
   644: 00002cf0     0 NOTYPE  LOCAL  DEFAULT    4 $t
   645: 00002d68     0 NOTYPE  LOCAL  DEFAULT    4 $d
   646: 000056dc     0 NOTYPE  LOCAL  DEFAULT    4 $t
   647: 000057e2     0 NOTYPE  LOCAL  DEFAULT    4 $t
   648: 00005828     0 NOTYPE  LOCAL  DEFAULT    4 $t
   649: 00005978     0 NOTYPE  LOCAL  DEFAULT    4 $d
   650: 00005cf4     0 NOTYPE  LOCAL  DEFAULT    4 $t
   651: 00005d1c     0 NOTYPE  LOCAL  DEFAULT    4 $d
   652: 00005d20     0 NOTYPE  LOCAL  DEFAULT    4 $t
   653: 00005df8     0 NOTYPE  LOCAL  DEFAULT    4 $d
   654: 00005e00     0 NOTYPE  LOCAL  DEFAULT    4 $t
   655: 00005e64     0 NOTYPE  LOCAL  DEFAULT    4 $t
   656: 00005fc8     0 NOTYPE  LOCAL  DEFAULT    4 $d
   657: 00005fdc     0 NOTYPE  LOCAL  DEFAULT    4 $t
   658: 00006008     0 NOTYPE  LOCAL  DEFAULT    4 $d
   659: 0000600c     0 NOTYPE  LOCAL  DEFAULT    4 $t
   660: 00006164     0 NOTYPE  LOCAL  DEFAULT    4 $d
   661: 00006168     0 NOTYPE  LOCAL  DEFAULT    4 $t
   662: 000061e8     0 NOTYPE  LOCAL  DEFAULT    4 $d
   663: 000061f0     0 NOTYPE  LOCAL  DEFAULT    4 $t
   664: 000062e4     0 NOTYPE  LOCAL  DEFAULT    4 $d
   665: 000062f0     0 NOTYPE  LOCAL  DEFAULT    4 $t
   666: 00008820     0 NOTYPE  LOCAL  DEFAULT    4 $t
   667: 00008821   232 FUNC    LOCAL  DEFAULT    4 _ZN8governor12_GLOBAL__N_15shapeEfffdf
   668: 000088f4     0 NOTYPE  LOCAL  DEFAULT    4 $d
   669: 00008908     0 NOTYPE  LOCAL  DEFAULT    4 $t
   670: 000089a4     0 NOTYPE  LOCAL  DEFAULT    4 $d
   671: 000089ac     0 NOTYPE  LOCAL  DEFAULT    4 $t
   672: 00008ae0     0 NOTYPE  LOCAL  DEFAULT    4 $d
   673: 00008b30     0 NOTYPE  LOCAL  DEFAULT    4 $t
   674: 00008b31   136 FUNC    LOCAL  DEFAULT    4 _ZN8logframe12_GLOBAL__N_18quantizeEfdiiRb
   675: 00008b9c     0 NOTYPE  LOCAL  DEFAULT    4 $d
   676: 00008bb8     0 NOTYPE  LOCAL  DEFAULT    4 $t
   677: 00008bf8     0 NOTYPE  LOCAL  DEFAULT    4 $t
   678: 00008c24     0 NOTYPE  LOCAL  DEFAULT    4 $d
   679: 00008c28     0 NOTYPE  LOCAL  DEFAULT    4 $t
   680: 00008e48     0 NOTYPE  LOCAL  DEFAULT    4 $d
   681: 00008e78     0 NOTYPE  LOCAL  DEFAULT    4 $t
   682: 00008eac     0 NOTYPE  LOCAL  DEFAULT    4 $t
   683: 00008ede     0 NOTYPE  LOCAL  DEFAULT    4 $t
   684: 00008ee6     0 NOTYPE  LOCAL  DEFAULT    4 $t
   685: 00008ef8     0 NOTYPE  LOCAL  DEFAULT    4 $t
   686: 00008f00     0 NOTYPE  LOCAL  DEFAULT    4 $t
   687: 00008f08     0 NOTYPE  LOCAL  DEFAULT    4 $t
   688: 00008f18     0 NOTYPE  LOCAL  DEFAULT    4 $t
   689: 00008f26     0 NOTYPE  LOCAL  DEFAULT    4 $d
   690: 00008f30     0 NOTYPE  LOCAL  DEFAULT    4 $t
   691: 00009088     0 NOTYPE  LOCAL  DEFAULT    4 $d
   692: 000090b4     0 NOTYPE  LOCAL  DEFAULT    4 $t
   693: 000090f8     0 NOTYPE  LOCAL  DEFAULT    4 $t
   694: 00009150     0 NOTYPE  LOCAL  DEFAULT    4 $d
   695: 00009158     0 NOTYPE  LOCAL  DEFAULT    4 $t
   696: 00009159   136 FUNC    LOCAL  DEFAULT    4 _ZN6motion12_GLOBAL__N_112headingErrorEdd
   697: 000091b8     0 NOTYPE  LOCAL  DEFAULT    4 $d
   698: 000091e0     0 NOTYPE  LOCAL  DEFAULT    4 $t
   699: 000091ec     0 NOTYPE  LOCAL  DEFAULT    4 $t
   700: 00009204     0 NOTYPE  LOCAL  DEFAULT    4 $t
   701: 00009234     0 NOTYPE  LOCAL  DEFAULT    4 $d
   702: 00009240     0 NOTYPE  LOCAL  DEFAULT    4 $t
   703: 00009410     0 NOTYPE  LOCAL  DEFAULT    4 $d
   704: 00009460     0 NOTYPE  LOCAL  DEFAULT    4 $t
   705: 0000946c     0 NOTYPE  LOCAL  DEFAULT    4 $d
   706: 00009470     0 NOTYPE  LOCAL  DEFAULT    4 $t
   707: 00009530     0 NOTYPE  LOCAL  DEFAULT    4 $d
   708: 00009544     0 NOTYPE  LOCAL  DEFAULT    4 $t
   709: 000095d0     0 NOTYPE  LOCAL  DEFAULT    4 $d
   710: 000095e8     0 NOTYPE  LOCAL  DEFAULT    4 $t
   711: 000097c8     0 NOTYPE  LOCAL  DEFAULT    4 $d
   712: 00009808     0 NOTYPE  LOCAL  DEFAULT    4 $t
   713: 00009814     0 NOTYPE  LOCAL  DEFAULT    4 $d
   714: 00009818     0 NOTYPE  LOCAL  DEFAULT    4 $t
   715: 000098a0     0 NOTYPE  LOCAL  DEFAULT    4 $d
   716: 000098ac     0 NOTYPE  LOCAL  DEFAULT    4 $t
   717: 000099b4     0 NOTYPE  LOCAL  DEFAULT    4 $d
   718: 000099d8     0 NOTYPE  LOCAL  DEFAULT    4 $t
   719: 00009a14     0 NOTYPE  LOCAL  DEFAULT    4 $d
   720: 00009a18     0 NOTYPE  LOCAL  DEFAULT    4 $t
   721: 00009af0     0 NOTYPE  LOCAL  DEFAULT    4 $d
   722: 00009afc     0 NOTYPE  LOCAL  DEFAULT    4 $t
   723: 00009b58     0 NOTYPE  LOCAL  DEFAULT    4 $d
   724: 00009b60     0 NOTYPE  LOCAL  DEFAULT    4 $t
   725: 00009b9c     0 NOTYPE  LOCAL  DEFAULT    4 $d
   726: 00009ba0     0 NOTYPE  LOCAL  DEFAULT    4 $t
   727: 00009c44     0 NOTYPE  LOCAL  DEFAULT    4 $d
   728: 0000af10     0 NOTYPE  LOCAL  DEFAULT    4 $t
   729: 0000af1c     0 NOTYPE  LOCAL  DEFAULT    4 $d
   730: 0000af20     0 NOTYPE  LOCAL  DEFAULT    4 $t
   731: 0000b0e0     0 NOTYPE  LOCAL  DEFAULT    4 $d
   732: 0000b100     0 NOTYPE  LOCAL  DEFAULT    4 $t
   733: 0000b170     0 NOTYPE  LOCAL  DEFAULT    4 $d
   734: 0000b17c     0 NOTYPE  LOCAL  DEFAULT    4 $t
   735: 0000b1c4     0 NOTYPE  LOCAL  DEFAULT    4 $d
   736: 0000b1cc     0 NOTYPE  LOCAL  DEFAULT    4 $t
   737: 0000b1e8     0 NOTYPE  LOCAL  DEFAULT    4 $d
   738: 0000b4f0     0 NOTYPE  LOCAL  DEFAULT    4 $t
   739: 0000b4f1    28 FUNC    LOCAL  DEFAULT    4 _ZN3imu12_GLOBAL__N_16mappedEPKfa
   740: 0000b50c     0 NOTYPE  LOCAL  DEFAULT    4 $t
   741: 0000b52c     0 NOTYPE  LOCAL  DEFAULT    4 $d
   742: 0000b530     0 NOTYPE  LOCAL  DEFAULT    4 $t
   743: 0000b564     0 NOTYPE  LOCAL  DEFAULT    4 $d
   744: 0000b568     0 NOTYPE  LOCAL  DEFAULT    4 $t
   745: 0000b650     0 NOTYPE  LOCAL  DEFAULT    4 $d
   746: 0000b660     0 NOTYPE  LOCAL  DEFAULT    4 $t
   747: 0000b6ac     0 NOTYPE  LOCAL  DEFAULT    4 $d
   748: 0000b6b0     0 NOTYPE  LOCAL  DEFAULT    4 $t
   749: 0000b7a4     0 NOTYPE  LOCAL  DEFAULT    4 $d
   750: 0000b7b0     0 NOTYPE  LOCAL  DEFAULT    4 $t
   751: 0000b9d8     0 NOTYPE  LOCAL  DEFAULT    4 $d
   752: 0000ba24     0 NOTYPE  LOCAL  DEFAULT    4 $t
   753: 0000bb18     0 NOTYPE  LOCAL  DEFAULT    4 $d
   754: 0000bb30     0 NOTYPE  LOCAL  DEFAULT    4 $t
   755: 0000bb7c     0 NOTYPE  LOCAL  DEFAULT    4 $d
   756: 0000c0e8     0 NOTYPE  LOCAL  DEFAULT    4 $t
   757: 0000c0ea     0 NOTYPE  LOCAL  DEFAULT    4 $t
   758: 0000c126     0 NOTYPE  LOCAL  DEFAULT    4 $t
   759: 0000c15e     0 NOTYPE  LOCAL  DEFAULT    4 $t
   760: 0000c180     0 NOTYPE  LOCAL  DEFAULT    4 $t
   761: 0000c220     0 NOTYPE  LOCAL  DEFAULT    4 $t
   762: 0000c29c     0 NOTYPE  LOCAL  DEFAULT    4 $d
   763: 0000c2a8     0 NOTYPE  LOCAL  DEFAULT    4 $t
   764: 0000c43c     0 NOTYPE  LOCAL  DEFAULT    4 $d
   765: 0000c448     0 NOTYPE  LOCAL  DEFAULT    4 $t
   766: 0000c4ac     0 NOTYPE  LOCAL  DEFAULT    4 $d
   767: 0000c4b0     0 NOTYPE  LOCAL  DEFAULT    4 $t
   768: 0000c598     0 NOTYPE  LOCAL  DEFAULT    4 $d
   769: 0000c5a8     0 NOTYPE  LOCAL  DEFAULT    4 $t
   770: 0000c644     0 NOTYPE  LOCAL  DEFAULT    4 $d
   771: 0000c648     0 NOTYPE  LOCAL  DEFAULT    4 $t
   772: 0000c64e     0 NOTYPE  LOCAL  DEFAULT    4 $t
   773: 0000c6a0     0 NOTYPE  LOCAL  DEFAULT    4 $t
   774: 0000c6b8     0 NOTYPE  LOCAL  DEFAULT    4 $t
   775: 0000c6f0     0 NOTYPE  LOCAL  DEFAULT    4 $t
   776: 0000c73c     0 NOTYPE  LOCAL  DEFAULT    4 $d
   777: 0000c740     0 NOTYPE  LOCAL  DEFAULT    4 $t
   778: 0000c764     0 NOTYPE  LOCAL  DEFAULT    4 $t
   779: 0000c830     0 NOTYPE  LOCAL  DEFAULT    4 $d
   780: 0000c840     0 NOTYPE  LOCAL  DEFAULT    4 $t
   781: 0000c9dc     0 NOTYPE  LOCAL  DEFAULT    4 $d
   782: 0000c9fc     0 NOTYPE  LOCAL  DEFAULT    4 $t
   783: 0000cb18     0 NOTYPE  LOCAL  DEFAULT    4 $d
   784: 0000cb24     0 NOTYPE  LOCAL  DEFAULT    4 $t
   785: 0000cb58     0 NOTYPE  LOCAL  DEFAULT    4 $d
   786: 0000cb5c     0 NOTYPE  LOCAL  DEFAULT    4 $t
   787: 0000cb60     0 NOTYPE  LOCAL  DEFAULT    4 $t
   788: 0000cb88     0 NOTYPE  LOCAL  DEFAULT    4 $d
   789: 0000cb8c     0 NOTYPE  LOCAL  DEFAULT    4 $t
   790: 0000cbf4     0 NOTYPE  LOCAL  DEFAULT    4 $d
   791: 0000cbfc     0 NOTYPE  LOCAL  DEFAULT    4 $t
   792: 0000cc44     0 NOTYPE  LOCAL  DEFAULT    4 $t
   793: 0000cce0     0 NOTYPE  LOCAL  DEFAULT    4 $d
   794: 0000ccec     0 NOTYPE  LOCAL  DEFAULT    4 $t
   795: 0000cef0     0 NOTYPE  LOCAL  DEFAULT    4 $d
   796: 0000cefc     0 NOTYPE  LOCAL  DEFAULT    4 $t
   797: 0000cf80     0 NOTYPE  LOCAL  DEFAULT    4 $t
   798: 0000d01c     0 NOTYPE  LOCAL  DEFAULT    4 $d
   799: 0000d020     0 NOTYPE  LOCAL  DEFAULT    4 $t
   800: 0000d128     0 NOTYPE  LOCAL  DEFAULT    4 $d
   801: 0000d140     0 NOTYPE  LOCAL  DEFAULT    4 $t
   802: 0000d160     0 NOTYPE  LOCAL  DEFAULT    4 $t
   803: 0000d1d0     0 NOTYPE  LOCAL  DEFAULT    4 $d
   804: 0000d1d4     0 NOTYPE  LOCAL  DEFAULT    4 $t
   805: 0000d238     0 NOTYPE  LOCAL  DEFAULT    4 $d
   806: 0000d248     0 NOTYPE  LOCAL  DEFAULT    4 $t
   807: 0000d2f8     0 NOTYPE  LOCAL  DEFAULT    4 $d
   808: 0000d304     0 NOTYPE  LOCAL  DEFAULT    4 $t
   809: 0000d378     0 NOTYPE  LOCAL  DEFAULT    4 $d
   810: 0000d37c     0 NOTYPE  LOCAL  DEFAULT    4 $t
   811: 0000d456     0 NOTYPE  LOCAL  DEFAULT    4 $t
   812: 0000d480     0 NOTYPE  LOCAL  DEFAULT    4 $t
   813: 0000d524     0 NOTYPE  LOCAL  DEFAULT    4 $d
   814: 0000d538     0 NOTYPE  LOCAL  DEFAULT    4 $t
   815: 0000d684     0 NOTYPE  LOCAL  DEFAULT    4 $d
   816: 0000d6a0     0 NOTYPE  LOCAL  DEFAULT    4 $t
   817: 0000d6aa     0 NOTYPE  LOCAL  DEFAULT    4 $t
   818: 0000d6ac     0 NOTYPE  LOCAL  DEFAULT    4 $t
   819: 0000d6b6     0 NOTYPE  LOCAL  DEFAULT    4 $t
   820: 0000d6c0     0 NOTYPE  LOCAL  DEFAULT    4 $t
   821: 0000d76c     0 NOTYPE  LOCAL  DEFAULT    4 $d
   822: 0000e88c     0 NOTYPE  LOCAL  DEFAULT    4 $t
   823: 0000e994     0 NOTYPE  LOCAL  DEFAULT    4 $d
   824: 0000e998     0 NOTYPE  LOCAL  DEFAULT    4 $t
   825: 0000e9a4     0 NOTYPE  LOCAL  DEFAULT    4 $t
   826: 0000ea08     0 NOTYPE  LOCAL  DEFAULT    4 $d
   827: 0000ea0c     0 NOTYPE  LOCAL  DEFAULT    4 $t
   828: 0000ea16     0 NOTYPE  LOCAL  DEFAULT    4 $t
   829: 0000ea20     0 NOTYPE  LOCAL  DEFAULT    4 $t
   830: 0000ea2a     0 NOTYPE  LOCAL  DEFAULT    4 $t
   831: 0000ea34     0 NOTYPE  LOCAL  DEFAULT    4 $t
   832: 0000ea5a     0 NOTYPE  LOCAL  DEFAULT    4 $t
   833: 0000f22e     0 NOTYPE  LOCAL  DEFAULT    4 $t
   834: 0000f250     0 NOTYPE  LOCAL  DEFAULT    4 $t
   835: 0000f274     0 NOTYPE  LOCAL  DEFAULT    4 $d
   836: 0000f278     0 NOTYPE  LOCAL  DEFAULT    4 $t
   837: 0000f2a8     0 NOTYPE  LOCAL  DEFAULT    4 $d
   838: 0000f2b0     0 NOTYPE  LOCAL  DEFAULT    4 $t
   839: 0000f2f0     0 NOTYPE  LOCAL  DEFAULT    4 $d
   840: 0000f2f8     0 NOTYPE  LOCAL  DEFAULT    4 $t
   841: 0000f328     0 NOTYPE  LOCAL  DEFAULT    4 $d
   842: 0000f330     0 NOTYPE  LOCAL  DEFAULT    4 $t
   843: 0000f380     0 NOTYPE  LOCAL  DEFAULT    4 $d
   844: 0000f388     0 NOTYPE  LOCAL  DEFAULT    4 $t
   845: 0000f3b0     0 NOTYPE  LOCAL  DEFAULT    4 $d
   846: 0000f3b8     0 NOTYPE  LOCAL  DEFAULT    4 $t
   847: 0000f3e0     0 NOTYPE  LOCAL  DEFAULT    4 $d
   848: 0000f3e8     0 NOTYPE  LOCAL  DEFAULT    4 $t
   849: 0000f54c     0 NOTYPE  LOCAL  DEFAULT    4 $d
   850: 0000f570     0 NOTYPE  LOCAL  DEFAULT    4 $t
   851: 0000f57a     0 NOTYPE  LOCAL  DEFAULT    4 $t
   852: 0000f590     0 NOTYPE  LOCAL  DEFAULT    4 $t
   853: 0000f610     0 NOTYPE  LOCAL  DEFAULT    4 $d
   854: 0000f614     0 NOTYPE  LOCAL  DEFAULT    4 $t
   855: 0000f61c     0 NOTYPE  LOCAL  DEFAULT    4 $d
   856: 0000f620     0 NOTYPE  LOCAL  DEFAULT    4 $t
   857: 0000f654     0 NOTYPE  LOCAL  DEFAULT    4 $d
   858: 0000f660     0 NOTYPE  LOCAL  DEFAULT    4 $t
   859: 0000f69c     0 NOTYPE  LOCAL  DEFAULT    4 $t
   860: 0000f980     0 NOTYPE  LOCAL  DEFAULT    4 $d
   861: 0000f998     0 NOTYPE  LOCAL  DEFAULT    4 $t
   862: 0000fa30     0 NOTYPE  LOCAL  DEFAULT    4 $d
   863: 0000fa44     0 NOTYPE  LOCAL  DEFAULT    4 $t
   864: 0000fb00     0 NOTYPE  LOCAL  DEFAULT    4 $d
   865: 0000fb20     0 NOTYPE  LOCAL  DEFAULT    4 $t
   866: 0000fd10     0 NOTYPE  LOCAL  DEFAULT    4 $d
   867: 0000fd20     0 NOTYPE  LOCAL  DEFAULT    4 $t
   868: 0000fd68     0 NOTYPE  LOCAL  DEFAULT    4 $d
   869: 0000fd78     0 NOTYPE  LOCAL  DEFAULT    4 $t
   870: 0000fe14     0 NOTYPE  LOCAL  DEFAULT    4 $d
   871: 0000fe34     0 NOTYPE  LOCAL  DEFAULT    4 $t
   872: 0000fe35    20 FUNC    LOCAL  DEFAULT    4 _ZN14runtime_native12_GLOBAL__N_110stackFaultEj
   873: 0000fe44     0 NOTYPE  LOCAL  DEFAULT    4 $d
   874: 00028ac0    32 OBJECT  LOCAL  DEFAULT    7 _ZN14runtime_native12_GLOBAL__N_15stackE
   875: 0000fe48     0 NOTYPE  LOCAL  DEFAULT    4 $t
   876: 0000fe49    40 FUNC    LOCAL  DEFAULT    4 _ZN14runtime_native12_GLOBAL__N_19currentSpEv
   877: 0000fe6c     0 NOTYPE  LOCAL  DEFAULT    4 $d
   878: 0000fe70     0 NOTYPE  LOCAL  DEFAULT    4 $t
   879: 0000fe71   108 FUNC    LOCAL  DEFAULT    4 _ZN14runtime_native12_GLOBAL__N_17publishEv
   880: 0000fec4     0 NOTYPE  LOCAL  DEFAULT    4 $d
   881: 00028abc     4 OBJECT  LOCAL  DEFAULT    7 _ZN14runtime_native12_GLOBAL__N_18sequenceE
   882: 00000000 0x28ab8 OBJECT  LOCAL  DEFAULT    7 _ZN14runtime_native12_GLOBAL__N_16runnerE
   883: 0000fedc     0 NOTYPE  LOCAL  DEFAULT    4 $t
   884: 0000fedd   112 FUNC    LOCAL  DEFAULT    4 _ZN14runtime_native12_GLOBAL__N_17clockUsEPv
   885: 0000ff3c     0 NOTYPE  LOCAL  DEFAULT    4 $d
   886: 0000ff4c     0 NOTYPE  LOCAL  DEFAULT    4 $t
   887: 0000ffe0     0 NOTYPE  LOCAL  DEFAULT    4 $d
   888: 00028ab9     1 OBJECT  LOCAL  DEFAULT    7 _ZN14runtime_native12_GLOBAL__N_17startedE
   889: 00028ab8     1 OBJECT  LOCAL  DEFAULT    7 _ZN14runtime_native12_GLOBAL__N_18terminalE
   890: 0001000c     0 NOTYPE  LOCAL  DEFAULT    4 $t
   891: 00010040     0 NOTYPE  LOCAL  DEFAULT    4 $d
   892: 00010058     0 NOTYPE  LOCAL  DEFAULT    4 $t
   893: 00010059    36 FUNC    LOCAL  DEFAULT    4 _GLOBAL__sub_I_runtimeDiagnostics
   894: 00010070     0 NOTYPE  LOCAL  DEFAULT    4 $d
   895: 00000000     0 NOTYPE  LOCAL  DEFAULT   10 $d
   896: 00000000     0 NOTYPE  LOCAL  DEFAULT    7 $d
   897: 00028ab8     0 NOTYPE  LOCAL  DEFAULT    7 $d
   898: 00028ab9     0 NOTYPE  LOCAL  DEFAULT    7 $d
   899: 00028abc     0 NOTYPE  LOCAL  DEFAULT    7 $d
   900: 00028ac0     0 NOTYPE  LOCAL  DEFAULT    7 $d
   901: 00028ae0     0 NOTYPE  LOCAL  DEFAULT    7 $d
   902: 0001007c     0 NOTYPE  LOCAL  DEFAULT    4 $t
   903: 00010084     0 NOTYPE  LOCAL  DEFAULT    4 $d
   904: 00010088     0 NOTYPE  LOCAL  DEFAULT    4 $t
   905: 0001008c     0 NOTYPE  LOCAL  DEFAULT    4 $d
   906: 00010090     0 NOTYPE  LOCAL  DEFAULT    4 $t
   907: 00010094     0 NOTYPE  LOCAL  DEFAULT    4 $d
   908: 00010098     0 NOTYPE  LOCAL  DEFAULT    4 $t
   909: 0001009c     0 NOTYPE  LOCAL  DEFAULT    4 $d
   910: 000100a0     0 NOTYPE  LOCAL  DEFAULT    4 $t
   911: 000100a4     0 NOTYPE  LOCAL  DEFAULT    4 $d
   912: 000100a8     0 NOTYPE  LOCAL  DEFAULT    4 $t
   913: 000100b2     0 NOTYPE  LOCAL  DEFAULT    4 $t
   914: 000100bc     0 NOTYPE  LOCAL  DEFAULT    4 $t
   915: 000100c6     0 NOTYPE  LOCAL  DEFAULT    4 $t
   916: 000100d0     0 NOTYPE  LOCAL  DEFAULT    4 $t
   917: 000100da     0 NOTYPE  LOCAL  DEFAULT    4 $t
   918: 000100e4     0 NOTYPE  LOCAL  DEFAULT    4 $t
   919: 000100ee     0 NOTYPE  LOCAL  DEFAULT    4 $t
   920: 000100f8     0 NOTYPE  LOCAL  DEFAULT    4 $t
   921: 00010102     0 NOTYPE  LOCAL  DEFAULT    4 $t
   922: 0001010c     0 NOTYPE  LOCAL  DEFAULT    4 $t
   923: 00010116     0 NOTYPE  LOCAL  DEFAULT    4 $t
   924: 00010120     0 NOTYPE  LOCAL  DEFAULT    4 $t
   925: 0001012a     0 NOTYPE  LOCAL  DEFAULT    4 $t
   926: 00010134     0 NOTYPE  LOCAL  DEFAULT    4 $t
   927: 0001013e     0 NOTYPE  LOCAL  DEFAULT    4 $t
   928: 00010148     0 NOTYPE  LOCAL  DEFAULT    4 $t
   929: 00010154     0 NOTYPE  LOCAL  DEFAULT    4 $t
   930: 0001015c     0 NOTYPE  LOCAL  DEFAULT    4 $d
   931: 00010190     0 NOTYPE  LOCAL  DEFAULT    4 $t
   932: 000101ec     0 NOTYPE  LOCAL  DEFAULT    4 $d
   933: 000101fc     0 NOTYPE  LOCAL  DEFAULT    4 $t
   934: 00010210     0 NOTYPE  LOCAL  DEFAULT    4 $d
   935: 00010218     0 NOTYPE  LOCAL  DEFAULT    4 $t
   936: 000102b0     0 NOTYPE  LOCAL  DEFAULT    4 $d
   937: 0000003c     0 NOTYPE  LOCAL  DEFAULT    3 $d
   938: 000002af     0 NOTYPE  LOCAL  DEFAULT    3 $d
   939: 0000039c     0 NOTYPE  LOCAL  DEFAULT    3 $d
   940: 000002c0     0 NOTYPE  LOCAL  DEFAULT    3 $d
   941: 000002f7     0 NOTYPE  LOCAL  DEFAULT    3 $d
   942: 000005c8     0 NOTYPE  LOCAL  DEFAULT    3 $d
   943: 00000608     0 NOTYPE  LOCAL  DEFAULT    3 $d
   944: 0000029f     0 NOTYPE  LOCAL  DEFAULT    3 $d
   945: 0000022c     0 NOTYPE  LOCAL  DEFAULT    3 $d
   946: 00000295     0 NOTYPE  LOCAL  DEFAULT    3 $d
   947: 00000231     0 NOTYPE  LOCAL  DEFAULT    3 $d
   948: 0000029a     0 NOTYPE  LOCAL  DEFAULT    3 $d
   949: 00000236     0 NOTYPE  LOCAL  DEFAULT    3 $d
   950: 00000227     0 NOTYPE  LOCAL  DEFAULT    3 $d
   951: 00000222     0 NOTYPE  LOCAL  DEFAULT    3 $d
   952: 0000023b     0 NOTYPE  LOCAL  DEFAULT    3 $d
   953: 00000272     0 NOTYPE  LOCAL  DEFAULT    3 $d
   954: 00000218     0 NOTYPE  LOCAL  DEFAULT    3 $d
   955: 00000209     0 NOTYPE  LOCAL  DEFAULT    3 $d
   956: 0000020e     0 NOTYPE  LOCAL  DEFAULT    3 $d
   957: 00000213     0 NOTYPE  LOCAL  DEFAULT    3 $d
   958: 0000021d     0 NOTYPE  LOCAL  DEFAULT    3 $d
   959: 00000204     0 NOTYPE  LOCAL  DEFAULT    3 $d
   960: 00000240     0 NOTYPE  LOCAL  DEFAULT    3 $d
   961: 00000620     0 NOTYPE  LOCAL  DEFAULT    3 $d
   962: 00000000     0 NOTYPE  GLOBAL DEFAULT  UND __real_cos
   963: 00000000     0 NOTYPE  GLOBAL DEFAULT  UND __device_dts_ord_40
   964: 00000000     0 NOTYPE  GLOBAL DEFAULT  UND __real_iscntrl
   965: 00000000     0 NOTYPE  GLOBAL DEFAULT  UND __real_ldexp
   966: 00000000     0 NOTYPE  GLOBAL DEFAULT  UND __real_puts
   967: 00000000     0 NOTYPE  GLOBAL DEFAULT  UND __real_isxdigit
   968: 00000000     0 NOTYPE  GLOBAL DEFAULT  UND __real_sinf
   969: 00000000     0 NOTYPE  GLOBAL DEFAULT  UND __device_dts_ord_105
   970: 00000000     0 NOTYPE  GLOBAL DEFAULT  UND z_impl_device_init
   971: 00000000     0 NOTYPE  GLOBAL DEFAULT  UND __real___aeabi_uidivmod
   972: 00000000     0 NOTYPE  GLOBAL DEFAULT  UND __real___aeabi_f2uiz
   973: 00000000     0 NOTYPE  GLOBAL DEFAULT  UND _sidata
   974: 00000000     0 NOTYPE  GLOBAL DEFAULT  UND __real_log10
   975: 00000000     0 NOTYPE  GLOBAL DEFAULT  UND __real___aeabi_idivmod
   976: 00000000     0 NOTYPE  GLOBAL DEFAULT  UND __real_isprint
   977: 00000000     0 NOTYPE  GLOBAL DEFAULT  UND __real_memmove
   978: 00000000     0 NOTYPE  GLOBAL DEFAULT  UND __real_exp2
   979: 00000000     0 NOTYPE  GLOBAL DEFAULT  UND __real_atan2
   980: 00000000     0 NOTYPE  GLOBAL DEFAULT  UND z_impl_k_yield
   981: 00000000     0 NOTYPE  GLOBAL DEFAULT  UND __real_log
   982: 00000000     0 NOTYPE  GLOBAL DEFAULT  UND __real_malloc
   983: 00000000     0 NOTYPE  GLOBAL DEFAULT  UND __real_islower
   984: 00000000     0 NOTYPE  GLOBAL DEFAULT  UND _sbss
   985: 00000000     0 NOTYPE  GLOBAL DEFAULT  UND __device_dts_ord_91
   986: 00000000     0 NOTYPE  GLOBAL DEFAULT  UND __real___aeabi_l2f
   987: 00000000     0 NOTYPE  GLOBAL DEFAULT  UND __device_dts_ord_233
   988: 00000000     0 NOTYPE  GLOBAL DEFAULT  UND __device_dts_ord_120
   989: 00000000     0 NOTYPE  GLOBAL DEFAULT  UND __device_dts_ord_65
   990: 00000000     0 NOTYPE  GLOBAL DEFAULT  UND __real___aeabi_ldivmod
   991: 00000000     0 NOTYPE  GLOBAL DEFAULT  UND __real_atoi
   992: 00000000     0 NOTYPE  GLOBAL DEFAULT  UND __real___aeabi_uidiv
   993: 00000000     0 NOTYPE  GLOBAL DEFAULT  UND __real___aeabi_idiv
   994: 00000000     0 NOTYPE  GLOBAL DEFAULT  UND __real_exit
   995: 00000000     0 NOTYPE  GLOBAL DEFAULT  UND __real_strchr
   996: 00000000     0 NOTYPE  GLOBAL DEFAULT  UND __real___aeabi_read_tp
   997: 00000000     0 NOTYPE  GLOBAL DEFAULT  UND __real___aeabi_ui2f
   998: 00000000     0 NOTYPE  GLOBAL DEFAULT  UND __real_strstr
   999: 00000000     0 NOTYPE  GLOBAL DEFAULT  UND __device_dts_ord_93
  1000: 00000000     0 NOTYPE  GLOBAL DEFAULT  UND matrixGrayscaleWrite
  1001: 00000000     0 NOTYPE  GLOBAL DEFAULT  UND _sdata
  1002: 00000000     0 NOTYPE  GLOBAL DEFAULT  UND __real___aeabi_l2d
  1003: 00000000     0 NOTYPE  GLOBAL DEFAULT  UND __real_sqrtf
  1004: 00000000     0 NOTYPE  GLOBAL DEFAULT  UND __real_strncpy
  1005: 00000000     0 NOTYPE  GLOBAL DEFAULT  UND __real_srand
  1006: 00000000     0 NOTYPE  GLOBAL DEFAULT  UND __real___aeabi_i2f
  1007: 00000000     0 NOTYPE  GLOBAL DEFAULT  UND __real___aeabi_fcmpun
  1008: 00000000     0 NOTYPE  GLOBAL DEFAULT  UND __real_strdup
  1009: 00000000     0 NOTYPE  GLOBAL DEFAULT  UND __real_gettimeofday
  1010: 00000000     0 NOTYPE  GLOBAL DEFAULT  UND __device_dts_ord_9
  1011: 00000000     0 NOTYPE  GLOBAL DEFAULT  UND __real_toupper
  1012: 00000000     0 NOTYPE  GLOBAL DEFAULT  UND __real_strrchr
  1013: 00000000     0 NOTYPE  GLOBAL DEFAULT  UND __device_dts_ord_17
  1014: 00000000     0 NOTYPE  GLOBAL DEFAULT  UND _device_list_end
  1015: 00000000     0 NOTYPE  GLOBAL DEFAULT  UND __real_tolower
  1016: 00000000     0 NOTYPE  GLOBAL DEFAULT  UND __real_isgraph
  1017: 00000000     0 NOTYPE  GLOBAL DEFAULT  UND __real_atan
  1018: 00000000     0 NOTYPE  GLOBAL DEFAULT  UND _ebss
  1019: 00000000     0 NOTYPE  GLOBAL DEFAULT  UND __real_pow
  1020: 00000000     0 NOTYPE  GLOBAL DEFAULT  UND __device_dts_ord_109
  1021: 00000000     0 NOTYPE  GLOBAL DEFAULT  UND __real_strtok
  1022: 00000000     0 NOTYPE  GLOBAL DEFAULT  UND __real_vsprintf
  1023: 00000000     0 NOTYPE  GLOBAL DEFAULT  UND kheap_llext_heap
  1024: 00000000     0 NOTYPE  GLOBAL DEFAULT  UND analog_reference
  1025: 00000000     0 NOTYPE  GLOBAL DEFAULT  UND __real_strtod
  1026: 00000000     0 NOTYPE  GLOBAL DEFAULT  UND __real_isalnum
  1027: 00000000     0 NOTYPE  GLOBAL DEFAULT  UND __real___aeabi_fdiv
  1028: 00000000     0 NOTYPE  GLOBAL DEFAULT  UND __real_sin
  1029: 00000000     0 NOTYPE  GLOBAL DEFAULT  UND __real___aeabi_fcmple
  1030: 00000000     0 NOTYPE  GLOBAL DEFAULT  UND __real___aeabi_f2iz
  1031: 00000000     0 NOTYPE  GLOBAL DEFAULT  UND z_impl_k_uptime_ticks
  1032: 00000000     0 NOTYPE  GLOBAL DEFAULT  UND __real_tan
  1033: 00000000     0 NOTYPE  GLOBAL DEFAULT  UND __real_strtoul
  1034: 00000000     0 NOTYPE  GLOBAL DEFAULT  UND __real_strnlen
  1035: 00000000     0 NOTYPE  GLOBAL DEFAULT  UND __real___xpg_strerror_r
  1036: 00000000     0 NOTYPE  GLOBAL DEFAULT  UND z_impl_device_is_ready
  1037: 00000000     0 NOTYPE  GLOBAL DEFAULT  UND __real_exp
  1038: 00000000     0 NOTYPE  GLOBAL DEFAULT  UND __real_logf
  1039: 00000000     0 NOTYPE  GLOBAL DEFAULT  UND __real_atexit
  1040: 00000000     0 NOTYPE  GLOBAL DEFAULT  UND __real_memmem
  1041: 00000000     0 NOTYPE  GLOBAL DEFAULT  UND __real_isupper
  1042: 00000000     0 NOTYPE  GLOBAL DEFAULT  UND __real___aeabi_d2uiz
  1043: 00000000     0 NOTYPE  GLOBAL DEFAULT  UND printk
  1044: 00000000     0 NOTYPE  GLOBAL DEFAULT  UND __real_strncmp
  1045: 00000000     0 NOTYPE  GLOBAL DEFAULT  UND __real_realloc
  1046: 00000000     0 NOTYPE  GLOBAL DEFAULT  UND __real_asinf
  1047: 00000000     0 NOTYPE  GLOBAL DEFAULT  UND __real___aeabi_fadd
  1048: 00000000     0 NOTYPE  GLOBAL DEFAULT  UND __real_isspace
  1049: 00000000     0 NOTYPE  GLOBAL DEFAULT  UND __device_dts_ord_100
  1050: 00000000     0 NOTYPE  GLOBAL DEFAULT  UND __device_dts_ord_114
  1051: 00000000     0 NOTYPE  GLOBAL DEFAULT  UND __real_free
  1052: 00000000     0 NOTYPE  GLOBAL DEFAULT  UND __device_dts_ord_64
  1053: 00000000     0 NOTYPE  GLOBAL DEFAULT  UND __heap_end
  1054: 00000000     0 NOTYPE  GLOBAL DEFAULT  UND __real_strcat
  1055: 00000000     0 NOTYPE  GLOBAL DEFAULT  UND __real_putchar
  1056: 00000000     0 NOTYPE  GLOBAL DEFAULT  UND matrixBegin
  1057: 00000000     0 NOTYPE  GLOBAL DEFAULT  UND pinctrl_lookup_state
  1058: 00000000     0 NOTYPE  GLOBAL DEFAULT  UND matrixSetGrayscaleBits
  1059: 00000000     0 NOTYPE  GLOBAL DEFAULT  UND __real___aeabi_fcmplt
  1060: 00000000     0 NOTYPE  GLOBAL DEFAULT  UND __real_vsnprintf
  1061: 00000000     0 NOTYPE  GLOBAL DEFAULT  UND __real_rand
  1062: 00000000     0 NOTYPE  GLOBAL DEFAULT  UND _device_list_start
  1063: 00000000     0 NOTYPE  GLOBAL DEFAULT  UND __real___aeabi_ul2f
  1064: 00000000     0 NOTYPE  GLOBAL DEFAULT  UND __real_acos
  1065: 00000000     0 NOTYPE  GLOBAL DEFAULT  UND __heap_start
  1066: 00000000     0 NOTYPE  GLOBAL DEFAULT  UND __device_dts_ord_54
  1067: 00000000     0 NOTYPE  GLOBAL DEFAULT  UND __real_asin
  1068: 00000000     0 NOTYPE  GLOBAL DEFAULT  UND _edata
  1069: 00000000     0 NOTYPE  GLOBAL DEFAULT  UND __real_isdigit
  1070: 00000000     0 NOTYPE  GLOBAL DEFAULT  UND __device_dts_ord_66
  1071: 00000000     0 NOTYPE  GLOBAL DEFAULT  UND __real_strlen
  1072: 00000000     0 NOTYPE  GLOBAL DEFAULT  UND __real___aeabi_fcmpge
  1073: 00000000     0 NOTYPE  GLOBAL DEFAULT  UND __real_vprintf
  1074: 00000000     0 NOTYPE  GLOBAL DEFAULT  UND __device_dts_ord_94
  1075: 00000000     0 NOTYPE  GLOBAL DEFAULT  UND __real_vsscanf
  1076: 00000000     0 NOTYPE  GLOBAL DEFAULT  UND __real___aeabi_fcmpeq
  1077: 00000000     0 NOTYPE  GLOBAL DEFAULT  UND __real_strcasecmp
  1078: 00000000     0 NOTYPE  GLOBAL DEFAULT  UND __real_tanf
  1079: 00000000     0 NOTYPE  GLOBAL DEFAULT  UND __real_strcmp
  1080: 00000000     0 NOTYPE  GLOBAL DEFAULT  UND __real_atof
  1081: 00000000     0 NOTYPE  GLOBAL DEFAULT  UND pinctrl_configure_pins
  1082: 00000000     0 NOTYPE  GLOBAL DEFAULT  UND __real_calloc
  1083: 00000000     0 NOTYPE  GLOBAL DEFAULT  UND __device_dts_ord_89
  1084: 00000000     0 NOTYPE  GLOBAL DEFAULT  UND __real_strtol
  1085: 00000000     0 NOTYPE  GLOBAL DEFAULT  UND __real_acosf
  1086: 00000000     0 NOTYPE  GLOBAL DEFAULT  UND __real_cosf
  1087: 00000000     0 NOTYPE  GLOBAL DEFAULT  UND __real_log2
  1088: 00000000     0 NOTYPE  GLOBAL DEFAULT  UND __real___aeabi_fmul
  1089: 00000000     0 NOTYPE  GLOBAL DEFAULT  UND __device_dts_ord_123
  1090: 00000000     0 NOTYPE  GLOBAL DEFAULT  UND __real___aeabi_d2lz
  1091: 00000000     0 NOTYPE  GLOBAL DEFAULT  UND __real_atan2f
  1092: 00000000     0 NOTYPE  GLOBAL DEFAULT  UND kheap_llext_heap_size
  1093: 00000000     0 NOTYPE  GLOBAL DEFAULT  UND __real_strcpy
  1094: 00000000     0 NOTYPE  GLOBAL DEFAULT  UND __device_dts_ord_90
  1095: 00000000     0 NOTYPE  GLOBAL DEFAULT  UND __real__exit
  1096: 00000000     0 NOTYPE  GLOBAL DEFAULT  UND __real_memcmp
  1097: 00000000     0 NOTYPE  GLOBAL DEFAULT  UND __real___aeabi_fsub
  1098: 00000000     0 NOTYPE  GLOBAL DEFAULT  UND __real_memchr
  1099: 00000000     0 NOTYPE  GLOBAL DEFAULT  UND __device_dts_ord_92
  1100: 00000000     0 NOTYPE  GLOBAL DEFAULT  UND __real___aeabi_fcmpgt
  1101: 00000000     0 NOTYPE  GLOBAL DEFAULT  UND __device_dts_ord_78
  1102: 00000000     0 NOTYPE  GLOBAL DEFAULT  UND __real_atol
  1103: 00000000     0 NOTYPE  GLOBAL DEFAULT  UND __real_atanf
  1104: 00000000     0 NOTYPE  GLOBAL DEFAULT  UND __device_dts_ord_95
  1105: 00000000     0 NOTYPE  GLOBAL DEFAULT  UND __real_isalpha
  1106: 000050c5    52 FUNC    GLOBAL DEFAULT    4 _ZN3fsm10DefendTurn6finishENS_6IntentE
  1107: 000045a9    64 FUNC    GLOBAL DEFAULT    4 _ZN3fsm6Search12beginAdvanceEj
  1108: 00010103    10 FUNC    GLOBAL DEFAULT    4 __aeabi_dcmpun
  1109: 000100e5    10 FUNC    GLOBAL DEFAULT    4 __aeabi_dcmple
  1110: 00000000     0 NOTYPE  GLOBAL DEFAULT  UND __real___aeabi_dcmpgt
  1111: 000037e9    76 FUNC    GLOBAL DEFAULT    4 _ZN4edge11RowExecutor12advancePhaseEjb
  1112: 000007c5   128 FUNC    GLOBAL DEFAULT    4 _ZN3app7Runtime13cancelSourcesEv
  1113: 00005e01   100 FUNC    GLOBAL DEFAULT    4 _ZN3fsm5Robot20advanceLineHistoriesEv
  1114: 0000d1d5   116 FUNC    GLOBAL DEFAULT    4 _ZN8recorder15AttemptRecorder5beginERKN3fsm11RobotResultE
  1115: 0000b27d   628 FUNC    GLOBAL DEFAULT    4 _ZN3imu13applyEstimateERN3fsm10RobotInputERKNS_8EstimateE
  1116: 00000e71    58 FUNC    GLOBAL DEFAULT    4 _ZN3app7Runtime10skipBeforeEj
  1117: 000100a1     8 FUNC    GLOBAL DEFAULT    4 sqrt
  1118: 0000b1cd    32 FUNC    GLOBAL DEFAULT    4 _ZN5stall14ReflankLimiter4stepEj
  1119: 00005311    68 FUNC    GLOBAL DEFAULT    4 _ZN3fsm16HeadingReference13captureOriginERKNS_13HeadingSampleE
  1120: 00000000     0 NOTYPE  GLOBAL DEFAULT  UND z_impl_k_thread_create
  1121: 00008bb9    62 FUNC    GLOBAL DEFAULT    4 _ZN8logframe11observeTickERNS_14TickStatisticsEj
  1122: 00009d5d    24 FUNC    GLOBAL DEFAULT    4 _ZN7openers5Flank9beginTurnEjfb
  1123: 00000b91    56 FUNC    GLOBAL DEFAULT    4 _ZN3app7Runtime9countPassEv
  1124: 0000298d   288 FUNC    GLOBAL DEFAULT    4 _ZN3app11Transaction13applyDecisionEN3fsm10RobotInputEj
  1125: 00000a39   168 FUNC    GLOBAL DEFAULT    4 _ZN3app7Runtime10serviceImuEv
  1126: 00010191   108 FUNC    GLOBAL DEFAULT    4 _Z20start_static_threadsv
  1127: 000064fd    48 FUNC    GLOBAL DEFAULT    4 _ZN3fsm5Robot4emitEjN4core5EventEht
  1128: 000073c1    60 FUNC    GLOBAL DEFAULT    4 _ZN3fsm5Robot12finishDefendEv
  1129: 00009f51   136 FUNC    GLOBAL DEFAULT    4 _ZNK7openers5Flank6resultEv
  1130: 00004bf5   140 FUNC    GLOBAL DEFAULT    4 _ZN3fsm11chooseSwingERKNS_12SwingContextE
  1131: 000017b9   168 FUNC    GLOBAL DEFAULT    4 _ZN3app7Runtime7displayEv
  1132: 000005fd    56 FUNC    GLOBAL DEFAULT    4 _ZN3app7Runtime11acceptClockEj
  1133: 0000dc69   372 FUNC    GLOBAL DEFAULT    4 _ZN8recorder3csv10summaryRowERKNS0_15SummarySnapshotEPcj
  1134: 00001a2d   200 FUNC    GLOBAL DEFAULT    4 _ZN3app7Runtime16admitApplicationEv
  1135: 00003a2d    44 FUNC    GLOBAL DEFAULT    4 _ZN4edge11RowExecutor5resetEv
  1136: 00002cf1   144 FUNC    GLOBAL DEFAULT    4 _ZN3app11Transaction27resetStoppedRobotForServiceEv
  1137: 0000df15   300 FUNC    GLOBAL DEFAULT    4 _ZN8recorder4dump8Transfer5admitERKNS0_7ContextERKN3fsm11RobotResultEb
  1138: 00002c01   238 FUNC    GLOBAL DEFAULT    4 _ZN3app11Transaction25rememberStoppedCompletionEv
  1139: 0000d6c1   184 FUNC    GLOBAL DEFAULT    4 _ZNK8recorder15AttemptRecorder10incompleteEv
  1140: 00002079  1440 FUNC    WEAK   DEFAULT    4 _ZN3fsm5RobotC1Ev
  1141: 00010219   156 FUNC    GLOBAL DEFAULT    4 round
  1142: 00002fcd   164 FUNC    GLOBAL DEFAULT    4 _ZN9countdown8Services17admitExplicitGyroERKNS_13ServiceSampleE
  1143: 00002b21   200 FUNC    GLOBAL DEFAULT    4 _ZN3app11Transaction8completeEbj
  1144: 000091ed    24 FUNC    GLOBAL DEFAULT    4 _ZN6motion8Interval7advanceEj
  1145: 00003321    20 FUNC    GLOBAL DEFAULT    4 _ZN9countdown8Services6cancelEv
  1146: 00004d35    72 FUNC    GLOBAL DEFAULT    4 _ZN3fsm7Reflank9runMotionEjfb
  1147: 00005489   212 FUNC    GLOBAL DEFAULT    4 _ZNK3fsm16HeadingReference14projectHeadingEf
  1148: 00000000     0 NOTYPE  GLOBAL DEFAULT  UND __real_abort
  1149: 000008e9   336 FUNC    GLOBAL DEFAULT    4 _ZN3app7Runtime17initializeSourcesEv
  1150: 00000000     0 NOTYPE  GLOBAL DEFAULT  UND z_impl_k_thread_name_set
  1151: 0000a169   168 FUNC    GLOBAL DEFAULT    4 _ZN7openers5Flank5startEjfbN4core4ModeE
  1152: 0000b531    56 FUNC    GLOBAL DEFAULT    4 _ZN3imu9Estimator4failENS_12HeadingFaultENS_11SampleFaultE
  1153: 00009fd9   348 FUNC    GLOBAL DEFAULT    4 _ZN7openers5Flank4stepERKNS_6SampleE
  1154: 00000000     0 NOTYPE  GLOBAL DEFAULT  UND __real___aeabi_dcmpun
  1155: 00001af5   236 FUNC    GLOBAL DEFAULT    4 _ZNK3app7Runtime19serviceButtonsValidEv
  1156: 00000008     0 TLS     GLOBAL DEFAULT  ABS _TLS_MODULE_BASE_
  1157: 0000ae91    48 FUNC    GLOBAL DEFAULT    4 _ZNK10opp_fusion6Fusion7previewEN4core5StateE
  1158: 00000000     0 NOTYPE  GLOBAL DEFAULT  UND __real___aeabi_dcmplt
  1159: 000043e1     8 FUNC    GLOBAL DEFAULT    4 _ZN3fsm16NormalPerception5resetEv
  1160: 000034d5   120 FUNC    GLOBAL DEFAULT    4 _ZN9countdown4Menu11observeNoneEjRNS_10MenuResultE
  1161: 00007f15   160 FUNC    GLOBAL DEFAULT    4 _ZN3fsm5Robot14publishPhantomEv
  1162: 00007535   240 FUNC    GLOBAL DEFAULT    4 _ZN3fsm5Robot11routeNormalEbb
  1163: 00001861   292 FUNC    GLOBAL DEFAULT    4 _ZN3app7Runtime12postDecisionEv
  1164: 0000de81   148 FUNC    GLOBAL DEFAULT    4 _ZN8recorder4dump8Transfer13admitIdentityERKNS0_7ContextERKN3fsm11RobotResultEb
  1165: 0000555d   312 FUNC    GLOBAL DEFAULT    4 _ZN3fsm16HeadingReference7advanceERKNS_13HeadingSampleEbb
  1166: 0000c081   104 FUNC    GLOBAL DEFAULT    4 _ZN8line_qtr16applyRawSnapshotERN3fsm10RobotInputERKNS_8SnapshotE
  1167: 0000c841   444 FUNC    GLOBAL DEFAULT    4 _ZN5power10InputOwner16readBatteryIfDueEb
  1168: 00008479   292 FUNC    GLOBAL DEFAULT    4 _ZN3fsm5Robot7exhaustERKNS_10RobotInputE
  1169: 0000fd79   188 FUNC    GLOBAL DEFAULT    4 _ZN13runtime_bench6Runner4pollEv
  1170: 00002619   432 FUNC    GLOBAL DEFAULT    4 _ZN3app11TransactionC1ERKN6motors4PortE
  1171: 00001105    92 FUNC    GLOBAL DEFAULT    4 _ZNK3app7Runtime16dumpReceiptValidEv
  1172: 000053b9   208 FUNC    GLOBAL DEFAULT    4 _ZNK3fsm16HeadingReference12projectWorldEf
  1173: 0000d141    32 FUNC    GLOBAL DEFAULT    4 _ZN8recorder15AttemptRecorder6rejectEv
  1174: 00008edf     8 FUNC    GLOBAL DEFAULT    4 _ZNK8logframe11EventBuffer4sizeEv
  1175: 00008359   288 FUNC    GLOBAL DEFAULT    4 _ZN3fsm5Robot6finishERKNS_10RobotInputE
  1176: 00004335    84 FUNC    GLOBAL DEFAULT    4 _ZN3fsm18FrontQualification7observeEh
  1177: 0000ea21    10 FUNC    GLOBAL DEFAULT    4 _ZNK8recorder11FrameBuffer12clampedCountEv
  1178: 0000a9a1   132 FUNC    GLOBAL DEFAULT    4 _ZN10opp_fusion13PhantomFilter7advanceEj
  1179: 0000f2f9    56 FUNC    GLOBAL DEFAULT    4 _ZN13runtime_bench14InertMotorPort11writeEnableEPvb
  1180: 00007fb5   344 FUNC    GLOBAL DEFAULT    4 _ZN3fsm5Robot13publishEventsEv
  1181: 000095e9   544 FUNC    GLOBAL DEFAULT    4 _ZN6motion8Straight4stepEjfb
  1182: 00000014     0 TLS     GLOBAL DEFAULT  ABS errno
  1183: 0000a939    76 FUNC    GLOBAL DEFAULT    4 _ZNK10opp_fusion7Contact12previewLatchEN4core5StateEhRKNS_10ContactCueE
  1184: 0000346d   104 FUNC    GLOBAL DEFAULT    4 _ZN9countdown4Menu11observeModeEjRNS_10MenuResultE
  1185: 0000810d   432 FUNC    GLOBAL DEFAULT    4 _ZN3fsm5Robot12prepareFrameERKNS_10RobotInputE
  1186: 00004d7d   104 FUNC    GLOBAL DEFAULT    4 _ZN3fsm7Reflank12advanceStageEjb
  1187: 00005a85   328 FUNC    GLOBAL DEFAULT    4 _ZN3fsm5Robot15admitImuHeadingERNS_10RobotInputE
  1188: 0000f591   132 FUNC    GLOBAL DEFAULT    4 _ZN13runtime_bench6Runner12observeClockEPv
  1189: 000056dd   262 FUNC    GLOBAL DEFAULT    4 _ZN3fsm5Robot12admitButtonsERKNS_10RobotInputE
  1190: 000050f9   296 FUNC    GLOBAL DEFAULT    4 _ZN3fsm10DefendTurn4stepEjfbh
  1191: 00000755   112 FUNC    GLOBAL DEFAULT    4 _ZNK3app7Runtime11linesUsefulEj
  1192: 0000001c     0 TLS     GLOBAL DEFAULT  ABS _localtime_buf
  1193: 000010c9    60 FUNC    GLOBAL DEFAULT    4 _ZN3app7Runtime14initializeDumpEv
  1194: 000015ad    14 FUNC    GLOBAL DEFAULT    4 _ZN3app7Runtime18clockAcceptedThunkEPv
  1195: 00000009     8 FUNC    GLOBAL DEFAULT    4 loop
  1196: 0000aec1    76 FUNC    GLOBAL DEFAULT    4 _ZN10opp_fusion6Fusion6commitEN4core5StateE
  1197: 00000000     0 NOTYPE  GLOBAL DEFAULT  UND sys_clock_cycle_get_64
  1198: 00010161     2 FUNC    WEAK   DEFAULT    4 initVariant
  1199: 000072dd   228 FUNC    GLOBAL DEFAULT    4 _ZN3fsm5Robot9runSearchEv
  1200: 0000f3b9    48 FUNC    GLOBAL DEFAULT    4 _ZN13runtime_bench14InertMotorPort7clockUsEPv
  1201: 00005fdd    48 FUNC    GLOBAL DEFAULT    4 _ZN3fsm5Robot18resetLineReadinessEv
  1202: 0000c009    30 FUNC    GLOBAL DEFAULT    4 _ZN8line_qtr15validThresholdsERKNS_10ThresholdsE
  1203: 00000715    64 FUNC    GLOBAL DEFAULT    4 _ZN3app7Runtime13setupImuFaultEj
  1204: 0000d481   184 FUNC    GLOBAL DEFAULT    4 _ZN8recorder15AttemptRecorder8terminalERKN3fsm11RobotResultE
  1205: 0000aa25   356 FUNC    GLOBAL DEFAULT    4 _ZN10opp_fusion13PhantomFilter4stepERKNS_13PhantomSampleE
  1206: 00009ef9    88 FUNC    GLOBAL DEFAULT    4 _ZN7openers5Flank12advancePhaseERKNS_6SampleE
  1207: 00010089     8 FUNC    GLOBAL DEFAULT    4 memcpy
  1208: 00001985   168 FUNC    GLOBAL DEFAULT    4 _ZNK3app7Runtime19serviceReceiptValidEv
  1209: 00007931   436 FUNC    GLOBAL DEFAULT    4 _ZN3fsm5Robot10checkStallEv
  1210: 0000dddd    92 FUNC    GLOBAL DEFAULT    4 _ZNK8recorder4dump8Transfer8eligibleERKN3fsm11RobotResultE
  1211: 0000654d    42 FUNC    GLOBAL DEFAULT    4 _ZNK3fsm5Robot16validTimingStartERKNS_10RobotInputE
  1212: 000000b1  1226 FUNC    GLOBAL DEFAULT    4 _ZN3app7RuntimeC1ERKN6motors4PortERKN5power9InputPortERKNS_10SourcePortERKNS_8DumpPortE
  1213: 00010149    10 FUNC    GLOBAL DEFAULT    4 __aeabi_uldivmod
  1214: 0000cefd   130 FUNC    GLOBAL DEFAULT    4 _ZN7qtr_cal11Calibration11finishStageEj
  1215: 00000000     0 NOTYPE  GLOBAL DEFAULT  UND __real___aeabi_ddiv
  1216: 0000e5f9   156 FUNC    GLOBAL DEFAULT    4 _ZN8recorder4dump8Transfer7advanceEv
  1217: 00007eb5    96 FUNC    GLOBAL DEFAULT    4 _ZN3fsm5Robot11publishEdgeEv
  1218: 0000057d   128 FUNC    GLOBAL DEFAULT    4 _ZNK3app7Runtime10validPortsEv
  1219: 000071c9   172 FUNC    GLOBAL DEFAULT    4 _ZNK3fsm5Robot13searchContextEv
  1220: 00003b45   128 FUNC    GLOBAL DEFAULT    4 _ZN4edge11RowExecutor11startHeadOnEjfbN6motion9DirectionE
  1221: 00001f49    36 FUNC    WEAK   DEFAULT    4 _ZN10opp_fusion17FusionObservationC1Ev
  1222: 00005695    48 FUNC    GLOBAL DEFAULT    4 _ZN3fsm16HeadingReference4stepEjfbb
  1223: 0000f615    12 FUNC    GLOBAL DEFAULT    4 _ZN13runtime_bench6Runner5clockEv
  1224: 0000354d   248 FUNC    GLOBAL DEFAULT    4 _ZN9countdown4Menu12stepObservedERKNS_10MenuSampleERKNS_12ButtonTimingE
  1225: 00002839   116 FUNC    GLOBAL DEFAULT    4 _ZN3app11Transaction4failENS_5FaultE
  1226: 000028ad   140 FUNC    GLOBAL DEFAULT    4 _ZN3app11Transaction4openEv
  1227: 0000f331    88 FUNC    GLOBAL DEFAULT    4 _ZN13runtime_bench14InertMotorPort8writePwmEPvN6motors7ChannelEjj
  1228: 00001d61   224 FUNC    GLOBAL DEFAULT    4 _ZN3app7Runtime17applyServiceResetEv
  1229: 00010121    10 FUNC    GLOBAL DEFAULT    4 __aeabi_ui2d
  1230: 00001be1    88 FUNC    GLOBAL DEFAULT    4 _ZN3app7Runtime16pendServiceResetEv
  1231: 000032cd    16 FUNC    GLOBAL DEFAULT    4 _ZN9countdown8Services5resetEv
  1232: 000062f1   120 FUNC    GLOBAL DEFAULT    4 _ZN3fsm5Robot16prepareLineStartERKNS_10RobotInputE
  1233: 00007ae5   248 FUNC    GLOBAL DEFAULT    4 _ZN3fsm5Robot19prepareFinalRequestEv
  1234: 00005cf5    44 FUNC    GLOBAL DEFAULT    4 _ZN3fsm5Robot11publishLineEh
  1235: 00001f6d    80 FUNC    WEAK   DEFAULT    4 _ZN7openers5FlankC1Ev
  1236: 00002805    52 FUNC    GLOBAL DEFAULT    4 _ZN3app11Transaction7observeERj
  1237: 00004029   464 FUNC    GLOBAL DEFAULT    4 _ZN4edge6Escape4stepERKNS_12EscapeSampleE
  1238: 000047c9    72 FUNC    GLOBAL DEFAULT    4 _ZN3fsm6Search12advancePhaseEjb
  1239: 000008b9    48 FUNC    GLOBAL DEFAULT    4 _ZN3app7Runtime5clockERj
  1240: 00007159   112 FUNC    GLOBAL DEFAULT    4 _ZN3fsm5Robot11startOpenerEv
  1241: 00005d21   224 FUNC    GLOBAL DEFAULT    4 _ZN3fsm5Robot9admitLineERKNS_10RobotInputE
  1242: 00003835   132 FUNC    GLOBAL DEFAULT    4 _ZN4edge11RowExecutor9runMotionEjfb
  1243: 0000e11d   364 FUNC    GLOBAL DEFAULT    4 _ZNK8recorder4dump8Transfer9unchangedERKNS_15AttemptRecorderE
  1244: 000100db    10 FUNC    GLOBAL DEFAULT    4 __aeabi_dcmplt
  1245: 00005bcd   184 FUNC    GLOBAL DEFAULT    4 _ZN3fsm5Robot8admitImuERNS_10RobotInputE
  1246: 00009de5   124 FUNC    GLOBAL DEFAULT    4 _ZN7openers5Flank11beginTurnInERKNS_6SampleE
  1247: 000100c7    10 FUNC    GLOBAL DEFAULT    4 __aeabi_ddiv
  1248: 0000e841    56 FUNC    GLOBAL DEFAULT    4 _ZN8recorder4dump8Transfer12onRobotResetEv
  1249: 0000c741    36 FUNC    GLOBAL DEFAULT    4 _ZNK5power10InputOwner8intervalEjjjj
  1250: 0000c181   158 FUNC    GLOBAL DEFAULT    4 _ZN6motors9MotorGate7inhibitEv
  1251: 000070e9   112 FUNC    GLOBAL DEFAULT    4 _ZN3fsm5Robot12acceptMotionERKN6motion6ResultEN8governor7ProfileEb
  1252: 00009d75   112 FUNC    GLOBAL DEFAULT    4 _ZN7openers5Flank13beginTraverseEj
  1253: 000056c5    24 FUNC    GLOBAL DEFAULT    4 _ZN3fsm16HeadingReference4stepERKNS_13HeadingSampleEb
  1254: 0000e76d   212 FUNC    GLOBAL DEFAULT    4 _ZN8recorder4dump8Transfer4stepERKNS0_7ContextERKN3fsm11RobotResultERKNS_15AttemptRecorderE
  1255: 0000a5c9    92 FUNC    GLOBAL DEFAULT    4 _ZN10opp_fusion9frontViewEh
  1256: 000100bd    10 FUNC    GLOBAL DEFAULT    4 __aeabi_dmul
  1257: 00008c29   592 FUNC    GLOBAL DEFAULT    4 _ZN8logframe9packFrameERKNS_10FrameInputERNS_10FrameBytesE
  1258: 00001f01    46 FUNC    WEAK   DEFAULT    4 _ZN6motion4TurnC2Ev
  1259: 000017a9    16 FUNC    GLOBAL DEFAULT    4 _ZN3app7Runtime12projectThunkEPvj
  1260: 00003645    32 FUNC    GLOBAL DEFAULT    4 _ZNK9countdown4Menu9selectionEv
  1261: 0000da29    28 FUNC    GLOBAL DEFAULT    4 _ZN8recorder3csv11frameHeaderEPcj
  1262: 00009afd   100 FUNC    GLOBAL DEFAULT    4 _ZN6motion8TimedArc4stepEj
  1263: 0000cb61    44 FUNC    GLOBAL DEFAULT    4 _ZN5power10InputOwner12applyBatteryERN3fsm10RobotInputE
  1264: 0000ea2b    10 FUNC    GLOBAL DEFAULT    4 _ZNK8recorder11FrameBuffer12invalidCountEv
  1265: 0000c6a1    24 FUNC    GLOBAL DEFAULT    4 _ZNK5power10InputOwner9validPortEv
  1266: 00010155    12 FUNC    GLOBAL DEFAULT    4 abort
  1267: 00000000     0 NOTYPE  GLOBAL DEFAULT  UND __real_fmod
  1268: 0000dc4d    28 FUNC    GLOBAL DEFAULT    4 _ZN8recorder3csv13summaryHeaderEPcj
  1269: 00005c85   112 FUNC    GLOBAL DEFAULT    4 _ZN3fsm5Robot10prepareImuERNS_10RobotInputE
  1270: 0000707d   108 FUNC    GLOBAL DEFAULT    4 _ZN3fsm5Robot12cancelMotionEv
  1271: 00001f6d    80 FUNC    WEAK   DEFAULT    4 _ZN7openers5FlankC2Ev
  1272: 0000dbc5   136 FUNC    GLOBAL DEFAULT    4 _ZN8recorder3csv8eventRowERKN8logframe10EventBytesEyPcj
  1273: 0000c9fd   296 FUNC    GLOBAL DEFAULT    4 _ZN5power10InputOwner11readButtonsEb
  1274: 00002be9    12 FUNC    GLOBAL DEFAULT    4 _ZN3app11Transaction11finishAfterEj
  1275: 00000845   116 FUNC    GLOBAL DEFAULT    4 _ZN3app7Runtime4failENS_12RuntimeFaultE
  1276: 0000a211    96 FUNC    GLOBAL DEFAULT    4 _ZN7openers4Wait15observeApproachEjh
  1277: 00004811   108 FUNC    GLOBAL DEFAULT    4 _ZNK3fsm6Search6resultERKN6motion6ResultE
  1278: 00003335   212 FUNC    GLOBAL DEFAULT    4 _ZN9countdown9Lifecycle12stepObservedERKNS_13ServiceSampleEN4core11ButtonLevelERKNS_12ButtonTimingEfbb
  1279: 0000b569   248 FUNC    GLOBAL DEFAULT    4 _ZN3imu9Estimator5beginERKNS_8MountingEf
  1280: 00008f09    14 FUNC    GLOBAL DEFAULT    4 _ZN8logframe11EventBuffer5resetEv
  1281: 0000ea17    10 FUNC    GLOBAL DEFAULT    4 _ZNK8recorder11FrameBuffer19rejectedStatusCountEv
  1282: 00004e69   444 FUNC    GLOBAL DEFAULT    4 _ZN3fsm7Reflank4stepEjfbhbfb
  1283: 00003165   100 FUNC    GLOBAL DEFAULT    4 _ZN9countdown8Services17finishCalibrationEv
  1284: 00003a59   236 FUNC    GLOBAL DEFAULT    4 _ZN4edge11RowExecutor5startEjhfb
  1285: 00010135    10 FUNC    GLOBAL DEFAULT    4 __aeabi_d2f
  1286: 0000d6b7    10 FUNC    GLOBAL DEFAULT    4 _ZNK8recorder15AttemptRecorder7summaryEv
  1287: 00003c75   108 FUNC    GLOBAL DEFAULT    4 _ZN4edge6Escape10latchFaultENS_11EscapeFaultE
  1288: 00007695   236 FUNC    GLOBAL DEFAULT    4 _ZN3fsm5Robot9runOpenerERKNS_10RobotInputE
  1289: 000030dd   136 FUNC    GLOBAL DEFAULT    4 _ZN9countdown8Services18observeCalibrationERKNS_13ServiceSampleE
  1290: 0000b6b1   256 FUNC    GLOBAL DEFAULT    4 _ZN3imu9Estimator19validateObservationERKNS_6SampleE
  1291: 00008e79    52 FUNC    GLOBAL DEFAULT    4 _ZN8logframe9packEventERKNS_10EventInputERNS_10EventBytesE
  1292: 000082bd   156 FUNC    GLOBAL DEFAULT    4 _ZN3fsm5Robot11savePendingERKNS_10RobotInputE
  1293: 00009819   148 FUNC    GLOBAL DEFAULT    4 _ZN6motion8Straight5startEjffj
  1294: 00006701   456 FUNC    GLOBAL DEFAULT    4 _ZN3fsm5Robot7receiveERKNS_10RobotInputE
  1295: 0000e56d   140 FUNC    GLOBAL DEFAULT    4 _ZN8recorder4dump8Transfer7prepareEv
  1296: 00002bf5    12 FUNC    GLOBAL DEFAULT    4 _ZN3app11Transaction5abortEv
  1297: 00000011    24 FUNC    WEAK   DEFAULT    4 _ZN8line_qtr10ThresholdsC1Ev
  1298: 0000c029    88 FUNC    GLOBAL DEFAULT    4 _ZN8line_qtr13applySnapshotERN3fsm10RobotInputERKNS_8SnapshotERKNS_10ThresholdsE
  1299: 00005e65   376 FUNC    GLOBAL DEFAULT    4 _ZN3fsm5Robot11prepareLineERKNS_10RobotInputE
  1300: 00009eb1    72 FUNC    GLOBAL DEFAULT    4 _ZN7openers5Flank9runMotionERKNS_6SampleE
  1301: 00004559    80 FUNC    GLOBAL DEFAULT    4 _ZN3fsm6Search9beginScanEjb
  1302: 0000f999   172 FUNC    GLOBAL DEFAULT    4 _ZN13runtime_bench6Runner5beginEv
  1303: 0000f211    30 FUNC    GLOBAL DEFAULT    4 _ZN2ui16applyCalibrationERNS_13DisplaySampleERKN7qtr_cal6ReportE
  1304: 00000000     0 NOTYPE  GLOBAL DEFAULT  UND __real___aeabi_i2d
  1305: 0000c221   136 FUNC    GLOBAL DEFAULT    4 _ZN6motors9MotorGate5beginEv
  1306: 00001f49    36 FUNC    WEAK   DEFAULT    4 _ZN10opp_fusion17FusionObservationC2Ev
  1307: 000090f9    92 FUNC    GLOBAL DEFAULT    4 _ZN8logframe11appendEventERNS_10EventBatchERKNS_10EventInputE
  1308: 0000e389   232 FUNC    GLOBAL DEFAULT    4 _ZN8recorder4dump8Transfer15prepareEnvelopeEv
  1309: 00006579   112 FUNC    GLOBAL DEFAULT    4 _ZNK3fsm5Robot18validTimingReceiptERKNS_10RobotInputE
  1310: 000100a9    10 FUNC    GLOBAL DEFAULT    4 __aeabi_dadd
  1311: 0000a831   264 FUNC    GLOBAL DEFAULT    4 _ZN10opp_fusion7Contact10observeCueEhffb
  1312: 00000000     0 NOTYPE  GLOBAL DEFAULT  UND __real___aeabi_ui2d
  1313: 0000f22f    32 FUNC    GLOBAL DEFAULT    4 _ZN13runtime_bench14InertMotorPort5countERj
  1314: 0000de65    28 FUNC    GLOBAL DEFAULT    4 _ZN8recorder4dump8Transfer6rejectENS0_6ReasonEb
  1315: 00001f01    46 FUNC    WEAK   DEFAULT    4 _ZN6motion4TurnC1Ev
  1316: 0000600d   348 FUNC    GLOBAL DEFAULT    4 _ZN3fsm5Robot20admitCalibrationLineERKNS_10RobotInputERb
  1317: 0000ab89   356 FUNC    GLOBAL DEFAULT    4 _ZN10opp_fusion11StuckFilter4stepEjhfbb
  1318: 00009c85   200 FUNC    GLOBAL DEFAULT    4 _ZN7openers6Direct4stepEjfbh
  1319: 000015bd   492 FUNC    GLOBAL DEFAULT    4 _ZN3app7Runtime7projectEj
  1320: 0000c15f    34 FUNC    GLOBAL DEFAULT    4 _ZN6motors9MotorGate7zeroPwmEv
  1321: 0001012b    10 FUNC    GLOBAL DEFAULT    4 __aeabi_ul2d
  1322: 00010219   156 FUNC    GLOBAL DEFAULT    4 roundl
  1323: 00000695    84 FUNC    GLOBAL DEFAULT    4 _ZN3app7Runtime10publishImuERKN3imu6SampleE
  1324: 0000e041   220 FUNC    GLOBAL DEFAULT    4 _ZN8recorder4dump8Transfer5startERKNS0_7ContextERKN3fsm11RobotResultERKNS_15AttemptRecorderE
  1325: 00004de5   132 FUNC    GLOBAL DEFAULT    4 _ZNK3fsm7Reflank6resultERKN6motion6ResultE
  1326: 00009809    16 FUNC    GLOBAL DEFAULT    4 _ZN6motion8Straight5resetEv
  1327: 0000cc45   168 FUNC    GLOBAL DEFAULT    4 _ZN7qtr_cal11Calibration5startEj
  1328: 00009545   164 FUNC    GLOBAL DEFAULT    4 _ZN6motion4Turn13startRelativeEjfffb
  1329: 0000f661    60 FUNC    GLOBAL DEFAULT    4 _ZN13runtime_bench6Runner15refreshCountersEv
  1330: 0000e365    36 FUNC    GLOBAL DEFAULT    4 _ZN8recorder4dump8Transfer6prefixEPKc
  1331: 00009a19   228 FUNC    GLOBAL DEFAULT    4 _ZN6motion3Arc5startEjfNS_9DirectionEfffj
  1332: 000100ef    10 FUNC    GLOBAL DEFAULT    4 __aeabi_dcmpgt
  1333: 0000fa45   220 FUNC    GLOBAL DEFAULT    4 _ZN13runtime_bench6Runner11checkOwnersEv
  1334: 00010099     8 FUNC    GLOBAL DEFAULT    4 fmod
  1335: 0000e88d   268 FUNC    GLOBAL DEFAULT    4 _ZN8recorder11FrameBuffer6appendERKN8logframe10FrameBytesENS1_10PackStatusE
  1336: 00004389    88 FUNC    GLOBAL DEFAULT    4 _ZN3fsm16NormalPerception4stepEh
  1337: 00005981    48 FUNC    GLOBAL DEFAULT    4 _ZN3fsm5Robot13invalidateImuERNS_10RobotInputE
  1338: 0000de39    44 FUNC    GLOBAL DEFAULT    4 _ZN8recorder4dump8Transfer4failENS0_5PhaseENS0_6ReasonE
  1339: 00006169   136 FUNC    GLOBAL DEFAULT    4 _ZN3fsm5Robot22qualifyCalibrationLineERKNS_10RobotInputEb
  1340: 0000342f    40 FUNC    GLOBAL DEFAULT    4 _ZN9countdown4Menu5cycleERNS_10MenuResultE
  1341: 00000000     0 NOTYPE  GLOBAL DEFAULT    6 __static_thread_data_list_end
  1342: 000100f9    10 FUNC    GLOBAL DEFAULT    4 __aeabi_dcmpge
  1343: 0000cb8d   112 FUNC    GLOBAL DEFAULT    4 _ZN5power10InputOwner12applyButtonsERN3fsm10RobotInputERKNS_10ButtonReadE
  1344: 0000ea0d    10 FUNC    GLOBAL DEFAULT    4 _ZNK8recorder11FrameBuffer16overwrittenCountEv
  1345: 00000000     0 NOTYPE  GLOBAL DEFAULT  UND __real___aeabi_dsub
  1346: 00000061    80 FUNC    WEAK   DEFAULT    4 _ZN8line_qtr8SnapshotC2Ev
  1347: 00001d01    96 FUNC    GLOBAL DEFAULT    4 _ZN3app7Runtime19observeServiceResetEv
  1348: 000100b3    10 FUNC    GLOBAL DEFAULT    4 __aeabi_dsub
  1349: 00008701   288 FUNC    GLOBAL DEFAULT    4 _ZN3fsm5Robot5resetEv
  1350: 000044fd    88 FUNC    GLOBAL DEFAULT    4 _ZN3fsm10SearchSide7observeEfb
  1351: 00006a85   152 FUNC    GLOBAL DEFAULT    4 _ZN3fsm5Robot19rememberObservationEv
  1352: 00000018     0 TLS     GLOBAL DEFAULT  ABS _strtok_last
  1353: 00003071   108 FUNC    GLOBAL DEFAULT    4 _ZN9countdown8Services9admitGyroERKNS_13ServiceSampleE
  1354: 00004c81    72 FUNC    GLOBAL DEFAULT    4 _ZN3fsm7Reflank10beginSwingEjb
  1355: 00008f19   478 FUNC    GLOBAL DEFAULT    4 _ZN8logframe18validEventMetadataERKNS_10EventInputE
  1356: 0000a135    52 FUNC    GLOBAL DEFAULT    4 _ZN7openers5Flank5resetEv
  1357: 00001219   180 FUNC    GLOBAL DEFAULT    4 _ZN3app7Runtime11serviceDumpEv
  1358: 00000000     0 NOTYPE  GLOBAL DEFAULT  UND __real___aeabi_d2iz
  1359: 0000e695   216 FUNC    GLOBAL DEFAULT    4 _ZN8recorder4dump8Transfer12writePendingERKNS_15AttemptRecorderE
  1360: 00009d4d    16 FUNC    GLOBAL DEFAULT    4 _ZN7openers6Direct5resetEv
  1361: 00005355   100 FUNC    GLOBAL DEFAULT    4 _ZN3fsm16HeadingReference12acceptSourceERKNS_13HeadingSampleE
  1362: 0000c64f    82 FUNC    GLOBAL DEFAULT    4 _ZN5power10InputOwnerC2ERKNS_9InputPortE
  1363: 00000000     0 NOTYPE  GLOBAL DEFAULT  UND __real___aeabi_uldivmod
  1364: 0000f3e9   392 FUNC    GLOBAL DEFAULT    4 _ZN13runtime_bench6RunnerC2ERKNS_9ClockPortE
  1365: 000013b1   256 FUNC    GLOBAL DEFAULT    4 _ZN3app7Runtime10projectImuEjj
  1366: 0000ea5b    32 FUNC    GLOBAL DEFAULT    4 _ZN8recorder11FrameBuffer5resetEv
  1367: 0000f279    56 FUNC    GLOBAL DEFAULT    4 _ZN13runtime_bench14InertMotorPort15configureEnableEPv
  1368: 0000af0d     4 FUNC    GLOBAL DEFAULT    4 _ZNK10opp_fusion6Fusion6memoryEv
  1369: 00003c45    48 FUNC    GLOBAL DEFAULT    4 _ZNK4edge6Escape11needsReplanEh
  1370: 00001fbd   188 FUNC    WEAK   DEFAULT    4 _ZN3fsm11RobotResultC1Ev
  1371: 00000000     0 NOTYPE  GLOBAL DEFAULT  UND __real_sqrt
  1372: 00010117    10 FUNC    GLOBAL DEFAULT    4 __aeabi_i2d
  1373: 00002ef9    16 FUNC    GLOBAL DEFAULT    4 _ZN9countdown8StopHold9interruptEv
  1374: 0000d161   116 FUNC    GLOBAL DEFAULT    4 _ZNK8recorder15AttemptRecorder11startMarkerERKN3fsm11RobotResultERj
  1375: 0000f251    40 FUNC    GLOBAL DEFAULT    4 _ZN13runtime_bench14InertMotorPort6acceptEb
  1376: 00000000     0 NOTYPE  GLOBAL DEFAULT  UND __real___aeabi_dcmple
  1377: 00004555     4 FUNC    GLOBAL DEFAULT    4 _ZNK3fsm10SearchSide9directionEv
  1378: 0000c64f    82 FUNC    GLOBAL DEFAULT    4 _ZN5power10InputOwnerC1ERKNS_9InputPortE
  1379: 0000a331    78 FUNC    GLOBAL DEFAULT    4 _ZNK7openers4Wait6resultEv
  1380: 00000000     0 NOTYPE  GLOBAL DEFAULT  UND __real___aeabi_dcmpge
  1381: 0000a6e5   332 FUNC    GLOBAL DEFAULT    4 _ZN10opp_fusion13BearingMemory4stepEjhfj
  1382: 000038b9   108 FUNC    GLOBAL DEFAULT    4 _ZNK4edge11RowExecutor6resultERKN6motion6ResultE
  1383: 00000010     0 TLS     GLOBAL DEFAULT  ABS z_tls_current
  1384: 00007781   224 FUNC    GLOBAL DEFAULT    4 _ZN3fsm5Robot10runReflankEv
  1385: 0000cb5d     4 FUNC    GLOBAL DEFAULT    4 _ZNK5power10InputOwner6reportEv
  1386: 00001161   184 FUNC    GLOBAL DEFAULT    4 _ZNK3app7Runtime16dumpReadyContextEj
  1387: 0000a985    28 FUNC    GLOBAL DEFAULT    4 _ZN10opp_fusion7Contact11commitLatchEN4core5StateEhRKNS_10ContactCueE
  1388: 000065e9   172 FUNC    GLOBAL DEFAULT    4 _ZN3fsm5Robot13receiveTimingERKNS_10RobotInputEb
  1389: 0000ec01  1328 FUNC    GLOBAL DEFAULT    4 _ZN2ui6renderERKNS_13DisplaySampleERNS_5FrameE
  1390: 00003417    24 FUNC    GLOBAL DEFAULT    4 _ZN9countdown4Menu10advanceAgeEjj
  1391: 00002ee9    16 FUNC    GLOBAL DEFAULT    4 _ZN9countdown8StopHold5resetEv
  1392: 00006b1d   252 FUNC    GLOBAL DEFAULT    4 _ZN3fsm5Robot13sampleSensorsERKNS_10RobotInputE
  1393: 0000f2b1    72 FUNC    GLOBAL DEFAULT    4 _ZN13runtime_bench14InertMotorPort12configurePwmEPvN6motors7ChannelE
  1394: 0000ba25   268 FUNC    GLOBAL DEFAULT    4 _ZN3imu9Estimator7observeERKNS_6SampleE
  1395: 0000fb21   512 FUNC    GLOBAL DEFAULT    4 _ZN13runtime_bench6Runner10checkEpochEj
  1396: 0000d457    42 FUNC    GLOBAL DEFAULT    4 _ZN8recorder15AttemptRecorder12onRobotResetEv
  1397: 00000f8d   316 FUNC    GLOBAL DEFAULT    4 _ZN3app7Runtime4stepEv
  1398: 0000f389    48 FUNC    GLOBAL DEFAULT    4 _ZN13runtime_bench14InertMotorPort6settleEPv
  1399: 00010091     8 FUNC    GLOBAL DEFAULT    4 memset
  1400: 00010165    44 FUNC    WEAK   DEFAULT    4 main
  1401: 00003457    20 FUNC    GLOBAL DEFAULT    4 _ZN9countdown4Menu6toggleERNS_10MenuResultE
  1402: 00009e61    58 FUNC    GLOBAL DEFAULT    4 _ZNK7openers5Flank10detectExitEh
  1403: 00000635    96 FUNC    GLOBAL DEFAULT    4 _ZN3app7Runtime13rememberLinesERKN8line_qtr8SnapshotE
  1404: 000043e9   276 FUNC    GLOBAL DEFAULT    4 _ZN3fsm11frontDemandEN4core5StateEhb
  1405: 00005a27    92 FUNC    GLOBAL DEFAULT    4 _ZN3fsm5Robot11rememberImuERKNS_10RobotInputE
  1406: 000061f1   256 FUNC    GLOBAL DEFAULT    4 _ZN3fsm5Robot22prepareCalibrationLineERKNS_10RobotInputE
  1407: 00009461    16 FUNC    GLOBAL DEFAULT    4 _ZN6motion4Turn5resetEv
  1408: 0000b101   124 FUNC    GLOBAL DEFAULT    4 _ZN5stall14ReflankLimiter7advanceEj
  1409: 00000000     0 NOTYPE  GLOBAL DEFAULT  UND __real___aeabi_dcmpeq
  1410: 00001335   124 FUNC    GLOBAL DEFAULT    4 _ZNK3app7Runtime14opponentsFreshEj
  1411: 0000eb0d    36 FUNC    GLOBAL DEFAULT    4 _ZN2ui12applyButtonsERN3fsm10RobotInputERKN5power12ButtonSampleE
  1412: 00007e21   148 FUNC    GLOBAL DEFAULT    4 _ZN3fsm5Robot14updateWarningsERKNS_10RobotInputE
  1413: 000101fd    28 FUNC    GLOBAL DEFAULT    4 micros
  1414: 00007bdd   312 FUNC    GLOBAL DEFAULT    4 _ZN3fsm5Robot15commitAndGovernERKNS_10RobotInputE
  1415: 0000d021   288 FUNC    GLOBAL DEFAULT    4 _ZN7qtr_cal11Calibration4stepEjRKN3fsm11RobotResultERKN8line_qtr8SnapshotE
  1416: 0000cbfd    70 FUNC    GLOBAL DEFAULT    4 _ZNK7qtr_cal11Calibration8eligibleERKN3fsm11RobotResultE
  1417: 00000000     0 NOTYPE  GLOBAL DEFAULT  UND __real___aeabi_dmul
  1418: 0000b661    80 FUNC    GLOBAL DEFAULT    4 _ZN3imu9Estimator10acceptTimeEj
  1419: 00008ee7    18 FUNC    GLOBAL DEFAULT    4 _ZNK8logframe11EventBuffer2atEj
  1420: 00009ba1   176 FUNC    GLOBAL DEFAULT    4 _ZN6motion8TimedArc5startEjNS_9DirectionEffj
  1421: 00002e6d   124 FUNC    GLOBAL DEFAULT    4 _ZN9countdown8StopHold12stepObservedEjjN4core11ButtonLevelE
  1422: 000012cd    54 FUNC    GLOBAL DEFAULT    4 _ZN3app7Runtime14selectLineModeEv
  1423: 0000cced   528 FUNC    GLOBAL DEFAULT    4 _ZN7qtr_cal11Calibration5admitEjRKN8line_qtr8SnapshotE
  1424: 0000aced   420 FUNC    GLOBAL DEFAULT    4 _ZN10opp_fusion6Fusion7observeERKNS_12FusionSampleE
  1425: 00000029    56 FUNC    WEAK   DEFAULT    4 _ZN7qtr_cal6ReportC1Ev
  1426: 000068c9   244 FUNC    GLOBAL DEFAULT    4 _ZN3fsm5Robot16advanceHistoriesEv
  1427: 000069bd   200 FUNC    GLOBAL DEFAULT    4 _ZN3fsm5Robot13prepareInputsERKNS_10RobotInputE
  1428: 00028ae0   232 OBJECT  GLOBAL DEFAULT    7 runtimeDiagnostics
  1429: 00000ead   224 FUNC    GLOBAL DEFAULT    4 _ZN3app7Runtime13completeEpochEv
  1430: 0000a2e5    76 FUNC    GLOBAL DEFAULT    4 _ZN7openers4Wait8runFlankERKNS_6SampleE
  1431: 00009205    60 FUNC    GLOBAL DEFAULT    4 _ZN6motion4Turn13beginFallbackEv
  1432: 00000bc9   116 FUNC    GLOBAL DEFAULT    4 _ZN3app7Runtime11servicePassEv
  1433: 000027c9    60 FUNC    GLOBAL DEFAULT    4 _ZN3app11Transaction10initializeEv
  1434: 0000859d   356 FUNC    GLOBAL DEFAULT    4 _ZN3fsm5Robot4stepERKNS_10RobotInputE
  1435: 00008ead    50 FUNC    GLOBAL DEFAULT    4 _ZN8logframe11EventBuffer6appendERKNS_10EventBytesE
  1436: 00008ef9     8 FUNC    GLOBAL DEFAULT    4 _ZNK8logframe11EventBuffer10overflowedEv
  1437: 00000cb1   152 FUNC    GLOBAL DEFAULT    4 _ZN3app7Runtime4pumpEv
  1438: 0000a4a9    92 FUNC    GLOBAL DEFAULT    4 _ZN7openers4Wait5startEjf
  1439: 000036c3    52 FUNC    GLOBAL DEFAULT    4 _ZN4edge10Classifier11observeMaskEh
  1440: 00009241   544 FUNC    GLOBAL DEFAULT    4 _ZN6motion4Turn4stepEjfb
  1441: 00009471   212 FUNC    GLOBAL DEFAULT    4 _ZN6motion4Turn5startEjfffb
  1442: 0000a271   116 FUNC    GLOBAL DEFAULT    4 _ZN7openers4Wait6finishENS_4ExitE
  1443: 0000a381   240 FUNC    GLOBAL DEFAULT    4 _ZN7openers4Wait4stepERKNS_6SampleE
  1444: 00001eb3    78 FUNC    GLOBAL DEFAULT    4 _ZN3app7Runtime13serviceActionEv
  1445: 00001f2f    26 FUNC    WEAK   DEFAULT    4 _ZN6motion8StraightC1Ev
  1446: 000073fd   280 FUNC    GLOBAL DEFAULT    4 _ZN3fsm5Robot9runDefendEv
  1447: 0000c4b1   248 FUNC    GLOBAL DEFAULT    4 _ZN6motors9MotorGate5applyEjRKN3fsm11RobotResultE
  1448: 0000cb25    56 FUNC    GLOBAL DEFAULT    4 _ZN5power10InputOwner7observeEj
  1449: 0000d6ab     2 FUNC    GLOBAL DEFAULT    4 _ZNK8recorder15AttemptRecorder6framesEv
  1450: 00000029    56 FUNC    WEAK   DEFAULT    4 _ZN7qtr_cal6ReportC2Ev
  1451: 0001000d    76 FUNC    GLOBAL DEFAULT    4 _ZN14runtime_native4pollEv
  1452: 00004761   104 FUNC    GLOBAL DEFAULT    4 _ZN3fsm6Search9runMotionEjfb
  1453: 00002d81   108 FUNC    GLOBAL DEFAULT    4 _ZN9countdown4Gate4stepEjNS_8CommandsE
  1454: 0000c127    56 FUNC    GLOBAL DEFAULT    4 _ZNK6motors9MotorGate9validPortEv
  1455: 00000001     8 FUNC    GLOBAL DEFAULT    4 setup
  1456: 00001c39   100 FUNC    GLOBAL DEFAULT    4 _ZN3app7Runtime11serviceNoneEj
  1457: 0000b17d    80 FUNC    GLOBAL DEFAULT    4 _ZN5stall14ReflankLimiter7requestEj
  1458: 0000c0e9     2 FUNC    GLOBAL DEFAULT    4 _Z10__loopHookv
  1459: 00006695   108 FUNC    GLOBAL DEFAULT    4 _ZN3fsm5Robot12receiveFrameERKNS_12PreviousTickEb
  1460: 00002939    84 FUNC    GLOBAL DEFAULT    4 _ZN3app11Transaction13beginDecisionERj
  1461: 00002aad   116 FUNC    GLOBAL DEFAULT    4 _ZN3app11Transaction10decideFromERKNS_14DecisionSourceE
  1462: 00000ae1   176 FUNC    GLOBAL DEFAULT    4 _ZN3app7Runtime5beginERKNS_11SetupGrantsE
  1463: 00006ef1   168 FUNC    GLOBAL DEFAULT    4 _ZN3fsm5Robot14rememberEscapeERKNS_10RobotInputE
  1464: 000045e9   376 FUNC    GLOBAL DEFAULT    4 _ZN3fsm6Search7runScanEjfb
  1465: 00005025    48 FUNC    GLOBAL DEFAULT    4 _ZN3fsm7Reflank5resetEv
  1466: 00007861   208 FUNC    GLOBAL DEFAULT    4 _ZN3fsm5Robot11routeMotionERKNS_10RobotInputE
  1467: 00000000     0 NOTYPE  GLOBAL DEFAULT  UND __real___aeabi_ul2d
  1468: 00000011    24 FUNC    WEAK   DEFAULT    4 _ZN8line_qtr10ThresholdsC2Ev
  1469: 00008bf9    48 FUNC    GLOBAL DEFAULT    4 _ZN8logframe19overrunRateExceededERKNS_14TickStatisticsE
  1470: 00007515    32 FUNC    GLOBAL DEFAULT    4 _ZN3fsm5Robot17runNormalExecutorEv
  1471: 0000da45   356 FUNC    GLOBAL DEFAULT    4 _ZN8recorder3csv8frameRowERKNS_11StoredFrameEyPcj
  1472: 00001303    50 FUNC    GLOBAL DEFAULT    4 _ZNK3app7Runtime14opponentsReadyEv
  1473: 00002079  1440 FUNC    WEAK   DEFAULT    4 _ZN3fsm5RobotC2Ev
  1474: 00007275   104 FUNC    GLOBAL DEFAULT    4 _ZNK3fsm5Robot12swingContextEv
  1475: 0000487d   304 FUNC    GLOBAL DEFAULT    4 _ZN3fsm6Search4stepEjfbh
  1476: 0000bc8d   712 FUNC    GLOBAL DEFAULT    4 _ZN8line_qtr11validateRawERKNS_8SnapshotE
  1477: 00000008     0 TLS     GLOBAL DEFAULT  ABS _rand_next
  1478: 0000a471    56 FUNC    GLOBAL DEFAULT    4 _ZN7openers4Wait5resetEv
  1479: 000100d1    10 FUNC    GLOBAL DEFAULT    4 __aeabi_dcmpeq
  1480: 0001007d    12 FUNC    GLOBAL DEFAULT    4 __cxa_allocate_exception
  1481: 000014b1   252 FUNC    GLOBAL DEFAULT    4 _ZN3app7Runtime12projectLinesEjj
  1482: 0000c2a9   416 FUNC    GLOBAL DEFAULT    4 _ZN6motors9MotorGate12validCommandEjRKN3fsm11RobotResultE
  1483: 00004cc9   108 FUNC    GLOBAL DEFAULT    4 _ZN3fsm7Reflank11beginTurnInEjbfb
  1484: 00008909   552 FUNC    GLOBAL DEFAULT    4 _ZN8governor8Governor4stepEjRKNS_7RequestE
  1485: 00005231   200 FUNC    GLOBAL DEFAULT    4 _ZN3fsm10DefendTurn5startEjffbb
  1486: 0000f3e9   392 FUNC    GLOBAL DEFAULT    4 _ZN13runtime_bench6RunnerC1ERKNS_9ClockPortE
  1487: 0000b50d    36 FUNC    GLOBAL DEFAULT    4 _ZN3imu9Estimator5clearENS_12HeadingStateE
  1488: 000057e3    68 FUNC    GLOBAL DEFAULT    4 _ZN3fsm5Robot14qualifyNeutralEv
  1489: 0000bb31    88 FUNC    GLOBAL DEFAULT    4 _ZN3imu9Estimator9applyBiasEf
  1490: 0000e9a5   104 FUNC    GLOBAL DEFAULT    4 _ZNK8recorder11FrameBuffer4readEjRNS_11StoredFrameE
  1491: 0000d37d   218 FUNC    GLOBAL DEFAULT    4 _ZN8recorder15AttemptRecorder14observeSummaryERKN3fsm11RobotResultE
  1492: 0000a625   132 FUNC    GLOBAL DEFAULT    4 _ZN10opp_fusion9Debouncer4stepEjh
  1493: 0000ea7d   144 FUNC    GLOBAL DEFAULT    4 _ZN2ui13decodeButtonsERKN5power12ButtonSampleE
  1494: 00008f01     8 FUNC    GLOBAL DEFAULT    4 _ZNK8logframe11EventBuffer13rejectedCountEv
  1495: 00007d15   268 FUNC    GLOBAL DEFAULT    4 _ZN3fsm5Robot17updateQtrWarningsEv
  1496: 000059b1   118 FUNC    GLOBAL DEFAULT    4 _ZNK3fsm5Robot14sameImuPayloadERKNS_10RobotInputE
  1497: 000098ad   300 FUNC    GLOBAL DEFAULT    4 _ZN6motion3Arc4stepEjfb
  1498: 0000c5a9   160 FUNC    GLOBAL DEFAULT    4 _ZN6motors9MotorGate4haltEv
  1499: 00000c3d   116 FUNC    GLOBAL DEFAULT    4 _ZN3app7Runtime13releaseChargeEv
  1500: 00003925   264 FUNC    GLOBAL DEFAULT    4 _ZN4edge11RowExecutor4stepEjfb
  1501: 0000e2c5   160 FUNC    GLOBAL DEFAULT    4 _ZN8recorder4dump8Transfer6numberEyc
  1502: 0000f131   224 FUNC    GLOBAL DEFAULT    4 _ZN2ui13displaySampleERKN3fsm10RobotInputERKNS0_11RobotResultE
  1503: 0000d6a1    10 FUNC    GLOBAL DEFAULT    4 _ZNK8recorder15AttemptRecorder5phaseEv
  1504: 0001010d    10 FUNC    GLOBAL DEFAULT    4 __aeabi_d2iz
  1505: 000036f9    60 FUNC    GLOBAL DEFAULT    4 _ZN4edge10Classifier7observeERA4_Kj
  1506: 0000af11    16 FUNC    GLOBAL DEFAULT    4 _ZN5stall8Detector5resetEv
  1507: 0000ff4d   192 FUNC    GLOBAL DEFAULT    4 _ZN14runtime_native5beginEv
  1508: 00000000     0 NOTYPE  GLOBAL DEFAULT  UND __real___aeabi_dadd
  1509: 00000000     0 NOTYPE  GLOBAL DEFAULT    6 __static_thread_data_list_start
  1510: 0000652d    32 FUNC    GLOBAL DEFAULT    4 _ZN3fsm5Robot9markFaultEN8logframe9FaultCodeEt
  1511: 0000c6f1    80 FUNC    GLOBAL DEFAULT    4 _ZN5power10InputOwner7advanceEjNS_14InputOperationE
  1512: 00006401   252 FUNC    GLOBAL DEFAULT    4 _ZN3fsm5Robot5admitERKNS_10RobotInputE
  1513: 00003741   168 FUNC    GLOBAL DEFAULT    4 _ZN4edge11RowExecutor10beginPhaseEjNS_11ScriptPhaseEb
  1514: 00006f99   228 FUNC    GLOBAL DEFAULT    4 _ZN3fsm5Robot9runEscapeERKNS_10RobotInputE
  1515: 00006c19    92 FUNC    GLOBAL DEFAULT    4 _ZN3fsm5Robot12beginAttemptEv
  1516: 000006e9    44 FUNC    GLOBAL DEFAULT    4 _ZN3app7Runtime10consumeImuERKN3imu14SampleProgressE
  1517: 00002e61    12 FUNC    GLOBAL DEFAULT    4 _ZN9countdown7Buttons5resetEv
  1518: 0000e879    20 FUNC    GLOBAL DEFAULT    4 _ZN8recorder4dump8Transfer5abortEv
  1519: 0000f69d   764 FUNC    GLOBAL DEFAULT    4 _ZN13runtime_bench6Runner7refreshEv
  1520: 00000000     0 NOTYPE  GLOBAL DEFAULT  UND __real_memset
  1521: 000000b1  1226 FUNC    GLOBAL DEFAULT    4 _ZN3app7RuntimeC2ERKN6motors4PortERKN5power9InputPortERKNS_10SourcePortERKNS_8DumpPortE
  1522: 000052f9    24 FUNC    GLOBAL DEFAULT    4 _ZNK3fsm16HeadingReference8resolvedEv
  1523: 00000061    80 FUNC    WEAK   DEFAULT    4 _ZN8line_qtr8SnapshotC1Ev
  1524: 0000ea35    38 FUNC    GLOBAL DEFAULT    4 _ZNK8recorder11FrameBuffer10incompleteEv
  1525: 0000c6b9    56 FUNC    GLOBAL DEFAULT    4 _ZN5power10InputOwner18updateAvailabilityEv
  1526: 0000d6ad    10 FUNC    GLOBAL DEFAULT    4 _ZNK8recorder15AttemptRecorder6eventsEv
  1527: 00003f85   164 FUNC    GLOBAL DEFAULT    4 _ZNK4edge6Escape6resultEb
  1528: 00000000     0 NOTYPE  GLOBAL DEFAULT  UND __real___aeabi_f2d
  1529: 00001fbd   188 FUNC    WEAK   DEFAULT    4 _ZN3fsm11RobotResultC2Ev
  1530: 00001c9d   100 FUNC    GLOBAL DEFAULT    4 _ZN3app7Runtime11serviceModeEj
  1531: 0000dba9    28 FUNC    GLOBAL DEFAULT    4 _ZN8recorder3csv11eventHeaderEPcj
  1532: 00007625   112 FUNC    GLOBAL DEFAULT    4 _ZN3fsm5Robot11acceptFlankERKN7openers11FlankResultEb
  1533: 000049d9   540 FUNC    GLOBAL DEFAULT    4 _ZN3fsm6Search5startEjfbRKNS_13SearchContextE
  1534: 00003bc5   128 FUNC    GLOBAL DEFAULT    4 _ZN4edge11RowExecutor14startPushedOutEjfbN6motion9DirectionE
  1535: 0000f57b    22 FUNC    GLOBAL DEFAULT    4 _ZN13runtime_bench6Runner4failENS_7FailureE
  1536: 000049ad    44 FUNC    GLOBAL DEFAULT    4 _ZN3fsm6Search5resetEv
  1537: 00003735    12 FUNC    GLOBAL DEFAULT    4 _ZN4edge10Classifier5resetEv
  1538: 00005829   344 FUNC    GLOBAL DEFAULT    4 _ZN3fsm5Robot14prepareButtonsERNS_10RobotInputE
  1539: 0000f571    10 FUNC    GLOBAL DEFAULT    4 _ZNK13runtime_bench6Runner6reportEv
  1540: 000032dd    68 FUNC    GLOBAL DEFAULT    4 _ZN9countdown8Services5startEjf
  1541: 0000d95d   204 FUNC    GLOBAL DEFAULT    4 _ZN8recorder3csv14captureSummaryERKNS_15AttemptRecorderE
  1542: 0000d249   188 FUNC    GLOBAL DEFAULT    4 _ZN8recorder15AttemptRecorder12appendEventsERKN8logframe10EventBatchEj
  1543: 00000000     0 NOTYPE  GLOBAL DEFAULT  UND __real___aeabi_d2f
  1544: 00001e41   114 FUNC    GLOBAL DEFAULT    4 _ZN3app7Runtime22checkServiceContinuityEj
  1545: 00003ec5   192 FUNC    GLOBAL DEFAULT    4 _ZN4edge6Escape10advanceRowERKNS_12EscapeSampleEh
  1546: 00003409    14 FUNC    GLOBAL DEFAULT    4 _ZNK9countdown9Lifecycle12buttonEventsEv
  1547: 0000b7b1   628 FUNC    GLOBAL DEFAULT    4 _ZN3imu9Estimator7publishERKNS_6SampleE
  1548: 00009e9b    20 FUNC    GLOBAL DEFAULT    4 _ZNK7openers5Flank13currentTargetEh
  1549: 0001013f    10 FUNC    GLOBAL DEFAULT    4 __aeabi_f2d
  1550: 0000d539   360 FUNC    GLOBAL DEFAULT    4 _ZN8recorder15AttemptRecorder7consumeERKN3fsm11RobotResultE
  1551: 0000c0eb    60 FUNC    GLOBAL DEFAULT    4 _ZN6motors9MotorGateC1ERKNS_4PortE
  1552: 0000fd21    88 FUNC    GLOBAL DEFAULT    4 _ZN13runtime_bench6Runner10finishPollEj
  1553: 00000d49   296 FUNC    GLOBAL DEFAULT    4 _ZN3app7Runtime7acquireEv
  1554: 00005221    16 FUNC    GLOBAL DEFAULT    4 _ZN3fsm10DefendTurn5resetEv
  1555: 0000a6a9    58 FUNC    GLOBAL DEFAULT    4 _ZN10opp_fusion13BearingMemory17rememberFrontSideEjh
  1556: 00000000     0 NOTYPE  GLOBAL DEFAULT  UND z_impl_k_sched_current_thread_query
  1557: 000099d9    64 FUNC    GLOBAL DEFAULT    4 _ZN6motion3Arc5resetEv
  1558: 00005055   112 FUNC    GLOBAL DEFAULT    4 _ZN3fsm7Reflank5startEjfbN6motion9DirectionE
  1559: 0000c649     6 FUNC    GLOBAL DEFAULT    4 _ZNK6motors9MotorGate5faultEv
  1560: 00009c51    52 FUNC    GLOBAL DEFAULT    4 _ZN7openers6Direct5startEjfh
  1561: 00002ded   116 FUNC    GLOBAL DEFAULT    4 _ZN9countdown7Buttons12stepObservedEjjN4core11ButtonLevelE
  1562: 00002619   432 FUNC    GLOBAL DEFAULT    4 _ZN3app11TransactionC2ERKN6motors4PortE
  1563: 00001f2f    26 FUNC    WEAK   DEFAULT    4 _ZN6motion8StraightC2Ev
  1564: 000031c9   260 FUNC    GLOBAL DEFAULT    4 _ZN9countdown8Services4stepERKNS_13ServiceSampleE
  1565: 0000c765   220 FUNC    GLOBAL DEFAULT    4 _ZN5power10InputOwner5beginEv
  1566: 0000c0eb    60 FUNC    GLOBAL DEFAULT    4 _ZN6motors9MotorGateC2ERKNS_4PortE
  1567: 0000c449   104 FUNC    GLOBAL DEFAULT    4 _ZN6motors9MotorGate8transactERKN4core7OutputsERN3fsm12PreviousTickE
  1568: 000091e1    12 FUNC    GLOBAL DEFAULT    4 _ZN6motion8Interval5beginEj
  1569: 00009b61    64 FUNC    GLOBAL DEFAULT    4 _ZN6motion8TimedArc5resetEv
  1570: 00000000     0 NOTYPE  GLOBAL DEFAULT  UND __real_memcpy
  1571: 00002f09   196 FUNC    GLOBAL DEFAULT    4 _ZN9countdown10Controller12stepObservedERKN4core6InputsERKNS_12ButtonTimingEbb
  1572: 00003ce1   484 FUNC    GLOBAL DEFAULT    4 _ZN4edge6Escape8startRowERKNS_12EscapeSampleEb
  1573: 0000e999    10 FUNC    GLOBAL DEFAULT    4 _ZNK8recorder11FrameBuffer4sizeEv
  1574: 00006c75   636 FUNC    GLOBAL DEFAULT    4 _ZN3fsm5Robot12runLifecycleERKNS_10RobotInputE
  1575: 0000e289    58 FUNC    GLOBAL DEFAULT    4 _ZN8recorder4dump8Transfer6appendEPKc
  1576: 0000af21   480 FUNC    GLOBAL DEFAULT    4 _ZN5stall8Detector4stepERKNS_6SampleE
  1577: 0000cf81   160 FUNC    GLOBAL DEFAULT    4 _ZN7qtr_cal11Calibration7collectEjRKN8line_qtr8SnapshotE
  1578: 0000f621    64 FUNC    GLOBAL DEFAULT    4 _ZN13runtime_bench6Runner9deadlinesEj
  1579: 0000d305   120 FUNC    GLOBAL DEFAULT    4 _ZN8recorder15AttemptRecorder11appendFrameERKN3fsm11RobotResultEy
  1580: 0000e471   252 FUNC    GLOBAL DEFAULT    4 _ZN8recorder4dump8Transfer14preparePayloadEPcj
