
Symbol table '.symtab' contains 2128 entries:
   Num:    Value  Size Type    Bind   Vis      Ndx Name
     0: 00000000     0 NOTYPE  LOCAL  DEFAULT  UND 
     1: 00000000     0 SECTION LOCAL  DEFAULT    1 .rodata
     2: 00000000     0 SECTION LOCAL  DEFAULT    3 .llext.rodata.noreloc
     3: 00000000     0 SECTION LOCAL  DEFAULT    4 .text
     4: 00000000     0 SECTION LOCAL  DEFAULT    7 .data
     5: 00000000     0 SECTION LOCAL  DEFAULT    9 .bss
     6: 0000e3bc     0 NOTYPE  LOCAL  DEFAULT    4 $t
     7: 0000e3bd   212 FUNC    LOCAL  DEFAULT    4 _ZN6zephyr7arduinoL29init_device_with_dependenciesEPK6device
     8: 0000e474     0 NOTYPE  LOCAL  DEFAULT    4 $d
     9: 00000000   136 OBJECT  LOCAL  DEFAULT    1 _ZN6zephyr7arduinoL11pinctrl_mapE
    10: 0000e490     0 NOTYPE  LOCAL  DEFAULT    4 $t
    11: 0000e49c     0 NOTYPE  LOCAL  DEFAULT    4 $d
    12: 00000000     0 NOTYPE  LOCAL  DEFAULT    1 $d
    13: 000001b0     8 OBJECT  LOCAL  DEFAULT    1 _ZN6zephyr7arduinoL39__pinctrl_dev_config__device_dts_ord_73E
    14: 000001a8     8 OBJECT  LOCAL  DEFAULT    1 _ZN6zephyr7arduinoL39__pinctrl_dev_config__device_dts_ord_70E
    15: 000001b8     8 OBJECT  LOCAL  DEFAULT    1 _ZN6zephyr7arduinoL39__pinctrl_dev_config__device_dts_ord_78E
    16: 000001c0     8 OBJECT  LOCAL  DEFAULT    1 _ZN6zephyr7arduinoL39__pinctrl_dev_config__device_dts_ord_83E
    17: 000001c8     8 OBJECT  LOCAL  DEFAULT    1 _ZN6zephyr7arduinoL39__pinctrl_dev_config__device_dts_ord_88E
    18: 00000188     8 OBJECT  LOCAL  DEFAULT    1 _ZN6zephyr7arduinoL39__pinctrl_dev_config__device_dts_ord_30E
    19: 00000190     8 OBJECT  LOCAL  DEFAULT    1 _ZN6zephyr7arduinoL39__pinctrl_dev_config__device_dts_ord_34E
    20: 00000198     8 OBJECT  LOCAL  DEFAULT    1 _ZN6zephyr7arduinoL39__pinctrl_dev_config__device_dts_ord_40E
    21: 000001f0     8 OBJECT  LOCAL  DEFAULT    1 _ZN6zephyr7arduinoL40__pinctrl_dev_config__device_dts_ord_120E
    22: 000001d0     8 OBJECT  LOCAL  DEFAULT    1 _ZN6zephyr7arduinoL40__pinctrl_dev_config__device_dts_ord_100E
    23: 000001d8     8 OBJECT  LOCAL  DEFAULT    1 _ZN6zephyr7arduinoL40__pinctrl_dev_config__device_dts_ord_105E
    24: 000001e0     8 OBJECT  LOCAL  DEFAULT    1 _ZN6zephyr7arduinoL40__pinctrl_dev_config__device_dts_ord_109E
    25: 000001e8     8 OBJECT  LOCAL  DEFAULT    1 _ZN6zephyr7arduinoL40__pinctrl_dev_config__device_dts_ord_114E
    26: 000001f8     8 OBJECT  LOCAL  DEFAULT    1 _ZN6zephyr7arduinoL40__pinctrl_dev_config__device_dts_ord_123E
    27: 00000180     8 OBJECT  LOCAL  DEFAULT    1 _ZN6zephyr7arduinoL39__pinctrl_dev_config__device_dts_ord_17E
    28: 000001a0     8 OBJECT  LOCAL  DEFAULT    1 _ZN6zephyr7arduinoL39__pinctrl_dev_config__device_dts_ord_61E
    29: 000001a0     0 NOTYPE  LOCAL  DEFAULT    1 $d
    30: 000000c0     8 OBJECT  LOCAL  DEFAULT    1 _ZN6zephyr7arduinoL35__pinctrl_states__device_dts_ord_61E
    31: 000000c0     0 NOTYPE  LOCAL  DEFAULT    1 $d
    32: 00000214    16 OBJECT  LOCAL  DEFAULT    3 _ZN6zephyr7arduinoL41__pinctrl_state_pins_0__device_dts_ord_61E
    33: 00000214     0 NOTYPE  LOCAL  DEFAULT    3 $d
    34: 00000180     0 NOTYPE  LOCAL  DEFAULT    1 $d
    35: 00000088    24 OBJECT  LOCAL  DEFAULT    1 _ZN6zephyr7arduinoL35__pinctrl_states__device_dts_ord_17E
    36: 00000088     0 NOTYPE  LOCAL  DEFAULT    1 $d
    37: 000001e4     0 OBJECT  LOCAL  DEFAULT    3 _ZN6zephyr7arduinoL41__pinctrl_state_pins_0__device_dts_ord_17E
    38: 000002a4     0 OBJECT  LOCAL  DEFAULT    3 _ZN6zephyr7arduinoL41__pinctrl_state_pins_1__device_dts_ord_17E
    39: 000002b4    48 OBJECT  LOCAL  DEFAULT    3 _ZN6zephyr7arduinoL41__pinctrl_state_pins_2__device_dts_ord_17E
    40: 000002b4     0 NOTYPE  LOCAL  DEFAULT    3 $d
    41: 000001f8     0 NOTYPE  LOCAL  DEFAULT    1 $d
    42: 00000168    24 OBJECT  LOCAL  DEFAULT    1 _ZN6zephyr7arduinoL36__pinctrl_states__device_dts_ord_123E
    43: 00000168     0 NOTYPE  LOCAL  DEFAULT    1 $d
    44: 000002e4     0 OBJECT  LOCAL  DEFAULT    3 _ZN6zephyr7arduinoL42__pinctrl_state_pins_0__device_dts_ord_123E
    45: 000002e4     0 OBJECT  LOCAL  DEFAULT    3 _ZN6zephyr7arduinoL42__pinctrl_state_pins_1__device_dts_ord_123E
    46: 0000035c     8 OBJECT  LOCAL  DEFAULT    3 _ZN6zephyr7arduinoL42__pinctrl_state_pins_2__device_dts_ord_123E
    47: 0000035c     0 NOTYPE  LOCAL  DEFAULT    3 $d
    48: 000001e8     0 NOTYPE  LOCAL  DEFAULT    1 $d
    49: 00000138    24 OBJECT  LOCAL  DEFAULT    1 _ZN6zephyr7arduinoL36__pinctrl_states__device_dts_ord_114E
    50: 00000138     0 NOTYPE  LOCAL  DEFAULT    1 $d
    51: 000002e4     0 OBJECT  LOCAL  DEFAULT    3 _ZN6zephyr7arduinoL42__pinctrl_state_pins_0__device_dts_ord_114E
    52: 000002e4     0 OBJECT  LOCAL  DEFAULT    3 _ZN6zephyr7arduinoL42__pinctrl_state_pins_1__device_dts_ord_114E
    53: 00000324    24 OBJECT  LOCAL  DEFAULT    3 _ZN6zephyr7arduinoL42__pinctrl_state_pins_2__device_dts_ord_114E
    54: 00000324     0 NOTYPE  LOCAL  DEFAULT    3 $d
    55: 000001e0     0 NOTYPE  LOCAL  DEFAULT    1 $d
    56: 00000120    24 OBJECT  LOCAL  DEFAULT    1 _ZN6zephyr7arduinoL36__pinctrl_states__device_dts_ord_109E
    57: 00000120     0 NOTYPE  LOCAL  DEFAULT    1 $d
    58: 000002e4     0 OBJECT  LOCAL  DEFAULT    3 _ZN6zephyr7arduinoL42__pinctrl_state_pins_0__device_dts_ord_109E
    59: 000002e4     0 OBJECT  LOCAL  DEFAULT    3 _ZN6zephyr7arduinoL42__pinctrl_state_pins_1__device_dts_ord_109E
    60: 00000314    16 OBJECT  LOCAL  DEFAULT    3 _ZN6zephyr7arduinoL42__pinctrl_state_pins_2__device_dts_ord_109E
    61: 00000314     0 NOTYPE  LOCAL  DEFAULT    3 $d
    62: 000001d8     0 NOTYPE  LOCAL  DEFAULT    1 $d
    63: 00000108    24 OBJECT  LOCAL  DEFAULT    1 _ZN6zephyr7arduinoL36__pinctrl_states__device_dts_ord_105E
    64: 00000108     0 NOTYPE  LOCAL  DEFAULT    1 $d
    65: 000002e4     0 OBJECT  LOCAL  DEFAULT    3 _ZN6zephyr7arduinoL42__pinctrl_state_pins_0__device_dts_ord_105E
    66: 000002e4     0 OBJECT  LOCAL  DEFAULT    3 _ZN6zephyr7arduinoL42__pinctrl_state_pins_1__device_dts_ord_105E
    67: 000002fc    24 OBJECT  LOCAL  DEFAULT    3 _ZN6zephyr7arduinoL42__pinctrl_state_pins_2__device_dts_ord_105E
    68: 000002fc     0 NOTYPE  LOCAL  DEFAULT    3 $d
    69: 000001d0     0 NOTYPE  LOCAL  DEFAULT    1 $d
    70: 000000f0    24 OBJECT  LOCAL  DEFAULT    1 _ZN6zephyr7arduinoL36__pinctrl_states__device_dts_ord_100E
    71: 000000f0     0 NOTYPE  LOCAL  DEFAULT    1 $d
    72: 000002e4     0 OBJECT  LOCAL  DEFAULT    3 _ZN6zephyr7arduinoL42__pinctrl_state_pins_0__device_dts_ord_100E
    73: 000002e4     0 OBJECT  LOCAL  DEFAULT    3 _ZN6zephyr7arduinoL42__pinctrl_state_pins_1__device_dts_ord_100E
    74: 000002e4    24 OBJECT  LOCAL  DEFAULT    3 _ZN6zephyr7arduinoL42__pinctrl_state_pins_2__device_dts_ord_100E
    75: 000002e4     0 NOTYPE  LOCAL  DEFAULT    3 $d
    76: 000001f0     0 NOTYPE  LOCAL  DEFAULT    1 $d
    77: 00000150    24 OBJECT  LOCAL  DEFAULT    1 _ZN6zephyr7arduinoL36__pinctrl_states__device_dts_ord_120E
    78: 00000150     0 NOTYPE  LOCAL  DEFAULT    1 $d
    79: 000002e4     0 OBJECT  LOCAL  DEFAULT    3 _ZN6zephyr7arduinoL42__pinctrl_state_pins_0__device_dts_ord_120E
    80: 000002e4     0 OBJECT  LOCAL  DEFAULT    3 _ZN6zephyr7arduinoL42__pinctrl_state_pins_1__device_dts_ord_120E
    81: 0000033c    32 OBJECT  LOCAL  DEFAULT    3 _ZN6zephyr7arduinoL42__pinctrl_state_pins_2__device_dts_ord_120E
    82: 0000033c     0 NOTYPE  LOCAL  DEFAULT    3 $d
    83: 00000198     0 NOTYPE  LOCAL  DEFAULT    1 $d
    84: 000000b0    16 OBJECT  LOCAL  DEFAULT    1 _ZN6zephyr7arduinoL35__pinctrl_states__device_dts_ord_40E
    85: 000000b0     0 NOTYPE  LOCAL  DEFAULT    1 $d
    86: 00000204    16 OBJECT  LOCAL  DEFAULT    3 _ZN6zephyr7arduinoL41__pinctrl_state_pins_0__device_dts_ord_40E
    87: 000002a4    16 OBJECT  LOCAL  DEFAULT    3 _ZN6zephyr7arduinoL41__pinctrl_state_pins_1__device_dts_ord_40E
    88: 000002a4     0 NOTYPE  LOCAL  DEFAULT    3 $d
    89: 00000204     0 NOTYPE  LOCAL  DEFAULT    3 $d
    90: 00000190     0 NOTYPE  LOCAL  DEFAULT    1 $d
    91: 000000a8     8 OBJECT  LOCAL  DEFAULT    1 _ZN6zephyr7arduinoL35__pinctrl_states__device_dts_ord_34E
    92: 000000a8     0 NOTYPE  LOCAL  DEFAULT    1 $d
    93: 000001f4    16 OBJECT  LOCAL  DEFAULT    3 _ZN6zephyr7arduinoL41__pinctrl_state_pins_0__device_dts_ord_34E
    94: 000001f4     0 NOTYPE  LOCAL  DEFAULT    3 $d
    95: 00000188     0 NOTYPE  LOCAL  DEFAULT    1 $d
    96: 000000a0     8 OBJECT  LOCAL  DEFAULT    1 _ZN6zephyr7arduinoL35__pinctrl_states__device_dts_ord_30E
    97: 000000a0     0 NOTYPE  LOCAL  DEFAULT    1 $d
    98: 000001e4    16 OBJECT  LOCAL  DEFAULT    3 _ZN6zephyr7arduinoL41__pinctrl_state_pins_0__device_dts_ord_30E
    99: 000001e4     0 NOTYPE  LOCAL  DEFAULT    3 $d
   100: 000001c8     0 NOTYPE  LOCAL  DEFAULT    1 $d
   101: 000000e8     8 OBJECT  LOCAL  DEFAULT    1 _ZN6zephyr7arduinoL35__pinctrl_states__device_dts_ord_88E
   102: 000000e8     0 NOTYPE  LOCAL  DEFAULT    1 $d
   103: 00000284    32 OBJECT  LOCAL  DEFAULT    3 _ZN6zephyr7arduinoL41__pinctrl_state_pins_0__device_dts_ord_88E
   104: 00000284     0 NOTYPE  LOCAL  DEFAULT    3 $d
   105: 000001c0     0 NOTYPE  LOCAL  DEFAULT    1 $d
   106: 000000e0     8 OBJECT  LOCAL  DEFAULT    1 _ZN6zephyr7arduinoL35__pinctrl_states__device_dts_ord_83E
   107: 000000e0     0 NOTYPE  LOCAL  DEFAULT    1 $d
   108: 00000264    32 OBJECT  LOCAL  DEFAULT    3 _ZN6zephyr7arduinoL41__pinctrl_state_pins_0__device_dts_ord_83E
   109: 00000264     0 NOTYPE  LOCAL  DEFAULT    3 $d
   110: 000001b8     0 NOTYPE  LOCAL  DEFAULT    1 $d
   111: 000000d8     8 OBJECT  LOCAL  DEFAULT    1 _ZN6zephyr7arduinoL35__pinctrl_states__device_dts_ord_78E
   112: 000000d8     0 NOTYPE  LOCAL  DEFAULT    1 $d
   113: 00000244    32 OBJECT  LOCAL  DEFAULT    3 _ZN6zephyr7arduinoL41__pinctrl_state_pins_0__device_dts_ord_78E
   114: 00000244     0 NOTYPE  LOCAL  DEFAULT    3 $d
   115: 000001a8     0 NOTYPE  LOCAL  DEFAULT    1 $d
   116: 000000c8     8 OBJECT  LOCAL  DEFAULT    1 _ZN6zephyr7arduinoL35__pinctrl_states__device_dts_ord_70E
   117: 000000c8     0 NOTYPE  LOCAL  DEFAULT    1 $d
   118: 00000224    16 OBJECT  LOCAL  DEFAULT    3 _ZN6zephyr7arduinoL41__pinctrl_state_pins_0__device_dts_ord_70E
   119: 00000224     0 NOTYPE  LOCAL  DEFAULT    3 $d
   120: 000001b0     0 NOTYPE  LOCAL  DEFAULT    1 $d
   121: 000000d0     8 OBJECT  LOCAL  DEFAULT    1 _ZN6zephyr7arduinoL35__pinctrl_states__device_dts_ord_73E
   122: 000000d0     0 NOTYPE  LOCAL  DEFAULT    1 $d
   123: 00000234    16 OBJECT  LOCAL  DEFAULT    3 _ZN6zephyr7arduinoL41__pinctrl_state_pins_0__device_dts_ord_73E
   124: 00000234     0 NOTYPE  LOCAL  DEFAULT    3 $d
   125: 0000efa2     0 NOTYPE  LOCAL  DEFAULT    4 $t
   126: 0000efd4     0 NOTYPE  LOCAL  DEFAULT    4 $t
   127: 0000efe0     0 NOTYPE  LOCAL  DEFAULT    4 $t
   128: 0000eff0     0 NOTYPE  LOCAL  DEFAULT    4 $d
   129: 0000eff4     0 NOTYPE  LOCAL  DEFAULT    4 $t
   130: 0000f008     0 NOTYPE  LOCAL  DEFAULT    4 $t
   131: 0000f046     0 NOTYPE  LOCAL  DEFAULT    4 $t
   132: 0000f05e     0 NOTYPE  LOCAL  DEFAULT    4 $t
   133: 00000200     0 NOTYPE  LOCAL  DEFAULT    1 $d
   134: 00000290     0 NOTYPE  LOCAL  DEFAULT    1 $d
   135: 0000e998     0 NOTYPE  LOCAL  DEFAULT    4 $t
   136: 0000e9a8     0 NOTYPE  LOCAL  DEFAULT    4 $d
   137: 0000e9ac     0 NOTYPE  LOCAL  DEFAULT    4 $t
   138: 0000e9c0     0 NOTYPE  LOCAL  DEFAULT    4 $t
   139: 0000e9fc     0 NOTYPE  LOCAL  DEFAULT    4 $t
   140: 0000ea70     0 NOTYPE  LOCAL  DEFAULT    4 $t
   141: 0000020c     0 NOTYPE  LOCAL  DEFAULT    1 $d
   142: 000002bc     0 NOTYPE  LOCAL  DEFAULT    1 $d
   143: 0000ed8c     0 NOTYPE  LOCAL  DEFAULT    4 $t
   144: 0000ed8d     8 FUNC    LOCAL  DEFAULT    4 _ZNK12_GLOBAL__N_122generic_error_category4nameEv
   145: 0000ed90     0 NOTYPE  LOCAL  DEFAULT    4 $d
   146: 0000ed94     0 NOTYPE  LOCAL  DEFAULT    4 $t
   147: 0000ed95    20 FUNC    LOCAL  DEFAULT    4 _ZNK12_GLOBAL__N_122generic_error_category10equivalentEiRKSt15error_condition
   148: 0000eda8     0 NOTYPE  LOCAL  DEFAULT    4 $t
   149: 0000eda9     2 FUNC    LOCAL  DEFAULT    4 _ZN12_GLOBAL__N_122generic_error_categoryD2Ev
   150: 0000eda9     2 FUNC    LOCAL  DEFAULT    4 _ZN12_GLOBAL__N_122generic_error_categoryD1Ev
   151: 0000edac     0 NOTYPE  LOCAL  DEFAULT    4 $t
   152: 0000edad     8 FUNC    LOCAL  DEFAULT    4 _ZNK12_GLOBAL__N_121system_error_category4nameEv
   153: 0000edb0     0 NOTYPE  LOCAL  DEFAULT    4 $d
   154: 0000edb4     0 NOTYPE  LOCAL  DEFAULT    4 $t
   155: 0000edb5   100 FUNC    LOCAL  DEFAULT    4 _ZNK12_GLOBAL__N_121system_error_category23default_error_conditionEi
   156: 0000ee08     0 NOTYPE  LOCAL  DEFAULT    4 $d
   157: 00000008     4 OBJECT  LOCAL  DEFAULT    7 _ZN12_GLOBAL__N_125generic_category_instanceE
   158: 0000ee18     0 NOTYPE  LOCAL  DEFAULT    4 $t
   159: 0000ee19     2 FUNC    LOCAL  DEFAULT    4 _ZN12_GLOBAL__N_121system_error_categoryD2Ev
   160: 0000ee19     2 FUNC    LOCAL  DEFAULT    4 _ZN12_GLOBAL__N_121system_error_categoryD1Ev
   161: 0000ee1a     0 NOTYPE  LOCAL  DEFAULT    4 $t
   162: 0000ee20     0 NOTYPE  LOCAL  DEFAULT    4 $t
   163: 0000ee34     0 NOTYPE  LOCAL  DEFAULT    4 $t
   164: 0000ee35     2 FUNC    LOCAL  DEFAULT    4 _ZN12_GLOBAL__N_113constant_initINS_22generic_error_categoryEED2Ev
   165: 0000ee35     2 FUNC    LOCAL  DEFAULT    4 _ZN12_GLOBAL__N_113constant_initINS_22generic_error_categoryEED1Ev
   166: 0000ee36     0 NOTYPE  LOCAL  DEFAULT    4 $t
   167: 0000ee37     2 FUNC    LOCAL  DEFAULT    4 _ZN12_GLOBAL__N_113constant_initINS_21system_error_categoryEED2Ev
   168: 0000ee37     2 FUNC    LOCAL  DEFAULT    4 _ZN12_GLOBAL__N_113constant_initINS_21system_error_categoryEED1Ev
   169: 0000ee38     0 NOTYPE  LOCAL  DEFAULT    4 $t
   170: 0000ee39    12 FUNC    LOCAL  DEFAULT    4 _ZN12_GLOBAL__N_122generic_error_categoryD0Ev
   171: 0000ee44     0 NOTYPE  LOCAL  DEFAULT    4 $t
   172: 0000ee45    12 FUNC    LOCAL  DEFAULT    4 _ZN12_GLOBAL__N_121system_error_categoryD0Ev
   173: 0000ee50     0 NOTYPE  LOCAL  DEFAULT    4 $t
   174: 0000ee80     0 NOTYPE  LOCAL  DEFAULT    4 $t
   175: 0000ee81    40 FUNC    LOCAL  DEFAULT    4 _ZNK12_GLOBAL__N_121system_error_category10equivalentEiRKSt15error_condition
   176: 0000eea8     0 NOTYPE  LOCAL  DEFAULT    4 $t
   177: 0000eea9   192 FUNC    LOCAL  DEFAULT    4 _ZNK12_GLOBAL__N_122generic_error_category7messageB5cxx11Ei
   178: 0000ef64     0 NOTYPE  LOCAL  DEFAULT    4 $d
   179: 0000eea9   192 FUNC    LOCAL  DEFAULT    4 _ZNK12_GLOBAL__N_121system_error_category7messageB5cxx11Ei
   180: 00000004     4 OBJECT  LOCAL  DEFAULT    7 _ZN12_GLOBAL__N_124system_category_instanceE
   181: 0000ef68     0 NOTYPE  LOCAL  DEFAULT    4 $t
   182: 0000ef69    48 FUNC    LOCAL  DEFAULT    4 _GLOBAL__sub_I__ZSt20__throw_system_errori
   183: 0000ef84     0 NOTYPE  LOCAL  DEFAULT    4 $d
   184: 00000028     0 NOTYPE  LOCAL  DEFAULT   12 $d
   185: 00000230     0 NOTYPE  LOCAL  DEFAULT    1 $d
   186: 00000224     0 NOTYPE  LOCAL  DEFAULT    1 $d
   187: 00000224    12 OBJECT  LOCAL  DEFAULT    1 _ZTIN12_GLOBAL__N_122generic_error_categoryE
   188: 000004b8    42 OBJECT  LOCAL  DEFAULT    3 _ZTSN12_GLOBAL__N_122generic_error_categoryE
   189: 00000218     0 NOTYPE  LOCAL  DEFAULT    1 $d
   190: 00000218    12 OBJECT  LOCAL  DEFAULT    1 _ZTIN12_GLOBAL__N_121system_error_categoryE
   191: 0000048f    41 OBJECT  LOCAL  DEFAULT    3 _ZTSN12_GLOBAL__N_121system_error_categoryE
   192: 00000310     0 NOTYPE  LOCAL  DEFAULT    1 $d
   193: 00000310    40 OBJECT  LOCAL  DEFAULT    1 _ZTVN12_GLOBAL__N_122generic_error_categoryE
   194: 000002e8     0 NOTYPE  LOCAL  DEFAULT    1 $d
   195: 000002e8    40 OBJECT  LOCAL  DEFAULT    1 _ZTVN12_GLOBAL__N_121system_error_categoryE
   196: 00000004     0 NOTYPE  LOCAL  DEFAULT    7 $d
   197: 00000008     0 NOTYPE  LOCAL  DEFAULT    7 $d
   198: 0000eacc     0 NOTYPE  LOCAL  DEFAULT    4 $t
   199: 0000ead0     0 NOTYPE  LOCAL  DEFAULT    4 $t
   200: 0000eaf0     0 NOTYPE  LOCAL  DEFAULT    4 $d
   201: 0000eaf4     0 NOTYPE  LOCAL  DEFAULT    4 $t
   202: 0000eb08     0 NOTYPE  LOCAL  DEFAULT    4 $t
   203: 0000eb18     0 NOTYPE  LOCAL  DEFAULT    4 $d
   204: 0000eb1c     0 NOTYPE  LOCAL  DEFAULT    4 $t
   205: 00000238     0 NOTYPE  LOCAL  DEFAULT    1 $d
   206: 00000244     0 NOTYPE  LOCAL  DEFAULT    1 $d
   207: 0000036c     0 NOTYPE  LOCAL  DEFAULT    1 $d
   208: 00000380     0 NOTYPE  LOCAL  DEFAULT    1 $d
   209: 0000e964     0 NOTYPE  LOCAL  DEFAULT    4 $t
   210: 0000e968     0 NOTYPE  LOCAL  DEFAULT    4 $d
   211: 0000e96c     0 NOTYPE  LOCAL  DEFAULT    4 $t
   212: 0000e97c     0 NOTYPE  LOCAL  DEFAULT    4 $d
   213: 0000e980     0 NOTYPE  LOCAL  DEFAULT    4 $t
   214: 00000250     0 NOTYPE  LOCAL  DEFAULT    1 $d
   215: 00000394     0 NOTYPE  LOCAL  DEFAULT    1 $d
   216: 0000e994     0 NOTYPE  LOCAL  DEFAULT    4 $t
   217: 0000025c     0 NOTYPE  LOCAL  DEFAULT    1 $d
   218: 0000ea9a     0 NOTYPE  LOCAL  DEFAULT    4 $t
   219: 0000ea9c     0 NOTYPE  LOCAL  DEFAULT    4 $t
   220: 0000eaa0     0 NOTYPE  LOCAL  DEFAULT    4 $t
   221: 00000264     0 NOTYPE  LOCAL  DEFAULT    1 $d
   222: 0000c248     0 NOTYPE  LOCAL  DEFAULT    4 $t
   223: 0000c24c     0 NOTYPE  LOCAL  DEFAULT    4 $t
   224: 0000c24e     0 NOTYPE  LOCAL  DEFAULT    4 $t
   225: 0000c268     0 NOTYPE  LOCAL  DEFAULT    4 $t
   226: 0000c269     8 FUNC    LOCAL  DEFAULT    4 k_yield
   227: 0000c26c     0 NOTYPE  LOCAL  DEFAULT    4 $d
   228: 0000c270     0 NOTYPE  LOCAL  DEFAULT    4 $t
   229: 0000c271     8 FUNC    LOCAL  DEFAULT    4 k_mutex_lock
   230: 0000c274     0 NOTYPE  LOCAL  DEFAULT    4 $d
   231: 0000c278     0 NOTYPE  LOCAL  DEFAULT    4 $t
   232: 0000c279    32 FUNC    LOCAL  DEFAULT    4 _ZNSt12_Vector_baseIhSaIhEE11_M_allocateEj.isra.0
   233: 0000c290     0 NOTYPE  LOCAL  DEFAULT    4 $d
   234: 0000c298     0 NOTYPE  LOCAL  DEFAULT    4 $t
   235: 0000c299     8 FUNC    LOCAL  DEFAULT    4 k_mutex_unlock.isra.0
   236: 0000c29c     0 NOTYPE  LOCAL  DEFAULT    4 $d
   237: 0000c2a0     0 NOTYPE  LOCAL  DEFAULT    4 $t
   238: 0000c304     0 NOTYPE  LOCAL  DEFAULT    4 $d
   239: 0000c30c     0 NOTYPE  LOCAL  DEFAULT    4 $t
   240: 0000c348     0 NOTYPE  LOCAL  DEFAULT    4 $d
   241: 0000c350     0 NOTYPE  LOCAL  DEFAULT    4 $t
   242: 0000c351    12 FUNC    LOCAL  DEFAULT    4 k_msleep.constprop.0.isra.0
   243: 0000c358     0 NOTYPE  LOCAL  DEFAULT    4 $d
   244: 0000c35c     0 NOTYPE  LOCAL  DEFAULT    4 $t
   245: 0000c37c     0 NOTYPE  LOCAL  DEFAULT    4 $d
   246: 0000c388     0 NOTYPE  LOCAL  DEFAULT    4 $t
   247: 0000c3c0     0 NOTYPE  LOCAL  DEFAULT    4 $d
   248: 0000c3c4     0 NOTYPE  LOCAL  DEFAULT    4 $t
   249: 0000c3fc     0 NOTYPE  LOCAL  DEFAULT    4 $d
   250: 0000c404     0 NOTYPE  LOCAL  DEFAULT    4 $t
   251: 0000c460     0 NOTYPE  LOCAL  DEFAULT    4 $d
   252: 0000c46c     0 NOTYPE  LOCAL  DEFAULT    4 $t
   253: 0000c4a0     0 NOTYPE  LOCAL  DEFAULT    4 $d
   254: 0000c4ac     0 NOTYPE  LOCAL  DEFAULT    4 $t
   255: 0000c4ad   140 FUNC    LOCAL  DEFAULT    4 _ZNSt6vectorIhSaIhEE12emplace_backIJRKhEEERhDpOT_.isra.0
   256: 0000c520     0 NOTYPE  LOCAL  DEFAULT    4 $d
   257: 0000c538     0 NOTYPE  LOCAL  DEFAULT    4 $t
   258: 0000c539   140 FUNC    LOCAL  DEFAULT    4 _ZNSt6vectorIhSaIhEE12emplace_backIJhEEERhDpOT_.isra.0
   259: 0000c5ac     0 NOTYPE  LOCAL  DEFAULT    4 $d
   260: 0000c5c4     0 NOTYPE  LOCAL  DEFAULT    4 $t
   261: 0000c720     0 NOTYPE  LOCAL  DEFAULT    4 $d
   262: 0000c73c     0 NOTYPE  LOCAL  DEFAULT    4 $t
   263: 0000c73d    24 FUNC    LOCAL  DEFAULT    4 _ZN7arduino7msgpack6Packer11packRawByteERKNS0_4TypeE.isra.0
   264: 0000c750     0 NOTYPE  LOCAL  DEFAULT    4 $d
   265: 0000c754     0 NOTYPE  LOCAL  DEFAULT    4 $t
   266: 0000c755   140 FUNC    LOCAL  DEFAULT    4 _ZNSt6vectorIhSaIhEE12emplace_backIJRhEEES3_DpOT_.isra.0
   267: 0000c7c8     0 NOTYPE  LOCAL  DEFAULT    4 $d
   268: 0000c7e0     0 NOTYPE  LOCAL  DEFAULT    4 $t
   269: 0000c7e1    80 FUNC    LOCAL  DEFAULT    4 _ZN7arduino7msgpack6Packer11packIntegerIjEENSt9enable_ifIXaaaaaasrSt13is_arithmeticIT_E5valuesrSt11is_integralIS5_E5valuentsrSt7is_sameIS5_bE5valuentsrS9_INSt9remove_cvIS5_E4typeEPcE5valueEvE4typeERKS5_.isra.0
   270: 0000c820     0 NOTYPE  LOCAL  DEFAULT    4 $d
   271: 0000c830     0 NOTYPE  LOCAL  DEFAULT    4 $t
   272: 0000c831   196 FUNC    LOCAL  DEFAULT    4 _ZN7arduino7msgpack6Packer11packIntegerIiEENSt9enable_ifIXaaaaaasrSt13is_arithmeticIT_E5valuesrSt11is_integralIS5_E5valuentsrSt7is_sameIS5_bE5valuentsrS9_INSt9remove_cvIS5_E4typeEPcE5valueEvE4typeERKS5_.isra.0
   273: 0000c8dc     0 NOTYPE  LOCAL  DEFAULT    4 $d
   274: 0000c8f4     0 NOTYPE  LOCAL  DEFAULT    4 $t
   275: 0000c95c     0 NOTYPE  LOCAL  DEFAULT    4 $d
   276: 0000c970     0 NOTYPE  LOCAL  DEFAULT    4 $t
   277: 0000c971    56 FUNC    LOCAL  DEFAULT    4 _ZN7arduino7msgpack6Packer9serializeIJRKiRjRKNS_6StringEEEEvRKNS0_4type9ArraySizeEDpOT_.isra.0
   278: 0000c998     0 NOTYPE  LOCAL  DEFAULT    4 $d
   279: 0000c9a8     0 NOTYPE  LOCAL  DEFAULT    4 $t
   280: 0000c9cc     0 NOTYPE  LOCAL  DEFAULT    4 $t
   281: 0000c9cd   120 FUNC    LOCAL  DEFAULT    4 _ZN9RPCClient8send_rpcIJEEEbRKN7arduino6StringERjDpOT_.isra.0
   282: 0000ca34     0 NOTYPE  LOCAL  DEFAULT    4 $d
   283: 0000ca44     0 NOTYPE  LOCAL  DEFAULT    4 $t
   284: 0000ca45   136 FUNC    LOCAL  DEFAULT    4 _ZN9RPCClient8send_rpcIJRKN7arduino6StringEEEEbS4_RjDpOT_.isra.0
   285: 0000cab8     0 NOTYPE  LOCAL  DEFAULT    4 $d
   286: 0000cacc     0 NOTYPE  LOCAL  DEFAULT    4 $t
   287: 0000cacd   136 FUNC    LOCAL  DEFAULT    4 _ZN9RPCClient8send_rpcIJRKjEEEbRKN7arduino6StringERjDpOT_.isra.0
   288: 0000cb40     0 NOTYPE  LOCAL  DEFAULT    4 $d
   289: 0000cb54     0 NOTYPE  LOCAL  DEFAULT    4 $t
   290: 0000cbcc     0 NOTYPE  LOCAL  DEFAULT    4 $d
   291: 0000cbe4     0 NOTYPE  LOCAL  DEFAULT    4 $t
   292: 0000cc1c     0 NOTYPE  LOCAL  DEFAULT    4 $d
   293: 0000cc4c     0 NOTYPE  LOCAL  DEFAULT    4 $d
   294: 0000cc64     0 NOTYPE  LOCAL  DEFAULT    4 $t
   295: 0000cc9c     0 NOTYPE  LOCAL  DEFAULT    4 $d
   296: 0000cca4     0 NOTYPE  LOCAL  DEFAULT    4 $t
   297: 0000cd10     0 NOTYPE  LOCAL  DEFAULT    4 $d
   298: 0000cd1c     0 NOTYPE  LOCAL  DEFAULT    4 $t
   299: 0000ce64     0 NOTYPE  LOCAL  DEFAULT    4 $d
   300: 0000ce98     0 NOTYPE  LOCAL  DEFAULT    4 $t
   301: 0000ced4     0 NOTYPE  LOCAL  DEFAULT    4 $d
   302: 0000ced8     0 NOTYPE  LOCAL  DEFAULT    4 $t
   303: 0000cf0c     0 NOTYPE  LOCAL  DEFAULT    4 $d
   304: 0000cf18     0 NOTYPE  LOCAL  DEFAULT    4 $t
   305: 0000d19c     0 NOTYPE  LOCAL  DEFAULT    4 $d
   306: 0000d1fc     0 NOTYPE  LOCAL  DEFAULT    4 $t
   307: 0000d314     0 NOTYPE  LOCAL  DEFAULT    4 $d
   308: 0000d34c     0 NOTYPE  LOCAL  DEFAULT    4 $t
   309: 0000d3d8     0 NOTYPE  LOCAL  DEFAULT    4 $d
   310: 0000d3f8     0 NOTYPE  LOCAL  DEFAULT    4 $t
   311: 0000d42c     0 NOTYPE  LOCAL  DEFAULT    4 $d
   312: 0000d438     0 NOTYPE  LOCAL  DEFAULT    4 $t
   313: 0000d52c     0 NOTYPE  LOCAL  DEFAULT    4 $d
   314: 0000d55c     0 NOTYPE  LOCAL  DEFAULT    4 $t
   315: 0000d79c     0 NOTYPE  LOCAL  DEFAULT    4 $d
   316: 0000d810     0 NOTYPE  LOCAL  DEFAULT    4 $t
   317: 0000d8c4     0 NOTYPE  LOCAL  DEFAULT    4 $d
   318: 0000d8ec     0 NOTYPE  LOCAL  DEFAULT    4 $t
   319: 0000d920     0 NOTYPE  LOCAL  DEFAULT    4 $d
   320: 0000d92c     0 NOTYPE  LOCAL  DEFAULT    4 $t
   321: 0000d958     0 NOTYPE  LOCAL  DEFAULT    4 $d
   322: 0000d960     0 NOTYPE  LOCAL  DEFAULT    4 $t
   323: 0000dba0     0 NOTYPE  LOCAL  DEFAULT    4 $d
   324: 0000dc0c     0 NOTYPE  LOCAL  DEFAULT    4 $t
   325: 0000dcf0     0 NOTYPE  LOCAL  DEFAULT    4 $d
   326: 0000dd24     0 NOTYPE  LOCAL  DEFAULT    4 $t
   327: 0000de0c     0 NOTYPE  LOCAL  DEFAULT    4 $d
   328: 0000de48     0 NOTYPE  LOCAL  DEFAULT    4 $t
   329: 0000de80     0 NOTYPE  LOCAL  DEFAULT    4 $d
   330: 0000de8c     0 NOTYPE  LOCAL  DEFAULT    4 $t
   331: 0000de8d   188 FUNC    LOCAL  DEFAULT    4 _GLOBAL__sub_I_Bridge
   332: 0000df1c     0 NOTYPE  LOCAL  DEFAULT    4 $d
   333: 00000020     0 NOTYPE  LOCAL  DEFAULT   12 $d
   334: 0000df48     0 NOTYPE  LOCAL  DEFAULT    4 $t
   335: 0000df49    32 FUNC    LOCAL  DEFAULT    4 _GLOBAL__sub_D_Bridge
   336: 0000df5c     0 NOTYPE  LOCAL  DEFAULT    4 $d
   337: 00000020     0 NOTYPE  LOCAL  DEFAULT   14 $d
   338: 0000026c     0 NOTYPE  LOCAL  DEFAULT    1 $d
   339: 00028a50     0 NOTYPE  LOCAL  DEFAULT    9 $d
   340: 00028a54     0 NOTYPE  LOCAL  DEFAULT    9 $d
   341: 00028a58     0 NOTYPE  LOCAL  DEFAULT    9 $d
   342: 00028c90     0 NOTYPE  LOCAL  DEFAULT    9 $d
   343: 0000cc1f     0 NOTYPE  LOCAL  DEFAULT    4 $d
   344: 0000cc20     0 NOTYPE  LOCAL  DEFAULT    4 $t
   345: 00000001    16 FUNC    LOCAL  DEFAULT    4 __tcf_0
   346: 000000a1    20 FUNC    LOCAL  DEFAULT    4 __tcf_1
   347: 0000008d    20 FUNC    LOCAL  DEFAULT    4 __tcf_2
   348: 0000e4a0     0 NOTYPE  LOCAL  DEFAULT    4 $t
   349: 0000e4a1    10 FUNC    LOCAL  DEFAULT    4 z_impl_uart_irq_tx_enable
   350: 0000e4aa     0 NOTYPE  LOCAL  DEFAULT    4 $t
   351: 0000e4b4     0 NOTYPE  LOCAL  DEFAULT    4 $t
   352: 0000e4cc     0 NOTYPE  LOCAL  DEFAULT    4 $t
   353: 0000e4d0     0 NOTYPE  LOCAL  DEFAULT    4 $t
   354: 0000e4d1     8 FUNC    LOCAL  DEFAULT    4 k_sem_give
   355: 0000e4d4     0 NOTYPE  LOCAL  DEFAULT    4 $d
   356: 0000e4d8     0 NOTYPE  LOCAL  DEFAULT    4 $t
   357: 0000e4d9     8 FUNC    LOCAL  DEFAULT    4 k_sem_take.isra.0
   358: 0000e4dc     0 NOTYPE  LOCAL  DEFAULT    4 $d
   359: 0000e4e0     0 NOTYPE  LOCAL  DEFAULT    4 $t
   360: 0000e51c     0 NOTYPE  LOCAL  DEFAULT    4 $d
   361: 0000e528     0 NOTYPE  LOCAL  DEFAULT    4 $t
   362: 0000e564     0 NOTYPE  LOCAL  DEFAULT    4 $d
   363: 0000e570     0 NOTYPE  LOCAL  DEFAULT    4 $t
   364: 0000e59c     0 NOTYPE  LOCAL  DEFAULT    4 $d
   365: 0000e5a4     0 NOTYPE  LOCAL  DEFAULT    4 $t
   366: 0000e5d0     0 NOTYPE  LOCAL  DEFAULT    4 $d
   367: 0000e5d8     0 NOTYPE  LOCAL  DEFAULT    4 $t
   368: 0000e690     0 NOTYPE  LOCAL  DEFAULT    4 $d
   369: 0000e6a0     0 NOTYPE  LOCAL  DEFAULT    4 $t
   370: 0000e6a8     0 NOTYPE  LOCAL  DEFAULT    4 $d
   371: 0000e6ac     0 NOTYPE  LOCAL  DEFAULT    4 $t
   372: 0000e6d4     0 NOTYPE  LOCAL  DEFAULT    4 $d
   373: 0000e6d8     0 NOTYPE  LOCAL  DEFAULT    4 $t
   374: 0000e734     0 NOTYPE  LOCAL  DEFAULT    4 $d
   375: 0000e748     0 NOTYPE  LOCAL  DEFAULT    4 $t
   376: 0000e81c     0 NOTYPE  LOCAL  DEFAULT    4 $d
   377: 0000e830     0 NOTYPE  LOCAL  DEFAULT    4 $t
   378: 0000e838     0 NOTYPE  LOCAL  DEFAULT    4 $d
   379: 0000e83c     0 NOTYPE  LOCAL  DEFAULT    4 $t
   380: 0000e864     0 NOTYPE  LOCAL  DEFAULT    4 $d
   381: 0000e868     0 NOTYPE  LOCAL  DEFAULT    4 $t
   382: 0000e869   124 FUNC    LOCAL  DEFAULT    4 _GLOBAL__sub_I__ZN7arduino12ZephyrSerial5beginEmt
   383: 0000e8c4     0 NOTYPE  LOCAL  DEFAULT    4 $d
   384: 00000024     0 NOTYPE  LOCAL  DEFAULT   12 $d
   385: 00000338     0 NOTYPE  LOCAL  DEFAULT    1 $d
   386: 00028df0     0 NOTYPE  LOCAL  DEFAULT    9 $d
   387: 0002965c     0 NOTYPE  LOCAL  DEFAULT    9 $d
   388: 00029ec8     0 NOTYPE  LOCAL  DEFAULT    9 $d
   389: 00001ce0     0 NOTYPE  LOCAL  DEFAULT    4 $t
   390: 00001d48     0 NOTYPE  LOCAL  DEFAULT    4 $d
   391: 00001d4c     0 NOTYPE  LOCAL  DEFAULT    4 $t
   392: 00001dc0     0 NOTYPE  LOCAL  DEFAULT    4 $t
   393: 00001dcc     0 NOTYPE  LOCAL  DEFAULT    4 $t
   394: 00001e44     0 NOTYPE  LOCAL  DEFAULT    4 $d
   395: 00001e48     0 NOTYPE  LOCAL  DEFAULT    4 $t
   396: 00001e54     0 NOTYPE  LOCAL  DEFAULT    4 $d
   397: 00001e58     0 NOTYPE  LOCAL  DEFAULT    4 $t
   398: 00001e64     0 NOTYPE  LOCAL  DEFAULT    4 $d
   399: 00001e68     0 NOTYPE  LOCAL  DEFAULT    4 $t
   400: 00001f18     0 NOTYPE  LOCAL  DEFAULT    4 $d
   401: 00001f2c     0 NOTYPE  LOCAL  DEFAULT    4 $t
   402: 00001fc4     0 NOTYPE  LOCAL  DEFAULT    4 $d
   403: 00001fd0     0 NOTYPE  LOCAL  DEFAULT    4 $t
   404: 00002034     0 NOTYPE  LOCAL  DEFAULT    4 $d
   405: 0000203c     0 NOTYPE  LOCAL  DEFAULT    4 $t
   406: 000020b0     0 NOTYPE  LOCAL  DEFAULT    4 $d
   407: 000020c4     0 NOTYPE  LOCAL  DEFAULT    4 $t
   408: 00002114     0 NOTYPE  LOCAL  DEFAULT    4 $d
   409: 00002128     0 NOTYPE  LOCAL  DEFAULT    4 $t
   410: 0000220c     0 NOTYPE  LOCAL  DEFAULT    4 $d
   411: 0000222c     0 NOTYPE  LOCAL  DEFAULT    4 $t
   412: 00002238     0 NOTYPE  LOCAL  DEFAULT    4 $d
   413: 0000223c     0 NOTYPE  LOCAL  DEFAULT    4 $t
   414: 00002278     0 NOTYPE  LOCAL  DEFAULT    4 $d
   415: 00002280     0 NOTYPE  LOCAL  DEFAULT    4 $t
   416: 00002290     0 NOTYPE  LOCAL  DEFAULT    4 $d
   417: 00002294     0 NOTYPE  LOCAL  DEFAULT    4 $t
   418: 00002354     0 NOTYPE  LOCAL  DEFAULT    4 $d
   419: 00002368     0 NOTYPE  LOCAL  DEFAULT    4 $t
   420: 00002376     0 NOTYPE  LOCAL  DEFAULT    4 $t
   421: 0000238e     0 NOTYPE  LOCAL  DEFAULT    4 $t
   422: 000023b6     0 NOTYPE  LOCAL  DEFAULT    4 $t
   423: 000023cc     0 NOTYPE  LOCAL  DEFAULT    4 $t
   424: 000023de     0 NOTYPE  LOCAL  DEFAULT    4 $d
   425: 00002428     0 NOTYPE  LOCAL  DEFAULT    4 $d
   426: 00002434     0 NOTYPE  LOCAL  DEFAULT    4 $t
   427: 00002446     0 NOTYPE  LOCAL  DEFAULT    4 $d
   428: 0000249c     0 NOTYPE  LOCAL  DEFAULT    4 $d
   429: 000024ac     0 NOTYPE  LOCAL  DEFAULT    4 $t
   430: 00002598     0 NOTYPE  LOCAL  DEFAULT    4 $d
   431: 000025a4     0 NOTYPE  LOCAL  DEFAULT    4 $t
   432: 000023e3     0 NOTYPE  LOCAL  DEFAULT    4 $d
   433: 000023e4     0 NOTYPE  LOCAL  DEFAULT    4 $t
   434: 0000244b     0 NOTYPE  LOCAL  DEFAULT    4 $d
   435: 0000244c     0 NOTYPE  LOCAL  DEFAULT    4 $t
   436: 000025c4     0 NOTYPE  LOCAL  DEFAULT    4 $t
   437: 000025c5    94 FUNC    LOCAL  DEFAULT    4 _ZN4edge5Guard4stepEhbb.part.0
   438: 00002622     0 NOTYPE  LOCAL  DEFAULT    4 $t
   439: 00002658     0 NOTYPE  LOCAL  DEFAULT    4 $t
   440: 00002690     0 NOTYPE  LOCAL  DEFAULT    4 $d
   441: 00002694     0 NOTYPE  LOCAL  DEFAULT    4 $t
   442: 000026a0     0 NOTYPE  LOCAL  DEFAULT    4 $t
   443: 000026b6     0 NOTYPE  LOCAL  DEFAULT    4 $d
   444: 0000272c     0 NOTYPE  LOCAL  DEFAULT    4 $d
   445: 00002748     0 NOTYPE  LOCAL  DEFAULT    4 $t
   446: 0000275a     0 NOTYPE  LOCAL  DEFAULT    4 $d
   447: 0000275e     0 NOTYPE  LOCAL  DEFAULT    4 $t
   448: 00002790     0 NOTYPE  LOCAL  DEFAULT    4 $d
   449: 00002794     0 NOTYPE  LOCAL  DEFAULT    4 $t
   450: 000027a8     0 NOTYPE  LOCAL  DEFAULT    4 $d
   451: 000027ac     0 NOTYPE  LOCAL  DEFAULT    4 $t
   452: 00002808     0 NOTYPE  LOCAL  DEFAULT    4 $d
   453: 00002818     0 NOTYPE  LOCAL  DEFAULT    4 $t
   454: 00002880     0 NOTYPE  LOCAL  DEFAULT    4 $d
   455: 00002884     0 NOTYPE  LOCAL  DEFAULT    4 $t
   456: 0000297c     0 NOTYPE  LOCAL  DEFAULT    4 $d
   457: 0000298c     0 NOTYPE  LOCAL  DEFAULT    4 $t
   458: 000029b0     0 NOTYPE  LOCAL  DEFAULT    4 $d
   459: 000029b8     0 NOTYPE  LOCAL  DEFAULT    4 $t
   460: 000029de     0 NOTYPE  LOCAL  DEFAULT    4 $d
   461: 000029ea     0 NOTYPE  LOCAL  DEFAULT    4 $t
   462: 00002a90     0 NOTYPE  LOCAL  DEFAULT    4 $d
   463: 00002aa4     0 NOTYPE  LOCAL  DEFAULT    4 $t
   464: 00002b14     0 NOTYPE  LOCAL  DEFAULT    4 $d
   465: 00002b24     0 NOTYPE  LOCAL  DEFAULT    4 $t
   466: 00002b94     0 NOTYPE  LOCAL  DEFAULT    4 $d
   467: 00002ba4     0 NOTYPE  LOCAL  DEFAULT    4 $t
   468: 00002bd4     0 NOTYPE  LOCAL  DEFAULT    4 $t
   469: 00002c3c     0 NOTYPE  LOCAL  DEFAULT    4 $d
   470: 00002c40     0 NOTYPE  LOCAL  DEFAULT    4 $t
   471: 00002e0c     0 NOTYPE  LOCAL  DEFAULT    4 $d
   472: 00002e24     0 NOTYPE  LOCAL  DEFAULT    4 $t
   473: 00002ed0     0 NOTYPE  LOCAL  DEFAULT    4 $d
   474: 00002ee4     0 NOTYPE  LOCAL  DEFAULT    4 $t
   475: 00002f7c     0 NOTYPE  LOCAL  DEFAULT    4 $d
   476: 00002f88     0 NOTYPE  LOCAL  DEFAULT    4 $t
   477: 0000313c     0 NOTYPE  LOCAL  DEFAULT    4 $d
   478: 00000008     0 NOTYPE  LOCAL  DEFAULT    3 $d
   479: 000026bb     0 NOTYPE  LOCAL  DEFAULT    4 $d
   480: 000026bc     0 NOTYPE  LOCAL  DEFAULT    4 $t
   481: 00003158     0 NOTYPE  LOCAL  DEFAULT    4 $t
   482: 00003159   120 FUNC    LOCAL  DEFAULT    4 _ZN3fsm12_GLOBAL__N_115wrapHeadingViewEd
   483: 000031a8     0 NOTYPE  LOCAL  DEFAULT    4 $d
   484: 000031d0     0 NOTYPE  LOCAL  DEFAULT    4 $t
   485: 000031d1   196 FUNC    LOCAL  DEFAULT    4 _ZN3fsm12_GLOBAL__N_117normalizedHeadingEf
   486: 00003258     0 NOTYPE  LOCAL  DEFAULT    4 $d
   487: 00003294     0 NOTYPE  LOCAL  DEFAULT    4 $t
   488: 000032e4     0 NOTYPE  LOCAL  DEFAULT    4 $d
   489: 000032e8     0 NOTYPE  LOCAL  DEFAULT    4 $t
   490: 0000333c     0 NOTYPE  LOCAL  DEFAULT    4 $d
   491: 00003340     0 NOTYPE  LOCAL  DEFAULT    4 $t
   492: 00003348     0 NOTYPE  LOCAL  DEFAULT    4 $t
   493: 0000344c     0 NOTYPE  LOCAL  DEFAULT    4 $d
   494: 0000345c     0 NOTYPE  LOCAL  DEFAULT    4 $t
   495: 000034a8     0 NOTYPE  LOCAL  DEFAULT    4 $d
   496: 000034b4     0 NOTYPE  LOCAL  DEFAULT    4 $t
   497: 000034b8     0 NOTYPE  LOCAL  DEFAULT    4 $t
   498: 000034f8     0 NOTYPE  LOCAL  DEFAULT    4 $d
   499: 00003508     0 NOTYPE  LOCAL  DEFAULT    4 $t
   500: 00003540     0 NOTYPE  LOCAL  DEFAULT    4 $d
   501: 00003548     0 NOTYPE  LOCAL  DEFAULT    4 $t
   502: 0000367c     0 NOTYPE  LOCAL  DEFAULT    4 $d
   503: 000036c0     0 NOTYPE  LOCAL  DEFAULT    4 $t
   504: 00003714     0 NOTYPE  LOCAL  DEFAULT    4 $d
   505: 00003728     0 NOTYPE  LOCAL  DEFAULT    4 $t
   506: 00003768     0 NOTYPE  LOCAL  DEFAULT    4 $d
   507: 00003770     0 NOTYPE  LOCAL  DEFAULT    4 $t
   508: 000037d8     0 NOTYPE  LOCAL  DEFAULT    4 $d
   509: 000037dc     0 NOTYPE  LOCAL  DEFAULT    4 $t
   510: 000038fc     0 NOTYPE  LOCAL  DEFAULT    4 $d
   511: 0000390c     0 NOTYPE  LOCAL  DEFAULT    4 $t
   512: 00003930     0 NOTYPE  LOCAL  DEFAULT    4 $d
   513: 00003938     0 NOTYPE  LOCAL  DEFAULT    4 $t
   514: 00003af8     0 NOTYPE  LOCAL  DEFAULT    4 $d
   515: 00003b54     0 NOTYPE  LOCAL  DEFAULT    4 $t
   516: 00003bdc     0 NOTYPE  LOCAL  DEFAULT    4 $d
   517: 00003be0     0 NOTYPE  LOCAL  DEFAULT    4 $t
   518: 00003c1c     0 NOTYPE  LOCAL  DEFAULT    4 $d
   519: 00003c28     0 NOTYPE  LOCAL  DEFAULT    4 $t
   520: 00003c80     0 NOTYPE  LOCAL  DEFAULT    4 $d
   521: 00003c94     0 NOTYPE  LOCAL  DEFAULT    4 $t
   522: 00003ca6     0 NOTYPE  LOCAL  DEFAULT    4 $d
   523: 00003caa     0 NOTYPE  LOCAL  DEFAULT    4 $t
   524: 00003cd0     0 NOTYPE  LOCAL  DEFAULT    4 $d
   525: 00003cdc     0 NOTYPE  LOCAL  DEFAULT    4 $t
   526: 00003d34     0 NOTYPE  LOCAL  DEFAULT    4 $d
   527: 00003d44     0 NOTYPE  LOCAL  DEFAULT    4 $t
   528: 00003d78     0 NOTYPE  LOCAL  DEFAULT    4 $d
   529: 00003d7e     0 NOTYPE  LOCAL  DEFAULT    4 $t
   530: 00003dc4     0 NOTYPE  LOCAL  DEFAULT    4 $d
   531: 00003dc8     0 NOTYPE  LOCAL  DEFAULT    4 $t
   532: 00003f6c     0 NOTYPE  LOCAL  DEFAULT    4 $d
   533: 00003f84     0 NOTYPE  LOCAL  DEFAULT    4 $t
   534: 00003fac     0 NOTYPE  LOCAL  DEFAULT    4 $d
   535: 00003fb4     0 NOTYPE  LOCAL  DEFAULT    4 $t
   536: 00004014     0 NOTYPE  LOCAL  DEFAULT    4 $d
   537: 00004024     0 NOTYPE  LOCAL  DEFAULT    4 $t
   538: 00004054     0 NOTYPE  LOCAL  DEFAULT    4 $d
   539: 00004058     0 NOTYPE  LOCAL  DEFAULT    4 $t
   540: 00004164     0 NOTYPE  LOCAL  DEFAULT    4 $d
   541: 00004180     0 NOTYPE  LOCAL  DEFAULT    4 $t
   542: 0000418c     0 NOTYPE  LOCAL  DEFAULT    4 $d
   543: 00004190     0 NOTYPE  LOCAL  DEFAULT    4 $t
   544: 00004238     0 NOTYPE  LOCAL  DEFAULT    4 $d
   545: 00004258     0 NOTYPE  LOCAL  DEFAULT    4 $t
   546: 00004270     0 NOTYPE  LOCAL  DEFAULT    4 $t
   547: 000042b0     0 NOTYPE  LOCAL  DEFAULT    4 $d
   548: 000042b4     0 NOTYPE  LOCAL  DEFAULT    4 $t
   549: 00004318     0 NOTYPE  LOCAL  DEFAULT    4 $t
   550: 000043c0     0 NOTYPE  LOCAL  DEFAULT    4 $d
   551: 000043e8     0 NOTYPE  LOCAL  DEFAULT    4 $t
   552: 00004490     0 NOTYPE  LOCAL  DEFAULT    4 $d
   553: 000044bc     0 NOTYPE  LOCAL  DEFAULT    4 $t
   554: 000045e0     0 NOTYPE  LOCAL  DEFAULT    4 $d
   555: 000045f4     0 NOTYPE  LOCAL  DEFAULT    4 $t
   556: 00004620     0 NOTYPE  LOCAL  DEFAULT    4 $d
   557: 00004624     0 NOTYPE  LOCAL  DEFAULT    4 $t
   558: 00004638     0 NOTYPE  LOCAL  DEFAULT    4 $d
   559: 00000040     0 NOTYPE  LOCAL  DEFAULT    3 $d
   560: 000048e0     0 NOTYPE  LOCAL  DEFAULT    4 $t
   561: 00004908     0 NOTYPE  LOCAL  DEFAULT    4 $d
   562: 00004910     0 NOTYPE  LOCAL  DEFAULT    4 $t
   563: 00004986     0 NOTYPE  LOCAL  DEFAULT    4 $t
   564: 000049e4     0 NOTYPE  LOCAL  DEFAULT    4 $t
   565: 00004b1c     0 NOTYPE  LOCAL  DEFAULT    4 $d
   566: 00004b2c     0 NOTYPE  LOCAL  DEFAULT    4 $t
   567: 00004bdc     0 NOTYPE  LOCAL  DEFAULT    4 $d
   568: 00004be4     0 NOTYPE  LOCAL  DEFAULT    4 $t
   569: 00004c4c     0 NOTYPE  LOCAL  DEFAULT    4 $d
   570: 00000074     0 NOTYPE  LOCAL  DEFAULT    3 $d
   571: 000052c8     0 NOTYPE  LOCAL  DEFAULT    4 $t
   572: 000052c9    60 FUNC    LOCAL  DEFAULT    4 _ZN3fsm12_GLOBAL__N_19validDutyEf
   573: 00005300     0 NOTYPE  LOCAL  DEFAULT    4 $d
   574: 00005304     0 NOTYPE  LOCAL  DEFAULT    4 $t
   575: 00005305    92 FUNC    LOCAL  DEFAULT    4 _ZN3fsm12_GLOBAL__N_112allowedWheelEff
   576: 0000535c     0 NOTYPE  LOCAL  DEFAULT    4 $d
   577: 00005360     0 NOTYPE  LOCAL  DEFAULT    4 $t
   578: 00005454     0 NOTYPE  LOCAL  DEFAULT    4 $d
   579: 00005458     0 NOTYPE  LOCAL  DEFAULT    4 $t
   580: 00005484     0 NOTYPE  LOCAL  DEFAULT    4 $d
   581: 00005488     0 NOTYPE  LOCAL  DEFAULT    4 $t
   582: 000054a8     0 NOTYPE  LOCAL  DEFAULT    4 $t
   583: 00005554     0 NOTYPE  LOCAL  DEFAULT    4 $d
   584: 00005560     0 NOTYPE  LOCAL  DEFAULT    4 $t
   585: 000055c8     0 NOTYPE  LOCAL  DEFAULT    4 $d
   586: 000055d0     0 NOTYPE  LOCAL  DEFAULT    4 $t
   587: 00005770     0 NOTYPE  LOCAL  DEFAULT    4 $d
   588: 00005798     0 NOTYPE  LOCAL  DEFAULT    4 $t
   589: 00005880     0 NOTYPE  LOCAL  DEFAULT    4 $d
   590: 00005894     0 NOTYPE  LOCAL  DEFAULT    4 $t
   591: 00005954     0 NOTYPE  LOCAL  DEFAULT    4 $d
   592: 0000595c     0 NOTYPE  LOCAL  DEFAULT    4 $t
   593: 000059f0     0 NOTYPE  LOCAL  DEFAULT    4 $d
   594: 000059f4     0 NOTYPE  LOCAL  DEFAULT    4 $t
   595: 00005ae8     0 NOTYPE  LOCAL  DEFAULT    4 $d
   596: 00005af0     0 NOTYPE  LOCAL  DEFAULT    4 $t
   597: 00005b38     0 NOTYPE  LOCAL  DEFAULT    4 $d
   598: 00005b40     0 NOTYPE  LOCAL  DEFAULT    4 $t
   599: 00005da0     0 NOTYPE  LOCAL  DEFAULT    4 $d
   600: 00005dbc     0 NOTYPE  LOCAL  DEFAULT    4 $t
   601: 00005e60     0 NOTYPE  LOCAL  DEFAULT    4 $d
   602: 00005e64     0 NOTYPE  LOCAL  DEFAULT    4 $t
   603: 00005f3c     0 NOTYPE  LOCAL  DEFAULT    4 $d
   604: 00005f48     0 NOTYPE  LOCAL  DEFAULT    4 $t
   605: 00005f94     0 NOTYPE  LOCAL  DEFAULT    4 $d
   606: 00005fb0     0 NOTYPE  LOCAL  DEFAULT    4 $t
   607: 0000601c     0 NOTYPE  LOCAL  DEFAULT    4 $d
   608: 00006020     0 NOTYPE  LOCAL  DEFAULT    4 $t
   609: 00006080     0 NOTYPE  LOCAL  DEFAULT    4 $d
   610: 00006090     0 NOTYPE  LOCAL  DEFAULT    4 $t
   611: 00006128     0 NOTYPE  LOCAL  DEFAULT    4 $d
   612: 0000613c     0 NOTYPE  LOCAL  DEFAULT    4 $t
   613: 000061a0     0 NOTYPE  LOCAL  DEFAULT    4 $d
   614: 000061a4     0 NOTYPE  LOCAL  DEFAULT    4 $t
   615: 00006278     0 NOTYPE  LOCAL  DEFAULT    4 $d
   616: 00006288     0 NOTYPE  LOCAL  DEFAULT    4 $t
   617: 000062bc     0 NOTYPE  LOCAL  DEFAULT    4 $d
   618: 000062c8     0 NOTYPE  LOCAL  DEFAULT    4 $t
   619: 000063c8     0 NOTYPE  LOCAL  DEFAULT    4 $d
   620: 000063e0     0 NOTYPE  LOCAL  DEFAULT    4 $t
   621: 000063f8     0 NOTYPE  LOCAL  DEFAULT    4 $d
   622: 00006400     0 NOTYPE  LOCAL  DEFAULT    4 $t
   623: 000064e0     0 NOTYPE  LOCAL  DEFAULT    4 $d
   624: 000064f4     0 NOTYPE  LOCAL  DEFAULT    4 $t
   625: 0000655c     0 NOTYPE  LOCAL  DEFAULT    4 $d
   626: 00006564     0 NOTYPE  LOCAL  DEFAULT    4 $t
   627: 00006638     0 NOTYPE  LOCAL  DEFAULT    4 $d
   628: 00006650     0 NOTYPE  LOCAL  DEFAULT    4 $t
   629: 00006724     0 NOTYPE  LOCAL  DEFAULT    4 $d
   630: 00006730     0 NOTYPE  LOCAL  DEFAULT    4 $t
   631: 000067e8     0 NOTYPE  LOCAL  DEFAULT    4 $d
   632: 00006800     0 NOTYPE  LOCAL  DEFAULT    4 $t
   633: 00006988     0 NOTYPE  LOCAL  DEFAULT    4 $d
   634: 000069b0     0 NOTYPE  LOCAL  DEFAULT    4 $t
   635: 00006a9c     0 NOTYPE  LOCAL  DEFAULT    4 $d
   636: 00006aa8     0 NOTYPE  LOCAL  DEFAULT    4 $t
   637: 00006bc8     0 NOTYPE  LOCAL  DEFAULT    4 $d
   638: 00006be0     0 NOTYPE  LOCAL  DEFAULT    4 $t
   639: 00006ce4     0 NOTYPE  LOCAL  DEFAULT    4 $d
   640: 00006cec     0 NOTYPE  LOCAL  DEFAULT    4 $t
   641: 00006d74     0 NOTYPE  LOCAL  DEFAULT    4 $d
   642: 00006d80     0 NOTYPE  LOCAL  DEFAULT    4 $t
   643: 00006ddc     0 NOTYPE  LOCAL  DEFAULT    4 $d
   644: 00006de0     0 NOTYPE  LOCAL  DEFAULT    4 $t
   645: 00006e60     0 NOTYPE  LOCAL  DEFAULT    4 $d
   646: 00006e80     0 NOTYPE  LOCAL  DEFAULT    4 $t
   647: 00006fc8     0 NOTYPE  LOCAL  DEFAULT    4 $d
   648: 00006fd8     0 NOTYPE  LOCAL  DEFAULT    4 $t
   649: 00007178     0 NOTYPE  LOCAL  DEFAULT    4 $d
   650: 00007184     0 NOTYPE  LOCAL  DEFAULT    4 $t
   651: 000071ec     0 NOTYPE  LOCAL  DEFAULT    4 $d
   652: 000071f4     0 NOTYPE  LOCAL  DEFAULT    4 $t
   653: 000072fc     0 NOTYPE  LOCAL  DEFAULT    4 $d
   654: 0000730c     0 NOTYPE  LOCAL  DEFAULT    4 $t
   655: 00007414     0 NOTYPE  LOCAL  DEFAULT    4 $d
   656: 00007428     0 NOTYPE  LOCAL  DEFAULT    4 $t
   657: 0000753c     0 NOTYPE  LOCAL  DEFAULT    4 $d
   658: 00000088     0 NOTYPE  LOCAL  DEFAULT    3 $d
   659: 00009278     0 NOTYPE  LOCAL  DEFAULT    4 $t
   660: 00009279   192 FUNC    LOCAL  DEFAULT    4 _ZN10opp_fusion12_GLOBAL__N_112worldBearingEff
   661: 00009300     0 NOTYPE  LOCAL  DEFAULT    4 $d
   662: 00009338     0 NOTYPE  LOCAL  DEFAULT    4 $t
   663: 00009348     0 NOTYPE  LOCAL  DEFAULT    4 $d
   664: 0000937c     0 NOTYPE  LOCAL  DEFAULT    4 $d
   665: 00009394     0 NOTYPE  LOCAL  DEFAULT    4 $t
   666: 00009418     0 NOTYPE  LOCAL  DEFAULT    4 $t
   667: 00009454     0 NOTYPE  LOCAL  DEFAULT    4 $t
   668: 00009578     0 NOTYPE  LOCAL  DEFAULT    4 $d
   669: 000095a0     0 NOTYPE  LOCAL  DEFAULT    4 $t
   670: 0000968c     0 NOTYPE  LOCAL  DEFAULT    4 $d
   671: 000096a8     0 NOTYPE  LOCAL  DEFAULT    4 $t
   672: 000096f0     0 NOTYPE  LOCAL  DEFAULT    4 $d
   673: 000096f4     0 NOTYPE  LOCAL  DEFAULT    4 $t
   674: 0000970c     0 NOTYPE  LOCAL  DEFAULT    4 $d
   675: 00009710     0 NOTYPE  LOCAL  DEFAULT    4 $t
   676: 00009784     0 NOTYPE  LOCAL  DEFAULT    4 $d
   677: 00009794     0 NOTYPE  LOCAL  DEFAULT    4 $t
   678: 000098e0     0 NOTYPE  LOCAL  DEFAULT    4 $d
   679: 000098f8     0 NOTYPE  LOCAL  DEFAULT    4 $t
   680: 00009a3c     0 NOTYPE  LOCAL  DEFAULT    4 $d
   681: 00009a5c     0 NOTYPE  LOCAL  DEFAULT    4 $t
   682: 00009be4     0 NOTYPE  LOCAL  DEFAULT    4 $d
   683: 00009c00     0 NOTYPE  LOCAL  DEFAULT    4 $t
   684: 00009c2c     0 NOTYPE  LOCAL  DEFAULT    4 $d
   685: 00009c30     0 NOTYPE  LOCAL  DEFAULT    4 $t
   686: 00009c78     0 NOTYPE  LOCAL  DEFAULT    4 $d
   687: 00009c7c     0 NOTYPE  LOCAL  DEFAULT    4 $t
   688: 000000d8     0 NOTYPE  LOCAL  DEFAULT    3 $d
   689: 0000934f     0 NOTYPE  LOCAL  DEFAULT    4 $d
   690: 00009350     0 NOTYPE  LOCAL  DEFAULT    4 $t
   691: 00000000     0 NOTYPE  LOCAL  DEFAULT    4 $t
   692: 00000001    16 FUNC    LOCAL  DEFAULT    4 __tcf_0
   693: 00000008     0 NOTYPE  LOCAL  DEFAULT    4 $d
   694: 00000010     0 NOTYPE  LOCAL  DEFAULT    4 $t
   695: 00000011    32 FUNC    LOCAL  DEFAULT    4 _ZNSt12_Vector_baseIhSaIhEE11_M_allocateEj.isra.0
   696: 00000028     0 NOTYPE  LOCAL  DEFAULT    4 $d
   697: 00000030     0 NOTYPE  LOCAL  DEFAULT    4 $t
   698: 00000046     0 NOTYPE  LOCAL  DEFAULT    4 $t
   699: 00000064     0 NOTYPE  LOCAL  DEFAULT    4 $t
   700: 00000068     0 NOTYPE  LOCAL  DEFAULT    4 $d
   701: 0000006c     0 NOTYPE  LOCAL  DEFAULT    4 $t
   702: 00000070     0 NOTYPE  LOCAL  DEFAULT    4 $d
   703: 00000074     0 NOTYPE  LOCAL  DEFAULT    4 $t
   704: 00000088     0 NOTYPE  LOCAL  DEFAULT    4 $d
   705: 0000008c     0 NOTYPE  LOCAL  DEFAULT    4 $t
   706: 0000008d    20 FUNC    LOCAL  DEFAULT    4 __tcf_2
   707: 00000098     0 NOTYPE  LOCAL  DEFAULT    4 $d
   708: 000000a0     0 NOTYPE  LOCAL  DEFAULT    4 $t
   709: 000000a1    20 FUNC    LOCAL  DEFAULT    4 __tcf_1
   710: 000000ac     0 NOTYPE  LOCAL  DEFAULT    4 $d
   711: 000000b4     0 NOTYPE  LOCAL  DEFAULT    4 $t
   712: 000000d4     0 NOTYPE  LOCAL  DEFAULT    4 $t
   713: 00000124     0 NOTYPE  LOCAL  DEFAULT    4 $d
   714: 00000128     0 NOTYPE  LOCAL  DEFAULT    4 $t
   715: 00000134     0 NOTYPE  LOCAL  DEFAULT    4 $d
   716: 00000138     0 NOTYPE  LOCAL  DEFAULT    4 $t
   717: 0000018c     0 NOTYPE  LOCAL  DEFAULT    4 $d
   718: 00000190     0 NOTYPE  LOCAL  DEFAULT    4 $t
   719: 000001ec     0 NOTYPE  LOCAL  DEFAULT    4 $d
   720: 000001f0     0 NOTYPE  LOCAL  DEFAULT    4 $t
   721: 0000020c     0 NOTYPE  LOCAL  DEFAULT    4 $d
   722: 00000210     0 NOTYPE  LOCAL  DEFAULT    4 $t
   723: 0000022c     0 NOTYPE  LOCAL  DEFAULT    4 $d
   724: 00000230     0 NOTYPE  LOCAL  DEFAULT    4 $t
   725: 00000280     0 NOTYPE  LOCAL  DEFAULT    4 $d
   726: 00000284     0 NOTYPE  LOCAL  DEFAULT    4 $t
   727: 000002dc     0 NOTYPE  LOCAL  DEFAULT    4 $d
   728: 000002e8     0 NOTYPE  LOCAL  DEFAULT    4 $t
   729: 00000348     0 NOTYPE  LOCAL  DEFAULT    4 $d
   730: 00000354     0 NOTYPE  LOCAL  DEFAULT    4 $t
   731: 00000398     0 NOTYPE  LOCAL  DEFAULT    4 $d
   732: 000003a0     0 NOTYPE  LOCAL  DEFAULT    4 $t
   733: 000003e0     0 NOTYPE  LOCAL  DEFAULT    4 $d
   734: 000003e8     0 NOTYPE  LOCAL  DEFAULT    4 $t
   735: 00000428     0 NOTYPE  LOCAL  DEFAULT    4 $d
   736: 00000430     0 NOTYPE  LOCAL  DEFAULT    4 $t
   737: 00000460     0 NOTYPE  LOCAL  DEFAULT    4 $t
   738: 000004a0     0 NOTYPE  LOCAL  DEFAULT    4 $d
   739: 000004a8     0 NOTYPE  LOCAL  DEFAULT    4 $t
   740: 000004dc     0 NOTYPE  LOCAL  DEFAULT    4 $t
   741: 000004f4     0 NOTYPE  LOCAL  DEFAULT    4 $d
   742: 000005e0     0 NOTYPE  LOCAL  DEFAULT    4 $d
   743: 000005f0     0 NOTYPE  LOCAL  DEFAULT    4 $t
   744: 00000658     0 NOTYPE  LOCAL  DEFAULT    4 $d
   745: 00000668     0 NOTYPE  LOCAL  DEFAULT    4 $t
   746: 000006a8     0 NOTYPE  LOCAL  DEFAULT    4 $d
   747: 000006b0     0 NOTYPE  LOCAL  DEFAULT    4 $t
   748: 00000718     0 NOTYPE  LOCAL  DEFAULT    4 $d
   749: 00000728     0 NOTYPE  LOCAL  DEFAULT    4 $t
   750: 00000764     0 NOTYPE  LOCAL  DEFAULT    4 $t
   751: 000007a8     0 NOTYPE  LOCAL  DEFAULT    4 $d
   752: 000007b0     0 NOTYPE  LOCAL  DEFAULT    4 $t
   753: 000007d0     0 NOTYPE  LOCAL  DEFAULT    4 $t
   754: 00000810     0 NOTYPE  LOCAL  DEFAULT    4 $d
   755: 00000818     0 NOTYPE  LOCAL  DEFAULT    4 $t
   756: 0000083c     0 NOTYPE  LOCAL  DEFAULT    4 $d
   757: 00000844     0 NOTYPE  LOCAL  DEFAULT    4 $t
   758: 00000868     0 NOTYPE  LOCAL  DEFAULT    4 $d
   759: 00000870     0 NOTYPE  LOCAL  DEFAULT    4 $t
   760: 000008a4     0 NOTYPE  LOCAL  DEFAULT    4 $d
   761: 000008b0     0 NOTYPE  LOCAL  DEFAULT    4 $t
   762: 000008d0     0 NOTYPE  LOCAL  DEFAULT    4 $t
   763: 00000908     0 NOTYPE  LOCAL  DEFAULT    4 $d
   764: 00000910     0 NOTYPE  LOCAL  DEFAULT    4 $t
   765: 00000a58     0 NOTYPE  LOCAL  DEFAULT    4 $d
   766: 00000a84     0 NOTYPE  LOCAL  DEFAULT    4 $t
   767: 00000b30     0 NOTYPE  LOCAL  DEFAULT    4 $d
   768: 00000b48     0 NOTYPE  LOCAL  DEFAULT    4 $t
   769: 00000b5c     0 NOTYPE  LOCAL  DEFAULT    4 $d
   770: 00000b60     0 NOTYPE  LOCAL  DEFAULT    4 $t
   771: 00000be0     0 NOTYPE  LOCAL  DEFAULT    4 $d
   772: 00000bf8     0 NOTYPE  LOCAL  DEFAULT    4 $t
   773: 00000c64     0 NOTYPE  LOCAL  DEFAULT    4 $d
   774: 00000c70     0 NOTYPE  LOCAL  DEFAULT    4 $t
   775: 00000ca4     0 NOTYPE  LOCAL  DEFAULT    4 $d
   776: 00000ca8     0 NOTYPE  LOCAL  DEFAULT    4 $t
   777: 00000ca9   140 FUNC    LOCAL  DEFAULT    4 _ZNSt6vectorIhSaIhEE12emplace_backIJhEEERhDpOT_.isra.0
   778: 00000d1c     0 NOTYPE  LOCAL  DEFAULT    4 $d
   779: 00000d34     0 NOTYPE  LOCAL  DEFAULT    4 $t
   780: 00000d35    24 FUNC    LOCAL  DEFAULT    4 _ZN7arduino7msgpack6Packer11packRawByteERKNS0_4TypeE.isra.0
   781: 00000d48     0 NOTYPE  LOCAL  DEFAULT    4 $d
   782: 00000d4c     0 NOTYPE  LOCAL  DEFAULT    4 $t
   783: 00000d4d   140 FUNC    LOCAL  DEFAULT    4 _ZNSt6vectorIhSaIhEE12emplace_backIJRKhEEERhDpOT_.isra.0
   784: 00000dc0     0 NOTYPE  LOCAL  DEFAULT    4 $d
   785: 00000dd8     0 NOTYPE  LOCAL  DEFAULT    4 $t
   786: 00000dfc     0 NOTYPE  LOCAL  DEFAULT    4 $d
   787: 00000e04     0 NOTYPE  LOCAL  DEFAULT    4 $t
   788: 00000e05   140 FUNC    LOCAL  DEFAULT    4 _ZNSt6vectorIhSaIhEE12emplace_backIJRhEEES3_DpOT_.isra.0
   789: 00000e78     0 NOTYPE  LOCAL  DEFAULT    4 $d
   790: 00000e90     0 NOTYPE  LOCAL  DEFAULT    4 $t
   791: 00000ea8     0 NOTYPE  LOCAL  DEFAULT    4 $d
   792: 00000eac     0 NOTYPE  LOCAL  DEFAULT    4 $t
   793: 00000ecc     0 NOTYPE  LOCAL  DEFAULT    4 $d
   794: 00000ed4     0 NOTYPE  LOCAL  DEFAULT    4 $t
   795: 00000eec     0 NOTYPE  LOCAL  DEFAULT    4 $d
   796: 00000ef0     0 NOTYPE  LOCAL  DEFAULT    4 $t
   797: 00000f38     0 NOTYPE  LOCAL  DEFAULT    4 $d
   798: 00000f48     0 NOTYPE  LOCAL  DEFAULT    4 $t
   799: 00000f6c     0 NOTYPE  LOCAL  DEFAULT    4 $d
   800: 00000f74     0 NOTYPE  LOCAL  DEFAULT    4 $t
   801: 00000ffc     0 NOTYPE  LOCAL  DEFAULT    4 $d
   802: 00001014     0 NOTYPE  LOCAL  DEFAULT    4 $t
   803: 0000104c     0 NOTYPE  LOCAL  DEFAULT    4 $d
   804: 000010b8     0 NOTYPE  LOCAL  DEFAULT    4 $d
   805: 000010e4     0 NOTYPE  LOCAL  DEFAULT    4 $t
   806: 0000111c     0 NOTYPE  LOCAL  DEFAULT    4 $d
   807: 00001124     0 NOTYPE  LOCAL  DEFAULT    4 $t
   808: 0000115e     0 NOTYPE  LOCAL  DEFAULT    4 $d
   809: 000011f8     0 NOTYPE  LOCAL  DEFAULT    4 $d
   810: 00001240     0 NOTYPE  LOCAL  DEFAULT    4 $t
   811: 0000127a     0 NOTYPE  LOCAL  DEFAULT    4 $d
   812: 00001308     0 NOTYPE  LOCAL  DEFAULT    4 $d
   813: 00001358     0 NOTYPE  LOCAL  DEFAULT    4 $t
   814: 000013a8     0 NOTYPE  LOCAL  DEFAULT    4 $t
   815: 000013cc     0 NOTYPE  LOCAL  DEFAULT    4 $d
   816: 000013d0     0 NOTYPE  LOCAL  DEFAULT    4 $t
   817: 000013f4     0 NOTYPE  LOCAL  DEFAULT    4 $d
   818: 000013f8     0 NOTYPE  LOCAL  DEFAULT    4 $t
   819: 000014f0     0 NOTYPE  LOCAL  DEFAULT    4 $d
   820: 00001518     0 NOTYPE  LOCAL  DEFAULT    4 $t
   821: 00001552     0 NOTYPE  LOCAL  DEFAULT    4 $d
   822: 00001564     0 NOTYPE  LOCAL  DEFAULT    4 $t
   823: 00001674     0 NOTYPE  LOCAL  DEFAULT    4 $d
   824: 00001690     0 NOTYPE  LOCAL  DEFAULT    4 $t
   825: 000018f4     0 NOTYPE  LOCAL  DEFAULT    4 $d
   826: 00001954     0 NOTYPE  LOCAL  DEFAULT    4 $t
   827: 00001b04     0 NOTYPE  LOCAL  DEFAULT    4 $d
   828: 00001b5c     0 NOTYPE  LOCAL  DEFAULT    4 $t
   829: 00001c7c     0 NOTYPE  LOCAL  DEFAULT    4 $d
   830: 00001c98     0 NOTYPE  LOCAL  DEFAULT    4 $t
   831: 00001c99    40 FUNC    LOCAL  DEFAULT    4 _GLOBAL__sub_I_setup
   832: 00001cb4     0 NOTYPE  LOCAL  DEFAULT    4 $d
   833: 00000000     0 NOTYPE  LOCAL  DEFAULT   12 $d
   834: 00001cc0     0 NOTYPE  LOCAL  DEFAULT    4 $t
   835: 00001cc1    32 FUNC    LOCAL  DEFAULT    4 _GLOBAL__sub_D_setup
   836: 00001cd4     0 NOTYPE  LOCAL  DEFAULT    4 $d
   837: 00000000     0 NOTYPE  LOCAL  DEFAULT   14 $d
   838: 00000000     0 NOTYPE  LOCAL  DEFAULT    9 $d
   839: 00000004     0 NOTYPE  LOCAL  DEFAULT    9 $d
   840: 00000030     0 NOTYPE  LOCAL  DEFAULT    9 $d
   841: 00000040     0 NOTYPE  LOCAL  DEFAULT    9 $d
   842: 00000044     0 NOTYPE  LOCAL  DEFAULT    9 $d
   843: 00000050     0 NOTYPE  LOCAL  DEFAULT    9 $d
   844: 00000054     0 NOTYPE  LOCAL  DEFAULT    9 $d
   845: 00000058     0 NOTYPE  LOCAL  DEFAULT    9 $d
   846: 0000005c     0 NOTYPE  LOCAL  DEFAULT    9 $d
   847: 00000068     0 NOTYPE  LOCAL  DEFAULT    9 $d
   848: 0000006c     0 NOTYPE  LOCAL  DEFAULT    9 $d
   849: 00000078     0 NOTYPE  LOCAL  DEFAULT    9 $d
   850: 00000080     0 NOTYPE  LOCAL  DEFAULT    9 $d
   851: 00000084     0 NOTYPE  LOCAL  DEFAULT    9 $d
   852: 00000088     0 NOTYPE  LOCAL  DEFAULT    9 $d
   853: 00000089     0 NOTYPE  LOCAL  DEFAULT    9 $d
   854: 00000555     0 NOTYPE  LOCAL  DEFAULT    4 $d
   855: 00000556     0 NOTYPE  LOCAL  DEFAULT    4 $t
   856: 00001061     0 NOTYPE  LOCAL  DEFAULT    4 $d
   857: 00001062     0 NOTYPE  LOCAL  DEFAULT    4 $t
   858: 00001175     0 NOTYPE  LOCAL  DEFAULT    4 $d
   859: 00001176     0 NOTYPE  LOCAL  DEFAULT    4 $t
   860: 00001291     0 NOTYPE  LOCAL  DEFAULT    4 $d
   861: 00001292     0 NOTYPE  LOCAL  DEFAULT    4 $t
   862: 0000eb30     0 NOTYPE  LOCAL  DEFAULT    4 $t
   863: 0000eb31    76 FUNC    LOCAL  DEFAULT    4 _ZNSs12_S_constructIPKcEEPcT_S3_RKSaIcESt20forward_iterator_tag.isra.0
   864: 0000eb74     0 NOTYPE  LOCAL  DEFAULT    4 $d
   865: 0000eb7c     0 NOTYPE  LOCAL  DEFAULT    4 $t
   866: 0000eb7d    36 FUNC    LOCAL  DEFAULT    4 _ZNSsC2EPKcRKSaIcE.isra.0
   867: 0000eba0     0 NOTYPE  LOCAL  DEFAULT    4 $t
   868: 0000ebc4     0 NOTYPE  LOCAL  DEFAULT    4 $d
   869: 0000ebc8     0 NOTYPE  LOCAL  DEFAULT    4 $t
   870: 0000ebd8     0 NOTYPE  LOCAL  DEFAULT    4 $d
   871: 0000ebdc     0 NOTYPE  LOCAL  DEFAULT    4 $t
   872: 0000ebf4     0 NOTYPE  LOCAL  DEFAULT    4 $t
   873: 0000ec0c     0 NOTYPE  LOCAL  DEFAULT    4 $t
   874: 0000ec18     0 NOTYPE  LOCAL  DEFAULT    4 $t
   875: 0000ec2c     0 NOTYPE  LOCAL  DEFAULT    4 $d
   876: 0000ec30     0 NOTYPE  LOCAL  DEFAULT    4 $t
   877: 0000ec88     0 NOTYPE  LOCAL  DEFAULT    4 $d
   878: 0000ec90     0 NOTYPE  LOCAL  DEFAULT    4 $t
   879: 0000ec94     0 NOTYPE  LOCAL  DEFAULT    4 $t
   880: 0000ecac     0 NOTYPE  LOCAL  DEFAULT    4 $d
   881: 0002a734     0 NOTYPE  LOCAL  DEFAULT    9 $d
   882: 0000ecb0     0 NOTYPE  LOCAL  DEFAULT    4 $t
   883: 0000ecb1     8 FUNC    LOCAL  DEFAULT    4 _ZNSt11char_traitsIcE4copyEPcPKcj.isra.0
   884: 0000ecb8     0 NOTYPE  LOCAL  DEFAULT    4 $t
   885: 0000ecca     0 NOTYPE  LOCAL  DEFAULT    4 $t
   886: 0000ecd8     0 NOTYPE  LOCAL  DEFAULT    4 $t
   887: 0000ed10     0 NOTYPE  LOCAL  DEFAULT    4 $d
   888: 0000ed14     0 NOTYPE  LOCAL  DEFAULT    4 $t
   889: 0000ed2a     0 NOTYPE  LOCAL  DEFAULT    4 $t
   890: 0000ed42     0 NOTYPE  LOCAL  DEFAULT    4 $t
   891: 0000ed54     0 NOTYPE  LOCAL  DEFAULT    4 $t
   892: 000089c0     0 NOTYPE  LOCAL  DEFAULT    4 $t
   893: 000089ec     0 NOTYPE  LOCAL  DEFAULT    4 $d
   894: 000089f4     0 NOTYPE  LOCAL  DEFAULT    4 $t
   895: 00008ab4     0 NOTYPE  LOCAL  DEFAULT    4 $d
   896: 00008abc     0 NOTYPE  LOCAL  DEFAULT    4 $t
   897: 00008ac8     0 NOTYPE  LOCAL  DEFAULT    4 $d
   898: 00000544    40 OBJECT  LOCAL  DEFAULT    3 _ZZNK7openers5Flank10definitionEvE11definitions
   899: 00008acc     0 NOTYPE  LOCAL  DEFAULT    4 $t
   900: 00008adc     0 NOTYPE  LOCAL  DEFAULT    4 $d
   901: 00008ae4     0 NOTYPE  LOCAL  DEFAULT    4 $t
   902: 00008b40     0 NOTYPE  LOCAL  DEFAULT    4 $d
   903: 00008b54     0 NOTYPE  LOCAL  DEFAULT    4 $t
   904: 00008bbc     0 NOTYPE  LOCAL  DEFAULT    4 $d
   905: 00008bd0     0 NOTYPE  LOCAL  DEFAULT    4 $t
   906: 00008c0a     0 NOTYPE  LOCAL  DEFAULT    4 $t
   907: 00008c20     0 NOTYPE  LOCAL  DEFAULT    4 $t
   908: 00008c5c     0 NOTYPE  LOCAL  DEFAULT    4 $d
   909: 00008c68     0 NOTYPE  LOCAL  DEFAULT    4 $t
   910: 00008cb4     0 NOTYPE  LOCAL  DEFAULT    4 $d
   911: 00008cc0     0 NOTYPE  LOCAL  DEFAULT    4 $t
   912: 00008d44     0 NOTYPE  LOCAL  DEFAULT    4 $d
   913: 00008d48     0 NOTYPE  LOCAL  DEFAULT    4 $t
   914: 00008e8c     0 NOTYPE  LOCAL  DEFAULT    4 $d
   915: 00008ea4     0 NOTYPE  LOCAL  DEFAULT    4 $t
   916: 00008ed0     0 NOTYPE  LOCAL  DEFAULT    4 $d
   917: 00008ed8     0 NOTYPE  LOCAL  DEFAULT    4 $t
   918: 00008f70     0 NOTYPE  LOCAL  DEFAULT    4 $d
   919: 00008f80     0 NOTYPE  LOCAL  DEFAULT    4 $t
   920: 00008fd4     0 NOTYPE  LOCAL  DEFAULT    4 $d
   921: 00008fe0     0 NOTYPE  LOCAL  DEFAULT    4 $t
   922: 00009050     0 NOTYPE  LOCAL  DEFAULT    4 $d
   923: 00009054     0 NOTYPE  LOCAL  DEFAULT    4 $t
   924: 0000909c     0 NOTYPE  LOCAL  DEFAULT    4 $d
   925: 000090a0     0 NOTYPE  LOCAL  DEFAULT    4 $t
   926: 000090f0     0 NOTYPE  LOCAL  DEFAULT    4 $t
   927: 000091c0     0 NOTYPE  LOCAL  DEFAULT    4 $d
   928: 000091e0     0 NOTYPE  LOCAL  DEFAULT    4 $t
   929: 00009210     0 NOTYPE  LOCAL  DEFAULT    4 $d
   930: 00009218     0 NOTYPE  LOCAL  DEFAULT    4 $t
   931: 00009264     0 NOTYPE  LOCAL  DEFAULT    4 $d
   932: 00000544     0 NOTYPE  LOCAL  DEFAULT    3 $d
   933: 0000e2d0     0 NOTYPE  LOCAL  DEFAULT    4 $t
   934: 0000e2d4     0 NOTYPE  LOCAL  DEFAULT    4 $t
   935: 0000e2ec     0 NOTYPE  LOCAL  DEFAULT    4 $d
   936: 00000000     0 NOTYPE  LOCAL  DEFAULT   10 $d
   937: 00000000     8 OBJECT  LOCAL  DEFAULT   10 _ZL16__llext_sym_main
   938: 0000463c     0 NOTYPE  LOCAL  DEFAULT    4 $t
   939: 00004742     0 NOTYPE  LOCAL  DEFAULT    4 $t
   940: 00004788     0 NOTYPE  LOCAL  DEFAULT    4 $t
   941: 000048d8     0 NOTYPE  LOCAL  DEFAULT    4 $d
   942: 00004c54     0 NOTYPE  LOCAL  DEFAULT    4 $t
   943: 00004c7c     0 NOTYPE  LOCAL  DEFAULT    4 $d
   944: 00004c80     0 NOTYPE  LOCAL  DEFAULT    4 $t
   945: 00004d58     0 NOTYPE  LOCAL  DEFAULT    4 $d
   946: 00004d60     0 NOTYPE  LOCAL  DEFAULT    4 $t
   947: 00004dc4     0 NOTYPE  LOCAL  DEFAULT    4 $t
   948: 00004f28     0 NOTYPE  LOCAL  DEFAULT    4 $d
   949: 00004f3c     0 NOTYPE  LOCAL  DEFAULT    4 $t
   950: 00004f68     0 NOTYPE  LOCAL  DEFAULT    4 $d
   951: 00004f6c     0 NOTYPE  LOCAL  DEFAULT    4 $t
   952: 000050c4     0 NOTYPE  LOCAL  DEFAULT    4 $d
   953: 000050c8     0 NOTYPE  LOCAL  DEFAULT    4 $t
   954: 00005148     0 NOTYPE  LOCAL  DEFAULT    4 $d
   955: 00005150     0 NOTYPE  LOCAL  DEFAULT    4 $t
   956: 00005244     0 NOTYPE  LOCAL  DEFAULT    4 $d
   957: 00005250     0 NOTYPE  LOCAL  DEFAULT    4 $t
   958: 0000758c     0 NOTYPE  LOCAL  DEFAULT    4 $t
   959: 0000758d   232 FUNC    LOCAL  DEFAULT    4 _ZN8governor12_GLOBAL__N_15shapeEfffdf
   960: 00007660     0 NOTYPE  LOCAL  DEFAULT    4 $d
   961: 00007678     0 NOTYPE  LOCAL  DEFAULT    4 $t
   962: 00007714     0 NOTYPE  LOCAL  DEFAULT    4 $d
   963: 0000771c     0 NOTYPE  LOCAL  DEFAULT    4 $t
   964: 00007850     0 NOTYPE  LOCAL  DEFAULT    4 $d
   965: 000078a0     0 NOTYPE  LOCAL  DEFAULT    4 $t
   966: 000078a1   136 FUNC    LOCAL  DEFAULT    4 _ZN8logframe12_GLOBAL__N_18quantizeEfdiiRb
   967: 0000790c     0 NOTYPE  LOCAL  DEFAULT    4 $d
   968: 00007928     0 NOTYPE  LOCAL  DEFAULT    4 $t
   969: 00007968     0 NOTYPE  LOCAL  DEFAULT    4 $t
   970: 00007994     0 NOTYPE  LOCAL  DEFAULT    4 $d
   971: 00007998     0 NOTYPE  LOCAL  DEFAULT    4 $t
   972: 00007bb8     0 NOTYPE  LOCAL  DEFAULT    4 $d
   973: 00007be8     0 NOTYPE  LOCAL  DEFAULT    4 $t
   974: 00007c1c     0 NOTYPE  LOCAL  DEFAULT    4 $t
   975: 00007c4e     0 NOTYPE  LOCAL  DEFAULT    4 $t
   976: 00007c56     0 NOTYPE  LOCAL  DEFAULT    4 $t
   977: 00007c68     0 NOTYPE  LOCAL  DEFAULT    4 $t
   978: 00007c70     0 NOTYPE  LOCAL  DEFAULT    4 $t
   979: 00007c78     0 NOTYPE  LOCAL  DEFAULT    4 $t
   980: 00007c88     0 NOTYPE  LOCAL  DEFAULT    4 $t
   981: 00007c96     0 NOTYPE  LOCAL  DEFAULT    4 $d
   982: 00007ca0     0 NOTYPE  LOCAL  DEFAULT    4 $t
   983: 00007df8     0 NOTYPE  LOCAL  DEFAULT    4 $d
   984: 00007e24     0 NOTYPE  LOCAL  DEFAULT    4 $t
   985: 00007e68     0 NOTYPE  LOCAL  DEFAULT    4 $t
   986: 00007ec0     0 NOTYPE  LOCAL  DEFAULT    4 $d
   987: 00007ec8     0 NOTYPE  LOCAL  DEFAULT    4 $t
   988: 00007ec9   136 FUNC    LOCAL  DEFAULT    4 _ZN6motion12_GLOBAL__N_112headingErrorEdd
   989: 00007f28     0 NOTYPE  LOCAL  DEFAULT    4 $d
   990: 00007f50     0 NOTYPE  LOCAL  DEFAULT    4 $t
   991: 00007f5c     0 NOTYPE  LOCAL  DEFAULT    4 $t
   992: 00007f74     0 NOTYPE  LOCAL  DEFAULT    4 $t
   993: 00007fa4     0 NOTYPE  LOCAL  DEFAULT    4 $d
   994: 00007fb0     0 NOTYPE  LOCAL  DEFAULT    4 $t
   995: 00008180     0 NOTYPE  LOCAL  DEFAULT    4 $d
   996: 000081d0     0 NOTYPE  LOCAL  DEFAULT    4 $t
   997: 000081dc     0 NOTYPE  LOCAL  DEFAULT    4 $d
   998: 000081e0     0 NOTYPE  LOCAL  DEFAULT    4 $t
   999: 000082a0     0 NOTYPE  LOCAL  DEFAULT    4 $d
  1000: 000082b4     0 NOTYPE  LOCAL  DEFAULT    4 $t
  1001: 00008340     0 NOTYPE  LOCAL  DEFAULT    4 $d
  1002: 00008358     0 NOTYPE  LOCAL  DEFAULT    4 $t
  1003: 00008538     0 NOTYPE  LOCAL  DEFAULT    4 $d
  1004: 00008578     0 NOTYPE  LOCAL  DEFAULT    4 $t
  1005: 00008584     0 NOTYPE  LOCAL  DEFAULT    4 $d
  1006: 00008588     0 NOTYPE  LOCAL  DEFAULT    4 $t
  1007: 00008610     0 NOTYPE  LOCAL  DEFAULT    4 $d
  1008: 0000861c     0 NOTYPE  LOCAL  DEFAULT    4 $t
  1009: 00008724     0 NOTYPE  LOCAL  DEFAULT    4 $d
  1010: 00008748     0 NOTYPE  LOCAL  DEFAULT    4 $t
  1011: 00008784     0 NOTYPE  LOCAL  DEFAULT    4 $d
  1012: 00008788     0 NOTYPE  LOCAL  DEFAULT    4 $t
  1013: 00008860     0 NOTYPE  LOCAL  DEFAULT    4 $d
  1014: 0000886c     0 NOTYPE  LOCAL  DEFAULT    4 $t
  1015: 000088c8     0 NOTYPE  LOCAL  DEFAULT    4 $d
  1016: 000088d0     0 NOTYPE  LOCAL  DEFAULT    4 $t
  1017: 0000890c     0 NOTYPE  LOCAL  DEFAULT    4 $d
  1018: 00008910     0 NOTYPE  LOCAL  DEFAULT    4 $t
  1019: 000089b4     0 NOTYPE  LOCAL  DEFAULT    4 $d
  1020: 00009c80     0 NOTYPE  LOCAL  DEFAULT    4 $t
  1021: 00009c8c     0 NOTYPE  LOCAL  DEFAULT    4 $d
  1022: 00009c90     0 NOTYPE  LOCAL  DEFAULT    4 $t
  1023: 00009e50     0 NOTYPE  LOCAL  DEFAULT    4 $d
  1024: 00009e70     0 NOTYPE  LOCAL  DEFAULT    4 $t
  1025: 00009ee0     0 NOTYPE  LOCAL  DEFAULT    4 $d
  1026: 00009eec     0 NOTYPE  LOCAL  DEFAULT    4 $t
  1027: 00009f34     0 NOTYPE  LOCAL  DEFAULT    4 $d
  1028: 00009f3c     0 NOTYPE  LOCAL  DEFAULT    4 $t
  1029: 00009f58     0 NOTYPE  LOCAL  DEFAULT    4 $d
  1030: 00009f5c     0 NOTYPE  LOCAL  DEFAULT    4 $t
  1031: 00009f5d    40 FUNC    LOCAL  DEFAULT    4 _GLOBAL__sub_I__ZN8recorder4dump12UnoQDumpPort5beginERKNS0_10SetupGrantE
  1032: 00009f78     0 NOTYPE  LOCAL  DEFAULT    4 $d
  1033: 00000004     0 NOTYPE  LOCAL  DEFAULT   12 $d
  1034: 00009f84     0 NOTYPE  LOCAL  DEFAULT    4 $t
  1035: 00009f85    32 FUNC    LOCAL  DEFAULT    4 _GLOBAL__sub_D__ZN8recorder4dump12UnoQDumpPort5beginERKNS0_10SetupGrantE
  1036: 00009f98     0 NOTYPE  LOCAL  DEFAULT    4 $d
  1037: 00000004     0 NOTYPE  LOCAL  DEFAULT   14 $d
  1038: 00000001    16 FUNC    LOCAL  DEFAULT    4 __tcf_0
  1039: 000000a1    20 FUNC    LOCAL  DEFAULT    4 __tcf_1
  1040: 0000008d    20 FUNC    LOCAL  DEFAULT    4 __tcf_2
  1041: 00009fa4     0 NOTYPE  LOCAL  DEFAULT    4 $t
  1042: 00009fa5    40 FUNC    LOCAL  DEFAULT    4 _GLOBAL__sub_I__ZN3imu3Bus13controlsOwnedEb
  1043: 00009fc0     0 NOTYPE  LOCAL  DEFAULT    4 $d
  1044: 00000008     0 NOTYPE  LOCAL  DEFAULT   12 $d
  1045: 00009fcc     0 NOTYPE  LOCAL  DEFAULT    4 $t
  1046: 00009fcd    32 FUNC    LOCAL  DEFAULT    4 _GLOBAL__sub_D__ZN3imu3Bus13controlsOwnedEb
  1047: 00009fe0     0 NOTYPE  LOCAL  DEFAULT    4 $d
  1048: 00000008     0 NOTYPE  LOCAL  DEFAULT   14 $d
  1049: 00000001    16 FUNC    LOCAL  DEFAULT    4 __tcf_0
  1050: 000000a1    20 FUNC    LOCAL  DEFAULT    4 __tcf_1
  1051: 0000008d    20 FUNC    LOCAL  DEFAULT    4 __tcf_2
  1052: 00009fec     0 NOTYPE  LOCAL  DEFAULT    4 $t
  1053: 00009fed    40 FUNC    LOCAL  DEFAULT    4 _GLOBAL__sub_I__ZNK8line_qtr6Reader11globalOwnedEv
  1054: 0000a008     0 NOTYPE  LOCAL  DEFAULT    4 $d
  1055: 0000000c     0 NOTYPE  LOCAL  DEFAULT   12 $d
  1056: 0000a014     0 NOTYPE  LOCAL  DEFAULT    4 $t
  1057: 0000a015    32 FUNC    LOCAL  DEFAULT    4 _GLOBAL__sub_D__ZNK8line_qtr6Reader11globalOwnedEv
  1058: 0000a028     0 NOTYPE  LOCAL  DEFAULT    4 $d
  1059: 0000000c     0 NOTYPE  LOCAL  DEFAULT   14 $d
  1060: 00000001    16 FUNC    LOCAL  DEFAULT    4 __tcf_0
  1061: 000000a1    20 FUNC    LOCAL  DEFAULT    4 __tcf_1
  1062: 0000008d    20 FUNC    LOCAL  DEFAULT    4 __tcf_2
  1063: 0000a034     0 NOTYPE  LOCAL  DEFAULT    4 $t
  1064: 0000a038     0 NOTYPE  LOCAL  DEFAULT    4 $t
  1065: 0000a039    40 FUNC    LOCAL  DEFAULT    4 _GLOBAL__sub_I__ZN6motors8UnoQPort4portEv
  1066: 0000a054     0 NOTYPE  LOCAL  DEFAULT    4 $d
  1067: 00000010     0 NOTYPE  LOCAL  DEFAULT   12 $d
  1068: 0000a060     0 NOTYPE  LOCAL  DEFAULT    4 $t
  1069: 0000a061    32 FUNC    LOCAL  DEFAULT    4 _GLOBAL__sub_D__ZN6motors8UnoQPort4portEv
  1070: 0000a074     0 NOTYPE  LOCAL  DEFAULT    4 $d
  1071: 00000010     0 NOTYPE  LOCAL  DEFAULT   14 $d
  1072: 00000001    16 FUNC    LOCAL  DEFAULT    4 __tcf_0
  1073: 000000a1    20 FUNC    LOCAL  DEFAULT    4 __tcf_1
  1074: 0000008d    20 FUNC    LOCAL  DEFAULT    4 __tcf_2
  1075: 0000a080     0 NOTYPE  LOCAL  DEFAULT    4 $t
  1076: 0000a0ae     0 NOTYPE  LOCAL  DEFAULT    4 $t
  1077: 0000a0e6     0 NOTYPE  LOCAL  DEFAULT    4 $t
  1078: 0000a108     0 NOTYPE  LOCAL  DEFAULT    4 $t
  1079: 0000a1a8     0 NOTYPE  LOCAL  DEFAULT    4 $t
  1080: 0000a224     0 NOTYPE  LOCAL  DEFAULT    4 $d
  1081: 0000a230     0 NOTYPE  LOCAL  DEFAULT    4 $t
  1082: 0000a3c4     0 NOTYPE  LOCAL  DEFAULT    4 $d
  1083: 0000a3d0     0 NOTYPE  LOCAL  DEFAULT    4 $t
  1084: 0000a434     0 NOTYPE  LOCAL  DEFAULT    4 $d
  1085: 0000a438     0 NOTYPE  LOCAL  DEFAULT    4 $t
  1086: 0000a520     0 NOTYPE  LOCAL  DEFAULT    4 $d
  1087: 0000a530     0 NOTYPE  LOCAL  DEFAULT    4 $t
  1088: 0000a538     0 NOTYPE  LOCAL  DEFAULT    4 $t
  1089: 0000a539    40 FUNC    LOCAL  DEFAULT    4 _GLOBAL__sub_I__ZN11opp_sensors7Sensors5beginEv
  1090: 0000a554     0 NOTYPE  LOCAL  DEFAULT    4 $d
  1091: 00000014     0 NOTYPE  LOCAL  DEFAULT   12 $d
  1092: 0000a560     0 NOTYPE  LOCAL  DEFAULT    4 $t
  1093: 0000a561    32 FUNC    LOCAL  DEFAULT    4 _GLOBAL__sub_D__ZN11opp_sensors7Sensors5beginEv
  1094: 0000a574     0 NOTYPE  LOCAL  DEFAULT    4 $d
  1095: 00000014     0 NOTYPE  LOCAL  DEFAULT   14 $d
  1096: 00000001    16 FUNC    LOCAL  DEFAULT    4 __tcf_0
  1097: 000000a1    20 FUNC    LOCAL  DEFAULT    4 __tcf_1
  1098: 0000008d    20 FUNC    LOCAL  DEFAULT    4 __tcf_2
  1099: 0000a580     0 NOTYPE  LOCAL  DEFAULT    4 $t
  1100: 0000a581    40 FUNC    LOCAL  DEFAULT    4 _GLOBAL__sub_I__ZNK5power6Reader13controlsOwnedEv
  1101: 0000a59c     0 NOTYPE  LOCAL  DEFAULT    4 $d
  1102: 00000018     0 NOTYPE  LOCAL  DEFAULT   12 $d
  1103: 0000a5a8     0 NOTYPE  LOCAL  DEFAULT    4 $t
  1104: 0000a5a9    32 FUNC    LOCAL  DEFAULT    4 _GLOBAL__sub_D__ZNK5power6Reader13controlsOwnedEv
  1105: 0000a5bc     0 NOTYPE  LOCAL  DEFAULT    4 $d
  1106: 00000018     0 NOTYPE  LOCAL  DEFAULT   14 $d
  1107: 00000001    16 FUNC    LOCAL  DEFAULT    4 __tcf_0
  1108: 000000a1    20 FUNC    LOCAL  DEFAULT    4 __tcf_1
  1109: 0000008d    20 FUNC    LOCAL  DEFAULT    4 __tcf_2
  1110: 0000a5c8     0 NOTYPE  LOCAL  DEFAULT    4 $t
  1111: 0000a5e8     0 NOTYPE  LOCAL  DEFAULT    4 $t
  1112: 0000a658     0 NOTYPE  LOCAL  DEFAULT    4 $d
  1113: 0000a65c     0 NOTYPE  LOCAL  DEFAULT    4 $t
  1114: 0000a6c0     0 NOTYPE  LOCAL  DEFAULT    4 $d
  1115: 0000a6d0     0 NOTYPE  LOCAL  DEFAULT    4 $t
  1116: 0000a780     0 NOTYPE  LOCAL  DEFAULT    4 $d
  1117: 0000a78c     0 NOTYPE  LOCAL  DEFAULT    4 $t
  1118: 0000a800     0 NOTYPE  LOCAL  DEFAULT    4 $d
  1119: 0000a804     0 NOTYPE  LOCAL  DEFAULT    4 $t
  1120: 0000a8de     0 NOTYPE  LOCAL  DEFAULT    4 $t
  1121: 0000a908     0 NOTYPE  LOCAL  DEFAULT    4 $t
  1122: 0000a9a8     0 NOTYPE  LOCAL  DEFAULT    4 $d
  1123: 0000a9bc     0 NOTYPE  LOCAL  DEFAULT    4 $t
  1124: 0000ab10     0 NOTYPE  LOCAL  DEFAULT    4 $d
  1125: 0000ab2c     0 NOTYPE  LOCAL  DEFAULT    4 $t
  1126: 0000ab36     0 NOTYPE  LOCAL  DEFAULT    4 $t
  1127: 0000ab38     0 NOTYPE  LOCAL  DEFAULT    4 $t
  1128: 0000ab40     0 NOTYPE  LOCAL  DEFAULT    4 $t
  1129: 0000ab48     0 NOTYPE  LOCAL  DEFAULT    4 $t
  1130: 0000abf4     0 NOTYPE  LOCAL  DEFAULT    4 $d
  1131: 0000ac00     0 NOTYPE  LOCAL  DEFAULT    4 $t
  1132: 0000ace4     0 NOTYPE  LOCAL  DEFAULT    4 $d
  1133: 0000ace8     0 NOTYPE  LOCAL  DEFAULT    4 $t
  1134: 0000acf4     0 NOTYPE  LOCAL  DEFAULT    4 $t
  1135: 0000ad24     0 NOTYPE  LOCAL  DEFAULT    4 $d
  1136: 0000ad28     0 NOTYPE  LOCAL  DEFAULT    4 $t
  1137: 0000ad32     0 NOTYPE  LOCAL  DEFAULT    4 $t
  1138: 0000ad3c     0 NOTYPE  LOCAL  DEFAULT    4 $t
  1139: 0000ad46     0 NOTYPE  LOCAL  DEFAULT    4 $t
  1140: 0000ad50     0 NOTYPE  LOCAL  DEFAULT    4 $t
  1141: 0000ad76     0 NOTYPE  LOCAL  DEFAULT    4 $t
  1142: 0000ad96     0 NOTYPE  LOCAL  DEFAULT    4 $t
  1143: 0000ad97    12 FUNC    LOCAL  DEFAULT    4 _ZN14recorder_bench12_GLOBAL__N_19incrementERj
  1144: 0000ada4     0 NOTYPE  LOCAL  DEFAULT    4 $t
  1145: 0000adb0     0 NOTYPE  LOCAL  DEFAULT    4 $d
  1146: 0000adb4     0 NOTYPE  LOCAL  DEFAULT    4 $t
  1147: 0000adc8     0 NOTYPE  LOCAL  DEFAULT    4 $d
  1148: 0000adcc     0 NOTYPE  LOCAL  DEFAULT    4 $t
  1149: 0000addc     0 NOTYPE  LOCAL  DEFAULT    4 $d
  1150: 0000ade0     0 NOTYPE  LOCAL  DEFAULT    4 $t
  1151: 0000adfc     0 NOTYPE  LOCAL  DEFAULT    4 $d
  1152: 0000ae00     0 NOTYPE  LOCAL  DEFAULT    4 $t
  1153: 0000ae04     0 NOTYPE  LOCAL  DEFAULT    4 $t
  1154: 0000ae32     0 NOTYPE  LOCAL  DEFAULT    4 $t
  1155: 0000ae4c     0 NOTYPE  LOCAL  DEFAULT    4 $t
  1156: 0000ae70     0 NOTYPE  LOCAL  DEFAULT    4 $t
  1157: 0000aeb8     0 NOTYPE  LOCAL  DEFAULT    4 $d
  1158: 0000aec0     0 NOTYPE  LOCAL  DEFAULT    4 $t
  1159: 0000b280     0 NOTYPE  LOCAL  DEFAULT    4 $d
  1160: 0000b2b0     0 NOTYPE  LOCAL  DEFAULT    4 $t
  1161: 0000b53c     0 NOTYPE  LOCAL  DEFAULT    4 $d
  1162: 0000b548     0 NOTYPE  LOCAL  DEFAULT    4 $t
  1163: 0000b750     0 NOTYPE  LOCAL  DEFAULT    4 $d
  1164: 0000b778     0 NOTYPE  LOCAL  DEFAULT    4 $t
  1165: 0000b7bc     0 NOTYPE  LOCAL  DEFAULT    4 $t
  1166: 0000b85c     0 NOTYPE  LOCAL  DEFAULT    4 $d
  1167: 0000b868     0 NOTYPE  LOCAL  DEFAULT    4 $t
  1168: 0000b908     0 NOTYPE  LOCAL  DEFAULT    4 $d
  1169: 0000b930     0 NOTYPE  LOCAL  DEFAULT    4 $t
  1170: 0000b9e8     0 NOTYPE  LOCAL  DEFAULT    4 $d
  1171: 0000ba08     0 NOTYPE  LOCAL  DEFAULT    4 $t
  1172: 0000ba1c     0 NOTYPE  LOCAL  DEFAULT    4 $d
  1173: 0000ba20     0 NOTYPE  LOCAL  DEFAULT    4 $t
  1174: 0000ba98     0 NOTYPE  LOCAL  DEFAULT    4 $d
  1175: 0000ba9c     0 NOTYPE  LOCAL  DEFAULT    4 $t
  1176: 0000bab8     0 NOTYPE  LOCAL  DEFAULT    4 $d
  1177: 0000babc     0 NOTYPE  LOCAL  DEFAULT    4 $t
  1178: 0000bb04     0 NOTYPE  LOCAL  DEFAULT    4 $d
  1179: 0000bb0c     0 NOTYPE  LOCAL  DEFAULT    4 $t
  1180: 0000bbe8     0 NOTYPE  LOCAL  DEFAULT    4 $d
  1181: 0000bbf0     0 NOTYPE  LOCAL  DEFAULT    4 $t
  1182: 0000bc60     0 NOTYPE  LOCAL  DEFAULT    4 $d
  1183: 0000bc70     0 NOTYPE  LOCAL  DEFAULT    4 $t
  1184: 0000bd7c     0 NOTYPE  LOCAL  DEFAULT    4 $d
  1185: 0000bdac     0 NOTYPE  LOCAL  DEFAULT    4 $t
  1186: 0000bde0     0 NOTYPE  LOCAL  DEFAULT    4 $d
  1187: 0000bde4     0 NOTYPE  LOCAL  DEFAULT    4 $t
  1188: 0000bed4     0 NOTYPE  LOCAL  DEFAULT    4 $d
  1189: 0000befc     0 NOTYPE  LOCAL  DEFAULT    4 $t
  1190: 0000bfa0     0 NOTYPE  LOCAL  DEFAULT    4 $d
  1191: 0000bfb4     0 NOTYPE  LOCAL  DEFAULT    4 $t
  1192: 0000bfb8     0 NOTYPE  LOCAL  DEFAULT    4 $t
  1193: 0000bfb9    40 FUNC    LOCAL  DEFAULT    4 _ZN15recorder_native12_GLOBAL__N_19currentSpEv
  1194: 0000bfdc     0 NOTYPE  LOCAL  DEFAULT    4 $d
  1195: 00028908    32 OBJECT  LOCAL  DEFAULT    9 _ZN15recorder_native12_GLOBAL__N_15stackE
  1196: 0000bfe0     0 NOTYPE  LOCAL  DEFAULT    4 $t
  1197: 0000bfe1   108 FUNC    LOCAL  DEFAULT    4 _ZN15recorder_native12_GLOBAL__N_17publishEv
  1198: 0000c034     0 NOTYPE  LOCAL  DEFAULT    4 $d
  1199: 00028904     4 OBJECT  LOCAL  DEFAULT    9 _ZN15recorder_native12_GLOBAL__N_18sequenceE
  1200: 00000090 0x28870 OBJECT  LOCAL  DEFAULT    9 _ZN15recorder_native12_GLOBAL__N_16runnerE
  1201: 0000c04c     0 NOTYPE  LOCAL  DEFAULT    4 $t
  1202: 0000c04d    88 FUNC    LOCAL  DEFAULT    4 _ZN15recorder_native12_GLOBAL__N_111sampleStackEv.part.0
  1203: 0000c09c     0 NOTYPE  LOCAL  DEFAULT    4 $d
  1204: 0000c0a4     0 NOTYPE  LOCAL  DEFAULT    4 $t
  1205: 0000c0a5    32 FUNC    LOCAL  DEFAULT    4 _ZN15recorder_native12_GLOBAL__N_17clockUsEPv
  1206: 0000c0b8     0 NOTYPE  LOCAL  DEFAULT    4 $d
  1207: 0000c0c4     0 NOTYPE  LOCAL  DEFAULT    4 $t
  1208: 0000c144     0 NOTYPE  LOCAL  DEFAULT    4 $d
  1209: 0000c164     0 NOTYPE  LOCAL  DEFAULT    4 $t
  1210: 0000c1cc     0 NOTYPE  LOCAL  DEFAULT    4 $d
  1211: 00028900     1 OBJECT  LOCAL  DEFAULT    9 _ZN15recorder_native12_GLOBAL__N_18terminalE
  1212: 0000c1e0     0 NOTYPE  LOCAL  DEFAULT    4 $t
  1213: 0000c1e1    72 FUNC    LOCAL  DEFAULT    4 _GLOBAL__sub_I_recorderDiagnostics
  1214: 0000c210     0 NOTYPE  LOCAL  DEFAULT    4 $d
  1215: 0000001c     0 NOTYPE  LOCAL  DEFAULT   12 $d
  1216: 0000c228     0 NOTYPE  LOCAL  DEFAULT    4 $t
  1217: 0000c229    32 FUNC    LOCAL  DEFAULT    4 _GLOBAL__sub_D_recorderDiagnostics
  1218: 0000c23c     0 NOTYPE  LOCAL  DEFAULT    4 $d
  1219: 0000001c     0 NOTYPE  LOCAL  DEFAULT   14 $d
  1220: 00000090     0 NOTYPE  LOCAL  DEFAULT    9 $d
  1221: 00028900     0 NOTYPE  LOCAL  DEFAULT    9 $d
  1222: 00028904     0 NOTYPE  LOCAL  DEFAULT    9 $d
  1223: 00028908     0 NOTYPE  LOCAL  DEFAULT    9 $d
  1224: 00028928     0 NOTYPE  LOCAL  DEFAULT    9 $d
  1225: 00000001    16 FUNC    LOCAL  DEFAULT    4 __tcf_0
  1226: 000000a1    20 FUNC    LOCAL  DEFAULT    4 __tcf_1
  1227: 0000008d    20 FUNC    LOCAL  DEFAULT    4 __tcf_2
  1228: 0000df68     0 NOTYPE  LOCAL  DEFAULT    4 $t
  1229: 0000df6c     0 NOTYPE  LOCAL  DEFAULT    4 $t
  1230: 0000df74     0 NOTYPE  LOCAL  DEFAULT    4 $d
  1231: 0000df78     0 NOTYPE  LOCAL  DEFAULT    4 $t
  1232: 0000df7c     0 NOTYPE  LOCAL  DEFAULT    4 $t
  1233: 0000df84     0 NOTYPE  LOCAL  DEFAULT    4 $d
  1234: 0000df88     0 NOTYPE  LOCAL  DEFAULT    4 $t
  1235: 0000df90     0 NOTYPE  LOCAL  DEFAULT    4 $d
  1236: 0000df94     0 NOTYPE  LOCAL  DEFAULT    4 $t
  1237: 0000df9c     0 NOTYPE  LOCAL  DEFAULT    4 $d
  1238: 0000dfa0     0 NOTYPE  LOCAL  DEFAULT    4 $t
  1239: 0000dfa8     0 NOTYPE  LOCAL  DEFAULT    4 $d
  1240: 0000dfac     0 NOTYPE  LOCAL  DEFAULT    4 $t
  1241: 0000dfb4     0 NOTYPE  LOCAL  DEFAULT    4 $d
  1242: 00000000     0 NOTYPE  LOCAL  DEFAULT    7 $d
  1243: 0000dfb8     0 NOTYPE  LOCAL  DEFAULT    4 $t
  1244: 0000dfc8     0 NOTYPE  LOCAL  DEFAULT    4 $d
  1245: 0000dfcc     0 NOTYPE  LOCAL  DEFAULT    4 $t
  1246: 0000dfe4     0 NOTYPE  LOCAL  DEFAULT    4 $d
  1247: 0000dfe8     0 NOTYPE  LOCAL  DEFAULT    4 $t
  1248: 0000e000     0 NOTYPE  LOCAL  DEFAULT    4 $d
  1249: 0000e004     0 NOTYPE  LOCAL  DEFAULT    4 $t
  1250: 0000e028     0 NOTYPE  LOCAL  DEFAULT    4 $d
  1251: 0000e02c     0 NOTYPE  LOCAL  DEFAULT    4 $t
  1252: 0000e05c     0 NOTYPE  LOCAL  DEFAULT    4 $d
  1253: 0000e068     0 NOTYPE  LOCAL  DEFAULT    4 $t
  1254: 0000e08c     0 NOTYPE  LOCAL  DEFAULT    4 $d
  1255: 0000e094     0 NOTYPE  LOCAL  DEFAULT    4 $t
  1256: 0000e0bc     0 NOTYPE  LOCAL  DEFAULT    4 $d
  1257: 0000e0c0     0 NOTYPE  LOCAL  DEFAULT    4 $t
  1258: 0000e0e0     0 NOTYPE  LOCAL  DEFAULT    4 $d
  1259: 0000e0e8     0 NOTYPE  LOCAL  DEFAULT    4 $t
  1260: 0000e0fc     0 NOTYPE  LOCAL  DEFAULT    4 $d
  1261: 0000e100     0 NOTYPE  LOCAL  DEFAULT    4 $t
  1262: 0000e10c     0 NOTYPE  LOCAL  DEFAULT    4 $d
  1263: 0000e110     0 NOTYPE  LOCAL  DEFAULT    4 $t
  1264: 0000e134     0 NOTYPE  LOCAL  DEFAULT    4 $d
  1265: 0000e140     0 NOTYPE  LOCAL  DEFAULT    4 $t
  1266: 0000e178     0 NOTYPE  LOCAL  DEFAULT    4 $d
  1267: 0000e180     0 NOTYPE  LOCAL  DEFAULT    4 $t
  1268: 0000e198     0 NOTYPE  LOCAL  DEFAULT    4 $d
  1269: 0000e19c     0 NOTYPE  LOCAL  DEFAULT    4 $t
  1270: 0000e1a0     0 NOTYPE  LOCAL  DEFAULT    4 $d
  1271: 0000e1a4     0 NOTYPE  LOCAL  DEFAULT    4 $t
  1272: 0000e1a8     0 NOTYPE  LOCAL  DEFAULT    4 $d
  1273: 0000e1ac     0 NOTYPE  LOCAL  DEFAULT    4 $t
  1274: 0000e1b0     0 NOTYPE  LOCAL  DEFAULT    4 $d
  1275: 0000e1b4     0 NOTYPE  LOCAL  DEFAULT    4 $t
  1276: 0000e1b8     0 NOTYPE  LOCAL  DEFAULT    4 $d
  1277: 0000e1bc     0 NOTYPE  LOCAL  DEFAULT    4 $t
  1278: 0000e1c0     0 NOTYPE  LOCAL  DEFAULT    4 $d
  1279: 0000e1c4     0 NOTYPE  LOCAL  DEFAULT    4 $t
  1280: 0000e1c8     0 NOTYPE  LOCAL  DEFAULT    4 $d
  1281: 0000e1cc     0 NOTYPE  LOCAL  DEFAULT    4 $t
  1282: 0000e1d0     0 NOTYPE  LOCAL  DEFAULT    4 $d
  1283: 0000e1d4     0 NOTYPE  LOCAL  DEFAULT    4 $t
  1284: 0000e1d8     0 NOTYPE  LOCAL  DEFAULT    4 $d
  1285: 0000e1dc     0 NOTYPE  LOCAL  DEFAULT    4 $t
  1286: 0000e1e0     0 NOTYPE  LOCAL  DEFAULT    4 $d
  1287: 0000e1e4     0 NOTYPE  LOCAL  DEFAULT    4 $t
  1288: 0000e1e8     0 NOTYPE  LOCAL  DEFAULT    4 $d
  1289: 0000e1ec     0 NOTYPE  LOCAL  DEFAULT    4 $t
  1290: 0000e1f0     0 NOTYPE  LOCAL  DEFAULT    4 $d
  1291: 0000e1f4     0 NOTYPE  LOCAL  DEFAULT    4 $t
  1292: 0000e1fe     0 NOTYPE  LOCAL  DEFAULT    4 $t
  1293: 0000e208     0 NOTYPE  LOCAL  DEFAULT    4 $t
  1294: 0000e212     0 NOTYPE  LOCAL  DEFAULT    4 $t
  1295: 0000e21c     0 NOTYPE  LOCAL  DEFAULT    4 $t
  1296: 0000e226     0 NOTYPE  LOCAL  DEFAULT    4 $t
  1297: 0000e230     0 NOTYPE  LOCAL  DEFAULT    4 $t
  1298: 0000e23a     0 NOTYPE  LOCAL  DEFAULT    4 $t
  1299: 0000e244     0 NOTYPE  LOCAL  DEFAULT    4 $t
  1300: 0000e24e     0 NOTYPE  LOCAL  DEFAULT    4 $t
  1301: 0000e258     0 NOTYPE  LOCAL  DEFAULT    4 $t
  1302: 0000e262     0 NOTYPE  LOCAL  DEFAULT    4 $t
  1303: 0000e26c     0 NOTYPE  LOCAL  DEFAULT    4 $t
  1304: 0000e276     0 NOTYPE  LOCAL  DEFAULT    4 $t
  1305: 0000e280     0 NOTYPE  LOCAL  DEFAULT    4 $t
  1306: 0000e28a     0 NOTYPE  LOCAL  DEFAULT    4 $t
  1307: 0000e294     0 NOTYPE  LOCAL  DEFAULT    4 $t
  1308: 0000e29e     0 NOTYPE  LOCAL  DEFAULT    4 $t
  1309: 0000e2a8     0 NOTYPE  LOCAL  DEFAULT    4 $t
  1310: 0000e2b2     0 NOTYPE  LOCAL  DEFAULT    4 $t
  1311: 0000e2bc     0 NOTYPE  LOCAL  DEFAULT    4 $t
  1312: 0000e2c0     0 NOTYPE  LOCAL  DEFAULT    4 $d
  1313: 0000e2c4     0 NOTYPE  LOCAL  DEFAULT    4 $t
  1314: 0000e2cc     0 NOTYPE  LOCAL  DEFAULT    4 $d
  1315: 0000e300     0 NOTYPE  LOCAL  DEFAULT    4 $t
  1316: 0000e301    16 FUNC    LOCAL  DEFAULT    4 _ZL10new_helperj
  1317: 0000e30c     0 NOTYPE  LOCAL  DEFAULT    4 $d
  1318: 0000e310     0 NOTYPE  LOCAL  DEFAULT    4 $t
  1319: 0000e314     0 NOTYPE  LOCAL  DEFAULT    4 $d
  1320: 0000e318     0 NOTYPE  LOCAL  DEFAULT    4 $t
  1321: 0000e31c     0 NOTYPE  LOCAL  DEFAULT    4 $t
  1322: 0000e320     0 NOTYPE  LOCAL  DEFAULT    4 $d
  1323: 0000e324     0 NOTYPE  LOCAL  DEFAULT    4 $t
  1324: 0000e328     0 NOTYPE  LOCAL  DEFAULT    4 $d
  1325: 0000e32c     0 NOTYPE  LOCAL  DEFAULT    4 $t
  1326: 0000e388     0 NOTYPE  LOCAL  DEFAULT    4 $d
  1327: 0000e398     0 NOTYPE  LOCAL  DEFAULT    4 $t
  1328: 0000e39c     0 NOTYPE  LOCAL  DEFAULT    4 $d
  1329: 0000e3a0     0 NOTYPE  LOCAL  DEFAULT    4 $t
  1330: 0000e3b4     0 NOTYPE  LOCAL  DEFAULT    4 $d
  1331: 0000e8e4     0 NOTYPE  LOCAL  DEFAULT    4 $t
  1332: 0000e8f8     0 NOTYPE  LOCAL  DEFAULT    4 $d
  1333: 0000e904     0 NOTYPE  LOCAL  DEFAULT    4 $t
  1334: 0000e92c     0 NOTYPE  LOCAL  DEFAULT    4 $d
  1335: 0000e934     0 NOTYPE  LOCAL  DEFAULT    4 $t
  1336: 0000e95c     0 NOTYPE  LOCAL  DEFAULT    4 $d
  1337: 0000ef98     0 NOTYPE  LOCAL  DEFAULT    4 $t
  1338: 0000f088     0 NOTYPE  LOCAL  DEFAULT    4 $t
  1339: 0000f120     0 NOTYPE  LOCAL  DEFAULT    4 $d
  1340: 00000734     0 NOTYPE  LOCAL  DEFAULT    3 $d
  1341: 000007a4     0 NOTYPE  LOCAL  DEFAULT    3 $d
  1342: 0000070c     0 NOTYPE  LOCAL  DEFAULT    3 $d
  1343: 000003a8     0 NOTYPE  LOCAL  DEFAULT    3 $d
  1344: 00000735     0 NOTYPE  LOCAL  DEFAULT    3 $d
  1345: 000007be     0 NOTYPE  LOCAL  DEFAULT    3 $d
  1346: 000004b0     0 NOTYPE  LOCAL  DEFAULT    3 $d
  1347: 0000053e     0 NOTYPE  LOCAL  DEFAULT    3 $d
  1348: 00000534     0 NOTYPE  LOCAL  DEFAULT    3 $d
  1349: 0000052b     0 NOTYPE  LOCAL  DEFAULT    3 $d
  1350: 00000914     0 NOTYPE  LOCAL  DEFAULT    3 $d
  1351: 00000753     0 NOTYPE  LOCAL  DEFAULT    3 $d
  1352: 000008c4     0 NOTYPE  LOCAL  DEFAULT    3 $d
  1353: 000008d1     0 NOTYPE  LOCAL  DEFAULT    3 $d
  1354: 00000812     0 NOTYPE  LOCAL  DEFAULT    3 $d
  1355: 000008de     0 NOTYPE  LOCAL  DEFAULT    3 $d
  1356: 000008a3     0 NOTYPE  LOCAL  DEFAULT    3 $d
  1357: 000008b3     0 NOTYPE  LOCAL  DEFAULT    3 $d
  1358: 00000762     0 NOTYPE  LOCAL  DEFAULT    3 $d
  1359: 0000078c     0 NOTYPE  LOCAL  DEFAULT    3 $d
  1360: 000007d8     0 NOTYPE  LOCAL  DEFAULT    3 $d
  1361: 0000073d     0 NOTYPE  LOCAL  DEFAULT    3 $d
  1362: 00000736     0 NOTYPE  LOCAL  DEFAULT    3 $d
  1363: 00000745     0 NOTYPE  LOCAL  DEFAULT    3 $d
  1364: 0000088a     0 NOTYPE  LOCAL  DEFAULT    3 $d
  1365: 00000860     0 NOTYPE  LOCAL  DEFAULT    3 $d
  1366: 00000837     0 NOTYPE  LOCAL  DEFAULT    3 $d
  1367: 000007f0     0 NOTYPE  LOCAL  DEFAULT    3 $d
  1368: 00000000     0 NOTYPE  GLOBAL DEFAULT  UND __real_cos
  1369: 00000000     0 NOTYPE  GLOBAL DEFAULT  UND __real_iscntrl
  1370: 00000000     0 NOTYPE  GLOBAL DEFAULT  UND __real_ldexp
  1371: 00000000     0 NOTYPE  GLOBAL DEFAULT  UND __real_puts
  1372: 00000000     0 NOTYPE  GLOBAL DEFAULT  UND __real_isxdigit
  1373: 00000000     0 NOTYPE  GLOBAL DEFAULT  UND __real_sinf
  1374: 00000000     0 NOTYPE  GLOBAL DEFAULT  UND __real___aeabi_uidivmod
  1375: 00000000     0 NOTYPE  GLOBAL DEFAULT  UND __real___aeabi_f2uiz
  1376: 00000000     0 NOTYPE  GLOBAL DEFAULT  UND _sidata
  1377: 00000000     0 NOTYPE  GLOBAL DEFAULT  UND __real_log10
  1378: 00000000     0 NOTYPE  GLOBAL DEFAULT  UND __real___aeabi_idivmod
  1379: 00000000     0 NOTYPE  GLOBAL DEFAULT  UND __real_isprint
  1380: 00000000     0 NOTYPE  GLOBAL DEFAULT  UND __real_exp2
  1381: 00000000     0 NOTYPE  GLOBAL DEFAULT  UND __real_atan2
  1382: 00000000     0 NOTYPE  GLOBAL DEFAULT  UND __real_log
  1383: 00000000     0 NOTYPE  GLOBAL DEFAULT  UND __real_islower
  1384: 00000000     0 NOTYPE  GLOBAL DEFAULT  UND _sbss
  1385: 00000000     0 NOTYPE  GLOBAL DEFAULT  UND __device_dts_ord_91
  1386: 00000000     0 NOTYPE  GLOBAL DEFAULT  UND __device_dts_ord_233
  1387: 00000000     0 NOTYPE  GLOBAL DEFAULT  UND __device_dts_ord_65
  1388: 00000000     0 NOTYPE  GLOBAL DEFAULT  UND __real___aeabi_ldivmod
  1389: 00000000     0 NOTYPE  GLOBAL DEFAULT  UND __real_atoi
  1390: 00000000     0 NOTYPE  GLOBAL DEFAULT  UND __real___aeabi_uidiv
  1391: 00000000     0 NOTYPE  GLOBAL DEFAULT  UND __real___aeabi_idiv
  1392: 00000000     0 NOTYPE  GLOBAL DEFAULT  UND __real_exit
  1393: 00000000     0 NOTYPE  GLOBAL DEFAULT  UND __real_strchr
  1394: 00000000     0 NOTYPE  GLOBAL DEFAULT  UND __real___aeabi_read_tp
  1395: 00000000     0 NOTYPE  GLOBAL DEFAULT  UND __real___aeabi_ui2f
  1396: 00000000     0 NOTYPE  GLOBAL DEFAULT  UND __real_strstr
  1397: 00000000     0 NOTYPE  GLOBAL DEFAULT  UND __device_dts_ord_93
  1398: 00000000     0 NOTYPE  GLOBAL DEFAULT  UND matrixGrayscaleWrite
  1399: 00000000     0 NOTYPE  GLOBAL DEFAULT  UND _sdata
  1400: 00000000     0 NOTYPE  GLOBAL DEFAULT  UND __real_sqrtf
  1401: 00000000     0 NOTYPE  GLOBAL DEFAULT  UND __real_strncpy
  1402: 00000000     0 NOTYPE  GLOBAL DEFAULT  UND __real_srand
  1403: 00000000     0 NOTYPE  GLOBAL DEFAULT  UND __real___aeabi_i2f
  1404: 00000000     0 NOTYPE  GLOBAL DEFAULT  UND __real___aeabi_fcmpun
  1405: 00000000     0 NOTYPE  GLOBAL DEFAULT  UND __real_strdup
  1406: 00000000     0 NOTYPE  GLOBAL DEFAULT  UND __real_gettimeofday
  1407: 00000000     0 NOTYPE  GLOBAL DEFAULT  UND __device_dts_ord_9
  1408: 00000000     0 NOTYPE  GLOBAL DEFAULT  UND __real_toupper
  1409: 00000000     0 NOTYPE  GLOBAL DEFAULT  UND __real_strrchr
  1410: 00000000     0 NOTYPE  GLOBAL DEFAULT  UND __real_tolower
  1411: 00000000     0 NOTYPE  GLOBAL DEFAULT  UND __real_isgraph
  1412: 00000000     0 NOTYPE  GLOBAL DEFAULT  UND __real_atan
  1413: 00000000     0 NOTYPE  GLOBAL DEFAULT  UND _ebss
  1414: 00000000     0 NOTYPE  GLOBAL DEFAULT  UND __real_pow
  1415: 00000000     0 NOTYPE  GLOBAL DEFAULT  UND __real_strtok
  1416: 00000000     0 NOTYPE  GLOBAL DEFAULT  UND __real_vsprintf
  1417: 00000000     0 NOTYPE  GLOBAL DEFAULT  UND kheap_llext_heap
  1418: 00000000     0 NOTYPE  GLOBAL DEFAULT  UND analog_reference
  1419: 00000000     0 NOTYPE  GLOBAL DEFAULT  UND __real_strtod
  1420: 00000000     0 NOTYPE  GLOBAL DEFAULT  UND __real_isalnum
  1421: 00000000     0 NOTYPE  GLOBAL DEFAULT  UND __real___aeabi_fdiv
  1422: 00000000     0 NOTYPE  GLOBAL DEFAULT  UND __real_sin
  1423: 00000000     0 NOTYPE  GLOBAL DEFAULT  UND __real___aeabi_fcmple
  1424: 00000000     0 NOTYPE  GLOBAL DEFAULT  UND __real___aeabi_f2iz
  1425: 00000000     0 NOTYPE  GLOBAL DEFAULT  UND z_impl_k_uptime_ticks
  1426: 00000000     0 NOTYPE  GLOBAL DEFAULT  UND __real_tan
  1427: 00000000     0 NOTYPE  GLOBAL DEFAULT  UND _printf_float
  1428: 00000000     0 NOTYPE  GLOBAL DEFAULT  UND __real_strtoul
  1429: 00000000     0 NOTYPE  GLOBAL DEFAULT  UND __real_strnlen
  1430: 00000000     0 NOTYPE  GLOBAL DEFAULT  UND __real_exp
  1431: 00000000     0 NOTYPE  GLOBAL DEFAULT  UND __real_logf
  1432: 00000000     0 NOTYPE  GLOBAL DEFAULT  UND __real_memmem
  1433: 00000000     0 NOTYPE  GLOBAL DEFAULT  UND __real_isupper
  1434: 00000000     0 NOTYPE  GLOBAL DEFAULT  UND __real___aeabi_d2uiz
  1435: 00000000     0 NOTYPE  GLOBAL DEFAULT  UND printk
  1436: 00000000     0 NOTYPE  GLOBAL DEFAULT  UND __real_strncmp
  1437: 00000000     0 NOTYPE  GLOBAL DEFAULT  UND __real_asinf
  1438: 00000000     0 NOTYPE  GLOBAL DEFAULT  UND __real___aeabi_fadd
  1439: 00000000     0 NOTYPE  GLOBAL DEFAULT  UND __real_isspace
  1440: 00000000     0 NOTYPE  GLOBAL DEFAULT  UND __device_dts_ord_64
  1441: 00000000     0 NOTYPE  GLOBAL DEFAULT  UND __heap_end
  1442: 00000000     0 NOTYPE  GLOBAL DEFAULT  UND __real_strcat
  1443: 00000000     0 NOTYPE  GLOBAL DEFAULT  UND __real_putchar
  1444: 00000000     0 NOTYPE  GLOBAL DEFAULT  UND matrixBegin
  1445: 00000000     0 NOTYPE  GLOBAL DEFAULT  UND matrixSetGrayscaleBits
  1446: 00000000     0 NOTYPE  GLOBAL DEFAULT  UND __real___aeabi_fcmplt
  1447: 00000000     0 NOTYPE  GLOBAL DEFAULT  UND __real_vsnprintf
  1448: 00000000     0 NOTYPE  GLOBAL DEFAULT  UND __real_rand
  1449: 00000000     0 NOTYPE  GLOBAL DEFAULT  UND __real_acos
  1450: 00000000     0 NOTYPE  GLOBAL DEFAULT  UND __heap_start
  1451: 00000000     0 NOTYPE  GLOBAL DEFAULT  UND __device_dts_ord_54
  1452: 00000000     0 NOTYPE  GLOBAL DEFAULT  UND __real_asin
  1453: 00000000     0 NOTYPE  GLOBAL DEFAULT  UND _edata
  1454: 00000000     0 NOTYPE  GLOBAL DEFAULT  UND __real_isdigit
  1455: 00000000     0 NOTYPE  GLOBAL DEFAULT  UND __device_dts_ord_66
  1456: 00000000     0 NOTYPE  GLOBAL DEFAULT  UND __real___aeabi_fcmpge
  1457: 00000000     0 NOTYPE  GLOBAL DEFAULT  UND __real_vprintf
  1458: 00000000     0 NOTYPE  GLOBAL DEFAULT  UND __device_dts_ord_94
  1459: 00000000     0 NOTYPE  GLOBAL DEFAULT  UND __real_vsscanf
  1460: 00000000     0 NOTYPE  GLOBAL DEFAULT  UND __real___aeabi_fcmpeq
  1461: 00000000     0 NOTYPE  GLOBAL DEFAULT  UND __real_strcasecmp
  1462: 00000000     0 NOTYPE  GLOBAL DEFAULT  UND __real_tanf
  1463: 00000000     0 NOTYPE  GLOBAL DEFAULT  UND __real_atof
  1464: 00000000     0 NOTYPE  GLOBAL DEFAULT  UND __real_calloc
  1465: 00000000     0 NOTYPE  GLOBAL DEFAULT  UND __device_dts_ord_89
  1466: 00000000     0 NOTYPE  GLOBAL DEFAULT  UND __real_strtol
  1467: 00000000     0 NOTYPE  GLOBAL DEFAULT  UND __real_acosf
  1468: 00000000     0 NOTYPE  GLOBAL DEFAULT  UND __real_cosf
  1469: 00000000     0 NOTYPE  GLOBAL DEFAULT  UND __real_log2
  1470: 00000000     0 NOTYPE  GLOBAL DEFAULT  UND __real___aeabi_fmul
  1471: 00000000     0 NOTYPE  GLOBAL DEFAULT  UND __real___aeabi_d2lz
  1472: 00000000     0 NOTYPE  GLOBAL DEFAULT  UND __real_atan2f
  1473: 00000000     0 NOTYPE  GLOBAL DEFAULT  UND kheap_llext_heap_size
  1474: 00000000     0 NOTYPE  GLOBAL DEFAULT  UND __real_strcpy
  1475: 00000000     0 NOTYPE  GLOBAL DEFAULT  UND __device_dts_ord_90
  1476: 00000000     0 NOTYPE  GLOBAL DEFAULT  UND __real__exit
  1477: 00000000     0 NOTYPE  GLOBAL DEFAULT  UND __real_memcmp
  1478: 00000000     0 NOTYPE  GLOBAL DEFAULT  UND __real___aeabi_fsub
  1479: 00000000     0 NOTYPE  GLOBAL DEFAULT  UND __real_memchr
  1480: 00000000     0 NOTYPE  GLOBAL DEFAULT  UND __device_dts_ord_92
  1481: 00000000     0 NOTYPE  GLOBAL DEFAULT  UND __real___aeabi_fcmpgt
  1482: 00000000     0 NOTYPE  GLOBAL DEFAULT  UND __real_atol
  1483: 00000000     0 NOTYPE  GLOBAL DEFAULT  UND __real_atanf
  1484: 00000000     0 NOTYPE  GLOBAL DEFAULT  UND __device_dts_ord_95
  1485: 00000000     0 NOTYPE  GLOBAL DEFAULT  UND __real_isalpha
  1486: 0000bb0d   228 FUNC    GLOBAL DEFAULT    4 _ZN14recorder_bench6Runner7observeERKN3fsm11RobotResultERKN6motors6ResultE
  1487: 00004025    52 FUNC    GLOBAL DEFAULT    4 _ZN3fsm10DefendTurn6finishENS_6IntentE
  1488: 0000df79     2 FUNC    GLOBAL DEFAULT    4 __cxa_free_exception
  1489: 00000000     0 NOTYPE  GLOBAL DEFAULT  UND __device_dts_ord_70
  1490: 00000078     8 OBJECT  WEAK   DEFAULT    9 _ZZN8RpcUtils6detail12unpackObjectERN7arduino7msgpack8UnpackerEE5num64
  1491: 00000191    96 FUNC    WEAK   DEFAULT    4 _ZN7arduino7msgpack8Unpacker11unpackInt64Ev
  1492: 0000ea9d     4 FUNC    GLOBAL DEFAULT    4 _ZNKSt9type_info15__is_function_pEv
  1493: 00003509    64 FUNC    GLOBAL DEFAULT    4 _ZN3fsm6Search12beginAdvanceEj
  1494: 0000e24f    10 FUNC    GLOBAL DEFAULT    4 __aeabi_dcmpun
  1495: 0000e231    10 FUNC    GLOBAL DEFAULT    4 __aeabi_dcmple
  1496: 00000000     0 NOTYPE  GLOBAL DEFAULT  UND __real___aeabi_dcmpgt
  1497: 00000000     0 NOTYPE  GLOBAL DEFAULT  UND __device_dts_ord_40
  1498: 00002749    76 FUNC    GLOBAL DEFAULT    4 _ZN4edge11RowExecutor12advancePhaseEjb
  1499: 00004d61   100 FUNC    GLOBAL DEFAULT    4 _ZN3fsm5Robot20advanceLineHistoriesEv
  1500: 0000a65d   116 FUNC    GLOBAL DEFAULT    4 _ZN8recorder15AttemptRecorder5beginERKN3fsm11RobotResultE
  1501: 0000e399     8 FUNC    GLOBAL DEFAULT    4 yield
  1502: 0000e1ed     8 FUNC    GLOBAL DEFAULT    4 sqrt
  1503: 00009f3d    32 FUNC    GLOBAL DEFAULT    4 _ZN5stall14ReflankLimiter4stepEj
  1504: 00004271    68 FUNC    GLOBAL DEFAULT    4 _ZN3fsm16HeadingReference13captureOriginERKNS_13HeadingSampleE
  1505: 00000000     0 NOTYPE  GLOBAL DEFAULT  UND z_impl_k_thread_create
  1506: 00007929    62 FUNC    GLOBAL DEFAULT    4 _ZN8logframe11observeTickERNS_14TickStatisticsEj
  1507: 00008acd    24 FUNC    GLOBAL DEFAULT    4 _ZN7openers5Flank9beginTurnEjfb
  1508: 0000ebc9    20 FUNC    GLOBAL DEFAULT    4 _ZNSt12length_errorC2EPKc
  1509: 0000c389    60 FUNC    WEAK   DEFAULT    4 _ZN7arduino7msgpack8Unpacker9unpackNilEv
  1510: 0000e32d   108 FUNC    GLOBAL DEFAULT    4 _Z20start_static_threadsv
  1511: 00005459    48 FUNC    GLOBAL DEFAULT    4 _ZN3fsm5Robot4emitEjN4core5EventEht
  1512: 00006289    64 FUNC    GLOBAL DEFAULT    4 _ZN3fsm5Robot12finishDefendEv
  1513: 00008cc1   136 FUNC    GLOBAL DEFAULT    4 _ZNK7openers5Flank6resultEv
  1514: 00003b55   140 FUNC    GLOBAL DEFAULT    4 _ZN3fsm11chooseSwingERKNS_12SwingContextE
  1515: 0000e96d    20 FUNC    GLOBAL DEFAULT    4 _ZNSt9bad_allocD2Ev
  1516: 0000df89    12 FUNC    GLOBAL DEFAULT    4 __cxa_end_cleanup
  1517: 0000298d    44 FUNC    GLOBAL DEFAULT    4 _ZN4edge11RowExecutor5resetEv
  1518: 0000c46d    64 FUNC    WEAK   DEFAULT    4 _ZN7RpcCallIJEE8setErrorEiN7arduino6StringE
  1519: 0000c249     4 FUNC    WEAK   DEFAULT    4 _ZN7arduino5Print17availableForWriteEv
  1520: 00000000     0 NOTYPE  GLOBAL DEFAULT  UND __device_dts_ord_105
  1521: 00000000     0 NOTYPE  GLOBAL DEFAULT  UND z_impl_device_init
  1522: 0000e999    20 FUNC    GLOBAL DEFAULT    4 _ZN10__cxxabiv120__si_class_type_infoD2Ev
  1523: 0000046a    37 OBJECT  GLOBAL DEFAULT    3 _ZTSN10__cxxabiv120__si_class_type_infoE
  1524: 0000ab49   184 FUNC    GLOBAL DEFAULT    4 _ZNK8recorder15AttemptRecorder10incompleteEv
  1525: 0000aec1  1672 FUNC    WEAK   DEFAULT    4 _ZN3fsm5RobotC1Ev
  1526: 0000f089   156 FUNC    GLOBAL DEFAULT    4 round
  1527: 00001f2d   164 FUNC    GLOBAL DEFAULT    4 _ZN9countdown8Services17admitExplicitGyroERKNS_13ServiceSampleE
  1528: 00007f5d    24 FUNC    GLOBAL DEFAULT    4 _ZN6motion8Interval7advanceEj
  1529: 0000e095    44 FUNC    GLOBAL DEFAULT    4 _ZN7arduino6String4moveERS0_
  1530: 0000c35d    44 FUNC    WEAK   DEFAULT    4 _ZN8RpcErrorC2Ev
  1531: 00000000     4 OBJECT  WEAK   DEFAULT    9 _ZGVN12RouterBridge3HCIE
  1532: 000013f9   288 FUNC    WEAK   DEFAULT    4 _ZN7arduino7msgpack6object3extC2EaPKhj
  1533: 00002281    20 FUNC    GLOBAL DEFAULT    4 _ZN9countdown8Services6cancelEv
  1534: 0000ecd9    60 FUNC    WEAK   DEFAULT    4 _ZNSt7__cxx1112basic_stringIcSt11char_traitsIcESaIcEE9_M_createERjj
  1535: 00003c95    72 FUNC    GLOBAL DEFAULT    4 _ZN3fsm7Reflank9runMotionEjfb
  1536: 000043e9   212 FUNC    GLOBAL DEFAULT    4 _ZNK3fsm16HeadingReference14projectHeadingEf
  1537: 00000000     0 NOTYPE  GLOBAL DEFAULT  UND __real_abort
  1538: 0000e6d9   112 FUNC    GLOBAL DEFAULT    4 _ZN7arduino12ZephyrSerial5writeEPKhj
  1539: 00000000     0 NOTYPE  GLOBAL DEFAULT  UND z_impl_k_thread_name_set
  1540: 0000ed55    54 FUNC    WEAK   DEFAULT    4 _ZNSt7__cxx1112basic_stringIcSt11char_traitsIcESaIcEE7reserveEj
  1541: 00008ed9   168 FUNC    GLOBAL DEFAULT    4 _ZN7openers5Flank5startEjfbN4core4ModeE
  1542: 00008d49   348 FUNC    GLOBAL DEFAULT    4 _ZN7openers5Flank4stepERKNS_6SampleE
  1543: 00000000     0 NOTYPE  GLOBAL DEFAULT  UND __real___aeabi_dcmpun
  1544: 0000e1a5     8 FUNC    GLOBAL DEFAULT    4 memmove
  1545: 0000acf5    52 FUNC    GLOBAL DEFAULT    4 _ZNK8recorder11FrameBuffer2atEj
  1546: 0000d34d   172 FUNC    WEAK   DEFAULT    4 _ZN11BridgeClass6notifyIJRN7arduino6StringEEEEvS2_DpOT_
  1547: 00000008     0 TLS     GLOBAL DEFAULT  ABS _TLS_MODULE_BASE_
  1548: 0000e995     2 FUNC    GLOBAL DEFAULT    4 _ZNSt9exceptionD2Ev
  1549: 00009c01    48 FUNC    GLOBAL DEFAULT    4 _ZNK10opp_fusion6Fusion7previewEN4core5StateE
  1550: 000002e9   108 FUNC    WEAK   DEFAULT    4 _ZN7arduino7msgpack8Unpacker13unpackFloat64Ev
  1551: 00000000     0 NOTYPE  GLOBAL DEFAULT  UND __real___aeabi_dcmplt
  1552: 00003341     8 FUNC    GLOBAL DEFAULT    4 _ZN3fsm16NormalPerception5resetEv
  1553: 00002435   120 FUNC    GLOBAL DEFAULT    4 _ZN9countdown4Menu11observeNoneEjRNS_10MenuResultE
  1554: 0000e6a1    12 FUNC    WEAK   DEFAULT    4 _ZN7arduino12ZephyrSerial3endEv
  1555: 00006de1   160 FUNC    GLOBAL DEFAULT    4 _ZN3fsm5Robot14publishPhantomEv
  1556: 0000e6ad    44 FUNC    GLOBAL DEFAULT    4 _ZN7arduino12ZephyrSerial5flushEv
  1557: 00000000     0 NOTYPE  GLOBAL DEFAULT  UND __real_memmove
  1558: 00006401   244 FUNC    GLOBAL DEFAULT    4 _ZN3fsm5Robot11routeNormalEbb
  1559: 000044bd   312 FUNC    GLOBAL DEFAULT    4 _ZN3fsm16HeadingReference7advanceERKNS_13HeadingSampleEbb
  1560: 0000c0c5   160 FUNC    GLOBAL DEFAULT    4 _ZN15recorder_native5beginEv
  1561: 0000dfa1    12 FUNC    GLOBAL DEFAULT    4 __aeabi_unwind_cpp_pr0
  1562: 0000730d   284 FUNC    GLOBAL DEFAULT    4 _ZN3fsm5Robot7exhaustERKNS_10RobotInputE
  1563: 0000d8ed    64 FUNC    WEAK   DEFAULT    4 _ZN7RpcCallIJRjEE8setErrorEiN7arduino6StringE
  1564: 00000ead    40 FUNC    WEAK   DEFAULT    4 _ZN7arduino7msgpack6Packer10packUInt32Ej
  1565: 00004319   208 FUNC    GLOBAL DEFAULT    4 _ZNK3fsm16HeadingReference12projectWorldEf
  1566: 00000089     1 OBJECT  WEAK   DEFAULT    9 _ZZN8RpcUtils6detail12unpackObjectERN7arduino7msgpack8UnpackerEE3nil
  1567: 0000a5c9    32 FUNC    GLOBAL DEFAULT    4 _ZN8recorder15AttemptRecorder6rejectEv
  1568: 00007c4f     8 FUNC    GLOBAL DEFAULT    4 _ZNK8logframe11EventBuffer4sizeEv
  1569: 00000000     0 NOTYPE  GLOBAL DEFAULT  UND z_impl_k_yield
  1570: 00029ec8  2156 OBJECT  GLOBAL DEFAULT    9 Serial1
  1571: 00028a54     4 OBJECT  WEAK   DEFAULT    9 _ZZN7arduino7msgpack8Unpacker10from_arrayIJRiRNS_6StringEEEEbDpOT_E2sz
  1572: 000071f5   280 FUNC    GLOBAL DEFAULT    4 _ZN3fsm5Robot6finishERKNS_10RobotInputE
  1573: 00003295    84 FUNC    GLOBAL DEFAULT    4 _ZN3fsm18FrontQualification7observeEh
  1574: 0000ad3d    10 FUNC    GLOBAL DEFAULT    4 _ZNK8recorder11FrameBuffer12clampedCountEv
  1575: 00009711   132 FUNC    GLOBAL DEFAULT    4 _ZN10opp_fusion13PhantomFilter7advanceEj
  1576: 00006e81   344 FUNC    GLOBAL DEFAULT    4 _ZN3fsm5Robot13publishEventsEv
  1577: 00008359   544 FUNC    GLOBAL DEFAULT    4 _ZN6motion8Straight4stepEjfb
  1578: 0000ec95    28 FUNC    WEAK   DEFAULT    4 _ZNSs4_Rep10_M_disposeERKSaIcE
  1579: 00000014     0 TLS     GLOBAL DEFAULT  ABS errno
  1580: 000096a9    76 FUNC    GLOBAL DEFAULT    4 _ZNK10opp_fusion7Contact12previewLatchEN4core5StateEhRKNS_10ContactCueE
  1581: 000023cd   104 FUNC    GLOBAL DEFAULT    4 _ZN9countdown4Menu11observeModeEjRNS_10MenuResultE
  1582: 00006fd9   428 FUNC    GLOBAL DEFAULT    4 _ZN3fsm5Robot12prepareFrameERKNS_10RobotInputE
  1583: 00003cdd   104 FUNC    GLOBAL DEFAULT    4 _ZN3fsm7Reflank12advanceStageEjb
  1584: 00000000     0 NOTYPE  GLOBAL DEFAULT  UND __real_malloc
  1585: 00001125   280 FUNC    WEAK   DEFAULT    4 _ZN7arduino7msgpack8Unpacker11unpackFloatIfEENSt9enable_ifIXaasrSt13is_arithmeticIT_E5valuesrSt17is_floating_pointIS5_E5valueES5_E4typeEv
  1586: 000049e5   328 FUNC    GLOBAL DEFAULT    4 _ZN3fsm5Robot15admitImuHeadingERNS_10RobotInputE
  1587: 0000463d   262 FUNC    GLOBAL DEFAULT    4 _ZN3fsm5Robot12admitButtonsERKNS_10RobotInputE
  1588: 0000d3f9    64 FUNC    WEAK   DEFAULT    4 _ZN7RpcCallIJRN7arduino6StringEEE8setErrorEiS1_
  1589: 00004059   296 FUNC    GLOBAL DEFAULT    4 _ZN3fsm10DefendTurn4stepEjfbh
  1590: 0000c8f5   124 FUNC    WEAK   DEFAULT    4 _ZN7arduino7msgpack6Packer4packERKNS_6StringE
  1591: 00000000     0 NOTYPE  GLOBAL DEFAULT  UND __real___aeabi_l2f
  1592: 0000001c     0 TLS     GLOBAL DEFAULT  ABS _localtime_buf
  1593: 0000e4cd     4 FUNC    WEAK   DEFAULT    4 _ZN7arduino12ZephyrSerialcvbEv
  1594: 000004e2    25 OBJECT  GLOBAL DEFAULT    3 _ZTSNSt3_V214error_categoryE
  1595: 0000c165   124 FUNC    GLOBAL DEFAULT    4 _ZN15recorder_native4pollEv
  1596: 0000ba21   124 FUNC    GLOBAL DEFAULT    4 _ZN14recorder_bench6Runner11sampleClockERj
  1597: 00000129    16 FUNC    WEAK   DEFAULT    4 _ZNK7arduino7msgpack8Unpacker7getTypeEv
  1598: 0000006d     8 FUNC    GLOBAL DEFAULT    4 loop
  1599: 00009c31    76 FUNC    GLOBAL DEFAULT    4 _ZN10opp_fusion6Fusion6commitEN4core5StateE
  1600: 00000000     0 NOTYPE  GLOBAL DEFAULT  UND sys_clock_cycle_get_64
  1601: 0000e2d1     2 FUNC    WEAK   DEFAULT    4 initVariant
  1602: 000061a5   228 FUNC    GLOBAL DEFAULT    4 _ZN3fsm5Robot9runSearchEv
  1603: 0000b549   560 FUNC    GLOBAL DEFAULT    4 _ZN14recorder_bench6RunnerC1ERKNS_9ClockPortE
  1604: 00000bf9   120 FUNC    WEAK   DEFAULT    4 _ZN7arduino7msgpack8Unpacker4feedEPKhj
  1605: 0000e1c5     8 FUNC    GLOBAL DEFAULT    4 __xpg_strerror_r
  1606: 00000000     0 NOTYPE  GLOBAL DEFAULT  UND __device_dts_ord_120
  1607: 0000eb09    20 FUNC    GLOBAL DEFAULT    4 _ZNSt12length_errorD2Ev
  1608: 00000431    46 FUNC    WEAK   DEFAULT    4 _ZNK7arduino7msgpack8Unpacker11getRawBytesItEET_jj
  1609: 00004f3d    48 FUNC    GLOBAL DEFAULT    4 _ZN3fsm5Robot18resetLineReadinessEv
  1610: 00000000     0 NOTYPE  WEAK   DEFAULT  UND __device_dts_ord_30
  1611: 00028a50     4 OBJECT  WEAK   DEFAULT    9 _ZGVZN7arduino7msgpack8Unpacker10from_arrayIJRiRNS_6StringEEEEbDpOT_E2sz
  1612: 0000a909   180 FUNC    GLOBAL DEFAULT    4 _ZN8recorder15AttemptRecorder8terminalERKN3fsm11RobotResultE
  1613: 00009795   356 FUNC    GLOBAL DEFAULT    4 _ZN10opp_fusion13PhantomFilter4stepERKNS_13PhantomSampleE
  1614: 00000088     1 OBJECT  WEAK   DEFAULT    9 _ZZN8RpcUtils6detail12unpackObjectERN7arduino7msgpack8UnpackerEE1b
  1615: 00008c69    88 FUNC    GLOBAL DEFAULT    4 _ZN7openers5Flank12advancePhaseERKNS_6SampleE
  1616: 0000e19d     8 FUNC    GLOBAL DEFAULT    4 memcpy
  1617: 0000efd5    12 FUNC    GLOBAL DEFAULT    4 _ZNK10__cxxabiv117__class_type_info20__do_find_public_srcEiPKvPKS0_S2_
  1618: 00000000     0 NOTYPE  WEAK   DEFAULT  UND __device_dts_ord_83
  1619: 00006801   432 FUNC    GLOBAL DEFAULT    4 _ZN3fsm5Robot10checkStallEv
  1620: 00000030    16 OBJECT  WEAK   DEFAULT    9 _ZZN8RpcUtils6detail12unpackObjectERN7arduino7msgpack8UnpackerEE1t
  1621: 0000e749   232 FUNC    GLOBAL DEFAULT    4 _ZN7arduino12ZephyrSerial10IrqHandlerEv
  1622: 00000dd9    44 FUNC    WEAK   DEFAULT    4 _ZN7arduino7msgpack6Packer9packUInt8Eh
  1623: 0000b7bd   172 FUNC    GLOBAL DEFAULT    4 _ZN14recorder_bench6Runner5inputEj
  1624: 0000dfcd    28 FUNC    GLOBAL DEFAULT    4 _ZN7arduino6String10invalidateEv
  1625: 0000b549   560 FUNC    GLOBAL DEFAULT    4 _ZN14recorder_bench6RunnerC2ERKNS_9ClockPortE
  1626: 0000efe1    20 FUNC    GLOBAL DEFAULT    4 _ZN10__cxxabiv117__class_type_infoD1Ev
  1627: 0000e2b3    10 FUNC    GLOBAL DEFAULT    4 __aeabi_uldivmod
  1628: 0000b779    68 FUNC    GLOBAL DEFAULT    4 _ZN14recorder_bench6Runner6buttonEj
  1629: 00000000     0 NOTYPE  WEAK   DEFAULT  UND __device_dts_ord_88
  1630: 0000ed15    22 FUNC    WEAK   DEFAULT    4 _ZNSt7__cxx1112basic_stringIcSt11char_traitsIcESaIcEE10_M_disposeEv
  1631: 00000000     0 NOTYPE  GLOBAL DEFAULT  UND __real___aeabi_ddiv
  1632: 00000a85   196 FUNC    WEAK   DEFAULT    4 _ZN7arduino7msgpack8Unpacker11deserializeINS0_6object8timespecEJEEEbRT_DpOT0_
  1633: 00006d81    96 FUNC    GLOBAL DEFAULT    4 _ZN3fsm5Robot11publishEdgeEv
  1634: 0000e1cd     8 FUNC    GLOBAL DEFAULT    4 malloc
  1635: 00006091   172 FUNC    GLOBAL DEFAULT    4 _ZNK3fsm5Robot13searchContextEv
  1636: 00002aa5   128 FUNC    GLOBAL DEFAULT    4 _ZN4edge11RowExecutor11startHeadOnEjfbN6motion9DirectionE
  1637: 0000ae4d    36 FUNC    WEAK   DEFAULT    4 _ZN10opp_fusion17FusionObservationC1Ev
  1638: 000045f5    48 FUNC    GLOBAL DEFAULT    4 _ZN3fsm16HeadingReference4stepEjfbb
  1639: 0000ed43    18 FUNC    WEAK   DEFAULT    4 _ZNKSt7__cxx1112basic_stringIcSt11char_traitsIcESaIcEE8capacityEv
  1640: 00000000     0 NOTYPE  GLOBAL DEFAULT  UND z_impl_k_mutex_lock
  1641: 0000c9a9    34 FUNC    WEAK   DEFAULT    4 _ZNK10RpcDecoderILj1024EE4sendEPKhj
  1642: 000024ad   248 FUNC    GLOBAL DEFAULT    4 _ZN9countdown4Menu12stepObservedERKNS_10MenuSampleERKNS_12ButtonTimingE
  1643: 0000e0e9    24 FUNC    GLOBAL DEFAULT    4 _ZN7arduino6StringC1ERKS0_
  1644: 0000eba1    40 FUNC    GLOBAL DEFAULT    4 _ZNSt11logic_errorC2EPKc
  1645: 00000080     4 OBJECT  WEAK   DEFAULT    9 _ZZN8RpcUtils6detail12unpackObjectERN7arduino7msgpack8UnpackerEE5num32
  1646: 00000000     0 NOTYPE  GLOBAL DEFAULT  UND z_impl_k_sem_take
  1647: 00000000     4 OBJECT  GLOBAL HIDDEN     7 __dso_handle
  1648: 0000ba9d    32 FUNC    GLOBAL DEFAULT    4 _ZN14recorder_bench6Runner9gateClockEPv
  1649: 0000e26d    10 FUNC    GLOBAL DEFAULT    4 __aeabi_ui2d
  1650: 0000f05f    42 FUNC    GLOBAL DEFAULT    4 _ZNK10__cxxabiv117__class_type_info10__do_catchEPKSt9type_infoPPvj
  1651: 00001691  1228 FUNC    WEAK   DEFAULT    4 _ZN8RpcUtils6detail12unpackObjectERN7arduino7msgpack8UnpackerE
  1652: 0000222d    16 FUNC    GLOBAL DEFAULT    4 _ZN9countdown8Services5resetEv
  1653: 00000058     4 OBJECT  WEAK   DEFAULT    9 _ZGVZN8RpcUtils6detail12unpackObjectERN7arduino7msgpack8UnpackerEE5bytes
  1654: 00000000     0 NOTYPE  GLOBAL DEFAULT  UND __real___aeabi_l2d
  1655: 00005251   120 FUNC    GLOBAL DEFAULT    4 _ZN3fsm5Robot16prepareLineStartERKNS_10RobotInputE
  1656: 0000c3c5    64 FUNC    WEAK   DEFAULT    4 _ZN7arduino7msgpack8Unpacker11deserializeINS0_6object5nil_tEJEEEbRT_DpOT0_
  1657: 000069b1   248 FUNC    GLOBAL DEFAULT    4 _ZN3fsm5Robot19prepareFinalRequestEv
  1658: 00000047    30 FUNC    WEAK   DEFAULT    4 _ZNK7arduino7msgpack8Unpacker13getRawBytePtrEjj
  1659: 00004c55    44 FUNC    GLOBAL DEFAULT    4 _ZN3fsm5Robot11publishLineEh
  1660: 0000ae71    80 FUNC    WEAK   DEFAULT    4 _ZN7openers5FlankC1Ev
  1661: 00000f49    44 FUNC    WEAK   DEFAULT    4 _ZN7arduino7msgpack6Packer10packUInt16Et
  1662: 0000e8e5    32 FUNC    GLOBAL DEFAULT    4 _ZSt17__throw_bad_allocv
  1663: 00002f89   464 FUNC    GLOBAL DEFAULT    4 _ZN4edge6Escape4stepERKNS_12EscapeSampleE
  1664: 00003729    72 FUNC    GLOBAL DEFAULT    4 _ZN3fsm6Search12advancePhaseEjb
  1665: 00006021   112 FUNC    GLOBAL DEFAULT    4 _ZN3fsm5Robot11startOpenerEv
  1666: 00004c81   224 FUNC    GLOBAL DEFAULT    4 _ZN3fsm5Robot9admitLineERKNS_10RobotInputE
  1667: 00002795   132 FUNC    GLOBAL DEFAULT    4 _ZN4edge11RowExecutor9runMotionEjfb
  1668: 0000e227    10 FUNC    GLOBAL DEFAULT    4 __aeabi_dcmplt
  1669: 00000250    12 OBJECT  GLOBAL DEFAULT    1 _ZTISt9bad_alloc
  1670: 00004b2d   184 FUNC    GLOBAL DEFAULT    4 _ZN3fsm5Robot8admitImuERNS_10RobotInputE
  1671: 0000e069    44 FUNC    GLOBAL DEFAULT    4 _ZN7arduino6StringC1EPKc
  1672: 00000054     4 OBJECT  WEAK   DEFAULT    9 _ZZN8RpcUtils6detail12unpackObjectERN7arduino7msgpack8UnpackerEE6arr_sz
  1673: 00008b55   124 FUNC    GLOBAL DEFAULT    4 _ZN7openers5Flank11beginTurnInERKNS_6SampleE
  1674: 00000338    52 OBJECT  GLOBAL DEFAULT    1 _ZTVN7arduino12ZephyrSerialE
  1675: 00000f75   160 FUNC    WEAK   DEFAULT    4 _ZN7arduino7msgpack6Packer12packRawBytesEPKcj
  1676: 0000e213    10 FUNC    GLOBAL DEFAULT    4 __aeabi_ddiv
  1677: 0000ebc9    20 FUNC    GLOBAL DEFAULT    4 _ZNSt12length_errorC1EPKc
  1678: 0000a109   158 FUNC    GLOBAL DEFAULT    4 _ZN6motors9MotorGate7inhibitEv
  1679: 00005fb1   112 FUNC    GLOBAL DEFAULT    4 _ZN3fsm5Robot12acceptMotionERKN6motion6ResultEN8governor7ProfileEb
  1680: 00008ae5   112 FUNC    GLOBAL DEFAULT    4 _ZN7openers5Flank13beginTraverseEj
  1681: 00000075    24 FUNC    WEAK   DEFAULT    4 _ZNSt12_Vector_baseIhSaIhEED2Ev
  1682: 000002bc    44 OBJECT  GLOBAL DEFAULT    1 _ZTVN10__cxxabiv120__si_class_type_infoE
  1683: 00004625    24 FUNC    GLOBAL DEFAULT    4 _ZN3fsm16HeadingReference4stepERKNS_13HeadingSampleEb
  1684: 00009339    92 FUNC    GLOBAL DEFAULT    4 _ZN10opp_fusion9frontViewEh
  1685: 0000ed2b    24 FUNC    WEAK   DEFAULT    4 _ZNSt7__cxx1112basic_stringIcSt11char_traitsIcESaIcEE7_S_copyEPcPKcj
  1686: 0000e209    10 FUNC    GLOBAL DEFAULT    4 __aeabi_dmul
  1687: 0000036c    20 OBJECT  GLOBAL DEFAULT    1 _ZTVSt11logic_error
  1688: 0000f047    24 FUNC    GLOBAL DEFAULT    4 _ZNK10__cxxabiv117__class_type_info11__do_upcastEPKS0_PKvRNS0_15__upcast_resultE
  1689: 000003a1    72 FUNC    WEAK   DEFAULT    4 _ZN7arduino7msgpack8Unpacker11unpackUInt7Ev
  1690: 00007999   592 FUNC    GLOBAL DEFAULT    4 _ZN8logframe9packFrameERKNS_10FrameInputERNS_10FrameBytesE
  1691: 0000e31d     8 FUNC    GLOBAL DEFAULT    4 _ZdlPv
  1692: 0000eb1d    18 FUNC    GLOBAL DEFAULT    4 _ZNSt12length_errorD0Ev
  1693: 0000ae05    46 FUNC    WEAK   DEFAULT    4 _ZN6motion4TurnC2Ev
  1694: 000025a5    32 FUNC    GLOBAL DEFAULT    4 _ZNK9countdown4Menu9selectionEv
  1695: 0000e0e9    24 FUNC    GLOBAL DEFAULT    4 _ZN7arduino6StringC2ERKS0_
  1696: 0000ee1b     6 FUNC    GLOBAL DEFAULT    4 _ZNKSt3_V214error_category23default_error_conditionEi
  1697: 0000886d   100 FUNC    GLOBAL DEFAULT    4 _ZN6motion8TimedArc4stepEj
  1698: 0000e83d    44 FUNC    WEAK   DEFAULT    4 _ZN7arduino12ZephyrSerial18ZephyrSerialBufferILi1024EEC2Ev
  1699: 0000e141    64 FUNC    GLOBAL DEFAULT    4 _ZN7arduino6String6concatEPKcj
  1700: 0000ad47    10 FUNC    GLOBAL DEFAULT    4 _ZNK8recorder11FrameBuffer12invalidCountEv
  1701: 0000e935    48 FUNC    GLOBAL DEFAULT    4 _ZSt20__throw_length_errorPKc
  1702: 00000000     0 NOTYPE  GLOBAL DEFAULT  UND __device_dts_ord_73
  1703: 0000e2c5    12 FUNC    GLOBAL DEFAULT    4 abort
  1704: 00000000     0 NOTYPE  GLOBAL DEFAULT  UND __real_fmod
  1705: 00004be5   112 FUNC    GLOBAL DEFAULT    4 _ZN3fsm5Robot10prepareImuERNS_10RobotInputE
  1706: 00005f49   104 FUNC    GLOBAL DEFAULT    4 _ZN3fsm5Robot12cancelMotionEv
  1707: 0000ae71    80 FUNC    WEAK   DEFAULT    4 _ZN7openers5FlankC2Ev
  1708: 00000000     0 NOTYPE  GLOBAL DEFAULT  UND z_impl_k_sem_init
  1709: 00008f81    96 FUNC    GLOBAL DEFAULT    4 _ZN7openers4Wait15observeApproachEjh
  1710: 00000000     0 NOTYPE  GLOBAL DEFAULT  UND __device_dts_ord_17
  1711: 00000000     0 NOTYPE  GLOBAL DEFAULT  UND _device_list_end
  1712: 00003771   108 FUNC    GLOBAL DEFAULT    4 _ZNK3fsm6Search6resultERKN6motion6ResultE
  1713: 00002295   212 FUNC    GLOBAL DEFAULT    4 _ZN9countdown9Lifecycle12stepObservedERKNS_13ServiceSampleEN4core11ButtonLevelERKNS_12ButtonTimingEfbb
  1714: 00007c79    14 FUNC    GLOBAL DEFAULT    4 _ZN8logframe11EventBuffer5resetEv
  1715: 0000ad33    10 FUNC    GLOBAL DEFAULT    4 _ZNK8recorder11FrameBuffer19rejectedStatusCountEv
  1716: 00003dc9   444 FUNC    GLOBAL DEFAULT    4 _ZN3fsm7Reflank4stepEjfbhbfb
  1717: 000020c5   100 FUNC    GLOBAL DEFAULT    4 _ZN9countdown8Services17finishCalibrationEv
  1718: 0000c35d    44 FUNC    WEAK   DEFAULT    4 _ZN8RpcErrorC1Ev
  1719: 000029b9   236 FUNC    GLOBAL DEFAULT    4 _ZN4edge11RowExecutor5startEjhfb
  1720: 0000e28b    10 FUNC    GLOBAL DEFAULT    4 __aeabi_d2f
  1721: 0000ab41     8 FUNC    GLOBAL DEFAULT    4 _ZNK8recorder15AttemptRecorder7summaryEv
  1722: 00002bd5   108 FUNC    GLOBAL DEFAULT    4 _ZN4edge6Escape10latchFaultENS_11EscapeFaultE
  1723: 00006565   236 FUNC    GLOBAL DEFAULT    4 _ZN3fsm5Robot9runOpenerERKNS_10RobotInputE
  1724: 0000203d   136 FUNC    GLOBAL DEFAULT    4 _ZN9countdown8Services18observeCalibrationERKNS_13ServiceSampleE
  1725: 0000eaf5    18 FUNC    GLOBAL DEFAULT    4 _ZNSt11logic_errorD0Ev
  1726: 00028df0  2156 OBJECT  GLOBAL DEFAULT    9 Serial3
  1727: 00007be9    52 FUNC    GLOBAL DEFAULT    4 _ZN8logframe9packEventERKNS_10EventInputERNS_10EventBytesE
  1728: 00000285    96 FUNC    WEAK   DEFAULT    4 _ZN7arduino7msgpack8Unpacker13unpackFloat32Ev
  1729: 00007185   112 FUNC    GLOBAL DEFAULT    4 _ZN3fsm5Robot11savePendingERKNS_10RobotInputE
  1730: 00008589   148 FUNC    GLOBAL DEFAULT    4 _ZN6motion8Straight5startEjffj
  1731: 00000448    34 OBJECT  GLOBAL DEFAULT    3 _ZTSN10__cxxabiv117__class_type_infoE
  1732: 000055d1   456 FUNC    GLOBAL DEFAULT    4 _ZN3fsm5Robot7receiveERKNS_10RobotInputE
  1733: 0000df95    12 FUNC    GLOBAL DEFAULT    4 __gxx_personality_v0
  1734: 0000025c     8 OBJECT  GLOBAL DEFAULT    1 _ZTISt9exception
  1735: 00000000     0 NOTYPE  GLOBAL DEFAULT  UND __device_dts_ord_109
  1736: 000010e5    64 FUNC    WEAK   DEFAULT    4 _ZN7arduino7msgpack8Unpacker11deserializeIiJEEEbRT_DpOT0_
  1737: 0000cd1d   380 FUNC    WEAK   DEFAULT    4 _ZN10RpcDecoderILj1024EE12get_responseIN7arduino7msgpack6object5nil_tEEEbjRT_R8RpcError
  1738: 00004dc5   376 FUNC    GLOBAL DEFAULT    4 _ZN3fsm5Robot11prepareLineERKNS_10RobotInputE
  1739: 0000005c    12 OBJECT  WEAK   DEFAULT    9 _ZZN8RpcUtils6detail12unpackObjectERN7arduino7msgpack8UnpackerEE5bytes
  1740: 00008c21    72 FUNC    GLOBAL DEFAULT    4 _ZN7openers5Flank9runMotionERKNS_6SampleE
  1741: 000034b9    80 FUNC    GLOBAL DEFAULT    4 _ZN3fsm6Search9beginScanEjb
  1742: 0000ba09    24 FUNC    GLOBAL DEFAULT    4 _ZN14recorder_bench6Runner4failENS_7FailureE
  1743: 00000000     0 NOTYPE  GLOBAL DEFAULT  UND __real___aeabi_i2d
  1744: 0000ea9b     2 FUNC    GLOBAL DEFAULT    4 _ZNSt9type_infoD1Ev
  1745: 0000a1a9   136 FUNC    GLOBAL DEFAULT    4 _ZN6motors9MotorGate5beginEv
  1746: 0000ae4d    36 FUNC    WEAK   DEFAULT    4 _ZN10opp_fusion17FusionObservationC2Ev
  1747: 00007e69    92 FUNC    GLOBAL DEFAULT    4 _ZN8logframe11appendEventERNS_10EventBatchERKNS_10EventInputE
  1748: 0000e325     8 FUNC    GLOBAL DEFAULT    4 _ZdlPvj
  1749: 00000231    84 FUNC    WEAK   DEFAULT    4 _ZN7arduino7msgpack8Unpacker11unpackInt16Ev
  1750: 0000dd25   292 FUNC    WEAK   DEFAULT    4 _ZN13BridgeMonitorILj512EE5_readEj
  1751: 0000e1f5    10 FUNC    GLOBAL DEFAULT    4 __aeabi_dadd
  1752: 000095a1   264 FUNC    GLOBAL DEFAULT    4 _ZN10opp_fusion7Contact10observeCueEhffb
  1753: 0000bde5   280 FUNC    GLOBAL DEFAULT    4 _ZN14recorder_bench6Runner8checksumEv
  1754: 00000000     0 NOTYPE  GLOBAL DEFAULT  UND __real___aeabi_ui2d
  1755: 00000040     4 OBJECT  WEAK   DEFAULT    9 _ZGVZN8RpcUtils6detail12unpackObjectERN7arduino7msgpack8UnpackerEE1e
  1756: 0000ae05    46 FUNC    WEAK   DEFAULT    4 _ZN6motion4TurnC1Ev
  1757: 00004f6d   348 FUNC    GLOBAL DEFAULT    4 _ZN3fsm5Robot20admitCalibrationLineERKNS_10RobotInputERb
  1758: 000098f9   356 FUNC    GLOBAL DEFAULT    4 _ZN10opp_fusion11StuckFilter4stepEjhfbb
  1759: 000089f5   200 FUNC    GLOBAL DEFAULT    4 _ZN7openers6Direct4stepEjfbh
  1760: 0000a0e7    34 FUNC    GLOBAL DEFAULT    4 _ZN6motors9MotorGate7zeroPwmEv
  1761: 0000b869   200 FUNC    GLOBAL DEFAULT    4 _ZN14recorder_bench6Runner11refreshLossEv
  1762: 0000e319     4 FUNC    GLOBAL DEFAULT    4 _ZnwjPv
  1763: 0000e281    10 FUNC    GLOBAL DEFAULT    4 __aeabi_ul2d
  1764: 0000f089   156 FUNC    GLOBAL DEFAULT    4 roundl
  1765: 0000cbe5   128 FUNC    WEAK   DEFAULT    4 _ZN7arduino7msgpack8Unpacker10unpackUIntIjEENSt9enable_ifIXaaaaaaaasrSt13is_arithmeticIT_E5valuesrSt11is_integralIS5_E5valuentsrSt7is_sameIS5_bE5valuentsrS9_INSt9remove_cvIS5_E4typeEPcE5valuentsrSt9is_signedIS5_E5valueES5_E4typeEv
  1766: 00003d45   132 FUNC    GLOBAL DEFAULT    4 _ZNK3fsm7Reflank6resultERKN6motion6ResultE
  1767: 00008579    16 FUNC    GLOBAL DEFAULT    4 _ZN6motion8Straight5resetEv
  1768: 000013a9    40 FUNC    WEAK   DEFAULT    4 _ZNSt11__copy_moveILb0ELb1ESt26random_access_iterator_tagE8__copy_mIKhhEEPT0_PT_S7_S5_
  1769: 0000cf19  1076 FUNC    WEAK   DEFAULT    4 _ZN13BridgeMonitorILj512EEcvbEv
  1770: 0000eaa1    44 FUNC    GLOBAL DEFAULT    4 _ZNKSt9type_info7__equalERKS_
  1771: 000008d1    64 FUNC    WEAK   DEFAULT    4 _ZN7arduino7msgpack8Unpacker11deserializeINS0_4type9ArraySizeEJEEEbRT_DpOT0_
  1772: 00028a58   568 OBJECT  GLOBAL DEFAULT    9 Serial
  1773: 0000dc0d   280 FUNC    WEAK   DEFAULT    4 _ZN7RpcCallIJRjEED1Ev
  1774: 0000ebdd    24 FUNC    GLOBAL DEFAULT    4 _ZNSt12__cow_stringC1EPKcj
  1775: 0000d55d   912 FUNC    WEAK   DEFAULT    4 _ZN13BridgeMonitorILj512EE5writeEPKhj
  1776: 000082b5   164 FUNC    GLOBAL DEFAULT    4 _ZN6motion4Turn13startRelativeEjfffb
  1777: 00008789   228 FUNC    GLOBAL DEFAULT    4 _ZN6motion3Arc5startEjfNS_9DirectionEfffj
  1778: 0000f009    62 FUNC    GLOBAL DEFAULT    4 _ZNK10__cxxabiv117__class_type_info12__do_dyncastEiNS0_10__sub_kindEPKS0_PKvS3_S5_RNS0_16__dyncast_resultE
  1779: 0002a734    16 OBJECT  WEAK   DEFAULT    9 _ZNSs4_Rep20_S_empty_rep_storageE
  1780: 0000e23b    10 FUNC    GLOBAL DEFAULT    4 __aeabi_dcmpgt
  1781: 0000eacd     4 FUNC    GLOBAL DEFAULT    4 _ZNKSt13runtime_error4whatEv
  1782: 00000000     0 NOTYPE  GLOBAL DEFAULT  UND ring_buf_put
  1783: 0000e1e5     8 FUNC    GLOBAL DEFAULT    4 fmod
  1784: 0000efa3    50 FUNC    GLOBAL DEFAULT    4 _ZNK10__cxxabiv117__class_type_info11__do_upcastEPKS0_PPv
  1785: 0000ac01   232 FUNC    GLOBAL DEFAULT    4 _ZN8recorder11FrameBuffer6appendERKN8logframe10FrameBytesENS1_10PackStatusE
  1786: 00000ef1    88 FUNC    WEAK   DEFAULT    4 _ZN7arduino7msgpack6Packer13packArraySizeEj
  1787: 000032e9    88 FUNC    GLOBAL DEFAULT    4 _ZN3fsm16NormalPerception4stepEh
  1788: 000000d5    84 FUNC    WEAK   DEFAULT    4 _ZNK7arduino7msgpack8Unpacker7getTypeEj
  1789: 000048e1    48 FUNC    GLOBAL DEFAULT    4 _ZN3fsm5Robot13invalidateImuERNS_10RobotInputE
  1790: 000050c9   136 FUNC    GLOBAL DEFAULT    4 _ZN3fsm5Robot22qualifyCalibrationLineERKNS_10RobotInputEb
  1791: 0000238f    40 FUNC    GLOBAL DEFAULT    4 _ZN9countdown4Menu5cycleERNS_10MenuResultE
  1792: 00000380    20 OBJECT  GLOBAL DEFAULT    1 _ZTVSt12length_error
  1793: 0000c30d    68 FUNC    WEAK   DEFAULT    4 _ZN13BridgeMonitorILj512EE4peekEv
  1794: 0000adcd    20 FUNC    GLOBAL DEFAULT    4 _ZN14recorder_bench6Runner11writeEnableEPvb
  1795: 00000000     0 NOTYPE  GLOBAL DEFAULT    6 __static_thread_data_list_end
  1796: 0000e245    10 FUNC    GLOBAL DEFAULT    4 __aeabi_dcmpge
  1797: 0000dfe9    28 FUNC    GLOBAL DEFAULT    4 _ZN7arduino6String12changeBufferEj
  1798: 00000139    88 FUNC    WEAK   DEFAULT    4 _ZN7arduino7msgpack8Unpacker11unpackInt32Ev
  1799: 0000ad29    10 FUNC    GLOBAL DEFAULT    4 _ZNK8recorder11FrameBuffer16overwrittenCountEv
  1800: 00000000     0 NOTYPE  GLOBAL DEFAULT  UND __real___aeabi_dsub
  1801: 0000e1ff    10 FUNC    GLOBAL DEFAULT    4 __aeabi_dsub
  1802: 0000eb09    20 FUNC    GLOBAL DEFAULT    4 _ZNSt12length_errorD1Ev
  1803: 00028a58   568 OBJECT  GLOBAL DEFAULT    9 Monitor
  1804: 00000238    12 OBJECT  GLOBAL DEFAULT    1 _ZTISt11logic_error
  1805: 0000345d    88 FUNC    GLOBAL DEFAULT    4 _ZN3fsm10SearchSide7observeEfb
  1806: 00000000     0 NOTYPE  GLOBAL DEFAULT  UND z_impl_k_sem_give
  1807: 00000461    72 FUNC    WEAK   DEFAULT    4 _ZN7arduino7msgpack8Unpacker12unpackUInt16Ev
  1808: 0000595d   152 FUNC    GLOBAL DEFAULT    4 _ZN3fsm5Robot19rememberObservationEv
  1809: 00000018     0 TLS     GLOBAL DEFAULT  ABS _strtok_last
  1810: 00001fd1   108 FUNC    GLOBAL DEFAULT    4 _ZN9countdown8Services9admitGyroERKNS_13ServiceSampleE
  1811: 00000536    13 OBJECT  GLOBAL DEFAULT    3 _ZTSSt9type_info
  1812: 00003be1    72 FUNC    GLOBAL DEFAULT    4 _ZN3fsm7Reflank10beginSwingEjb
  1813: 000013d1    40 FUNC    WEAK   DEFAULT    4 _ZNSt11__copy_moveILb1ELb1ESt26random_access_iterator_tagE8__copy_mIhhEEPT0_PT_S6_S4_
  1814: 0000e965     8 FUNC    GLOBAL DEFAULT    4 _ZNKSt9bad_alloc4whatEv
  1815: 00007c89   478 FUNC    GLOBAL DEFAULT    4 _ZN8logframe18validEventMetadataERKNS_10EventInputE
  1816: 00008ea5    52 FUNC    GLOBAL DEFAULT    4 _ZN7openers5Flank5resetEv
  1817: 00000394    20 OBJECT  GLOBAL DEFAULT    1 _ZTVSt9bad_alloc
  1818: 0000e4e1    72 FUNC    GLOBAL DEFAULT    4 _ZN7arduino12ZephyrSerial4readEv
  1819: 000007d1    72 FUNC    WEAK   DEFAULT    4 _ZN7arduino7msgpack8Unpacker10unpackInt8Ev
  1820: 0000051c    13 OBJECT  GLOBAL DEFAULT    3 _ZTSSt9bad_alloc
  1821: 00000000     0 NOTYPE  GLOBAL DEFAULT  UND z_impl_k_sleep
  1822: 00000000     0 NOTYPE  GLOBAL DEFAULT  UND __real___xpg_strerror_r
  1823: 0000ecb9    18 FUNC    WEAK   DEFAULT    4 _ZNSt7__cxx1112basic_stringIcSt11char_traitsIcESaIcEE11_S_allocateERS3_j
  1824: 0000e9fd   116 FUNC    GLOBAL DEFAULT    4 _ZNK10__cxxabiv120__si_class_type_info12__do_dyncastEiNS_17__class_type_info10__sub_kindEPKS1_PKvS4_S6_RNS1_16__dyncast_resultE
  1825: 0000cca5   120 FUNC    WEAK   DEFAULT    4 _ZN7arduino7msgpack8Unpacker11deserializeINS0_4type9ArraySizeEJRiRjEEEbRT_DpOT0_
  1826: 00000044    12 OBJECT  WEAK   DEFAULT    9 _ZZN8RpcUtils6detail12unpackObjectERN7arduino7msgpack8UnpackerEE1e
  1827: 00000000     0 NOTYPE  WEAK   DEFAULT  UND __device_dts_ord_61
  1828: 00000000     0 NOTYPE  GLOBAL DEFAULT  UND z_impl_device_is_ready
  1829: 00000000     0 NOTYPE  GLOBAL DEFAULT  UND ring_buf_get
  1830: 00000000     0 NOTYPE  GLOBAL DEFAULT  UND __real___aeabi_d2iz
  1831: 0000cb55   144 FUNC    WEAK   DEFAULT    4 _ZN7arduino7msgpack8Unpacker11deserializeI8RpcErrorJRNS0_6object5nil_tEEEEbRT_DpOT0_
  1832: 0000ea9b     2 FUNC    GLOBAL DEFAULT    4 _ZNSt9type_infoD2Ev
  1833: 000006b1   120 FUNC    WEAK   DEFAULT    4 _ZN7arduino7msgpack8Unpacker13unpackMapSizeEv
  1834: 00008abd    16 FUNC    GLOBAL DEFAULT    4 _ZN7openers6Direct5resetEv
  1835: 00000819    44 FUNC    WEAK   DEFAULT    4 _ZNK7arduino7msgpack8Unpacker13isTimestamp32Ev
  1836: 0000ea71    42 FUNC    GLOBAL DEFAULT    4 _ZNK10__cxxabiv120__si_class_type_info11__do_upcastEPKNS_17__class_type_infoEPKvRNS1_15__upcast_resultE
  1837: 000042b5   100 FUNC    GLOBAL DEFAULT    4 _ZN3fsm16HeadingReference12acceptSourceERKNS_13HeadingSampleE
  1838: 0000e1d5     8 FUNC    GLOBAL DEFAULT    4 realloc
  1839: 0000c24f    24 FUNC    WEAK   DEFAULT    4 _ZN13BridgeMonitorILj512EE5writeEh
  1840: 00000000     0 NOTYPE  GLOBAL DEFAULT  UND __real___aeabi_uldivmod
  1841: 0000bfb5     4 FUNC    GLOBAL DEFAULT    4 _ZNK14recorder_bench6Runner6reportEv
  1842: 0000ad77    32 FUNC    GLOBAL DEFAULT    4 _ZN8recorder11FrameBuffer5resetEv
  1843: 0000ce99    64 FUNC    WEAK   DEFAULT    4 _ZN10RpcDecoderILj1024EE6decodeEv
  1844: 0000df69     4 FUNC    GLOBAL DEFAULT    4 __cxa_atexit
  1845: 00009c7d     4 FUNC    GLOBAL DEFAULT    4 _ZNK10opp_fusion6Fusion6memoryEv
  1846: 00000000     0 NOTYPE  GLOBAL DEFAULT  UND __real_atexit
  1847: 00002ba5    48 FUNC    GLOBAL DEFAULT    4 _ZNK4edge6Escape11needsReplanEh
  1848: 00000000     0 NOTYPE  GLOBAL DEFAULT  UND __real_sqrt
  1849: 0000e263    10 FUNC    GLOBAL DEFAULT    4 __aeabi_i2d
  1850: 00001e59    16 FUNC    GLOBAL DEFAULT    4 _ZN9countdown8StopHold9interruptEv
  1851: 0000a5e9   116 FUNC    GLOBAL DEFAULT    4 _ZNK8recorder15AttemptRecorder11startMarkerERKN3fsm11RobotResultERj
  1852: 00000000     0 NOTYPE  GLOBAL DEFAULT  UND __real___aeabi_dcmple
  1853: 0000c5c5   376 FUNC    WEAK   DEFAULT    4 _ZN7arduino7msgpack8Unpacker11deserializeISt6vectorIhSaIhEEJEEEbRT_DpOT0_
  1854: 000034b5     4 FUNC    GLOBAL DEFAULT    4 _ZNK3fsm10SearchSide9directionEv
  1855: 0000e981    20 FUNC    GLOBAL DEFAULT    4 _ZNSt9bad_allocD0Ev
  1856: 00000911   372 FUNC    WEAK   DEFAULT    4 _ZN7arduino7msgpack8Unpacker11deserializeINS_6StringEJEEEbRT_DpOT0_
  1857: 0000e999    20 FUNC    GLOBAL DEFAULT    4 _ZN10__cxxabiv120__si_class_type_infoD1Ev
  1858: 00000050     4 OBJECT  WEAK   DEFAULT    9 _ZZN8RpcUtils6detail12unpackObjectERN7arduino7msgpack8UnpackerEE6map_sz
  1859: 0000e491    16 FUNC    GLOBAL DEFAULT    4 _ZN6zephyr7arduino22init_dev_apply_pinctrlEPK6device
  1860: 000090a1    78 FUNC    GLOBAL DEFAULT    4 _ZNK7openers4Wait6resultEv
  1861: 000001f1    32 FUNC    WEAK   DEFAULT    4 _ZNK7arduino7msgpack8Unpacker7isArrayEv
  1862: 00000000     0 NOTYPE  GLOBAL DEFAULT  UND __real___aeabi_dcmpge
  1863: 0000e831    12 FUNC    GLOBAL DEFAULT    4 _ZN7arduino12ZephyrSerial11IrqDispatchEPK6devicePv
  1864: 00000669    72 FUNC    WEAK   DEFAULT    4 _ZN7arduino7msgpack8Unpacker12unpackUInt32Ev
  1865: 00000075    24 FUNC    WEAK   DEFAULT    4 _ZNSt12_Vector_baseIhSaIhEED1Ev
  1866: 0000ea9d     4 FUNC    GLOBAL DEFAULT    4 _ZNKSt9type_info14__is_pointer_pEv
  1867: 00009455   332 FUNC    GLOBAL DEFAULT    4 _ZN10opp_fusion13BearingMemory4stepEjhfj
  1868: 00002819   108 FUNC    GLOBAL DEFAULT    4 _ZNK4edge11RowExecutor6resultERKN6motion6ResultE
  1869: 00000c71    56 FUNC    WEAK   DEFAULT    4 _ZNKSt6vectorIhSaIhEE12_M_check_lenEjPKc
  1870: 00001241   280 FUNC    WEAK   DEFAULT    4 _ZN7arduino7msgpack8Unpacker11unpackFloatIdEENSt9enable_ifIXaasrSt13is_arithmeticIT_E5valuesrSt17is_floating_pointIS5_E5valueES5_E4typeEv
  1871: 00000010     0 TLS     GLOBAL DEFAULT  ABS z_tls_current
  1872: 00001015   208 FUNC    WEAK   DEFAULT    4 _ZN7arduino7msgpack8Unpacker9unpackIntIiEENSt9enable_ifIXaaaaaaaasrSt13is_arithmeticIT_E5valuesrSt11is_integralIS5_E5valuentsrSt7is_sameIS5_bE5valuentsrS9_INSt9remove_cvIS5_E4typeEPcE5valuesrSt9is_signedIS5_E5valueES5_E4typeEv
  1873: 00006651   224 FUNC    GLOBAL DEFAULT    4 _ZN3fsm5Robot10runReflankEv
  1874: 0000bc71   316 FUNC    GLOBAL DEFAULT    4 _ZN14recorder_bench6Runner4tickEj
  1875: 000096f5    28 FUNC    GLOBAL DEFAULT    4 _ZN10opp_fusion7Contact11commitLatchEN4core5StateEhRKNS_10ContactCueE
  1876: 0000e905    48 FUNC    GLOBAL DEFAULT    4 _ZSt19__throw_logic_errorPKc
  1877: 0000e5d9   200 FUNC    GLOBAL DEFAULT    4 _ZN7arduino12ZephyrSerial5beginEmt
  1878: 00000000     0 NOTYPE  GLOBAL DEFAULT  UND __real_realloc
  1879: 00000290    44 OBJECT  GLOBAL DEFAULT    1 _ZTVN10__cxxabiv117__class_type_infoE
  1880: 000054a9   184 FUNC    GLOBAL DEFAULT    4 _ZN3fsm5Robot13receiveTimingERKNS_10RobotInputEb
  1881: 0000e181    28 FUNC    GLOBAL DEFAULT    4 _ZN7arduino6String6concatEc
  1882: 0000df7d    12 FUNC    GLOBAL DEFAULT    4 __cxa_throw
  1883: 00000765    76 FUNC    WEAK   DEFAULT    4 _ZN7arduino7msgpack8Unpacker12unpackUInt64Ev
  1884: 00002377    24 FUNC    GLOBAL DEFAULT    4 _ZN9countdown4Menu10advanceAgeEjj
  1885: 0000e4b5    24 FUNC    WEAK   DEFAULT    4 _ZN7arduino12ZephyrSerial5writeEh
  1886: 00000244    12 OBJECT  GLOBAL DEFAULT    1 _ZTISt12length_error
  1887: 00001e49    16 FUNC    GLOBAL DEFAULT    4 _ZN9countdown8StopHold5resetEv
  1888: 000059f5   252 FUNC    GLOBAL DEFAULT    4 _ZN3fsm5Robot13sampleSensorsERKNS_10RobotInputE
  1889: 0000a8df    42 FUNC    GLOBAL DEFAULT    4 _ZN8recorder15AttemptRecorder12onRobotResetEv
  1890: 0000e1bd     8 FUNC    GLOBAL DEFAULT    4 memset
  1891: 0000e2d5    44 FUNC    WEAK   DEFAULT    4 main
  1892: 00001359    80 FUNC    WEAK   DEFAULT    4 _ZN10RpcDecoderILj1024EE7consumeEjj
  1893: 0000bdad    56 FUNC    GLOBAL DEFAULT    4 _ZN14recorder_bench6Runner13checksumBytesEPKhj
  1894: 000023b7    20 FUNC    GLOBAL DEFAULT    4 _ZN9countdown4Menu6toggleERNS_10MenuResultE
  1895: 00008bd1    58 FUNC    GLOBAL DEFAULT    4 _ZNK7openers5Flank10detectExitEh
  1896: 0000e101    16 FUNC    GLOBAL DEFAULT    4 _ZN7arduino6StringaSEOS0_
  1897: 0000e29f    10 FUNC    GLOBAL DEFAULT    4 __aeabi_l2f
  1898: 00003349   276 FUNC    GLOBAL DEFAULT    4 _ZN3fsm11frontDemandEN4core5StateEhb
  1899: 00004987    92 FUNC    GLOBAL DEFAULT    4 _ZN3fsm5Robot11rememberImuERKNS_10RobotInputE
  1900: 00005151   256 FUNC    GLOBAL DEFAULT    4 _ZN3fsm5Robot22prepareCalibrationLineERKNS_10RobotInputE
  1901: 00000000     0 NOTYPE  GLOBAL DEFAULT  UND __device_dts_ord_100
  1902: 000007b1    32 FUNC    WEAK   DEFAULT    4 _ZNK7arduino7msgpack8Unpacker11getRawBytesIaEET_jj
  1903: 00000000     0 NOTYPE  GLOBAL DEFAULT  UND __device_dts_ord_114
  1904: 000081d1    16 FUNC    GLOBAL DEFAULT    4 _ZN6motion4Turn5resetEv
  1905: 0000ebf5    24 FUNC    WEAK   DEFAULT    4 _ZNSs7_M_copyEPcPKcj
  1906: 00009e71   124 FUNC    GLOBAL DEFAULT    4 _ZN5stall14ReflankLimiter7advanceEj
  1907: 00000000     0 NOTYPE  GLOBAL DEFAULT  UND __real___aeabi_dcmpeq
  1908: 0000d439   292 FUNC    WEAK   DEFAULT    4 _ZN7RpcCallIJRN7arduino6StringEEED2Ev
  1909: 00006ced   148 FUNC    GLOBAL DEFAULT    4 _ZN3fsm5Robot14updateWarningsERKNS_10RobotInputE
  1910: 0000e277    10 FUNC    GLOBAL DEFAULT    4 __aeabi_l2d
  1911: 00000200    12 OBJECT  GLOBAL DEFAULT    1 _ZTIN10__cxxabiv117__class_type_infoE
  1912: 0000dc0d   280 FUNC    WEAK   DEFAULT    4 _ZN7RpcCallIJRjEED2Ev
  1913: 0000e3a1    28 FUNC    GLOBAL DEFAULT    4 micros
  1914: 00006aa9   312 FUNC    GLOBAL DEFAULT    4 _ZN3fsm5Robot15commitAndGovernERKNS_10RobotInputE
  1915: 000004a9    52 FUNC    WEAK   DEFAULT    4 _ZNK7arduino7msgpack8Unpacker11getRawBytesIjEET_jj
  1916: 00000000     0 NOTYPE  GLOBAL DEFAULT  UND __real_free
  1917: 0000e2a9    10 FUNC    GLOBAL DEFAULT    4 __aeabi_ul2f
  1918: 00000000     0 NOTYPE  GLOBAL DEFAULT  UND __real___aeabi_dmul
  1919: 0000c405   104 FUNC    WEAK   DEFAULT    4 _ZN7arduino7msgpack8Unpacker11deserializeIbJEEEbRT_DpOT0_
  1920: 00007c57    18 FUNC    GLOBAL DEFAULT    4 _ZNK8logframe11EventBuffer2atEj
  1921: 00008911   176 FUNC    GLOBAL DEFAULT    4 _ZN6motion8TimedArc5startEjNS_9DirectionEffj
  1922: 0000babd    80 FUNC    GLOBAL DEFAULT    4 _ZN14recorder_bench6Runner9deadlinesEj
  1923: 0000e1b5     8 FUNC    GLOBAL DEFAULT    4 strcmp
  1924: 00001b5d   316 FUNC    WEAK   DEFAULT    4 _ZN10RpcDecoderILj1024EE12parse_packetEv
  1925: 0000ec0d    10 FUNC    WEAK   DEFAULT    4 _ZNSs13_S_copy_charsEPcPKcS1_
  1926: 00001dcd   124 FUNC    GLOBAL DEFAULT    4 _ZN9countdown8StopHold12stepObservedEjjN4core11ButtonLevelE
  1927: 0000e5a5    52 FUNC    GLOBAL DEFAULT    4 _ZN7arduino12ZephyrSerial9availableEv
  1928: 0000e83d    44 FUNC    WEAK   DEFAULT    4 _ZN7arduino12ZephyrSerial18ZephyrSerialBufferILi1024EEC1Ev
  1929: 00009a5d   420 FUNC    GLOBAL DEFAULT    4 _ZN10opp_fusion6Fusion7observeERKNS_12FusionSampleE
  1930: 0000d439   292 FUNC    WEAK   DEFAULT    4 _ZN7RpcCallIJRN7arduino6StringEEED1Ev
  1931: 0000ae01     4 FUNC    GLOBAL DEFAULT    4 _ZN14recorder_bench6Runner6settleEPv
  1932: 0000e02d    60 FUNC    GLOBAL DEFAULT    4 _ZN7arduino6String4copyEPKcj
  1933: 00000e91    28 FUNC    WEAK   DEFAULT    4 _ZN7arduino7msgpack6Packer15packRawReversedIjEEvRKT_
  1934: 00005799   252 FUNC    GLOBAL DEFAULT    4 _ZN3fsm5Robot16advanceHistoriesEv
  1935: 00000031    22 FUNC    WEAK   DEFAULT    4 _ZN7arduino7msgpack8Unpacker11deserializeEv
  1936: 00000000     0 NOTYPE  GLOBAL DEFAULT  UND pinctrl_lookup_state
  1937: 0000ee51    48 FUNC    GLOBAL DEFAULT    4 _ZNKSt3_V214error_category10_M_messageB5cxx11Ei
  1938: 00005895   200 FUNC    GLOBAL DEFAULT    4 _ZN3fsm5Robot13prepareInputsERKNS_10RobotInputE
  1939: 0000e9ad    20 FUNC    GLOBAL DEFAULT    4 _ZN10__cxxabiv120__si_class_type_infoD0Ev
  1940: 00000004    40 OBJECT  WEAK   DEFAULT    9 _ZN12RouterBridge3HCIE
  1941: 0000ead1    36 FUNC    GLOBAL DEFAULT    4 _ZNSt11logic_errorD2Ev
  1942: 00000845    44 FUNC    WEAK   DEFAULT    4 _ZNK7arduino7msgpack8Unpacker13isTimestamp64Ev
  1943: 00028c90   352 OBJECT  GLOBAL DEFAULT    9 Bridge
  1944: 000004fb    16 OBJECT  GLOBAL DEFAULT    3 _ZTSSt11logic_error
  1945: 0000b931   216 FUNC    GLOBAL DEFAULT    4 _ZN14recorder_bench6Runner7refreshEv
  1946: 0000ead1    36 FUNC    GLOBAL DEFAULT    4 _ZNSt11logic_errorD1Ev
  1947: 0000e2bd     8 FUNC    GLOBAL DEFAULT    4 atexit
  1948: 00001519   376 FUNC    WEAK   DEFAULT    4 _ZN7arduino7msgpack8Unpacker9unpackExtEv
  1949: 00009055    76 FUNC    GLOBAL DEFAULT    4 _ZN7openers4Wait8runFlankERKNS_6SampleE
  1950: 00007f75    60 FUNC    GLOBAL DEFAULT    4 _ZN6motion4Turn13beginFallbackEv
  1951: 00007429   356 FUNC    GLOBAL DEFAULT    4 _ZN3fsm5Robot4stepERKNS_10RobotInputE
  1952: 00007c1d    50 FUNC    GLOBAL DEFAULT    4 _ZN8logframe11EventBuffer6appendERKNS_10EventBytesE
  1953: 00000729    58 FUNC    WEAK   DEFAULT    4 _ZNK7arduino7msgpack8Unpacker11getRawBytesIyEET_jj
  1954: 00000000     0 NOTYPE  GLOBAL DEFAULT  UND _device_list_start
  1955: 00007c69     8 FUNC    GLOBAL DEFAULT    4 _ZNK8logframe11EventBuffer10overflowedEv
  1956: 0000ee21    20 FUNC    GLOBAL DEFAULT    4 _ZNKSt3_V214error_category10equivalentERKSt10error_codei
  1957: 00009219    92 FUNC    GLOBAL DEFAULT    4 _ZN7openers4Wait5startEjf
  1958: 00002623    52 FUNC    GLOBAL DEFAULT    4 _ZN4edge10Classifier11observeMaskEh
  1959: 00007fb1   544 FUNC    GLOBAL DEFAULT    4 _ZN6motion4Turn4stepEjfb
  1960: 000081e1   212 FUNC    GLOBAL DEFAULT    4 _ZN6motion4Turn5startEjfffb
  1961: 00008fe1   116 FUNC    GLOBAL DEFAULT    4 _ZN7openers4Wait6finishENS_4ExitE
  1962: 000090f1   240 FUNC    GLOBAL DEFAULT    4 _ZN7openers4Wait4stepERKNS_6SampleE
  1963: 0000ae33    26 FUNC    WEAK   DEFAULT    4 _ZN6motion8StraightC1Ev
  1964: 000062c9   280 FUNC    GLOBAL DEFAULT    4 _ZN3fsm5Robot9runDefendEv
  1965: 0000a439   248 FUNC    GLOBAL DEFAULT    4 _ZN6motors9MotorGate5applyEjRKN3fsm11RobotResultE
  1966: 0000ab37     2 FUNC    GLOBAL DEFAULT    4 _ZNK8recorder15AttemptRecorder6framesEv
  1967: 00000000     0 NOTYPE  GLOBAL DEFAULT  UND __real___aeabi_ul2f
  1968: 000036c1   104 FUNC    GLOBAL DEFAULT    4 _ZN3fsm6Search9runMotionEjfb
  1969: 00001ce1   108 FUNC    GLOBAL DEFAULT    4 _ZN9countdown4Gate4stepEjNS_8CommandsE
  1970: 0000dfb9    20 FUNC    GLOBAL DEFAULT    4 _ZN7arduino6StringD2Ev
  1971: 000013f9   288 FUNC    WEAK   DEFAULT    4 _ZN7arduino7msgpack6object3extC1EaPKhj
  1972: 0000a0af    56 FUNC    GLOBAL DEFAULT    4 _ZNK6motors9MotorGate9validPortEv
  1973: 00000065     8 FUNC    GLOBAL DEFAULT    4 setup
  1974: 0000d961   684 FUNC    WEAK   DEFAULT    4 _ZN7RpcCallIJRjEE6resultISt6vectorIhSaIhEEEEbRT_
  1975: 00009eed    80 FUNC    GLOBAL DEFAULT    4 _ZN5stall14ReflankLimiter7requestEj
  1976: 0000e4ab    10 FUNC    WEAK   DEFAULT    4 _ZN7arduino12ZephyrSerial5beginEm
  1977: 00005561   108 FUNC    GLOBAL DEFAULT    4 _ZN3fsm5Robot12receiveFrameERKNS_12PreviousTickEb
  1978: 0000a035     2 FUNC    GLOBAL DEFAULT    4 _Z10__loopHookv
  1979: 00000b49    24 FUNC    WEAK   DEFAULT    4 _ZNSt12_Vector_baseIjSaIjEED2Ev
  1980: 00005dbd   168 FUNC    GLOBAL DEFAULT    4 _ZN3fsm5Robot14rememberEscapeERKNS_10RobotInputE
  1981: 00003549   376 FUNC    GLOBAL DEFAULT    4 _ZN3fsm6Search7runScanEjfb
  1982: 00003f85    48 FUNC    GLOBAL DEFAULT    4 _ZN3fsm7Reflank5resetEv
  1983: 00006731   208 FUNC    GLOBAL DEFAULT    4 _ZN3fsm5Robot11routeMotionERKNS_10RobotInputE
  1984: 00000000     0 NOTYPE  GLOBAL DEFAULT  UND __real___aeabi_ul2d
  1985: 00007969    48 FUNC    GLOBAL DEFAULT    4 _ZN8logframe19overrunRateExceededERKNS_14TickStatisticsE
  1986: 0000efe1    20 FUNC    GLOBAL DEFAULT    4 _ZN10__cxxabiv117__class_type_infoD2Ev
  1987: 000063e1    32 FUNC    GLOBAL DEFAULT    4 _ZN3fsm5Robot17runNormalExecutorEv
  1988: 0000aec1  1672 FUNC    WEAK   DEFAULT    4 _ZN3fsm5RobotC2Ev
  1989: 0000613d   104 FUNC    GLOBAL DEFAULT    4 _ZNK3fsm5Robot12swingContextEv
  1990: 0000050b    17 OBJECT  GLOBAL DEFAULT    3 _ZTSSt12length_error
  1991: 0000e111    48 FUNC    GLOBAL DEFAULT    4 _ZN7arduino6StringaSEPKc
  1992: 000037dd   304 FUNC    GLOBAL DEFAULT    4 _ZN3fsm6Search4stepEjfbh
  1993: 00000008     0 TLS     GLOBAL DEFAULT  ABS _rand_next
  1994: 000091e1    56 FUNC    GLOBAL DEFAULT    4 _ZN7openers4Wait5resetEv
  1995: 0000e21d    10 FUNC    GLOBAL DEFAULT    4 __aeabi_dcmpeq
  1996: 00000871    64 FUNC    WEAK   DEFAULT    4 _ZNK7arduino7msgpack8Unpacker13isTimestamp96Ev
  1997: 0000df6d    12 FUNC    GLOBAL DEFAULT    4 __cxa_allocate_exception
  1998: 00000084     4 OBJECT  WEAK   DEFAULT    9 _ZZN8RpcUtils6detail12unpackObjectERN7arduino7msgpack8UnpackerEE7integer
  1999: 0000020c    12 OBJECT  GLOBAL DEFAULT    1 _ZTIN10__cxxabiv120__si_class_type_infoE
  2000: 0000a231   416 FUNC    GLOBAL DEFAULT    4 _ZN6motors9MotorGate12validCommandEjRKN3fsm11RobotResultE
  2001: 00003c29   108 FUNC    GLOBAL DEFAULT    4 _ZN3fsm7Reflank11beginTurnInEjbfb
  2002: 00007679   552 FUNC    GLOBAL DEFAULT    4 _ZN8governor8Governor4stepEjRKNS_7RequestE
  2003: 00004191   200 FUNC    GLOBAL DEFAULT    4 _ZN3fsm10DefendTurn5startEjffbb
  2004: 00000b61   152 FUNC    WEAK   DEFAULT    4 _ZNSt6vectorIjSaIjEE17_M_realloc_appendIJRjEEEvDpOT_
  2005: 00000b49    24 FUNC    WEAK   DEFAULT    4 _ZNSt12_Vector_baseIjSaIjEED1Ev
  2006: 00000000     0 NOTYPE  GLOBAL DEFAULT  UND __real_strlen
  2007: 0000c24d     2 FUNC    WEAK   DEFAULT    4 _ZN7arduino5Print5flushEv
  2008: 0000e529    72 FUNC    GLOBAL DEFAULT    4 _ZN7arduino12ZephyrSerial4peekEv
  2009: 000003e9    72 FUNC    WEAK   DEFAULT    4 _ZN7arduino7msgpack8Unpacker11unpackUInt8Ev
  2010: 00004743    68 FUNC    GLOBAL DEFAULT    4 _ZN3fsm5Robot14qualifyNeutralEv
  2011: 0000e571    52 FUNC    GLOBAL DEFAULT    4 _ZN7arduino12ZephyrSerial17availableForWriteEv
  2012: 0000a805   218 FUNC    GLOBAL DEFAULT    4 _ZN8recorder15AttemptRecorder14observeSummaryERKN3fsm11RobotResultE
  2013: 00009395   132 FUNC    GLOBAL DEFAULT    4 _ZN10opp_fusion9Debouncer4stepEjh
  2014: 000000b5    30 FUNC    WEAK   DEFAULT    4 _ZNK7arduino7msgpack8Unpacker11getRawBytesIhEET_jj
  2015: 0000dfb9    20 FUNC    GLOBAL DEFAULT    4 _ZN7arduino6StringD1Ev
  2016: 00007c71     8 FUNC    GLOBAL DEFAULT    4 _ZNK8logframe11EventBuffer13rejectedCountEv
  2017: 0000e995     2 FUNC    GLOBAL DEFAULT    4 _ZNSt9exceptionD1Ev
  2018: 0000ada5    16 FUNC    GLOBAL DEFAULT    4 _ZN14recorder_bench6Runner15configureEnableEPv
  2019: 00006be1   268 FUNC    GLOBAL DEFAULT    4 _ZN3fsm5Robot17updateQtrWarningsEv
  2020: 00004911   118 FUNC    GLOBAL DEFAULT    4 _ZNK3fsm5Robot14sameImuPayloadERKNS_10RobotInputE
  2021: 00000000     0 NOTYPE  GLOBAL DEFAULT  UND z_impl_k_mutex_unlock
  2022: 0000e311     8 FUNC    GLOBAL DEFAULT    4 _Znwj
  2023: 0000861d   300 FUNC    GLOBAL DEFAULT    4 _ZN6motion3Arc4stepEjfb
  2024: 00000068     4 OBJECT  WEAK   DEFAULT    9 _ZGVZN8RpcUtils6detail12unpackObjectERN7arduino7msgpack8UnpackerEE6string
  2025: 00000211    32 FUNC    WEAK   DEFAULT    4 _ZNK7arduino7msgpack8Unpacker5isMapEv
  2026: 00000000     0 NOTYPE  GLOBAL DEFAULT  UND __real_strcmp
  2027: 00002885   264 FUNC    GLOBAL DEFAULT    4 _ZN4edge11RowExecutor4stepEjfb
  2028: 00000000     0 NOTYPE  GLOBAL DEFAULT  UND pinctrl_configure_pins
  2029: 0000e9c1    60 FUNC    GLOBAL DEFAULT    4 _ZNK10__cxxabiv120__si_class_type_info20__do_find_public_srcEiPKvPKNS_17__class_type_infoES2_
  2030: 0000ab2d    10 FUNC    GLOBAL DEFAULT    4 _ZNK8recorder15AttemptRecorder5phaseEv
  2031: 0000e259    10 FUNC    GLOBAL DEFAULT    4 __aeabi_d2iz
  2032: 00002659    60 FUNC    GLOBAL DEFAULT    4 _ZN4edge10Classifier7observeERA4_Kj
  2033: 00009c81    16 FUNC    GLOBAL DEFAULT    4 _ZN5stall8Detector5resetEv
  2034: 0000e96d    20 FUNC    GLOBAL DEFAULT    4 _ZNSt9bad_allocD1Ev
  2035: 00000000     0 NOTYPE  GLOBAL DEFAULT  UND __real___aeabi_dadd
  2036: 00000000     0 NOTYPE  GLOBAL DEFAULT    6 __static_thread_data_list_start
  2037: 0000ebdd    24 FUNC    GLOBAL DEFAULT    4 _ZNSt12__cow_stringC2EPKcj
  2038: 00005489    32 FUNC    GLOBAL DEFAULT    4 _ZN3fsm5Robot9markFaultEN8logframe9FaultCodeEt
  2039: 00005361   248 FUNC    GLOBAL DEFAULT    4 _ZN3fsm5Robot5admitERKNS_10RobotInputE
  2040: 000026a1   168 FUNC    GLOBAL DEFAULT    4 _ZN4edge11RowExecutor10beginPhaseEjNS_11ScriptPhaseEb
  2041: 00005e65   228 FUNC    GLOBAL DEFAULT    4 _ZN3fsm5Robot9runEscapeERKNS_10RobotInputE
  2042: 00005af1    80 FUNC    GLOBAL DEFAULT    4 _ZN3fsm5Robot12beginAttemptEv
  2043: 00001dc1    12 FUNC    GLOBAL DEFAULT    4 _ZN9countdown7Buttons5resetEv
  2044: 00000000     0 NOTYPE  GLOBAL DEFAULT  UND __real_memset
  2045: 00028928   296 OBJECT  GLOBAL DEFAULT    9 recorderDiagnostics
  2046: 00004259    24 FUNC    GLOBAL DEFAULT    4 _ZNK3fsm16HeadingReference8resolvedEv
  2047: 0000e0c1    40 FUNC    GLOBAL DEFAULT    4 _ZN7arduino6StringaSERKS0_
  2048: 0000ad51    38 FUNC    GLOBAL DEFAULT    4 _ZNK8recorder11FrameBuffer10incompleteEv
  2049: 0000ced9    64 FUNC    WEAK   DEFAULT    4 _ZN9RPCClient12get_responseIN7arduino7msgpack6object5nil_tEEEbjRT_R8RpcError
  2050: 0000ade1    32 FUNC    GLOBAL DEFAULT    4 _ZN14recorder_bench6Runner8writePwmEPvN6motors7ChannelEjj
  2051: 0000ab39     8 FUNC    GLOBAL DEFAULT    4 _ZNK8recorder15AttemptRecorder6eventsEv
  2052: 00000000     0 NOTYPE  GLOBAL DEFAULT  UND __device_dts_ord_123
  2053: 00002ee5   164 FUNC    GLOBAL DEFAULT    4 _ZNK4edge6Escape6resultEb
  2054: 00000000     0 NOTYPE  GLOBAL DEFAULT  UND __real___aeabi_f2d
  2055: 0000befd   184 FUNC    GLOBAL DEFAULT    4 _ZN14recorder_bench6Runner4pollEv
  2056: 0000adb5    24 FUNC    GLOBAL DEFAULT    4 _ZN14recorder_bench6Runner12configurePwmEPvN6motors7ChannelE
  2057: 0000ec31    96 FUNC    WEAK   DEFAULT    4 _ZNSs4_Rep9_S_createEjjRKSaIcE
  2058: 000064f5   112 FUNC    GLOBAL DEFAULT    4 _ZN3fsm5Robot11acceptFlankERKN7openers11FlankResultEb
  2059: 0000ec19    24 FUNC    WEAK   DEFAULT    4 _ZNSs4_Rep26_M_set_length_and_sharableEj
  2060: 000005f1   120 FUNC    WEAK   DEFAULT    4 _ZN7arduino7msgpack8Unpacker15unpackArraySizeEv
  2061: 00003939   540 FUNC    GLOBAL DEFAULT    4 _ZN3fsm6Search5startEjfbRKNS_13SearchContextE
  2062: 00002b25   128 FUNC    GLOBAL DEFAULT    4 _ZN4edge11RowExecutor14startPushedOutEjfbN6motion9DirectionE
  2063: 0000390d    44 FUNC    GLOBAL DEFAULT    4 _ZN3fsm6Search5resetEv
  2064: 00000000     0 NOTYPE  GLOBAL DEFAULT  UND ring_buf_peek
  2065: 00002695    12 FUNC    GLOBAL DEFAULT    4 _ZN4edge10Classifier5resetEv
  2066: 00004789   344 FUNC    GLOBAL DEFAULT    4 _ZN3fsm5Robot14prepareButtonsERNS_10RobotInputE
  2067: 0000e1ad     8 FUNC    GLOBAL DEFAULT    4 strlen
  2068: 00000264     8 OBJECT  GLOBAL DEFAULT    1 _ZTISt9type_info
  2069: 0000dfad    12 FUNC    GLOBAL DEFAULT    4 __aeabi_unwind_cpp_pr1
  2070: 0000bbf1   128 FUNC    GLOBAL DEFAULT    4 _ZN14recorder_bench6Runner5beginEv
  2071: 0000223d    68 FUNC    GLOBAL DEFAULT    4 _ZN9countdown8Services5startEjf
  2072: 00000529    13 OBJECT  GLOBAL DEFAULT    3 _ZTSSt9exception
  2073: 0000a6d1   188 FUNC    GLOBAL DEFAULT    4 _ZN8recorder15AttemptRecorder12appendEventsERKN8logframe10EventBatchEj
  2074: 00000000     0 NOTYPE  GLOBAL DEFAULT  UND __real___aeabi_d2f
  2075: 00002e25   192 FUNC    GLOBAL DEFAULT    4 _ZN4edge6Escape10advanceRowERKNS_12EscapeSampleEh
  2076: 0000eacd     4 FUNC    GLOBAL DEFAULT    4 _ZNKSt11logic_error4whatEv
  2077: 00002369    14 FUNC    GLOBAL DEFAULT    4 _ZNK9countdown9Lifecycle12buttonEventsEv
  2078: 00008c0b    20 FUNC    GLOBAL DEFAULT    4 _ZNK7openers5Flank13currentTargetEh
  2079: 0000e295    10 FUNC    GLOBAL DEFAULT    4 __aeabi_f2d
  2080: 00000000     0 NOTYPE  GLOBAL DEFAULT  UND z_impl_k_mutex_init
  2081: 0000a9bd   368 FUNC    GLOBAL DEFAULT    4 _ZN8recorder15AttemptRecorder7consumeERKN3fsm11RobotResultE
  2082: 0000a081    46 FUNC    GLOBAL DEFAULT    4 _ZN6motors9MotorGateC1ERKNS_4PortE
  2083: 0000cc65    64 FUNC    WEAK   DEFAULT    4 _ZN7arduino7msgpack8Unpacker11deserializeIjJEEEbRT_DpOT0_
  2084: 00004181    16 FUNC    GLOBAL DEFAULT    4 _ZN3fsm10DefendTurn5resetEv
  2085: 00000000     0 NOTYPE  GLOBAL DEFAULT  UND z_impl_device_deinit
  2086: 00009419    58 FUNC    GLOBAL DEFAULT    4 _ZN10opp_fusion13BearingMemory17rememberFrontSideEjh
  2087: 00000ed5    28 FUNC    WEAK   DEFAULT    4 _ZN7arduino7msgpack6Packer15packRawReversedItEEvRKT_
  2088: 00000000     0 NOTYPE  GLOBAL DEFAULT  UND z_impl_k_sched_current_thread_query
  2089: 0000e005    40 FUNC    GLOBAL DEFAULT    4 _ZN7arduino6String7reserveEj
  2090: 00008749    64 FUNC    GLOBAL DEFAULT    4 _ZN6motion3Arc5resetEv
  2091: 000008b1    30 FUNC    WEAK   DEFAULT    4 _ZNK7arduino7msgpack8Unpacker11getRawBytesIcEET_jj
  2092: 00003fb5   112 FUNC    GLOBAL DEFAULT    4 _ZN3fsm7Reflank5startEjfbN6motion9DirectionE
  2093: 0000ec91     4 FUNC    WEAK   DEFAULT    4 _ZNSs4_Rep10_M_destroyERKSaIcE
  2094: 0000a531     6 FUNC    GLOBAL DEFAULT    4 _ZNK6motors9MotorGate5faultEv
  2095: 0000de49    68 FUNC    WEAK   DEFAULT    4 _ZN13BridgeMonitorILj512EE9availableEv
  2096: 00000000     0 NOTYPE  WEAK   DEFAULT  UND __device_dts_ord_34
  2097: 000089c1    52 FUNC    GLOBAL DEFAULT    4 _ZN7openers6Direct5startEjfh
  2098: 00001d4d   116 FUNC    GLOBAL DEFAULT    4 _ZN9countdown7Buttons12stepObservedEjjN4core11ButtonLevelE
  2099: 00000230     8 OBJECT  GLOBAL DEFAULT    1 _ZTINSt3_V214error_categoryE
  2100: 0000ae33    26 FUNC    WEAK   DEFAULT    4 _ZN6motion8StraightC2Ev
  2101: 0000eba1    40 FUNC    GLOBAL DEFAULT    4 _ZNSt11logic_errorC1EPKc
  2102: 00000000     0 NOTYPE  GLOBAL DEFAULT  UND __device_dts_ord_78
  2103: 00000355    76 FUNC    WEAK   DEFAULT    4 _ZN7arduino7msgpack8Unpacker10unpackInt5Ev
  2104: 00002129   260 FUNC    GLOBAL DEFAULT    4 _ZN9countdown8Services4stepERKNS_13ServiceSampleE
  2105: 0000e069    44 FUNC    GLOBAL DEFAULT    4 _ZN7arduino6StringC2EPKc
  2106: 0000ef99    10 FUNC    GLOBAL DEFAULT    4 __aeabi_atexit
  2107: 0000eaa1    44 FUNC    GLOBAL DEFAULT    4 _ZNKSt9type_infoeqERKS_
  2108: 0000a081    46 FUNC    GLOBAL DEFAULT    4 _ZN6motors9MotorGateC2ERKNS_4PortE
  2109: 0000a3d1   104 FUNC    GLOBAL DEFAULT    4 _ZN6motors9MotorGate8transactERKN4core7OutputsERN3fsm12PreviousTickE
  2110: 0000eccb    12 FUNC    WEAK   DEFAULT    4 _ZNKSt7__cxx1112basic_stringIcSt11char_traitsIcESaIcEE11_M_is_localEv
  2111: 000004dd   276 FUNC    WEAK   DEFAULT    4 _ZNK7arduino7msgpack8Unpacker14getElementSizeEj
  2112: 0000026c    36 OBJECT  WEAK   DEFAULT    1 _ZTV13BridgeMonitorILj512EE
  2113: 00007f51    12 FUNC    GLOBAL DEFAULT    4 _ZN6motion8Interval5beginEj
  2114: 000088d1    64 FUNC    GLOBAL DEFAULT    4 _ZN6motion8TimedArc5resetEv
  2115: 00000000     0 NOTYPE  GLOBAL DEFAULT  UND __real_memcpy
  2116: 00001e69   196 FUNC    GLOBAL DEFAULT    4 _ZN9countdown10Controller12stepObservedERKN4core6InputsERKNS_12ButtonTimingEbb
  2117: 00002c41   484 FUNC    GLOBAL DEFAULT    4 _ZN4edge6Escape8startRowERKNS_12EscapeSampleEb
  2118: 0000ace9    10 FUNC    GLOBAL DEFAULT    4 _ZNK8recorder11FrameBuffer4sizeEv
  2119: 0000006c    12 OBJECT  WEAK   DEFAULT    9 _ZZN8RpcUtils6detail12unpackObjectERN7arduino7msgpack8UnpackerEE6string
  2120: 0000c2a1   108 FUNC    WEAK   DEFAULT    4 _ZN13BridgeMonitorILj512EE4readEv
  2121: 00005b41   636 FUNC    GLOBAL DEFAULT    4 _ZN3fsm5Robot12runLifecycleERKNS_10RobotInputE
  2122: 00009c91   480 FUNC    GLOBAL DEFAULT    4 _ZN5stall8Detector4stepERKNS_6SampleE
  2123: 0000e1dd     8 FUNC    GLOBAL DEFAULT    4 free
  2124: 0000eff5    20 FUNC    GLOBAL DEFAULT    4 _ZN10__cxxabiv117__class_type_infoD0Ev
  2125: 0000d92d    52 FUNC    WEAK   DEFAULT    4 _ZN7RpcCallIJRjEE7isErrorEv
  2126: 0002965c  2156 OBJECT  GLOBAL DEFAULT    9 Serial2
  2127: 0000a78d   120 FUNC    GLOBAL DEFAULT    4 _ZN8recorder15AttemptRecorder11appendFrameERKN3fsm11RobotResultEy
