schema_version,ordinal,pack_status,t_ms,state,mode,line_mask,opp_mask,heading_cdeg,gyro_z_dps10,ax_mg,ay_mg,duty_l_127,duty_r_127,vbat_cv,flags,tick_max_us,raw_hex
1,0,0,0,2,1,0,0,0,0,0,0,0,0,1110,80,0,00000000020100000000000000000000000000005604500000
1,1,0,40,2,1,0,0,0,0,0,0,0,0,1110,80,0,28000000020100000000000000000000000000005604500000
1,2,0,80,2,1,0,0,0,0,0,0,0,0,1110,80,0,50000000020100000000000000000000000000005604500000
1,3,0,120,2,1,0,0,0,0,0,0,0,0,1110,80,0,78000000020100000000000000000000000000005604500000
1,4,0,160,2,1,0,0,0,0,0,0,0,0,1110,80,0,a0000000020100000000000000000000000000005604500000
1,5,0,201,2,1,0,0,0,0,0,0,0,0,1110,80,0,c9000000020100000000000000000000000000005604500000
1,6,0,241,2,1,0,0,0,0,0,0,0,0,1110,80,0,f1000000020100000000000000000000000000005604500000
1,7,0,280,2,1,0,0,0,0,0,0,0,0,1110,80,0,18010000020100000000000000000000000000005604500000
1,8,0,321,2,1,0,0,0,0,0,0,0,0,1110,80,0,41010000020100000000000000000000000000005604500000
1,9,0,360,2,1,0,0,0,0,0,0,0,0,1110,80,0,68010000020100000000000000000000000000005604500000
1,10,0,400,2,1,0,0,0,0,0,0,0,0,1110,80,0,90010000020100000000000000000000000000005604500000
1,11,0,441,2,1,0,0,0,0,0,0,0,0,1110,80,0,b9010000020100000000000000000000000000005604500000
1,12,0,481,2,1,0,0,0,0,0,0,0,0,1110,80,0,e1010000020100000000000000000000000000005604500000
1,13,0,520,2,1,0,0,0,0,0,0,0,0,1110,80,0,08020000020100000000000000000000000000005604500000
1,14,0,561,2,1,0,0,0,0,0,0,0,0,1110,80,0,31020000020100000000000000000000000000005604500000
1,15,0,600,2,1,0,0,0,0,0,0,0,0,1110,80,0,58020000020100000000000000000000000000005604500000
1,16,0,640,2,1,0,0,0,0,0,0,0,0,1110,80,0,80020000020100000000000000000000000000005604500000
1,17,0,681,2,1,0,0,0,0,0,0,0,0,1110,80,0,a9020000020100000000000000000000000000005604500000
1,18,0,720,2,1,0,0,0,0,0,0,0,0,1110,80,0,d0020000020100000000000000000000000000005604500000
1,19,0,760,2,1,0,0,0,0,0,0,0,0,1110,80,0,f8020000020100000000000000000000000000005604500000
1,20,0,800,2,1,0,0,0,0,0,0,0,0,1110,80,0,20030000020100000000000000000000000000005604500000
1,21,0,840,2,1,0,0,0,0,0,0,0,0,1110,80,0,48030000020100000000000000000000000000005604500000
1,22,0,881,2,1,0,0,0,0,0,0,0,0,1110,80,0,71030000020100000000000000000000000000005604500000
1,23,0,920,2,1,0,0,0,0,0,0,0,0,1110,80,0,98030000020100000000000000000000000000005604500000
1,24,0,961,2,1,0,0,0,0,0,0,0,0,1110,80,0,c1030000020100000000000000000000000000005604500000
1,25,0,1001,2,1,0,0,0,0,0,0,0,0,1110,80,0,e9030000020100000000000000000000000000005604500000
1,26,0,1040,2,1,0,0,0,0,0,0,0,0,1110,80,0,10040000020100000000000000000000000000005604500000
1,27,0,1081,2,1,0,0,0,0,0,0,0,0,1110,80,0,39040000020100000000000000000000000000005604500000
1,28,0,1120,2,1,0,0,0,0,0,0,0,0,1110,80,0,60040000020100000000000000000000000000005604500000
1,29,0,1160,2,1,0,0,0,0,0,0,0,0,1110,80,0,88040000020100000000000000000000000000005604500000
1,30,0,1201,2,1,0,0,0,0,0,0,0,0,1110,80,0,b1040000020100000000000000000000000000005604500000
1,31,0,1240,2,1,0,0,0,0,0,0,0,0,1110,80,0,d8040000020100000000000000000000000000005604500000
1,32,0,1280,2,1,0,0,0,0,0,0,0,0,1110,80,0,00050000020100000000000000000000000000005604500000
1,33,0,1320,2,1,0,0,0,0,0,0,0,0,1110,80,0,28050000020100000000000000000000000000005604500000
1,34,0,1360,2,1,0,0,0,0,0,0,0,0,1110,80,0,50050000020100000000000000000000000000005604500000
1,35,0,1400,2,1,0,0,0,0,0,0,0,0,1110,80,0,78050000020100000000000000000000000000005604500000
1,36,0,1440,2,1,0,0,0,0,0,0,0,0,1110,80,0,a0050000020100000000000000000000000000005604500000
1,37,0,1480,2,1,0,0,0,0,0,0,0,0,1110,80,0,c8050000020100000000000000000000000000005604500000
1,38,0,1520,2,1,0,0,0,0,0,0,0,0,1110,80,0,f0050000020100000000000000000000000000005604500000
1,39,0,1561,2,1,0,0,0,0,0,0,0,0,1110,80,0,19060000020100000000000000000000000000005604500000
1,40,0,1600,2,1,0,0,0,0,0,0,0,0,1110,80,0,40060000020100000000000000000000000000005604500000
1,41,0,1640,2,1,0,0,0,0,0,0,0,0,1110,80,0,68060000020100000000000000000000000000005604500000
1,42,0,1681,2,1,0,0,0,0,0,0,0,0,1110,80,0,91060000020100000000000000000000000000005604500000
1,43,0,1720,2,1,0,0,0,0,0,0,0,0,1110,80,0,b8060000020100000000000000000000000000005604500000
1,44,0,1760,2,1,0,0,0,0,0,0,0,0,1110,80,0,e0060000020100000000000000000000000000005604500000
1,45,0,1801,2,1,0,0,0,0,0,0,0,0,1110,80,0,09070000020100000000000000000000000000005604500000
1,46,0,1840,2,1,0,0,0,0,0,0,0,0,1110,80,0,30070000020100000000000000000000000000005604500000
1,47,0,1880,2,1,0,0,0,0,0,0,0,0,1110,80,0,58070000020100000000000000000000000000005604500000
1,48,0,1921,2,1,0,0,0,0,0,0,0,0,1110,80,0,81070000020100000000000000000000000000005604500000
1,49,0,1960,2,1,0,0,0,0,0,0,0,0,1110,80,0,a8070000020100000000000000000000000000005604500000
1,50,0,2000,2,1,0,0,0,0,0,0,0,0,1110,80,0,d0070000020100000000000000000000000000005604500000
1,51,0,2041,2,1,0,0,0,0,0,0,0,0,1110,80,0,f9070000020100000000000000000000000000005604500000
1,52,0,2080,2,1,0,0,0,0,0,0,0,0,1110,80,0,20080000020100000000000000000000000000005604500000
1,53,0,2121,2,1,0,0,0,0,0,0,0,0,1110,80,0,49080000020100000000000000000000000000005604500000
1,54,0,2161,2,1,0,0,0,0,0,0,0,0,1110,80,0,71080000020100000000000000000000000000005604500000
1,55,0,2200,2,1,0,0,0,0,0,0,0,0,1110,80,0,98080000020100000000000000000000000000005604500000
1,56,0,2240,2,1,0,0,0,0,0,0,0,0,1110,80,0,c0080000020100000000000000000000000000005604500000
1,57,0,2280,2,1,0,0,0,0,0,0,0,0,1110,80,0,e8080000020100000000000000000000000000005604500000
1,58,0,2321,2,1,0,0,0,0,0,0,0,0,1110,80,0,11090000020100000000000000000000000000005604500000
1,59,0,2361,2,1,0,0,0,0,0,0,0,0,1110,80,0,39090000020100000000000000000000000000005604500000
1,60,0,2400,2,1,0,0,0,0,0,0,0,0,1110,80,0,60090000020100000000000000000000000000005604500000
1,61,0,2440,2,1,0,0,0,0,0,0,0,0,1110,80,0,88090000020100000000000000000000000000005604500000
1,62,0,2480,2,1,0,0,0,0,0,0,0,0,1110,80,0,b0090000020100000000000000000000000000005604500000
1,63,0,2520,2,1,0,0,0,0,0,0,0,0,1110,80,0,d8090000020100000000000000000000000000005604500000
1,64,0,2560,2,1,0,0,0,0,0,0,0,0,1110,80,0,000a0000020100000000000000000000000000005604500000
1,65,0,2600,2,1,0,0,0,0,0,0,0,0,1110,80,0,280a0000020100000000000000000000000000005604500000
1,66,0,2640,2,1,0,0,0,0,0,0,0,0,1110,80,0,500a0000020100000000000000000000000000005604500000
1,67,0,2680,2,1,0,0,0,0,0,0,0,0,1110,80,0,780a0000020100000000000000000000000000005604500000
1,68,0,2720,2,1,0,0,0,0,0,0,0,0,1110,80,0,a00a0000020100000000000000000000000000005604500000
1,69,0,2761,2,1,0,0,0,0,0,0,0,0,1110,80,0,c90a0000020100000000000000000000000000005604500000
1,70,0,2800,2,1,0,0,0,0,0,0,0,0,1110,80,0,f00a0000020100000000000000000000000000005604500000
1,71,0,2840,2,1,0,0,0,0,0,0,0,0,1110,80,0,180b0000020100000000000000000000000000005604500000
1,72,0,2880,2,1,0,0,0,0,0,0,0,0,1110,80,0,400b0000020100000000000000000000000000005604500000
1,73,0,2921,2,1,0,0,0,0,0,0,0,0,1110,80,0,690b0000020100000000000000000000000000005604500000
1,74,0,2960,2,1,0,0,0,0,0,0,0,0,1110,80,0,900b0000020100000000000000000000000000005604500000
1,75,0,3000,2,1,0,0,0,0,0,0,0,0,1110,80,0,b80b0000020100000000000000000000000000005604500000
1,76,0,3040,2,1,0,0,0,0,0,0,0,0,1110,80,0,e00b0000020100000000000000000000000000005604500000
1,77,0,3080,2,1,0,0,0,0,0,0,0,0,1110,80,0,080c0000020100000000000000000000000000005604500000
1,78,0,3120,2,1,0,0,0,0,0,0,0,0,1110,80,0,300c0000020100000000000000000000000000005604500000
1,79,0,3160,2,1,0,0,0,0,0,0,0,0,1110,80,0,580c0000020100000000000000000000000000005604500000
1,80,0,3200,2,1,0,0,0,0,0,0,0,0,1110,80,0,800c0000020100000000000000000000000000005604500000
1,81,0,3240,2,1,0,0,0,0,0,0,0,0,1110,80,0,a80c0000020100000000000000000000000000005604500000
1,82,0,3280,2,1,0,0,0,0,0,0,0,0,1110,80,0,d00c0000020100000000000000000000000000005604500000
1,83,0,3320,2,1,0,0,0,0,0,0,0,0,1110,80,0,f80c0000020100000000000000000000000000005604500000
1,84,0,3360,2,1,0,0,0,0,0,0,0,0,1110,80,0,200d0000020100000000000000000000000000005604500000
1,85,0,3400,2,1,0,0,0,0,0,0,0,0,1110,80,0,480d0000020100000000000000000000000000005604500000
1,86,0,3441,2,1,0,0,0,0,0,0,0,0,1110,80,0,710d0000020100000000000000000000000000005604500000
1,87,0,3481,2,1,0,0,0,0,0,0,0,0,1110,80,0,990d0000020100000000000000000000000000005604500000
1,88,0,3520,2,1,0,0,0,0,0,0,0,0,1110,80,0,c00d0000020100000000000000000000000000005604500000
1,89,0,3561,2,1,0,0,0,0,0,0,0,0,1110,80,0,e90d0000020100000000000000000000000000005604500000
1,90,0,3600,2,1,0,0,0,0,0,0,0,0,1110,80,0,100e0000020100000000000000000000000000005604500000
1,91,0,3640,2,1,0,0,0,0,0,0,0,0,1110,80,0,380e0000020100000000000000000000000000005604500000
1,92,0,3680,2,1,0,0,0,0,0,0,0,0,1110,80,0,600e0000020100000000000000000000000000005604500000
1,93,0,3720,2,1,0,0,0,0,0,0,0,0,1110,80,0,880e0000020100000000000000000000000000005604500000
1,94,0,3760,2,1,0,0,0,0,0,0,0,0,1110,80,0,b00e0000020100000000000000000000000000005604500000
1,95,0,3800,2,1,0,0,0,0,0,0,0,0,1110,80,0,d80e0000020100000000000000000000000000005604500000
1,96,0,3840,2,1,0,0,0,0,0,0,0,0,1110,80,0,000f0000020100000000000000000000000000005604500000
1,97,0,3881,2,1,0,0,0,0,0,0,0,0,1110,80,0,290f0000020100000000000000000000000000005604500000
1,98,0,3920,2,1,0,0,0,0,0,0,0,0,1110,80,0,500f0000020100000000000000000000000000005604500000
1,99,0,3960,2,1,0,0,0,0,0,0,0,0,1110,80,0,780f0000020100000000000000000000000000005604500000
1,100,0,4000,2,1,0,0,0,0,0,0,0,0,1110,80,0,a00f0000020100000000000000000000000000005604500000
1,101,0,4040,2,1,0,0,0,0,0,0,0,0,1110,80,0,c80f0000020100000000000000000000000000005604500000
1,102,0,4080,2,1,0,0,0,0,0,0,0,0,1110,80,0,f00f0000020100000000000000000000000000005604500000
1,103,0,4120,2,1,0,0,0,0,0,0,0,0,1110,80,0,18100000020100000000000000000000000000005604500000
1,104,0,4160,2,1,0,0,0,0,0,0,0,0,1110,80,0,40100000020100000000000000000000000000005604500000
1,105,0,4200,2,1,0,0,0,0,0,0,0,0,1110,80,0,68100000020100000000000000000000000000005604500000
1,106,0,4240,2,1,0,0,0,0,0,0,0,0,1110,80,0,90100000020100000000000000000000000000005604500000
1,107,0,4280,2,1,0,0,0,0,0,0,0,0,1110,80,0,b8100000020100000000000000000000000000005604500000
1,108,0,4320,2,1,0,0,0,0,0,0,0,0,1110,80,0,e0100000020100000000000000000000000000005604500000
1,109,0,4360,2,1,0,0,0,0,0,0,0,0,1110,80,0,08110000020100000000000000000000000000005604500000
1,110,0,4401,2,1,0,0,0,0,0,0,0,0,1110,80,0,31110000020100000000000000000000000000005604500000
1,111,0,4440,2,1,0,0,0,0,0,0,0,0,1110,80,0,58110000020100000000000000000000000000005604500000
1,112,0,4480,2,1,0,0,0,0,0,0,0,0,1110,80,0,80110000020100000000000000000000000000005604500000
1,113,0,4520,2,1,0,0,0,0,0,0,0,0,1110,88,0,a8110000020100000000000000000000000000005604580000
1,114,0,4561,2,1,0,0,0,0,0,0,0,0,1110,88,0,d1110000020100000000000000000000000000005604580000
1,115,0,4600,2,1,0,0,0,0,0,0,0,0,1110,88,0,f8110000020100000000000000000000000000005604580000
1,116,0,4640,2,1,0,0,0,0,0,0,0,0,1110,88,0,20120000020100000000000000000000000000005604580000
1,117,0,4680,2,1,0,0,0,0,0,0,0,0,1110,88,0,48120000020100000000000000000000000000005604580000
1,118,0,4720,2,1,0,0,0,0,0,0,0,0,1110,88,0,70120000020100000000000000000000000000005604580000
1,119,0,4760,2,1,0,0,0,0,0,0,0,0,1110,88,0,98120000020100000000000000000000000000005604580000
1,120,0,4801,2,1,0,0,0,0,0,0,0,0,1110,88,0,c1120000020100000000000000000000000000005604580000
1,121,0,4840,2,1,0,0,0,0,0,0,0,0,1110,88,0,e8120000020100000000000000000000000000005604580000
1,122,0,4881,2,1,0,0,0,0,0,0,0,0,1110,88,0,11130000020100000000000000000000000000005604580000
1,123,0,4920,2,1,0,0,0,0,0,0,0,0,1110,88,0,38130000020100000000000000000000000000005604580000
1,124,0,4960,2,1,0,0,0,0,0,0,0,0,1110,88,0,60130000020100000000000000000000000000005604580000
1,125,0,5001,2,1,0,0,0,0,0,0,0,0,1110,88,0,89130000020100000000000000000000000000005604580000
1,126,0,5040,2,1,0,0,0,0,0,0,0,0,1110,88,0,b0130000020100000000000000000000000000005604580000
1,127,0,5080,2,1,0,0,0,0,0,0,0,0,1110,88,0,d8130000020100000000000000000000000000005604580000
1,128,0,5120,3,1,0,2,0,0,0,0,0,0,1110,88,203,0014000003010002000000000000000000000000560458cb00
1,129,0,5160,3,1,0,2,0,0,0,0,0,0,1110,88,203,2814000003010002000000000000000000000000560458cb00
1,130,0,5201,5,1,0,2,0,0,0,0,0,0,1110,88,203,5114000005010002000000000000000000000000560458cb00
1,131,0,5240,6,1,0,2,0,0,0,0,0,0,1110,88,203,7814000006010002000000000000000000000000560458cb00
1,132,0,5280,6,1,0,2,0,0,0,0,0,0,1110,88,203,a014000006010002000000000000000000000000560458cb00
1,133,0,5320,6,1,0,2,0,0,0,0,0,0,1110,88,203,c814000006010002000000000000000000000000560458cb00
1,134,0,5360,6,1,0,2,0,0,0,0,0,0,1110,88,203,f014000006010002000000000000000000000000560458cb00
1,135,0,5401,6,1,0,2,0,0,0,0,0,0,1110,88,203,1915000006010002000000000000000000000000560458cb00
1,136,0,5440,6,1,0,2,0,0,0,0,0,0,1110,88,203,4015000006010002000000000000000000000000560458cb00
1,137,0,5481,6,1,0,2,0,0,0,0,0,0,1110,88,203,6915000006010002000000000000000000000000560458cb00
1,138,0,5520,6,1,0,2,0,0,0,0,0,0,1110,88,203,9015000006010002000000000000000000000000560458cb00
1,139,0,5560,6,1,0,2,0,0,0,0,0,0,1110,88,203,b815000006010002000000000000000000000000560458cb00
1,140,0,5601,6,1,0,2,0,0,0,0,0,0,1110,88,203,e115000006010002000000000000000000000000560458cb00
1,141,0,5640,6,1,0,2,0,0,0,0,0,0,1110,88,203,0816000006010002000000000000000000000000560458cb00
1,142,0,5681,6,1,0,2,0,0,0,0,0,0,1110,88,203,3116000006010002000000000000000000000000560458cb00
1,143,0,5720,6,1,0,2,0,0,0,0,0,0,1110,88,203,5816000006010002000000000000000000000000560458cb00
1,144,0,5760,6,1,0,2,0,0,0,0,0,0,1110,88,203,8016000006010002000000000000000000000000560458cb00
1,145,0,5801,6,1,0,2,0,0,0,0,0,0,1110,88,203,a916000006010002000000000000000000000000560458cb00
1,146,0,5840,6,1,0,2,0,0,0,0,0,0,1110,88,203,d016000006010002000000000000000000000000560458cb00
1,147,0,5880,6,1,0,2,0,0,0,0,0,0,1110,88,203,f816000006010002000000000000000000000000560458cb00
1,148,0,5921,6,1,0,2,0,0,0,0,0,0,1110,88,203,2117000006010002000000000000000000000000560458cb00
1,149,0,5960,6,1,0,2,0,0,0,0,0,0,1110,88,203,4817000006010002000000000000000000000000560458cb00
1,150,0,6001,6,1,0,2,0,0,0,0,0,0,1110,88,203,7117000006010002000000000000000000000000560458cb00
1,151,0,6040,6,1,0,2,0,0,0,0,0,0,1110,88,203,9817000006010002000000000000000000000000560458cb00
1,152,0,6080,6,1,0,2,0,0,0,0,0,0,1110,88,203,c017000006010002000000000000000000000000560458cb00
1,153,0,6121,6,1,0,2,0,0,0,0,0,0,1110,88,203,e917000006010002000000000000000000000000560458cb00
1,154,0,6160,6,1,0,2,0,0,0,0,0,0,1110,88,203,1018000006010002000000000000000000000000560458cb00
1,155,0,6200,6,1,0,2,0,0,0,0,0,0,1110,88,203,3818000006010002000000000000000000000000560458cb00
1,156,0,6240,6,1,0,2,0,0,0,0,0,0,1110,88,203,6018000006010002000000000000000000000000560458cb00
1,157,0,6280,6,1,0,2,0,0,0,0,0,0,1110,88,203,8818000006010002000000000000000000000000560458cb00
1,158,0,6321,6,1,0,2,0,0,0,0,0,0,1110,88,203,b118000006010002000000000000000000000000560458cb00
1,159,0,6361,6,1,0,2,0,0,0,0,0,0,1110,88,203,d918000006010002000000000000000000000000560458cb00
1,160,0,6401,6,1,0,2,0,0,0,0,0,0,1110,88,203,0119000006010002000000000000000000000000560458cb00
1,161,0,6441,6,1,0,2,0,0,0,0,0,0,1110,88,203,2919000006010002000000000000000000000000560458cb00
1,162,0,6480,6,1,0,2,0,0,0,0,0,0,1110,88,203,5019000006010002000000000000000000000000560458cb00
1,163,0,6520,6,1,0,2,0,0,0,0,0,0,1110,88,203,7819000006010002000000000000000000000000560458cb00
1,164,0,6560,6,1,0,2,0,0,0,0,0,0,1110,88,203,a019000006010002000000000000000000000000560458cb00
1,165,0,6601,6,1,0,2,0,0,0,0,0,0,1110,88,203,c919000006010002000000000000000000000000560458cb00
1,166,0,6640,6,1,0,2,0,0,0,0,0,0,1110,88,203,f019000006010002000000000000000000000000560458cb00
1,167,0,6681,6,1,0,2,0,0,0,0,0,0,1110,88,203,191a000006010002000000000000000000000000560458cb00
1,168,0,6721,6,1,0,2,0,0,0,0,0,0,1110,88,203,411a000006010002000000000000000000000000560458cb00
1,169,0,6760,6,1,0,2,0,0,0,0,0,0,1110,88,203,681a000006010002000000000000000000000000560458cb00
1,170,0,6801,6,1,0,2,0,0,0,0,0,0,1110,88,203,911a000006010002000000000000000000000000560458cb00
1,171,0,6841,6,1,0,2,0,0,0,0,0,0,1110,88,203,b91a000006010002000000000000000000000000560458cb00
1,172,0,6881,6,1,0,2,0,0,0,0,0,0,1110,88,203,e11a000006010002000000000000000000000000560458cb00
1,173,0,6921,6,1,0,2,0,0,0,0,0,0,1110,88,203,091b000006010002000000000000000000000000560458cb00
1,174,0,6960,6,1,0,2,0,0,0,0,0,0,1110,88,203,301b000006010002000000000000000000000000560458cb00
1,175,0,7000,6,1,0,2,0,0,0,0,0,0,1110,88,203,581b000006010002000000000000000000000000560458cb00
1,176,0,7040,6,1,0,2,0,0,0,0,0,0,1110,88,203,801b000006010002000000000000000000000000560458cb00
1,177,0,7081,6,1,0,2,0,0,0,0,0,0,1110,88,203,a91b000006010002000000000000000000000000560458cb00
1,178,0,7120,6,1,0,2,0,0,0,0,0,0,1110,88,203,d01b000006010002000000000000000000000000560458cb00
1,179,0,7160,6,1,0,2,0,0,0,0,0,0,1110,88,203,f81b000006010002000000000000000000000000560458cb00
1,180,0,7200,6,1,0,2,0,0,0,0,0,0,1110,88,203,201c000006010002000000000000000000000000560458cb00
1,181,0,7240,6,1,0,2,0,0,0,0,0,0,1110,88,203,481c000006010002000000000000000000000000560458cb00
1,182,0,7280,6,1,0,2,0,0,0,0,0,0,1110,88,203,701c000006010002000000000000000000000000560458cb00
1,183,0,7320,6,1,0,2,0,0,0,0,0,0,1110,88,203,981c000006010002000000000000000000000000560458cb00
1,184,0,7360,6,1,0,2,0,0,0,0,0,0,1110,88,203,c01c000006010002000000000000000000000000560458cb00
1,185,0,7400,6,1,0,2,0,0,0,0,0,0,1110,88,203,e81c000006010002000000000000000000000000560458cb00
1,186,0,7440,6,1,0,2,0,0,0,0,0,0,1110,88,203,101d000006010002000000000000000000000000560458cb00
1,187,0,7480,6,1,0,2,0,0,0,0,0,0,1110,88,203,381d000006010002000000000000000000000000560458cb00
1,188,0,7520,6,1,0,2,0,0,0,0,0,0,1110,88,203,601d000006010002000000000000000000000000560458cb00
1,189,0,7561,6,1,0,2,0,0,0,0,0,0,1110,88,203,891d000006010002000000000000000000000000560458cb00
1,190,0,7600,6,1,0,2,0,0,0,0,0,0,1110,88,203,b01d000006010002000000000000000000000000560458cb00
1,191,0,7641,6,1,0,2,0,0,0,0,0,0,1110,88,203,d91d000006010002000000000000000000000000560458cb00
1,192,0,7681,6,1,0,2,0,0,0,0,0,0,1110,88,203,011e000006010002000000000000000000000000560458cb00
1,193,0,7721,6,1,0,2,0,0,0,0,0,0,1110,88,203,291e000006010002000000000000000000000000560458cb00
1,194,0,7761,6,1,0,2,0,0,0,0,0,0,1110,88,203,511e000006010002000000000000000000000000560458cb00
1,195,0,7801,6,1,0,2,0,0,0,0,0,0,1110,88,203,791e000006010002000000000000000000000000560458cb00
1,196,0,7840,6,1,0,2,0,0,0,0,0,0,1110,88,203,a01e000006010002000000000000000000000000560458cb00
1,197,0,7881,6,1,0,2,0,0,0,0,0,0,1110,88,203,c91e000006010002000000000000000000000000560458cb00
1,198,0,7920,6,1,0,2,0,0,0,0,0,0,1110,88,203,f01e000006010002000000000000000000000000560458cb00
1,199,0,7960,6,1,0,2,0,0,0,0,0,0,1110,88,203,181f000006010002000000000000000000000000560458cb00
1,200,0,8000,6,1,0,2,0,0,0,0,0,0,1110,88,203,401f000006010002000000000000000000000000560458cb00
1,201,0,8040,6,1,0,2,0,0,0,0,0,0,1110,88,203,681f000006010002000000000000000000000000560458cb00
1,202,0,8080,6,1,0,2,0,0,0,0,0,0,1110,88,203,901f000006010002000000000000000000000000560458cb00
1,203,0,8120,6,1,0,2,0,0,0,0,0,0,1110,88,203,b81f000006010002000000000000000000000000560458cb00
1,204,0,8160,6,1,0,2,0,0,0,0,0,0,1110,88,203,e01f000006010002000000000000000000000000560458cb00
1,205,0,8200,6,1,0,2,0,0,0,0,0,0,1110,88,203,0820000006010002000000000000000000000000560458cb00
1,206,0,8240,6,1,0,2,0,0,0,0,0,0,1110,88,203,3020000006010002000000000000000000000000560458cb00
1,207,0,8280,6,1,0,2,0,0,0,0,0,0,1110,88,203,5820000006010002000000000000000000000000560458cb00
1,208,0,8320,6,1,0,2,0,0,0,0,0,0,1110,88,203,8020000006010002000000000000000000000000560458cb00
1,209,0,8360,6,1,0,2,0,0,0,0,0,0,1110,88,203,a820000006010002000000000000000000000000560458cb00
1,210,0,8400,6,1,0,2,0,0,0,0,0,0,1110,88,203,d020000006010002000000000000000000000000560458cb00
1,211,0,8440,6,1,0,2,0,0,0,0,0,0,1110,88,203,f820000006010002000000000000000000000000560458cb00
1,212,0,8481,6,1,0,2,0,0,0,0,0,0,1110,88,203,2121000006010002000000000000000000000000560458cb00
1,213,0,8520,6,1,0,2,0,0,0,0,0,0,1110,88,203,4821000006010002000000000000000000000000560458cb00
1,214,0,8561,6,1,0,2,0,0,0,0,0,0,1110,88,203,7121000006010002000000000000000000000000560458cb00
1,215,0,8601,6,1,0,2,0,0,0,0,0,0,1110,88,203,9921000006010002000000000000000000000000560458cb00
1,216,0,8641,6,1,0,2,0,0,0,0,0,0,1110,88,203,c121000006010002000000000000000000000000560458cb00
1,217,0,8680,6,1,0,2,0,0,0,0,0,0,1110,88,203,e821000006010002000000000000000000000000560458cb00
1,218,0,8720,6,1,0,2,0,0,0,0,0,0,1110,88,203,1022000006010002000000000000000000000000560458cb00
1,219,0,8760,6,1,0,2,0,0,0,0,0,0,1110,88,203,3822000006010002000000000000000000000000560458cb00
1,220,0,8800,6,1,0,2,0,0,0,0,0,0,1110,88,203,6022000006010002000000000000000000000000560458cb00
1,221,0,8840,6,1,0,2,0,0,0,0,0,0,1110,88,203,8822000006010002000000000000000000000000560458cb00
1,222,0,8880,6,1,0,2,0,0,0,0,0,0,1110,88,203,b022000006010002000000000000000000000000560458cb00
1,223,0,8920,6,1,0,2,0,0,0,0,0,0,1110,88,203,d822000006010002000000000000000000000000560458cb00
1,224,0,8960,6,1,0,2,0,0,0,0,0,0,1110,88,203,0023000006010002000000000000000000000000560458cb00
1,225,0,9000,6,1,0,2,0,0,0,0,0,0,1110,88,203,2823000006010002000000000000000000000000560458cb00
1,226,0,9040,6,1,0,2,0,0,0,0,0,0,1110,88,203,5023000006010002000000000000000000000000560458cb00
1,227,0,9080,6,1,0,2,0,0,0,0,0,0,1110,88,203,7823000006010002000000000000000000000000560458cb00
1,228,0,9120,6,1,0,2,0,0,0,0,0,0,1110,88,203,a023000006010002000000000000000000000000560458cb00
1,229,0,9160,6,1,0,2,0,0,0,0,0,0,1110,88,203,c823000006010002000000000000000000000000560458cb00
1,230,0,9200,6,1,0,2,0,0,0,0,0,0,1110,88,203,f023000006010002000000000000000000000000560458cb00
1,231,0,9240,6,1,0,2,0,0,0,0,0,0,1110,88,203,1824000006010002000000000000000000000000560458cb00
1,232,0,9280,6,1,0,2,0,0,0,0,0,0,1110,88,203,4024000006010002000000000000000000000000560458cb00
1,233,0,9321,6,1,0,2,0,0,0,0,0,0,1110,88,203,6924000006010002000000000000000000000000560458cb00
1,234,0,9360,6,1,0,2,0,0,0,0,0,0,1110,88,203,9024000006010002000000000000000000000000560458cb00
1,235,0,9401,6,1,0,2,0,0,0,0,0,0,1110,88,203,b924000006010002000000000000000000000000560458cb00
1,236,0,9440,6,1,0,2,0,0,0,0,0,0,1110,88,203,e024000006010002000000000000000000000000560458cb00
1,237,0,9481,6,1,0,2,0,0,0,0,0,0,1110,88,203,0925000006010002000000000000000000000000560458cb00
1,238,0,9520,6,1,0,2,0,0,0,0,0,0,1110,88,203,3025000006010002000000000000000000000000560458cb00
1,239,0,9561,6,1,0,2,0,0,0,0,0,0,1110,88,203,5925000006010002000000000000000000000000560458cb00
1,240,0,9600,6,1,0,2,0,0,0,0,0,0,1110,88,203,8025000006010002000000000000000000000000560458cb00
1,241,0,9640,6,1,0,2,0,0,0,0,0,0,1110,88,203,a825000006010002000000000000000000000000560458cb00
1,242,0,9680,6,1,0,2,0,0,0,0,0,0,1110,88,203,d025000006010002000000000000000000000000560458cb00
1,243,0,9720,6,1,0,2,0,0,0,0,0,0,1110,88,203,f825000006010002000000000000000000000000560458cb00
1,244,0,9760,6,1,0,2,0,0,0,0,0,0,1110,88,203,2026000006010002000000000000000000000000560458cb00
1,245,0,9800,6,1,0,2,0,0,0,0,0,0,1110,88,203,4826000006010002000000000000000000000000560458cb00
1,246,0,9841,6,1,0,2,0,0,0,0,0,0,1110,88,203,7126000006010002000000000000000000000000560458cb00
1,247,0,9880,6,1,0,2,0,0,0,0,0,0,1110,88,203,9826000006010002000000000000000000000000560458cb00
1,248,0,9920,6,1,0,2,0,0,0,0,0,0,1110,88,203,c026000006010002000000000000000000000000560458cb00
1,249,0,9960,6,1,0,2,0,0,0,0,0,0,1110,88,203,e826000006010002000000000000000000000000560458cb00
1,250,0,10000,6,1,0,2,0,0,0,0,0,0,1110,88,203,1027000006010002000000000000000000000000560458cb00
1,251,0,10040,6,1,0,2,0,0,0,0,0,0,1110,88,203,3827000006010002000000000000000000000000560458cb00
1,252,0,10080,6,1,0,2,0,0,0,0,0,0,1110,88,203,6027000006010002000000000000000000000000560458cb00
1,253,0,10120,6,1,0,2,0,0,0,0,0,0,1110,88,203,8827000006010002000000000000000000000000560458cb00
1,254,0,10160,6,1,0,2,0,0,0,0,0,0,1110,88,203,b027000006010002000000000000000000000000560458cb00
1,255,0,10201,6,1,0,2,0,0,0,0,0,0,1110,88,203,d927000006010002000000000000000000000000560458cb00
1,256,0,10241,6,1,0,2,0,0,0,0,0,0,1110,88,203,0128000006010002000000000000000000000000560458cb00
1,257,0,10281,6,1,0,2,0,0,0,0,0,0,1110,88,203,2928000006010002000000000000000000000000560458cb00
1,258,0,10321,6,1,0,2,0,0,0,0,0,0,1110,88,203,5128000006010002000000000000000000000000560458cb00
1,259,0,10360,6,1,0,2,0,0,0,0,0,0,1110,88,203,7828000006010002000000000000000000000000560458cb00
1,260,0,10401,6,1,0,2,0,0,0,0,0,0,1110,88,203,a128000006010002000000000000000000000000560458cb00
1,261,0,10440,6,1,0,2,0,0,0,0,0,0,1110,88,203,c828000006010002000000000000000000000000560458cb00
1,262,0,10480,6,1,0,2,0,0,0,0,0,0,1110,88,203,f028000006010002000000000000000000000000560458cb00
1,263,0,10520,6,1,0,2,0,0,0,0,0,0,1110,88,203,1829000006010002000000000000000000000000560458cb00
1,264,0,10560,6,1,0,2,0,0,0,0,0,0,1110,88,203,4029000006010002000000000000000000000000560458cb00
1,265,0,10600,6,1,0,2,0,0,0,0,0,0,1110,88,203,6829000006010002000000000000000000000000560458cb00
1,266,0,10640,6,1,0,2,0,0,0,0,0,0,1110,88,203,9029000006010002000000000000000000000000560458cb00
1,267,0,10680,6,1,0,2,0,0,0,0,0,0,1110,88,203,b829000006010002000000000000000000000000560458cb00
1,268,0,10720,6,1,0,2,0,0,0,0,0,0,1110,88,203,e029000006010002000000000000000000000000560458cb00
1,269,0,10760,6,1,0,2,0,0,0,0,0,0,1110,88,203,082a000006010002000000000000000000000000560458cb00
1,270,0,10800,6,1,0,2,0,0,0,0,0,0,1110,88,203,302a000006010002000000000000000000000000560458cb00
1,271,0,10840,6,1,0,2,0,0,0,0,0,0,1110,88,203,582a000006010002000000000000000000000000560458cb00
1,272,0,10880,6,1,0,2,0,0,0,0,0,0,1110,88,203,802a000006010002000000000000000000000000560458cb00
1,273,0,10920,6,1,0,2,0,0,0,0,0,0,1110,88,203,a82a000006010002000000000000000000000000560458cb00
1,274,0,10960,6,1,0,2,0,0,0,0,0,0,1110,88,203,d02a000006010002000000000000000000000000560458cb00
1,275,0,11000,6,1,0,2,0,0,0,0,0,0,1110,88,203,f82a000006010002000000000000000000000000560458cb00
1,276,0,11041,6,1,0,2,0,0,0,0,0,0,1110,88,203,212b000006010002000000000000000000000000560458cb00
1,277,0,11080,6,1,0,2,0,0,0,0,0,0,1110,88,203,482b000006010002000000000000000000000000560458cb00
1,278,0,11121,6,1,0,2,0,0,0,0,0,0,1110,88,203,712b000006010002000000000000000000000000560458cb00
1,279,0,11160,6,1,0,2,0,0,0,0,0,0,1110,88,203,982b000006010002000000000000000000000000560458cb00
1,280,0,11201,6,1,0,2,0,0,0,0,0,0,1110,88,203,c12b000006010002000000000000000000000000560458cb00
1,281,0,11241,6,1,0,2,0,0,0,0,0,0,1110,88,203,e92b000006010002000000000000000000000000560458cb00
1,282,0,11280,6,1,0,2,0,0,0,0,0,0,1110,88,203,102c000006010002000000000000000000000000560458cb00
1,283,0,11320,6,1,0,2,0,0,0,0,0,0,1110,88,203,382c000006010002000000000000000000000000560458cb00
1,284,0,11360,6,1,0,2,0,0,0,0,0,0,1110,88,203,602c000006010002000000000000000000000000560458cb00
1,285,0,11400,6,1,0,2,0,0,0,0,0,0,1110,88,203,882c000006010002000000000000000000000000560458cb00
1,286,0,11440,6,1,0,2,0,0,0,0,0,0,1110,88,203,b02c000006010002000000000000000000000000560458cb00
1,287,0,11480,6,1,0,2,0,0,0,0,0,0,1110,88,203,d82c000006010002000000000000000000000000560458cb00
1,288,0,11520,6,1,0,2,0,0,0,0,0,0,1110,88,203,002d000006010002000000000000000000000000560458cb00
1,289,0,11560,6,1,0,2,0,0,0,0,0,0,1110,88,203,282d000006010002000000000000000000000000560458cb00
1,290,0,11600,6,1,0,2,0,0,0,0,0,0,1110,88,203,502d000006010002000000000000000000000000560458cb00
1,291,0,11640,6,1,0,2,0,0,0,0,0,0,1110,88,203,782d000006010002000000000000000000000000560458cb00
1,292,0,11680,6,1,0,2,0,0,0,0,0,0,1110,88,203,a02d000006010002000000000000000000000000560458cb00
1,293,0,11720,6,1,0,2,0,0,0,0,0,0,1110,88,203,c82d000006010002000000000000000000000000560458cb00
1,294,0,11760,6,1,0,2,0,0,0,0,0,0,1110,88,203,f02d000006010002000000000000000000000000560458cb00
1,295,0,11800,6,1,0,2,0,0,0,0,0,0,1110,88,203,182e000006010002000000000000000000000000560458cb00
1,296,0,11840,6,1,0,2,0,0,0,0,0,0,1110,88,203,402e000006010002000000000000000000000000560458cb00
1,297,0,11880,6,1,0,2,0,0,0,0,0,0,1110,88,203,682e000006010002000000000000000000000000560458cb00
1,298,0,11920,6,1,0,2,0,0,0,0,0,0,1110,88,203,902e000006010002000000000000000000000000560458cb00
1,299,0,11961,6,1,0,2,0,0,0,0,0,0,1110,88,203,b92e000006010002000000000000000000000000560458cb00
1,300,0,12000,6,1,0,2,0,0,0,0,0,0,1110,88,203,e02e000006010002000000000000000000000000560458cb00
1,301,0,12041,6,1,0,2,0,0,0,0,0,0,1110,88,203,092f000006010002000000000000000000000000560458cb00
1,302,0,12081,6,1,0,2,0,0,0,0,0,0,1110,88,203,312f000006010002000000000000000000000000560458cb00
1,303,0,12121,6,1,0,2,0,0,0,0,0,0,1110,88,203,592f000006010002000000000000000000000000560458cb00
1,304,0,12161,6,1,0,2,0,0,0,0,0,0,1110,88,203,812f000006010002000000000000000000000000560458cb00
1,305,0,12200,6,1,0,2,0,0,0,0,0,0,1110,88,203,a82f000006010002000000000000000000000000560458cb00
1,306,0,12240,6,1,0,2,0,0,0,0,0,0,1110,88,203,d02f000006010002000000000000000000000000560458cb00
1,307,0,12280,6,1,0,2,0,0,0,0,0,0,1110,88,203,f82f000006010002000000000000000000000000560458cb00
1,308,0,12320,6,1,0,2,0,0,0,0,0,0,1110,88,203,2030000006010002000000000000000000000000560458cb00
1,309,0,12360,6,1,0,2,0,0,0,0,0,0,1110,88,203,4830000006010002000000000000000000000000560458cb00
1,310,0,12401,6,1,0,2,0,0,0,0,0,0,1110,88,203,7130000006010002000000000000000000000000560458cb00
1,311,0,12440,6,1,0,2,0,0,0,0,0,0,1110,88,203,9830000006010002000000000000000000000000560458cb00
1,312,0,12480,6,1,0,2,0,0,0,0,0,0,1110,88,203,c030000006010002000000000000000000000000560458cb00
1,313,0,12520,6,1,0,2,0,0,0,0,0,0,1110,88,203,e830000006010002000000000000000000000000560458cb00
1,314,0,12560,6,1,0,2,0,0,0,0,0,0,1110,88,203,1031000006010002000000000000000000000000560458cb00
1,315,0,12600,6,1,0,2,0,0,0,0,0,0,1110,88,203,3831000006010002000000000000000000000000560458cb00
1,316,0,12640,6,1,0,2,0,0,0,0,0,0,1110,88,203,6031000006010002000000000000000000000000560458cb00
1,317,0,12681,6,1,0,2,0,0,0,0,0,0,1110,88,203,8931000006010002000000000000000000000000560458cb00
1,318,0,12721,6,1,0,2,0,0,0,0,0,0,1110,88,203,b131000006010002000000000000000000000000560458cb00
1,319,0,12761,6,1,0,2,0,0,0,0,0,0,1110,88,203,d931000006010002000000000000000000000000560458cb00
1,320,0,12801,6,1,0,2,0,0,0,0,0,0,1110,88,203,0132000006010002000000000000000000000000560458cb00
1,321,0,12840,6,1,0,2,0,0,0,0,0,0,1110,88,203,2832000006010002000000000000000000000000560458cb00
1,322,0,12881,6,1,0,2,0,0,0,0,0,0,1110,88,203,5132000006010002000000000000000000000000560458cb00
1,323,0,12921,6,1,0,2,0,0,0,0,0,0,1110,88,203,7932000006010002000000000000000000000000560458cb00
1,324,0,12960,6,1,0,2,0,0,0,0,0,0,1110,88,203,a032000006010002000000000000000000000000560458cb00
1,325,0,13000,6,1,0,2,0,0,0,0,0,0,1110,88,203,c832000006010002000000000000000000000000560458cb00
1,326,0,13040,6,1,0,2,0,0,0,0,0,0,1110,88,203,f032000006010002000000000000000000000000560458cb00
1,327,0,13080,6,1,0,2,0,0,0,0,0,0,1110,88,203,1833000006010002000000000000000000000000560458cb00
1,328,0,13120,6,1,0,2,0,0,0,0,0,0,1110,88,203,4033000006010002000000000000000000000000560458cb00
1,329,0,13160,6,1,0,2,0,0,0,0,0,0,1110,88,203,6833000006010002000000000000000000000000560458cb00
1,330,0,13200,6,1,0,2,0,0,0,0,0,0,1110,88,203,9033000006010002000000000000000000000000560458cb00
1,331,0,13240,6,1,0,2,0,0,0,0,0,0,1110,88,203,b833000006010002000000000000000000000000560458cb00
1,332,0,13280,6,1,0,2,0,0,0,0,0,0,1110,88,203,e033000006010002000000000000000000000000560458cb00
1,333,0,13321,6,1,0,2,0,0,0,0,0,0,1110,88,203,0934000006010002000000000000000000000000560458cb00
1,334,0,13360,6,1,0,2,0,0,0,0,0,0,1110,88,203,3034000006010002000000000000000000000000560458cb00
1,335,0,13400,6,1,0,2,0,0,0,0,0,0,1110,88,203,5834000006010002000000000000000000000000560458cb00
1,336,0,13440,6,1,0,2,0,0,0,0,0,0,1110,88,203,8034000006010002000000000000000000000000560458cb00
1,337,0,13480,6,1,0,2,0,0,0,0,0,0,1110,88,203,a834000006010002000000000000000000000000560458cb00
1,338,0,13520,6,1,0,2,0,0,0,0,0,0,1110,88,203,d034000006010002000000000000000000000000560458cb00
1,339,0,13560,6,1,0,2,0,0,0,0,0,0,1110,88,203,f834000006010002000000000000000000000000560458cb00
1,340,0,13600,6,1,0,2,0,0,0,0,0,0,1110,88,203,2035000006010002000000000000000000000000560458cb00
1,341,0,13641,6,1,0,2,0,0,0,0,0,0,1110,88,203,4935000006010002000000000000000000000000560458cb00
1,342,0,13680,6,1,0,2,0,0,0,0,0,0,1110,88,203,7035000006010002000000000000000000000000560458cb00
1,343,0,13720,6,1,0,2,0,0,0,0,0,0,1110,88,203,9835000006010002000000000000000000000000560458cb00
1,344,0,13761,6,1,0,2,0,0,0,0,0,0,1110,88,203,c135000006010002000000000000000000000000560458cb00
1,345,0,13800,6,1,0,2,0,0,0,0,0,0,1110,88,203,e835000006010002000000000000000000000000560458cb00
1,346,0,13840,6,1,0,2,0,0,0,0,0,0,1110,88,203,1036000006010002000000000000000000000000560458cb00
1,347,0,13880,6,1,0,2,0,0,0,0,0,0,1110,88,203,3836000006010002000000000000000000000000560458cb00
1,348,0,13920,6,1,0,2,0,0,0,0,0,0,1110,88,203,6036000006010002000000000000000000000000560458cb00
1,349,0,13960,6,1,0,2,0,0,0,0,0,0,1110,88,203,8836000006010002000000000000000000000000560458cb00
1,350,0,14000,6,1,0,2,0,0,0,0,0,0,1110,88,203,b036000006010002000000000000000000000000560458cb00
1,351,0,14041,6,1,0,2,0,0,0,0,0,0,1110,88,203,d936000006010002000000000000000000000000560458cb00
1,352,0,14080,6,1,0,2,0,0,0,0,0,0,1110,88,203,0037000006010002000000000000000000000000560458cb00
1,353,0,14121,6,1,0,2,0,0,0,0,0,0,1110,88,203,2937000006010002000000000000000000000000560458cb00
1,354,0,14160,6,1,0,2,0,0,0,0,0,0,1110,88,203,5037000006010002000000000000000000000000560458cb00
1,355,0,14200,6,1,0,2,0,0,0,0,0,0,1110,88,203,7837000006010002000000000000000000000000560458cb00
1,356,0,14241,6,1,0,2,0,0,0,0,0,0,1110,88,203,a137000006010002000000000000000000000000560458cb00
1,357,0,14280,6,1,0,2,0,0,0,0,0,0,1110,88,203,c837000006010002000000000000000000000000560458cb00
1,358,0,14320,6,1,0,2,0,0,0,0,0,0,1110,88,203,f037000006010002000000000000000000000000560458cb00
1,359,0,14361,6,1,0,2,0,0,0,0,0,0,1110,88,203,1938000006010002000000000000000000000000560458cb00
1,360,0,14400,6,1,0,2,0,0,0,0,0,0,1110,88,203,4038000006010002000000000000000000000000560458cb00
1,361,0,14440,6,1,0,2,0,0,0,0,0,0,1110,88,203,6838000006010002000000000000000000000000560458cb00
1,362,0,14480,6,1,0,2,0,0,0,0,0,0,1110,88,203,9038000006010002000000000000000000000000560458cb00
1,363,0,14520,6,1,0,2,0,0,0,0,0,0,1110,88,203,b838000006010002000000000000000000000000560458cb00
1,364,0,14560,6,1,0,2,0,0,0,0,0,0,1110,88,203,e038000006010002000000000000000000000000560458cb00
1,365,0,14600,6,1,0,2,0,0,0,0,0,0,1110,88,203,0839000006010002000000000000000000000000560458cb00
1,366,0,14641,6,1,0,2,0,0,0,0,0,0,1110,88,203,3139000006010002000000000000000000000000560458cb00
1,367,0,14680,6,1,0,2,0,0,0,0,0,0,1110,88,203,5839000006010002000000000000000000000000560458cb00
1,368,0,14720,6,1,0,2,0,0,0,0,0,0,1110,88,203,8039000006010002000000000000000000000000560458cb00
1,369,0,14760,6,1,0,2,0,0,0,0,0,0,1110,88,203,a839000006010002000000000000000000000000560458cb00
1,370,0,14800,6,1,0,2,0,0,0,0,0,0,1110,88,203,d039000006010002000000000000000000000000560458cb00
1,371,0,14840,6,1,0,2,0,0,0,0,0,0,1110,88,203,f839000006010002000000000000000000000000560458cb00
1,372,0,14881,6,1,0,2,0,0,0,0,0,0,1110,88,203,213a000006010002000000000000000000000000560458cb00
1,373,0,14920,6,1,0,2,0,0,0,0,0,0,1110,88,203,483a000006010002000000000000000000000000560458cb00
1,374,0,14960,6,1,0,2,0,0,0,0,0,0,1110,88,203,703a000006010002000000000000000000000000560458cb00
1,375,0,15000,6,1,0,2,0,0,0,0,0,0,1110,88,203,983a000006010002000000000000000000000000560458cb00
1,376,0,15040,6,1,0,2,0,0,0,0,0,0,1110,88,203,c03a000006010002000000000000000000000000560458cb00
1,377,0,15080,6,1,0,2,0,0,0,0,0,0,1110,88,203,e83a000006010002000000000000000000000000560458cb00
1,378,0,15120,6,1,0,2,0,0,0,0,0,0,1110,88,203,103b000006010002000000000000000000000000560458cb00
1,379,0,15160,6,1,0,2,0,0,0,0,0,0,1110,88,203,383b000006010002000000000000000000000000560458cb00
1,380,0,15201,6,1,0,2,0,0,0,0,0,0,1110,88,203,613b000006010002000000000000000000000000560458cb00
1,381,0,15240,6,1,0,2,0,0,0,0,0,0,1110,88,203,883b000006010002000000000000000000000000560458cb00
1,382,0,15280,6,1,0,2,0,0,0,0,0,0,1110,88,203,b03b000006010002000000000000000000000000560458cb00
1,383,0,15321,6,1,0,2,0,0,0,0,0,0,1110,88,203,d93b000006010002000000000000000000000000560458cb00
1,384,0,15360,6,1,0,2,0,0,0,0,0,0,1110,88,203,003c000006010002000000000000000000000000560458cb00
1,385,0,15401,6,1,0,2,0,0,0,0,0,0,1110,88,203,293c000006010002000000000000000000000000560458cb00
1,386,0,15440,6,1,0,2,0,0,0,0,0,0,1110,88,203,503c000006010002000000000000000000000000560458cb00
1,387,0,15480,6,1,0,2,0,0,0,0,0,0,1110,88,203,783c000006010002000000000000000000000000560458cb00
1,388,0,15520,6,1,0,2,0,0,0,0,0,0,1110,88,203,a03c000006010002000000000000000000000000560458cb00
1,389,0,15560,6,1,0,2,0,0,0,0,0,0,1110,88,203,c83c000006010002000000000000000000000000560458cb00
1,390,0,15600,6,1,0,2,0,0,0,0,0,0,1110,88,203,f03c000006010002000000000000000000000000560458cb00
1,391,0,15640,6,1,0,2,0,0,0,0,0,0,1110,88,203,183d000006010002000000000000000000000000560458cb00
1,392,0,15680,6,1,0,2,0,0,0,0,0,0,1110,88,203,403d000006010002000000000000000000000000560458cb00
1,393,0,15721,6,1,0,2,0,0,0,0,0,0,1110,88,203,693d000006010002000000000000000000000000560458cb00
1,394,0,15760,6,1,0,2,0,0,0,0,0,0,1110,88,203,903d000006010002000000000000000000000000560458cb00
1,395,0,15800,6,1,0,2,0,0,0,0,0,0,1110,88,203,b83d000006010002000000000000000000000000560458cb00
1,396,0,15840,6,1,0,2,0,0,0,0,0,0,1110,88,203,e03d000006010002000000000000000000000000560458cb00
1,397,0,15881,6,1,0,2,0,0,0,0,0,0,1110,88,203,093e000006010002000000000000000000000000560458cb00
1,398,0,15920,6,1,0,2,0,0,0,0,0,0,1110,88,203,303e000006010002000000000000000000000000560458cb00
1,399,0,15960,6,1,0,2,0,0,0,0,0,0,1110,88,203,583e000006010002000000000000000000000000560458cb00
1,400,0,16001,6,1,0,2,0,0,0,0,0,0,1110,88,203,813e000006010002000000000000000000000000560458cb00
1,401,0,16040,6,1,0,2,0,0,0,0,0,0,1110,88,203,a83e000006010002000000000000000000000000560458cb00
1,402,0,16080,6,1,0,2,0,0,0,0,0,0,1110,88,203,d03e000006010002000000000000000000000000560458cb00
1,403,0,16120,6,1,0,2,0,0,0,0,0,0,1110,88,203,f83e000006010002000000000000000000000000560458cb00
1,404,0,16160,6,1,0,2,0,0,0,0,0,0,1110,88,203,203f000006010002000000000000000000000000560458cb00
1,405,0,16200,6,1,0,2,0,0,0,0,0,0,1110,88,203,483f000006010002000000000000000000000000560458cb00
1,406,0,16240,6,1,0,2,0,0,0,0,0,0,1110,88,203,703f000006010002000000000000000000000000560458cb00
1,407,0,16280,6,1,0,2,0,0,0,0,0,0,1110,88,203,983f000006010002000000000000000000000000560458cb00
1,408,0,16320,6,1,0,2,0,0,0,0,0,0,1110,88,203,c03f000006010002000000000000000000000000560458cb00
1,409,0,16360,6,1,0,2,0,0,0,0,0,0,1110,88,203,e83f000006010002000000000000000000000000560458cb00
1,410,0,16400,6,1,0,2,0,0,0,0,0,0,1110,88,203,1040000006010002000000000000000000000000560458cb00
1,411,0,16440,6,1,0,2,0,0,0,0,0,0,1110,88,203,3840000006010002000000000000000000000000560458cb00
1,412,0,16480,6,1,0,2,0,0,0,0,0,0,1110,88,203,6040000006010002000000000000000000000000560458cb00
1,413,0,16520,6,1,0,2,0,0,0,0,0,0,1110,88,203,8840000006010002000000000000000000000000560458cb00
1,414,0,16560,6,1,0,2,0,0,0,0,0,0,1110,88,203,b040000006010002000000000000000000000000560458cb00
1,415,0,16600,6,1,0,2,0,0,0,0,0,0,1110,88,203,d840000006010002000000000000000000000000560458cb00
1,416,0,16640,6,1,0,2,0,0,0,0,0,0,1110,88,203,0041000006010002000000000000000000000000560458cb00
1,417,0,16680,6,1,0,2,0,0,0,0,0,0,1110,88,203,2841000006010002000000000000000000000000560458cb00
1,418,0,16720,6,1,0,2,0,0,0,0,0,0,1110,88,203,5041000006010002000000000000000000000000560458cb00
1,419,0,16760,6,1,0,2,0,0,0,0,0,0,1110,88,203,7841000006010002000000000000000000000000560458cb00
1,420,0,16800,6,1,0,2,0,0,0,0,0,0,1110,88,203,a041000006010002000000000000000000000000560458cb00
1,421,0,16840,6,1,0,2,0,0,0,0,0,0,1110,88,203,c841000006010002000000000000000000000000560458cb00
1,422,0,16880,6,1,0,2,0,0,0,0,0,0,1110,88,203,f041000006010002000000000000000000000000560458cb00
1,423,0,16920,6,1,0,2,0,0,0,0,0,0,1110,88,203,1842000006010002000000000000000000000000560458cb00
1,424,0,16961,6,1,0,2,0,0,0,0,0,0,1110,88,203,4142000006010002000000000000000000000000560458cb00
1,425,0,17000,6,1,0,2,0,0,0,0,0,0,1110,88,203,6842000006010002000000000000000000000000560458cb00
1,426,0,17040,6,1,0,2,0,0,0,0,0,0,1110,88,203,9042000006010002000000000000000000000000560458cb00
1,427,0,17080,6,1,0,2,0,0,0,0,0,0,1110,88,203,b842000006010002000000000000000000000000560458cb00
1,428,0,17121,6,1,0,2,0,0,0,0,0,0,1110,88,203,e142000006010002000000000000000000000000560458cb00
1,429,0,17161,6,1,0,2,0,0,0,0,0,0,1110,88,203,0943000006010002000000000000000000000000560458cb00
1,430,0,17200,6,1,0,2,0,0,0,0,0,0,1110,88,203,3043000006010002000000000000000000000000560458cb00
1,431,0,17241,6,1,0,2,0,0,0,0,0,0,1110,88,203,5943000006010002000000000000000000000000560458cb00
1,432,0,17281,6,1,0,2,0,0,0,0,0,0,1110,88,203,8143000006010002000000000000000000000000560458cb00
1,433,0,17320,6,1,0,2,0,0,0,0,0,0,1110,88,203,a843000006010002000000000000000000000000560458cb00
1,434,0,17361,6,1,0,2,0,0,0,0,0,0,1110,88,203,d143000006010002000000000000000000000000560458cb00
1,435,0,17400,6,1,0,2,0,0,0,0,0,0,1110,88,203,f843000006010002000000000000000000000000560458cb00
1,436,0,17440,6,1,0,2,0,0,0,0,0,0,1110,88,203,2044000006010002000000000000000000000000560458cb00
1,437,0,17481,6,1,0,2,0,0,0,0,0,0,1110,88,203,4944000006010002000000000000000000000000560458cb00
1,438,0,17520,6,1,0,2,0,0,0,0,0,0,1110,88,203,7044000006010002000000000000000000000000560458cb00
1,439,0,17560,6,1,0,2,0,0,0,0,0,0,1110,88,203,9844000006010002000000000000000000000000560458cb00
1,440,0,17601,6,1,0,2,0,0,0,0,0,0,1110,88,203,c144000006010002000000000000000000000000560458cb00
1,441,0,17641,6,1,0,2,0,0,0,0,0,0,1110,88,203,e944000006010002000000000000000000000000560458cb00
1,442,0,17680,6,1,0,2,0,0,0,0,0,0,1110,88,203,1045000006010002000000000000000000000000560458cb00
1,443,0,17720,6,1,0,2,0,0,0,0,0,0,1110,88,203,3845000006010002000000000000000000000000560458cb00
1,444,0,17760,6,1,0,2,0,0,0,0,0,0,1110,88,203,6045000006010002000000000000000000000000560458cb00
1,445,0,17800,6,1,0,2,0,0,0,0,0,0,1110,88,203,8845000006010002000000000000000000000000560458cb00
1,446,0,17840,6,1,0,2,0,0,0,0,0,0,1110,88,203,b045000006010002000000000000000000000000560458cb00
1,447,0,17880,6,1,0,2,0,0,0,0,0,0,1110,88,203,d845000006010002000000000000000000000000560458cb00
1,448,0,17920,6,1,0,2,0,0,0,0,0,0,1110,88,203,0046000006010002000000000000000000000000560458cb00
1,449,0,17961,6,1,0,2,0,0,0,0,0,0,1110,88,203,2946000006010002000000000000000000000000560458cb00
1,450,0,18000,6,1,0,2,0,0,0,0,0,0,1110,88,203,5046000006010002000000000000000000000000560458cb00
1,451,0,18040,6,1,0,2,0,0,0,0,0,0,1110,88,203,7846000006010002000000000000000000000000560458cb00
1,452,0,18080,6,1,0,2,0,0,0,0,0,0,1110,88,203,a046000006010002000000000000000000000000560458cb00
1,453,0,18120,6,1,0,2,0,0,0,0,0,0,1110,88,203,c846000006010002000000000000000000000000560458cb00
1,454,0,18160,6,1,0,2,0,0,0,0,0,0,1110,88,203,f046000006010002000000000000000000000000560458cb00
1,455,0,18200,6,1,0,2,0,0,0,0,0,0,1110,88,203,1847000006010002000000000000000000000000560458cb00
1,456,0,18240,6,1,0,2,0,0,0,0,0,0,1110,88,203,4047000006010002000000000000000000000000560458cb00
1,457,0,18280,6,1,0,2,0,0,0,0,0,0,1110,88,203,6847000006010002000000000000000000000000560458cb00
1,458,0,18320,6,1,0,2,0,0,0,0,0,0,1110,88,203,9047000006010002000000000000000000000000560458cb00
1,459,0,18361,6,1,0,2,0,0,0,0,0,0,1110,88,203,b947000006010002000000000000000000000000560458cb00
1,460,0,18400,6,1,0,2,0,0,0,0,0,0,1110,88,203,e047000006010002000000000000000000000000560458cb00
1,461,0,18440,6,1,0,2,0,0,0,0,0,0,1110,88,203,0848000006010002000000000000000000000000560458cb00
1,462,0,18480,6,1,0,2,0,0,0,0,0,0,1110,88,203,3048000006010002000000000000000000000000560458cb00
1,463,0,18520,6,1,0,2,0,0,0,0,0,0,1110,88,203,5848000006010002000000000000000000000000560458cb00
1,464,0,18560,6,1,0,2,0,0,0,0,0,0,1110,88,203,8048000006010002000000000000000000000000560458cb00
1,465,0,18600,6,1,0,2,0,0,0,0,0,0,1110,88,203,a848000006010002000000000000000000000000560458cb00
1,466,0,18640,6,1,0,2,0,0,0,0,0,0,1110,88,203,d048000006010002000000000000000000000000560458cb00
1,467,0,18680,6,1,0,2,0,0,0,0,0,0,1110,88,203,f848000006010002000000000000000000000000560458cb00
1,468,0,18720,6,1,0,2,0,0,0,0,0,0,1110,88,203,2049000006010002000000000000000000000000560458cb00
1,469,0,18760,6,1,0,2,0,0,0,0,0,0,1110,88,203,4849000006010002000000000000000000000000560458cb00
1,470,0,18801,6,1,0,2,0,0,0,0,0,0,1110,88,203,7149000006010002000000000000000000000000560458cb00
1,471,0,18840,6,1,0,2,0,0,0,0,0,0,1110,88,203,9849000006010002000000000000000000000000560458cb00
1,472,0,18880,6,1,0,2,0,0,0,0,0,0,1110,88,203,c049000006010002000000000000000000000000560458cb00
1,473,0,18921,6,1,0,2,0,0,0,0,0,0,1110,88,203,e949000006010002000000000000000000000000560458cb00
1,474,0,18960,6,1,0,2,0,0,0,0,0,0,1110,88,203,104a000006010002000000000000000000000000560458cb00
1,475,0,19000,6,1,0,2,0,0,0,0,0,0,1110,88,203,384a000006010002000000000000000000000000560458cb00
1,476,0,19040,6,1,0,2,0,0,0,0,0,0,1110,88,203,604a000006010002000000000000000000000000560458cb00
1,477,0,19081,6,1,0,2,0,0,0,0,0,0,1110,88,203,894a000006010002000000000000000000000000560458cb00
1,478,0,19120,6,1,0,2,0,0,0,0,0,0,1110,88,203,b04a000006010002000000000000000000000000560458cb00
1,479,0,19160,6,1,0,2,0,0,0,0,0,0,1110,88,203,d84a000006010002000000000000000000000000560458cb00
1,480,0,19200,6,1,0,2,0,0,0,0,0,0,1110,88,203,004b000006010002000000000000000000000000560458cb00
1,481,0,19241,6,1,0,2,0,0,0,0,0,0,1110,88,203,294b000006010002000000000000000000000000560458cb00
1,482,0,19280,6,1,0,2,0,0,0,0,0,0,1110,88,203,504b000006010002000000000000000000000000560458cb00
1,483,0,19320,6,1,0,2,0,0,0,0,0,0,1110,88,203,784b000006010002000000000000000000000000560458cb00
1,484,0,19360,6,1,0,2,0,0,0,0,0,0,1110,88,203,a04b000006010002000000000000000000000000560458cb00
1,485,0,19400,6,1,0,2,0,0,0,0,0,0,1110,88,203,c84b000006010002000000000000000000000000560458cb00
1,486,0,19440,6,1,0,2,0,0,0,0,0,0,1110,88,203,f04b000006010002000000000000000000000000560458cb00
1,487,0,19480,6,1,0,2,0,0,0,0,0,0,1110,88,203,184c000006010002000000000000000000000000560458cb00
1,488,0,19520,6,1,0,2,0,0,0,0,0,0,1110,88,203,404c000006010002000000000000000000000000560458cb00
1,489,0,19560,6,1,0,2,0,0,0,0,0,0,1110,88,203,684c000006010002000000000000000000000000560458cb00
1,490,0,19600,6,1,0,2,0,0,0,0,0,0,1110,88,203,904c000006010002000000000000000000000000560458cb00
1,491,0,19640,6,1,0,2,0,0,0,0,0,0,1110,88,203,b84c000006010002000000000000000000000000560458cb00
1,492,0,19681,6,1,0,2,0,0,0,0,0,0,1110,88,203,e14c000006010002000000000000000000000000560458cb00
1,493,0,19720,6,1,0,2,0,0,0,0,0,0,1110,88,203,084d000006010002000000000000000000000000560458cb00
1,494,0,19760,6,1,0,2,0,0,0,0,0,0,1110,88,203,304d000006010002000000000000000000000000560458cb00
1,495,0,19800,6,1,0,2,0,0,0,0,0,0,1110,88,203,584d000006010002000000000000000000000000560458cb00
1,496,0,19840,6,1,0,2,0,0,0,0,0,0,1110,88,203,804d000006010002000000000000000000000000560458cb00
1,497,0,19880,6,1,0,2,0,0,0,0,0,0,1110,88,203,a84d000006010002000000000000000000000000560458cb00
1,498,0,19920,6,1,0,2,0,0,0,0,0,0,1110,88,203,d04d000006010002000000000000000000000000560458cb00
1,499,0,19960,6,1,0,2,0,0,0,0,0,0,1110,88,203,f84d000006010002000000000000000000000000560458cb00
1,500,0,20000,6,1,0,2,0,0,0,0,0,0,1110,88,203,204e000006010002000000000000000000000000560458cb00
1,501,0,20040,6,1,0,2,0,0,0,0,0,0,1110,88,203,484e000006010002000000000000000000000000560458cb00
1,502,0,20080,6,1,0,2,0,0,0,0,0,0,1110,88,203,704e000006010002000000000000000000000000560458cb00
1,503,0,20120,6,1,0,2,0,0,0,0,0,0,1110,88,203,984e000006010002000000000000000000000000560458cb00
1,504,0,20160,6,1,0,2,0,0,0,0,0,0,1110,88,203,c04e000006010002000000000000000000000000560458cb00
1,505,0,20200,6,1,0,2,0,0,0,0,0,0,1110,88,203,e84e000006010002000000000000000000000000560458cb00
1,506,0,20240,6,1,0,2,0,0,0,0,0,0,1110,88,203,104f000006010002000000000000000000000000560458cb00
1,507,0,20280,6,1,0,2,0,0,0,0,0,0,1110,88,203,384f000006010002000000000000000000000000560458cb00
1,508,0,20321,6,1,0,2,0,0,0,0,0,0,1110,88,203,614f000006010002000000000000000000000000560458cb00
1,509,0,20360,6,1,0,2,0,0,0,0,0,0,1110,88,203,884f000006010002000000000000000000000000560458cb00
1,510,0,20400,6,1,0,2,0,0,0,0,0,0,1110,88,203,b04f000006010002000000000000000000000000560458cb00
1,511,0,20441,6,1,0,2,0,0,0,0,0,0,1110,88,203,d94f000006010002000000000000000000000000560458cb00
1,512,0,20480,6,1,0,2,0,0,0,0,0,0,1110,88,203,0050000006010002000000000000000000000000560458cb00
1,513,0,20520,6,1,0,2,0,0,0,0,0,0,1110,88,203,2850000006010002000000000000000000000000560458cb00
1,514,0,20561,6,1,0,2,0,0,0,0,0,0,1110,88,203,5150000006010002000000000000000000000000560458cb00
1,515,0,20600,6,1,0,2,0,0,0,0,0,0,1110,88,203,7850000006010002000000000000000000000000560458cb00
1,516,0,20640,6,1,0,2,0,0,0,0,0,0,1110,88,203,a050000006010002000000000000000000000000560458cb00
1,517,0,20681,6,1,0,2,0,0,0,0,0,0,1110,88,203,c950000006010002000000000000000000000000560458cb00
1,518,0,20720,6,1,0,2,0,0,0,0,0,0,1110,88,203,f050000006010002000000000000000000000000560458cb00
1,519,0,20760,6,1,0,2,0,0,0,0,0,0,1110,88,203,1851000006010002000000000000000000000000560458cb00
1,520,0,20800,6,1,0,2,0,0,0,0,0,0,1110,88,203,4051000006010002000000000000000000000000560458cb00
1,521,0,20840,6,1,0,2,0,0,0,0,0,0,1110,88,203,6851000006010002000000000000000000000000560458cb00
1,522,0,20881,6,1,0,2,0,0,0,0,0,0,1110,88,203,9151000006010002000000000000000000000000560458cb00
1,523,0,20920,6,1,0,2,0,0,0,0,0,0,1110,88,203,b851000006010002000000000000000000000000560458cb00
1,524,0,20960,6,1,0,2,0,0,0,0,0,0,1110,88,203,e051000006010002000000000000000000000000560458cb00
1,525,0,21000,6,1,0,2,0,0,0,0,0,0,1110,88,203,0852000006010002000000000000000000000000560458cb00
1,526,0,21040,6,1,0,2,0,0,0,0,0,0,1110,88,203,3052000006010002000000000000000000000000560458cb00
1,527,0,21081,6,1,0,2,0,0,0,0,0,0,1110,88,203,5952000006010002000000000000000000000000560458cb00
1,528,0,21121,6,1,0,2,0,0,0,0,0,0,1110,88,203,8152000006010002000000000000000000000000560458cb00
1,529,0,21160,6,1,0,2,0,0,0,0,0,0,1110,88,203,a852000006010002000000000000000000000000560458cb00
1,530,0,21201,6,1,0,2,0,0,0,0,0,0,1110,88,203,d152000006010002000000000000000000000000560458cb00
1,531,0,21240,6,1,0,2,0,0,0,0,0,0,1110,88,203,f852000006010002000000000000000000000000560458cb00
1,532,0,21280,6,1,0,2,0,0,0,0,0,0,1110,88,203,2053000006010002000000000000000000000000560458cb00
1,533,0,21320,6,1,0,2,0,0,0,0,0,0,1110,88,203,4853000006010002000000000000000000000000560458cb00
1,534,0,21360,6,1,0,2,0,0,0,0,0,0,1110,88,203,7053000006010002000000000000000000000000560458cb00
1,535,0,21400,6,1,0,2,0,0,0,0,0,0,1110,88,203,9853000006010002000000000000000000000000560458cb00
1,536,0,21441,6,1,0,2,0,0,0,0,0,0,1110,88,203,c153000006010002000000000000000000000000560458cb00
1,537,0,21480,6,1,0,2,0,0,0,0,0,0,1110,88,203,e853000006010002000000000000000000000000560458cb00
1,538,0,21520,6,1,0,2,0,0,0,0,0,0,1110,88,203,1054000006010002000000000000000000000000560458cb00
1,539,0,21560,6,1,0,2,0,0,0,0,0,0,1110,88,203,3854000006010002000000000000000000000000560458cb00
1,540,0,21601,6,1,0,2,0,0,0,0,0,0,1110,88,203,6154000006010002000000000000000000000000560458cb00
1,541,0,21641,6,1,0,2,0,0,0,0,0,0,1110,88,203,8954000006010002000000000000000000000000560458cb00
1,542,0,21681,6,1,0,2,0,0,0,0,0,0,1110,88,203,b154000006010002000000000000000000000000560458cb00
1,543,0,21720,6,1,0,2,0,0,0,0,0,0,1110,88,203,d854000006010002000000000000000000000000560458cb00
1,544,0,21760,6,1,0,2,0,0,0,0,0,0,1110,88,203,0055000006010002000000000000000000000000560458cb00
1,545,0,21800,6,1,0,2,0,0,0,0,0,0,1110,88,203,2855000006010002000000000000000000000000560458cb00
1,546,0,21840,6,1,0,2,0,0,0,0,0,0,1110,88,203,5055000006010002000000000000000000000000560458cb00
1,547,0,21880,6,1,0,2,0,0,0,0,0,0,1110,88,203,7855000006010002000000000000000000000000560458cb00
1,548,0,21920,6,1,0,2,0,0,0,0,0,0,1110,88,203,a055000006010002000000000000000000000000560458cb00
1,549,0,21960,6,1,0,2,0,0,0,0,0,0,1110,88,203,c855000006010002000000000000000000000000560458cb00
1,550,0,22000,6,1,0,2,0,0,0,0,0,0,1110,88,203,f055000006010002000000000000000000000000560458cb00
1,551,0,22040,6,1,0,2,0,0,0,0,0,0,1110,88,203,1856000006010002000000000000000000000000560458cb00
1,552,0,22080,6,1,0,2,0,0,0,0,0,0,1110,88,203,4056000006010002000000000000000000000000560458cb00
1,553,0,22120,6,1,0,2,0,0,0,0,0,0,1110,88,203,6856000006010002000000000000000000000000560458cb00
1,554,0,22161,6,1,0,2,0,0,0,0,0,0,1110,88,203,9156000006010002000000000000000000000000560458cb00
1,555,0,22200,6,1,0,2,0,0,0,0,0,0,1110,88,203,b856000006010002000000000000000000000000560458cb00
1,556,0,22240,6,1,0,2,0,0,0,0,0,0,1110,88,203,e056000006010002000000000000000000000000560458cb00
1,557,0,22280,6,1,0,2,0,0,0,0,0,0,1110,88,203,0857000006010002000000000000000000000000560458cb00
1,558,0,22320,6,1,0,2,0,0,0,0,0,0,1110,88,203,3057000006010002000000000000000000000000560458cb00
1,559,0,22361,6,1,0,2,0,0,0,0,0,0,1110,88,203,5957000006010002000000000000000000000000560458cb00
1,560,0,22400,6,1,0,2,0,0,0,0,0,0,1110,88,203,8057000006010002000000000000000000000000560458cb00
1,561,0,22440,6,1,0,2,0,0,0,0,0,0,1110,88,203,a857000006010002000000000000000000000000560458cb00
1,562,0,22480,6,1,0,2,0,0,0,0,0,0,1110,88,203,d057000006010002000000000000000000000000560458cb00
1,563,0,22520,6,1,0,2,0,0,0,0,0,0,1110,88,203,f857000006010002000000000000000000000000560458cb00
1,564,0,22561,6,1,0,2,0,0,0,0,0,0,1110,88,203,2158000006010002000000000000000000000000560458cb00
1,565,0,22601,6,1,0,2,0,0,0,0,0,0,1110,88,203,4958000006010002000000000000000000000000560458cb00
1,566,0,22640,6,1,0,2,0,0,0,0,0,0,1110,88,203,7058000006010002000000000000000000000000560458cb00
1,567,0,22680,6,1,0,2,0,0,0,0,0,0,1110,88,203,9858000006010002000000000000000000000000560458cb00
1,568,0,22720,6,1,0,2,0,0,0,0,0,0,1110,88,203,c058000006010002000000000000000000000000560458cb00
1,569,0,22761,6,1,0,2,0,0,0,0,0,0,1110,88,203,e958000006010002000000000000000000000000560458cb00
1,570,0,22800,6,1,0,2,0,0,0,0,0,0,1110,88,203,1059000006010002000000000000000000000000560458cb00
1,571,0,22840,6,1,0,2,0,0,0,0,0,0,1110,88,203,3859000006010002000000000000000000000000560458cb00
1,572,0,22880,6,1,0,2,0,0,0,0,0,0,1110,88,203,6059000006010002000000000000000000000000560458cb00
1,573,0,22920,6,1,0,2,0,0,0,0,0,0,1110,88,203,8859000006010002000000000000000000000000560458cb00
1,574,0,22960,6,1,0,2,0,0,0,0,0,0,1110,88,203,b059000006010002000000000000000000000000560458cb00
1,575,0,23000,6,1,0,2,0,0,0,0,0,0,1110,88,203,d859000006010002000000000000000000000000560458cb00
1,576,0,23040,6,1,0,2,0,0,0,0,0,0,1110,88,203,005a000006010002000000000000000000000000560458cb00
1,577,0,23081,6,1,0,2,0,0,0,0,0,0,1110,88,203,295a000006010002000000000000000000000000560458cb00
1,578,0,23120,6,1,0,2,0,0,0,0,0,0,1110,88,203,505a000006010002000000000000000000000000560458cb00
1,579,0,23160,6,1,0,2,0,0,0,0,0,0,1110,88,203,785a000006010002000000000000000000000000560458cb00
1,580,0,23200,6,1,0,2,0,0,0,0,0,0,1110,88,203,a05a000006010002000000000000000000000000560458cb00
1,581,0,23240,6,1,0,2,0,0,0,0,0,0,1110,88,203,c85a000006010002000000000000000000000000560458cb00
1,582,0,23281,6,1,0,2,0,0,0,0,0,0,1110,88,203,f15a000006010002000000000000000000000000560458cb00
1,583,0,23320,6,1,0,2,0,0,0,0,0,0,1110,88,203,185b000006010002000000000000000000000000560458cb00
1,584,0,23360,6,1,0,2,0,0,0,0,0,0,1110,88,203,405b000006010002000000000000000000000000560458cb00
1,585,0,23401,6,1,0,2,0,0,0,0,0,0,1110,88,203,695b000006010002000000000000000000000000560458cb00
1,586,0,23440,6,1,0,2,0,0,0,0,0,0,1110,88,203,905b000006010002000000000000000000000000560458cb00
1,587,0,23480,6,1,0,2,0,0,0,0,0,0,1110,88,203,b85b000006010002000000000000000000000000560458cb00
1,588,0,23520,6,1,0,2,0,0,0,0,0,0,1110,88,203,e05b000006010002000000000000000000000000560458cb00
1,589,0,23560,6,1,0,2,0,0,0,0,0,0,1110,88,203,085c000006010002000000000000000000000000560458cb00
1,590,0,23600,6,1,0,2,0,0,0,0,0,0,1110,88,203,305c000006010002000000000000000000000000560458cb00
1,591,0,23640,6,1,0,2,0,0,0,0,0,0,1110,88,203,585c000006010002000000000000000000000000560458cb00
1,592,0,23681,6,1,0,2,0,0,0,0,0,0,1110,88,203,815c000006010002000000000000000000000000560458cb00
1,593,0,23720,6,1,0,2,0,0,0,0,0,0,1110,88,203,a85c000006010002000000000000000000000000560458cb00
1,594,0,23761,6,1,0,2,0,0,0,0,0,0,1110,88,203,d15c000006010002000000000000000000000000560458cb00
1,595,0,23801,6,1,0,2,0,0,0,0,0,0,1110,88,203,f95c000006010002000000000000000000000000560458cb00
1,596,0,23840,6,1,0,2,0,0,0,0,0,0,1110,88,203,205d000006010002000000000000000000000000560458cb00
1,597,0,23880,6,1,0,2,0,0,0,0,0,0,1110,88,203,485d000006010002000000000000000000000000560458cb00
1,598,0,23920,6,1,0,2,0,0,0,0,0,0,1110,88,203,705d000006010002000000000000000000000000560458cb00
1,599,0,23960,6,1,0,2,0,0,0,0,0,0,1110,88,203,985d000006010002000000000000000000000000560458cb00
1,600,0,24001,6,1,0,2,0,0,0,0,0,0,1110,88,203,c15d000006010002000000000000000000000000560458cb00
1,601,0,24040,6,1,0,2,0,0,0,0,0,0,1110,88,203,e85d000006010002000000000000000000000000560458cb00
1,602,0,24081,6,1,0,2,0,0,0,0,0,0,1110,88,203,115e000006010002000000000000000000000000560458cb00
1,603,0,24120,6,1,0,2,0,0,0,0,0,0,1110,88,203,385e000006010002000000000000000000000000560458cb00
1,604,0,24161,6,1,0,2,0,0,0,0,0,0,1110,88,203,615e000006010002000000000000000000000000560458cb00
1,605,0,24200,6,1,0,2,0,0,0,0,0,0,1110,88,203,885e000006010002000000000000000000000000560458cb00
1,606,0,24240,6,1,0,2,0,0,0,0,0,0,1110,88,203,b05e000006010002000000000000000000000000560458cb00
1,607,0,24280,6,1,0,2,0,0,0,0,0,0,1110,88,203,d85e000006010002000000000000000000000000560458cb00
1,608,0,24320,6,1,0,2,0,0,0,0,0,0,1110,88,203,005f000006010002000000000000000000000000560458cb00
1,609,0,24360,6,1,0,2,0,0,0,0,0,0,1110,88,203,285f000006010002000000000000000000000000560458cb00
1,610,0,24400,6,1,0,2,0,0,0,0,0,0,1110,88,203,505f000006010002000000000000000000000000560458cb00
1,611,0,24440,6,1,0,2,0,0,0,0,0,0,1110,88,203,785f000006010002000000000000000000000000560458cb00
1,612,0,24480,6,1,0,2,0,0,0,0,0,0,1110,88,203,a05f000006010002000000000000000000000000560458cb00
1,613,0,24520,6,1,0,2,0,0,0,0,0,0,1110,88,203,c85f000006010002000000000000000000000000560458cb00
1,614,0,24560,6,1,0,2,0,0,0,0,0,0,1110,88,203,f05f000006010002000000000000000000000000560458cb00
1,615,0,24600,6,1,0,2,0,0,0,0,0,0,1110,88,203,1860000006010002000000000000000000000000560458cb00
1,616,0,24640,6,1,0,2,0,0,0,0,0,0,1110,88,203,4060000006010002000000000000000000000000560458cb00
1,617,0,24681,6,1,0,2,0,0,0,0,0,0,1110,88,203,6960000006010002000000000000000000000000560458cb00
1,618,0,24721,6,1,0,2,0,0,0,0,0,0,1110,88,203,9160000006010002000000000000000000000000560458cb00
1,619,0,24761,6,1,0,2,0,0,0,0,0,0,1110,88,203,b960000006010002000000000000000000000000560458cb00
1,620,0,24800,6,1,0,2,0,0,0,0,0,0,1110,88,203,e060000006010002000000000000000000000000560458cb00
1,621,0,24840,6,1,0,2,0,0,0,0,0,0,1110,88,203,0861000006010002000000000000000000000000560458cb00
1,622,0,24880,6,1,0,2,0,0,0,0,0,0,1110,88,203,3061000006010002000000000000000000000000560458cb00
1,623,0,24921,6,1,0,2,0,0,0,0,0,0,1110,88,203,5961000006010002000000000000000000000000560458cb00
1,624,0,24960,6,1,0,2,0,0,0,0,0,0,1110,88,203,8061000006010002000000000000000000000000560458cb00
1,625,0,25000,6,1,0,2,0,0,0,0,0,0,1110,88,203,a861000006010002000000000000000000000000560458cb00
1,626,0,25040,6,1,0,2,0,0,0,0,0,0,1110,88,203,d061000006010002000000000000000000000000560458cb00
1,627,0,25081,6,1,0,2,0,0,0,0,0,0,1110,88,203,f961000006010002000000000000000000000000560458cb00
1,628,0,25120,6,1,0,2,0,0,0,0,0,0,1110,88,203,2062000006010002000000000000000000000000560458cb00
1,629,0,25160,6,1,0,2,0,0,0,0,0,0,1110,88,203,4862000006010002000000000000000000000000560458cb00
1,630,0,25200,6,1,0,2,0,0,0,0,0,0,1110,88,203,7062000006010002000000000000000000000000560458cb00
1,631,0,25240,6,1,0,2,0,0,0,0,0,0,1110,88,203,9862000006010002000000000000000000000000560458cb00
1,632,0,25280,6,1,0,2,0,0,0,0,0,0,1110,88,203,c062000006010002000000000000000000000000560458cb00
1,633,0,25320,6,1,0,2,0,0,0,0,0,0,1110,88,203,e862000006010002000000000000000000000000560458cb00
1,634,0,25360,6,1,0,2,0,0,0,0,0,0,1110,88,203,1063000006010002000000000000000000000000560458cb00
1,635,0,25400,6,1,0,2,0,0,0,0,0,0,1110,88,203,3863000006010002000000000000000000000000560458cb00
1,636,0,25440,6,1,0,2,0,0,0,0,0,0,1110,88,203,6063000006010002000000000000000000000000560458cb00
1,637,0,25480,6,1,0,2,0,0,0,0,0,0,1110,88,203,8863000006010002000000000000000000000000560458cb00
1,638,0,25520,6,1,0,2,0,0,0,0,0,0,1110,88,203,b063000006010002000000000000000000000000560458cb00
1,639,0,25560,6,1,0,2,0,0,0,0,0,0,1110,88,203,d863000006010002000000000000000000000000560458cb00
1,640,0,25600,6,1,0,2,0,0,0,0,0,0,1110,88,203,0064000006010002000000000000000000000000560458cb00
1,641,0,25641,6,1,0,2,0,0,0,0,0,0,1110,88,203,2964000006010002000000000000000000000000560458cb00
1,642,0,25681,6,1,0,2,0,0,0,0,0,0,1110,88,203,5164000006010002000000000000000000000000560458cb00
1,643,0,25720,6,1,0,2,0,0,0,0,0,0,1110,88,203,7864000006010002000000000000000000000000560458cb00
1,644,0,25760,6,1,0,2,0,0,0,0,0,0,1110,88,203,a064000006010002000000000000000000000000560458cb00
1,645,0,25800,6,1,0,2,0,0,0,0,0,0,1110,88,203,c864000006010002000000000000000000000000560458cb00
1,646,0,25841,6,1,0,2,0,0,0,0,0,0,1110,88,203,f164000006010002000000000000000000000000560458cb00
1,647,0,25880,6,1,0,2,0,0,0,0,0,0,1110,88,203,1865000006010002000000000000000000000000560458cb00
1,648,0,25920,6,1,0,2,0,0,0,0,0,0,1110,88,203,4065000006010002000000000000000000000000560458cb00
1,649,0,25960,6,1,0,2,0,0,0,0,0,0,1110,88,203,6865000006010002000000000000000000000000560458cb00
1,650,0,26000,6,1,0,2,0,0,0,0,0,0,1110,88,203,9065000006010002000000000000000000000000560458cb00
1,651,0,26040,6,1,0,2,0,0,0,0,0,0,1110,88,203,b865000006010002000000000000000000000000560458cb00
1,652,0,26081,6,1,0,2,0,0,0,0,0,0,1110,88,203,e165000006010002000000000000000000000000560458cb00
1,653,0,26120,6,1,0,2,0,0,0,0,0,0,1110,88,203,0866000006010002000000000000000000000000560458cb00
1,654,0,26160,6,1,0,2,0,0,0,0,0,0,1110,88,203,3066000006010002000000000000000000000000560458cb00
1,655,0,26200,6,1,0,2,0,0,0,0,0,0,1110,88,203,5866000006010002000000000000000000000000560458cb00
1,656,0,26240,6,1,0,2,0,0,0,0,0,0,1110,88,203,8066000006010002000000000000000000000000560458cb00
1,657,0,26280,6,1,0,2,0,0,0,0,0,0,1110,88,203,a866000006010002000000000000000000000000560458cb00
1,658,0,26321,6,1,0,2,0,0,0,0,0,0,1110,88,203,d166000006010002000000000000000000000000560458cb00
1,659,0,26360,6,1,0,2,0,0,0,0,0,0,1110,88,203,f866000006010002000000000000000000000000560458cb00
1,660,0,26400,6,1,0,2,0,0,0,0,0,0,1110,88,203,2067000006010002000000000000000000000000560458cb00
1,661,0,26440,6,1,0,2,0,0,0,0,0,0,1110,88,203,4867000006010002000000000000000000000000560458cb00
1,662,0,26481,6,1,0,2,0,0,0,0,0,0,1110,88,203,7167000006010002000000000000000000000000560458cb00
1,663,0,26520,6,1,0,2,0,0,0,0,0,0,1110,88,203,9867000006010002000000000000000000000000560458cb00
1,664,0,26560,6,1,0,2,0,0,0,0,0,0,1110,88,203,c067000006010002000000000000000000000000560458cb00
1,665,0,26600,6,1,0,2,0,0,0,0,0,0,1110,88,203,e867000006010002000000000000000000000000560458cb00
1,666,0,26640,6,1,0,2,0,0,0,0,0,0,1110,88,203,1068000006010002000000000000000000000000560458cb00
1,667,0,26680,6,1,0,2,0,0,0,0,0,0,1110,88,203,3868000006010002000000000000000000000000560458cb00
1,668,0,26720,6,1,0,2,0,0,0,0,0,0,1110,88,203,6068000006010002000000000000000000000000560458cb00
1,669,0,26760,6,1,0,2,0,0,0,0,0,0,1110,88,203,8868000006010002000000000000000000000000560458cb00
1,670,0,26800,6,1,0,2,0,0,0,0,0,0,1110,88,203,b068000006010002000000000000000000000000560458cb00
1,671,0,26840,6,1,0,2,0,0,0,0,0,0,1110,88,203,d868000006010002000000000000000000000000560458cb00
1,672,0,26880,6,1,0,2,0,0,0,0,0,0,1110,88,203,0069000006010002000000000000000000000000560458cb00
1,673,0,26920,6,1,0,2,0,0,0,0,0,0,1110,88,203,2869000006010002000000000000000000000000560458cb00
1,674,0,26960,6,1,0,2,0,0,0,0,0,0,1110,88,203,5069000006010002000000000000000000000000560458cb00
1,675,0,27000,6,1,0,2,0,0,0,0,0,0,1110,88,203,7869000006010002000000000000000000000000560458cb00
1,676,0,27040,6,1,0,2,0,0,0,0,0,0,1110,88,203,a069000006010002000000000000000000000000560458cb00
1,677,0,27080,6,1,0,2,0,0,0,0,0,0,1110,88,203,c869000006010002000000000000000000000000560458cb00
1,678,0,27120,6,1,0,2,0,0,0,0,0,0,1110,88,203,f069000006010002000000000000000000000000560458cb00
1,679,0,27160,6,1,0,2,0,0,0,0,0,0,1110,88,203,186a000006010002000000000000000000000000560458cb00
1,680,0,27200,6,1,0,2,0,0,0,0,0,0,1110,88,203,406a000006010002000000000000000000000000560458cb00
1,681,0,27241,6,1,0,2,0,0,0,0,0,0,1110,88,203,696a000006010002000000000000000000000000560458cb00
1,682,0,27280,6,1,0,2,0,0,0,0,0,0,1110,88,203,906a000006010002000000000000000000000000560458cb00
1,683,0,27321,6,1,0,2,0,0,0,0,0,0,1110,88,203,b96a000006010002000000000000000000000000560458cb00
1,684,0,27360,6,1,0,2,0,0,0,0,0,0,1110,88,203,e06a000006010002000000000000000000000000560458cb00
1,685,0,27400,6,1,0,2,0,0,0,0,0,0,1110,88,203,086b000006010002000000000000000000000000560458cb00
1,686,0,27440,6,1,0,2,0,0,0,0,0,0,1110,88,203,306b000006010002000000000000000000000000560458cb00
1,687,0,27481,6,1,0,2,0,0,0,0,0,0,1110,88,203,596b000006010002000000000000000000000000560458cb00
1,688,0,27520,6,1,0,2,0,0,0,0,0,0,1110,88,203,806b000006010002000000000000000000000000560458cb00
1,689,0,27560,6,1,0,2,0,0,0,0,0,0,1110,88,203,a86b000006010002000000000000000000000000560458cb00
1,690,0,27600,6,1,0,2,0,0,0,0,0,0,1110,88,203,d06b000006010002000000000000000000000000560458cb00
1,691,0,27640,6,1,0,2,0,0,0,0,0,0,1110,88,203,f86b000006010002000000000000000000000000560458cb00
1,692,0,27680,6,1,0,2,0,0,0,0,0,0,1110,88,203,206c000006010002000000000000000000000000560458cb00
1,693,0,27720,6,1,0,2,0,0,0,0,0,0,1110,88,203,486c000006010002000000000000000000000000560458cb00
1,694,0,27760,6,1,0,2,0,0,0,0,0,0,1110,88,203,706c000006010002000000000000000000000000560458cb00
1,695,0,27800,6,1,0,2,0,0,0,0,0,0,1110,88,203,986c000006010002000000000000000000000000560458cb00
1,696,0,27840,6,1,0,2,0,0,0,0,0,0,1110,88,203,c06c000006010002000000000000000000000000560458cb00
1,697,0,27881,6,1,0,2,0,0,0,0,0,0,1110,88,203,e96c000006010002000000000000000000000000560458cb00
1,698,0,27920,6,1,0,2,0,0,0,0,0,0,1110,88,203,106d000006010002000000000000000000000000560458cb00
1,699,0,27960,6,1,0,2,0,0,0,0,0,0,1110,88,203,386d000006010002000000000000000000000000560458cb00
1,700,0,28001,6,1,0,2,0,0,0,0,0,0,1110,88,203,616d000006010002000000000000000000000000560458cb00
1,701,0,28040,6,1,0,2,0,0,0,0,0,0,1110,88,203,886d000006010002000000000000000000000000560458cb00
1,702,0,28080,6,1,0,2,0,0,0,0,0,0,1110,88,203,b06d000006010002000000000000000000000000560458cb00
1,703,0,28121,6,1,0,2,0,0,0,0,0,0,1110,88,203,d96d000006010002000000000000000000000000560458cb00
1,704,0,28160,6,1,0,2,0,0,0,0,0,0,1110,88,203,006e000006010002000000000000000000000000560458cb00
1,705,0,28200,6,1,0,2,0,0,0,0,0,0,1110,88,203,286e000006010002000000000000000000000000560458cb00
1,706,0,28241,6,1,0,2,0,0,0,0,0,0,1110,88,203,516e000006010002000000000000000000000000560458cb00
1,707,0,28280,6,1,0,2,0,0,0,0,0,0,1110,88,203,786e000006010002000000000000000000000000560458cb00
1,708,0,28320,6,1,0,2,0,0,0,0,0,0,1110,88,203,a06e000006010002000000000000000000000000560458cb00
1,709,0,28360,6,1,0,2,0,0,0,0,0,0,1110,88,203,c86e000006010002000000000000000000000000560458cb00
1,710,0,28400,6,1,0,2,0,0,0,0,0,0,1110,88,203,f06e000006010002000000000000000000000000560458cb00
1,711,0,28440,6,1,0,2,0,0,0,0,0,0,1110,88,203,186f000006010002000000000000000000000000560458cb00
1,712,0,28481,6,1,0,2,0,0,0,0,0,0,1110,88,203,416f000006010002000000000000000000000000560458cb00
1,713,0,28520,6,1,0,2,0,0,0,0,0,0,1110,88,203,686f000006010002000000000000000000000000560458cb00
1,714,0,28561,6,1,0,2,0,0,0,0,0,0,1110,88,203,916f000006010002000000000000000000000000560458cb00
1,715,0,28600,6,1,0,2,0,0,0,0,0,0,1110,88,203,b86f000006010002000000000000000000000000560458cb00
1,716,0,28640,6,1,0,2,0,0,0,0,0,0,1110,88,203,e06f000006010002000000000000000000000000560458cb00
1,717,0,28680,6,1,0,2,0,0,0,0,0,0,1110,88,203,0870000006010002000000000000000000000000560458cb00
1,718,0,28720,6,1,0,2,0,0,0,0,0,0,1110,88,203,3070000006010002000000000000000000000000560458cb00
1,719,0,28760,6,1,0,2,0,0,0,0,0,0,1110,88,203,5870000006010002000000000000000000000000560458cb00
1,720,0,28800,6,1,0,2,0,0,0,0,0,0,1110,88,203,8070000006010002000000000000000000000000560458cb00
1,721,0,28840,6,1,0,2,0,0,0,0,0,0,1110,88,203,a870000006010002000000000000000000000000560458cb00
1,722,0,28881,6,1,0,2,0,0,0,0,0,0,1110,88,203,d170000006010002000000000000000000000000560458cb00
1,723,0,28920,6,1,0,2,0,0,0,0,0,0,1110,88,203,f870000006010002000000000000000000000000560458cb00
1,724,0,28960,6,1,0,2,0,0,0,0,0,0,1110,88,203,2071000006010002000000000000000000000000560458cb00
1,725,0,29000,6,1,0,2,0,0,0,0,0,0,1110,88,203,4871000006010002000000000000000000000000560458cb00
1,726,0,29041,6,1,0,2,0,0,0,0,0,0,1110,88,203,7171000006010002000000000000000000000000560458cb00
1,727,0,29080,6,1,0,2,0,0,0,0,0,0,1110,88,203,9871000006010002000000000000000000000000560458cb00
1,728,0,29120,6,1,0,2,0,0,0,0,0,0,1110,88,203,c071000006010002000000000000000000000000560458cb00
1,729,0,29160,6,1,0,2,0,0,0,0,0,0,1110,88,203,e871000006010002000000000000000000000000560458cb00
1,730,0,29200,6,1,0,2,0,0,0,0,0,0,1110,88,203,1072000006010002000000000000000000000000560458cb00
1,731,0,29240,6,1,0,2,0,0,0,0,0,0,1110,88,203,3872000006010002000000000000000000000000560458cb00
1,732,0,29280,6,1,0,2,0,0,0,0,0,0,1110,88,203,6072000006010002000000000000000000000000560458cb00
1,733,0,29320,6,1,0,2,0,0,0,0,0,0,1110,88,203,8872000006010002000000000000000000000000560458cb00
1,734,0,29360,6,1,0,2,0,0,0,0,0,0,1110,88,203,b072000006010002000000000000000000000000560458cb00
1,735,0,29400,6,1,0,2,0,0,0,0,0,0,1110,88,203,d872000006010002000000000000000000000000560458cb00
1,736,0,29440,6,1,0,2,0,0,0,0,0,0,1110,88,203,0073000006010002000000000000000000000000560458cb00
1,737,0,29481,6,1,0,2,0,0,0,0,0,0,1110,88,203,2973000006010002000000000000000000000000560458cb00
1,738,0,29520,6,1,0,2,0,0,0,0,0,0,1110,88,203,5073000006010002000000000000000000000000560458cb00
1,739,0,29560,6,1,0,2,0,0,0,0,0,0,1110,88,203,7873000006010002000000000000000000000000560458cb00
1,740,0,29600,6,1,0,2,0,0,0,0,0,0,1110,88,203,a073000006010002000000000000000000000000560458cb00
1,741,0,29640,6,1,0,2,0,0,0,0,0,0,1110,88,203,c873000006010002000000000000000000000000560458cb00
1,742,0,29680,6,1,0,2,0,0,0,0,0,0,1110,88,203,f073000006010002000000000000000000000000560458cb00
1,743,0,29720,6,1,0,2,0,0,0,0,0,0,1110,88,203,1874000006010002000000000000000000000000560458cb00
1,744,0,29760,6,1,0,2,0,0,0,0,0,0,1110,88,203,4074000006010002000000000000000000000000560458cb00
1,745,0,29801,6,1,0,2,0,0,0,0,0,0,1110,88,203,6974000006010002000000000000000000000000560458cb00
1,746,0,29840,6,1,0,2,0,0,0,0,0,0,1110,88,203,9074000006010002000000000000000000000000560458cb00
1,747,0,29881,6,1,0,2,0,0,0,0,0,0,1110,88,203,b974000006010002000000000000000000000000560458cb00
1,748,0,29920,6,1,0,2,0,0,0,0,0,0,1110,88,203,e074000006010002000000000000000000000000560458cb00
1,749,0,29960,6,1,0,2,0,0,0,0,0,0,1110,88,203,0875000006010002000000000000000000000000560458cb00
1,750,0,30000,6,1,0,2,0,0,0,0,0,0,1110,88,203,3075000006010002000000000000000000000000560458cb00
1,751,0,30040,6,1,0,2,0,0,0,0,0,0,1110,88,203,5875000006010002000000000000000000000000560458cb00
1,752,0,30080,6,1,0,2,0,0,0,0,0,0,1110,88,203,8075000006010002000000000000000000000000560458cb00
1,753,0,30120,6,1,0,2,0,0,0,0,0,0,1110,88,203,a875000006010002000000000000000000000000560458cb00
1,754,0,30160,6,1,0,2,0,0,0,0,0,0,1110,88,203,d075000006010002000000000000000000000000560458cb00
1,755,0,30200,6,1,0,2,0,0,0,0,0,0,1110,88,203,f875000006010002000000000000000000000000560458cb00
1,756,0,30240,6,1,0,2,0,0,0,0,0,0,1110,88,203,2076000006010002000000000000000000000000560458cb00
1,757,0,30280,6,1,0,2,0,0,0,0,0,0,1110,88,203,4876000006010002000000000000000000000000560458cb00
1,758,0,30320,6,1,0,2,0,0,0,0,0,0,1110,88,203,7076000006010002000000000000000000000000560458cb00
1,759,0,30361,6,1,0,2,0,0,0,0,0,0,1110,88,203,9976000006010002000000000000000000000000560458cb00
1,760,0,30400,6,1,0,2,0,0,0,0,0,0,1110,88,203,c076000006010002000000000000000000000000560458cb00
1,761,0,30440,6,1,0,2,0,0,0,0,0,0,1110,88,203,e876000006010002000000000000000000000000560458cb00
1,762,0,30480,6,1,0,2,0,0,0,0,0,0,1110,88,203,1077000006010002000000000000000000000000560458cb00
1,763,0,30520,6,1,0,2,0,0,0,0,0,0,1110,88,203,3877000006010002000000000000000000000000560458cb00
1,764,0,30560,6,1,0,2,0,0,0,0,0,0,1110,88,203,6077000006010002000000000000000000000000560458cb00
1,765,0,30600,6,1,0,2,0,0,0,0,0,0,1110,88,203,8877000006010002000000000000000000000000560458cb00
1,766,0,30640,6,1,0,2,0,0,0,0,0,0,1110,88,203,b077000006010002000000000000000000000000560458cb00
1,767,0,30681,6,1,0,2,0,0,0,0,0,0,1110,88,203,d977000006010002000000000000000000000000560458cb00
1,768,0,30720,6,1,0,2,0,0,0,0,0,0,1110,88,203,0078000006010002000000000000000000000000560458cb00
1,769,0,30760,6,1,0,2,0,0,0,0,0,0,1110,88,203,2878000006010002000000000000000000000000560458cb00
1,770,0,30801,6,1,0,2,0,0,0,0,0,0,1110,88,203,5178000006010002000000000000000000000000560458cb00
1,771,0,30840,6,1,0,2,0,0,0,0,0,0,1110,88,203,7878000006010002000000000000000000000000560458cb00
1,772,0,30880,6,1,0,2,0,0,0,0,0,0,1110,88,203,a078000006010002000000000000000000000000560458cb00
1,773,0,30920,6,1,0,2,0,0,0,0,0,0,1110,88,203,c878000006010002000000000000000000000000560458cb00
1,774,0,30960,6,1,0,2,0,0,0,0,0,0,1110,88,203,f078000006010002000000000000000000000000560458cb00
1,775,0,31000,6,1,0,2,0,0,0,0,0,0,1110,88,203,1879000006010002000000000000000000000000560458cb00
1,776,0,31040,6,1,0,2,0,0,0,0,0,0,1110,88,203,4079000006010002000000000000000000000000560458cb00
1,777,0,31081,6,1,0,2,0,0,0,0,0,0,1110,88,203,6979000006010002000000000000000000000000560458cb00
1,778,0,31120,6,1,0,2,0,0,0,0,0,0,1110,88,203,9079000006010002000000000000000000000000560458cb00
1,779,0,31160,6,1,0,2,0,0,0,0,0,0,1110,88,203,b879000006010002000000000000000000000000560458cb00
1,780,0,31200,6,1,0,2,0,0,0,0,0,0,1110,88,203,e079000006010002000000000000000000000000560458cb00
1,781,0,31240,6,1,0,2,0,0,0,0,0,0,1110,88,203,087a000006010002000000000000000000000000560458cb00
1,782,0,31281,6,1,0,2,0,0,0,0,0,0,1110,88,203,317a000006010002000000000000000000000000560458cb00
1,783,0,31320,6,1,0,2,0,0,0,0,0,0,1110,88,203,587a000006010002000000000000000000000000560458cb00
1,784,0,31360,6,1,0,2,0,0,0,0,0,0,1110,88,203,807a000006010002000000000000000000000000560458cb00
1,785,0,31401,6,1,0,2,0,0,0,0,0,0,1110,88,203,a97a000006010002000000000000000000000000560458cb00
1,786,0,31440,6,1,0,2,0,0,0,0,0,0,1110,88,203,d07a000006010002000000000000000000000000560458cb00
1,787,0,31480,6,1,0,2,0,0,0,0,0,0,1110,88,203,f87a000006010002000000000000000000000000560458cb00
1,788,0,31520,6,1,0,2,0,0,0,0,0,0,1110,88,203,207b000006010002000000000000000000000000560458cb00
1,789,0,31560,6,1,0,2,0,0,0,0,0,0,1110,88,203,487b000006010002000000000000000000000000560458cb00
1,790,0,31601,6,1,0,2,0,0,0,0,0,0,1110,88,203,717b000006010002000000000000000000000000560458cb00
1,791,0,31640,6,1,0,2,0,0,0,0,0,0,1110,88,203,987b000006010002000000000000000000000000560458cb00
1,792,0,31680,6,1,0,2,0,0,0,0,0,0,1110,88,203,c07b000006010002000000000000000000000000560458cb00
1,793,0,31720,6,1,0,2,0,0,0,0,0,0,1110,88,203,e87b000006010002000000000000000000000000560458cb00
1,794,0,31760,6,1,0,2,0,0,0,0,0,0,1110,88,203,107c000006010002000000000000000000000000560458cb00
1,795,0,31800,6,1,0,2,0,0,0,0,0,0,1110,88,203,387c000006010002000000000000000000000000560458cb00
1,796,0,31840,6,1,0,2,0,0,0,0,0,0,1110,88,203,607c000006010002000000000000000000000000560458cb00
1,797,0,31880,6,1,0,2,0,0,0,0,0,0,1110,88,203,887c000006010002000000000000000000000000560458cb00
1,798,0,31920,6,1,0,2,0,0,0,0,0,0,1110,88,203,b07c000006010002000000000000000000000000560458cb00
1,799,0,31961,6,1,0,2,0,0,0,0,0,0,1110,88,203,d97c000006010002000000000000000000000000560458cb00
1,800,0,32000,6,1,0,2,0,0,0,0,0,0,1110,88,203,007d000006010002000000000000000000000000560458cb00
1,801,0,32040,6,1,0,2,0,0,0,0,0,0,1110,88,203,287d000006010002000000000000000000000000560458cb00
1,802,0,32080,6,1,0,2,0,0,0,0,0,0,1110,88,203,507d000006010002000000000000000000000000560458cb00
1,803,0,32120,6,1,0,2,0,0,0,0,0,0,1110,88,203,787d000006010002000000000000000000000000560458cb00
1,804,0,32160,6,1,0,2,0,0,0,0,0,0,1110,88,203,a07d000006010002000000000000000000000000560458cb00
1,805,0,32200,6,1,0,2,0,0,0,0,0,0,1110,88,203,c87d000006010002000000000000000000000000560458cb00
1,806,0,32240,6,1,0,2,0,0,0,0,0,0,1110,88,203,f07d000006010002000000000000000000000000560458cb00
1,807,0,32280,6,1,0,2,0,0,0,0,0,0,1110,88,203,187e000006010002000000000000000000000000560458cb00
1,808,0,32321,6,1,0,2,0,0,0,0,0,0,1110,88,203,417e000006010002000000000000000000000000560458cb00
1,809,0,32361,6,1,0,2,0,0,0,0,0,0,1110,88,203,697e000006010002000000000000000000000000560458cb00
1,810,0,32400,6,1,0,2,0,0,0,0,0,0,1110,88,203,907e000006010002000000000000000000000000560458cb00
1,811,0,32441,6,1,0,2,0,0,0,0,0,0,1110,88,203,b97e000006010002000000000000000000000000560458cb00
1,812,0,32480,6,1,0,2,0,0,0,0,0,0,1110,88,203,e07e000006010002000000000000000000000000560458cb00
1,813,0,32521,6,1,0,2,0,0,0,0,0,0,1110,88,203,097f000006010002000000000000000000000000560458cb00
1,814,0,32560,6,1,0,2,0,0,0,0,0,0,1110,88,203,307f000006010002000000000000000000000000560458cb00
1,815,0,32601,6,1,0,2,0,0,0,0,0,0,1110,88,203,597f000006010002000000000000000000000000560458cb00
1,816,0,32640,6,1,0,2,0,0,0,0,0,0,1110,88,203,807f000006010002000000000000000000000000560458cb00
1,817,0,32680,6,1,0,2,0,0,0,0,0,0,1110,88,203,a87f000006010002000000000000000000000000560458cb00
1,818,0,32720,6,1,0,2,0,0,0,0,0,0,1110,88,203,d07f000006010002000000000000000000000000560458cb00
1,819,0,32760,6,1,0,2,0,0,0,0,0,0,1110,88,203,f87f000006010002000000000000000000000000560458cb00
1,820,0,32800,6,1,0,2,0,0,0,0,0,0,1110,88,203,2080000006010002000000000000000000000000560458cb00
1,821,0,32840,6,1,0,2,0,0,0,0,0,0,1110,88,203,4880000006010002000000000000000000000000560458cb00
1,822,0,32880,6,1,0,2,0,0,0,0,0,0,1110,88,203,7080000006010002000000000000000000000000560458cb00
1,823,0,32920,6,1,0,2,0,0,0,0,0,0,1110,88,203,9880000006010002000000000000000000000000560458cb00
1,824,0,32961,6,1,0,2,0,0,0,0,0,0,1110,88,203,c180000006010002000000000000000000000000560458cb00
1,825,0,33000,6,1,0,2,0,0,0,0,0,0,1110,88,203,e880000006010002000000000000000000000000560458cb00
1,826,0,33041,6,1,0,2,0,0,0,0,0,0,1110,88,203,1181000006010002000000000000000000000000560458cb00
1,827,0,33080,6,1,0,2,0,0,0,0,0,0,1110,88,203,3881000006010002000000000000000000000000560458cb00
1,828,0,33120,6,1,0,2,0,0,0,0,0,0,1110,88,203,6081000006010002000000000000000000000000560458cb00
1,829,0,33160,6,1,0,2,0,0,0,0,0,0,1110,88,203,8881000006010002000000000000000000000000560458cb00
1,830,0,33200,6,1,0,2,0,0,0,0,0,0,1110,88,203,b081000006010002000000000000000000000000560458cb00
1,831,0,33241,6,1,0,2,0,0,0,0,0,0,1110,88,203,d981000006010002000000000000000000000000560458cb00
1,832,0,33280,6,1,0,2,0,0,0,0,0,0,1110,88,203,0082000006010002000000000000000000000000560458cb00
1,833,0,33320,6,1,0,2,0,0,0,0,0,0,1110,88,203,2882000006010002000000000000000000000000560458cb00
1,834,0,33361,6,1,0,2,0,0,0,0,0,0,1110,88,203,5182000006010002000000000000000000000000560458cb00
1,835,0,33400,6,1,0,2,0,0,0,0,0,0,1110,88,203,7882000006010002000000000000000000000000560458cb00
1,836,0,33441,6,1,0,2,0,0,0,0,0,0,1110,88,203,a182000006010002000000000000000000000000560458cb00
1,837,0,33480,6,1,0,2,0,0,0,0,0,0,1110,88,203,c882000006010002000000000000000000000000560458cb00
1,838,0,33520,6,1,0,2,0,0,0,0,0,0,1110,88,203,f082000006010002000000000000000000000000560458cb00
1,839,0,33560,6,1,0,2,0,0,0,0,0,0,1110,88,203,1883000006010002000000000000000000000000560458cb00
1,840,0,33600,6,1,0,2,0,0,0,0,0,0,1110,88,203,4083000006010002000000000000000000000000560458cb00
1,841,0,33640,6,1,0,2,0,0,0,0,0,0,1110,88,203,6883000006010002000000000000000000000000560458cb00
1,842,0,33680,6,1,0,2,0,0,0,0,0,0,1110,88,203,9083000006010002000000000000000000000000560458cb00
1,843,0,33720,6,1,0,2,0,0,0,0,0,0,1110,88,203,b883000006010002000000000000000000000000560458cb00
1,844,0,33760,6,1,0,2,0,0,0,0,0,0,1110,88,203,e083000006010002000000000000000000000000560458cb00
1,845,0,33800,6,1,0,2,0,0,0,0,0,0,1110,88,203,0884000006010002000000000000000000000000560458cb00
1,846,0,33840,6,1,0,2,0,0,0,0,0,0,1110,88,203,3084000006010002000000000000000000000000560458cb00
1,847,0,33880,6,1,0,2,0,0,0,0,0,0,1110,88,203,5884000006010002000000000000000000000000560458cb00
1,848,0,33920,6,1,0,2,0,0,0,0,0,0,1110,88,203,8084000006010002000000000000000000000000560458cb00
1,849,0,33961,6,1,0,2,0,0,0,0,0,0,1110,88,203,a984000006010002000000000000000000000000560458cb00
1,850,0,34000,6,1,0,2,0,0,0,0,0,0,1110,88,203,d084000006010002000000000000000000000000560458cb00
1,851,0,34040,6,1,0,2,0,0,0,0,0,0,1110,88,203,f884000006010002000000000000000000000000560458cb00
1,852,0,34080,6,1,0,2,0,0,0,0,0,0,1110,88,203,2085000006010002000000000000000000000000560458cb00
1,853,0,34120,6,1,0,2,0,0,0,0,0,0,1110,88,203,4885000006010002000000000000000000000000560458cb00
1,854,0,34160,6,1,0,2,0,0,0,0,0,0,1110,88,203,7085000006010002000000000000000000000000560458cb00
1,855,0,34200,6,1,0,2,0,0,0,0,0,0,1110,88,203,9885000006010002000000000000000000000000560458cb00
1,856,0,34240,6,1,0,2,0,0,0,0,0,0,1110,88,203,c085000006010002000000000000000000000000560458cb00
1,857,0,34280,6,1,0,2,0,0,0,0,0,0,1110,88,203,e885000006010002000000000000000000000000560458cb00
1,858,0,34320,6,1,0,2,0,0,0,0,0,0,1110,88,203,1086000006010002000000000000000000000000560458cb00
1,859,0,34361,6,1,0,2,0,0,0,0,0,0,1110,88,203,3986000006010002000000000000000000000000560458cb00
1,860,0,34400,6,1,0,2,0,0,0,0,0,0,1110,88,203,6086000006010002000000000000000000000000560458cb00
1,861,0,34440,6,1,0,2,0,0,0,0,0,0,1110,88,203,8886000006010002000000000000000000000000560458cb00
1,862,0,34480,6,1,0,2,0,0,0,0,0,0,1110,88,203,b086000006010002000000000000000000000000560458cb00
1,863,0,34521,6,1,0,2,0,0,0,0,0,0,1110,88,203,d986000006010002000000000000000000000000560458cb00
1,864,0,34560,6,1,0,2,0,0,0,0,0,0,1110,88,203,0087000006010002000000000000000000000000560458cb00
1,865,0,34600,6,1,0,2,0,0,0,0,0,0,1110,88,203,2887000006010002000000000000000000000000560458cb00
1,866,0,34640,6,1,0,2,0,0,0,0,0,0,1110,88,203,5087000006010002000000000000000000000000560458cb00
1,867,0,34681,6,1,0,2,0,0,0,0,0,0,1110,88,203,7987000006010002000000000000000000000000560458cb00
1,868,0,34720,6,1,0,2,0,0,0,0,0,0,1110,88,203,a087000006010002000000000000000000000000560458cb00
1,869,0,34760,6,1,0,2,0,0,0,0,0,0,1110,88,203,c887000006010002000000000000000000000000560458cb00
1,870,0,34800,6,1,0,2,0,0,0,0,0,0,1110,88,203,f087000006010002000000000000000000000000560458cb00
1,871,0,34840,6,1,0,2,0,0,0,0,0,0,1110,88,203,1888000006010002000000000000000000000000560458cb00
1,872,0,34880,6,1,0,2,0,0,0,0,0,0,1110,88,203,4088000006010002000000000000000000000000560458cb00
1,873,0,34920,6,1,0,2,0,0,0,0,0,0,1110,88,203,6888000006010002000000000000000000000000560458cb00
1,874,0,34960,6,1,0,2,0,0,0,0,0,0,1110,88,203,9088000006010002000000000000000000000000560458cb00
1,875,0,35000,6,1,0,2,0,0,0,0,0,0,1110,88,203,b888000006010002000000000000000000000000560458cb00
1,876,0,35040,6,1,0,2,0,0,0,0,0,0,1110,88,203,e088000006010002000000000000000000000000560458cb00
1,877,0,35080,6,1,0,2,0,0,0,0,0,0,1110,88,203,0889000006010002000000000000000000000000560458cb00
1,878,0,35120,6,1,0,2,0,0,0,0,0,0,1110,88,203,3089000006010002000000000000000000000000560458cb00
1,879,0,35160,6,1,0,2,0,0,0,0,0,0,1110,88,203,5889000006010002000000000000000000000000560458cb00
1,880,0,35200,6,1,0,2,0,0,0,0,0,0,1110,88,203,8089000006010002000000000000000000000000560458cb00
1,881,0,35240,6,1,0,2,0,0,0,0,0,0,1110,88,203,a889000006010002000000000000000000000000560458cb00
1,882,0,35280,6,1,0,2,0,0,0,0,0,0,1110,88,203,d089000006010002000000000000000000000000560458cb00
1,883,0,35320,6,1,0,2,0,0,0,0,0,0,1110,88,203,f889000006010002000000000000000000000000560458cb00
1,884,0,35360,6,1,0,2,0,0,0,0,0,0,1110,88,203,208a000006010002000000000000000000000000560458cb00
1,885,0,35400,6,1,0,2,0,0,0,0,0,0,1110,88,203,488a000006010002000000000000000000000000560458cb00
1,886,0,35440,6,1,0,2,0,0,0,0,0,0,1110,88,203,708a000006010002000000000000000000000000560458cb00
1,887,0,35480,6,1,0,2,0,0,0,0,0,0,1110,88,203,988a000006010002000000000000000000000000560458cb00
1,888,0,35520,6,1,0,2,0,0,0,0,0,0,1110,88,203,c08a000006010002000000000000000000000000560458cb00
1,889,0,35560,6,1,0,2,0,0,0,0,0,0,1110,88,203,e88a000006010002000000000000000000000000560458cb00
1,890,0,35600,6,1,0,2,0,0,0,0,0,0,1110,88,203,108b000006010002000000000000000000000000560458cb00
1,891,0,35640,6,1,0,2,0,0,0,0,0,0,1110,88,203,388b000006010002000000000000000000000000560458cb00
1,892,0,35680,6,1,0,2,0,0,0,0,0,0,1110,88,203,608b000006010002000000000000000000000000560458cb00
1,893,0,35720,6,1,0,2,0,0,0,0,0,0,1110,88,203,888b000006010002000000000000000000000000560458cb00
1,894,0,35760,6,1,0,2,0,0,0,0,0,0,1110,88,203,b08b000006010002000000000000000000000000560458cb00
1,895,0,35800,6,1,0,2,0,0,0,0,0,0,1110,88,203,d88b000006010002000000000000000000000000560458cb00
1,896,0,35840,6,1,0,2,0,0,0,0,0,0,1110,88,203,008c000006010002000000000000000000000000560458cb00
1,897,0,35880,6,1,0,2,0,0,0,0,0,0,1110,88,203,288c000006010002000000000000000000000000560458cb00
1,898,0,35920,6,1,0,2,0,0,0,0,0,0,1110,88,203,508c000006010002000000000000000000000000560458cb00
1,899,0,35960,6,1,0,2,0,0,0,0,0,0,1110,88,203,788c000006010002000000000000000000000000560458cb00
1,900,0,36000,6,1,0,2,0,0,0,0,0,0,1110,88,203,a08c000006010002000000000000000000000000560458cb00
1,901,0,36040,6,1,0,2,0,0,0,0,0,0,1110,88,203,c88c000006010002000000000000000000000000560458cb00
1,902,0,36080,6,1,0,2,0,0,0,0,0,0,1110,88,203,f08c000006010002000000000000000000000000560458cb00
1,903,0,36120,6,1,0,2,0,0,0,0,0,0,1110,88,203,188d000006010002000000000000000000000000560458cb00
1,904,0,36160,6,1,0,2,0,0,0,0,0,0,1110,88,203,408d000006010002000000000000000000000000560458cb00
1,905,0,36200,6,1,0,2,0,0,0,0,0,0,1110,88,203,688d000006010002000000000000000000000000560458cb00
1,906,0,36240,6,1,0,2,0,0,0,0,0,0,1110,88,203,908d000006010002000000000000000000000000560458cb00
1,907,0,36281,6,1,0,2,0,0,0,0,0,0,1110,88,203,b98d000006010002000000000000000000000000560458cb00
1,908,0,36321,6,1,0,2,0,0,0,0,0,0,1110,88,203,e18d000006010002000000000000000000000000560458cb00
1,909,0,36361,6,1,0,2,0,0,0,0,0,0,1110,88,203,098e000006010002000000000000000000000000560458cb00
1,910,0,36400,6,1,0,2,0,0,0,0,0,0,1110,88,203,308e000006010002000000000000000000000000560458cb00
1,911,0,36440,6,1,0,2,0,0,0,0,0,0,1110,88,203,588e000006010002000000000000000000000000560458cb00
1,912,0,36480,6,1,0,2,0,0,0,0,0,0,1110,88,203,808e000006010002000000000000000000000000560458cb00
1,913,0,36520,6,1,0,2,0,0,0,0,0,0,1110,88,203,a88e000006010002000000000000000000000000560458cb00
1,914,0,36560,6,1,0,2,0,0,0,0,0,0,1110,88,203,d08e000006010002000000000000000000000000560458cb00
1,915,0,36600,6,1,0,2,0,0,0,0,0,0,1110,88,203,f88e000006010002000000000000000000000000560458cb00
1,916,0,36640,6,1,0,2,0,0,0,0,0,0,1110,88,203,208f000006010002000000000000000000000000560458cb00
1,917,0,36680,6,1,0,2,0,0,0,0,0,0,1110,88,203,488f000006010002000000000000000000000000560458cb00
1,918,0,36720,6,1,0,2,0,0,0,0,0,0,1110,88,203,708f000006010002000000000000000000000000560458cb00
1,919,0,36760,6,1,0,2,0,0,0,0,0,0,1110,88,203,988f000006010002000000000000000000000000560458cb00
1,920,0,36800,6,1,0,2,0,0,0,0,0,0,1110,88,203,c08f000006010002000000000000000000000000560458cb00
1,921,0,36840,6,1,0,2,0,0,0,0,0,0,1110,88,203,e88f000006010002000000000000000000000000560458cb00
1,922,0,36880,6,1,0,2,0,0,0,0,0,0,1110,88,203,1090000006010002000000000000000000000000560458cb00
1,923,0,36920,6,1,0,2,0,0,0,0,0,0,1110,88,203,3890000006010002000000000000000000000000560458cb00
1,924,0,36960,6,1,0,2,0,0,0,0,0,0,1110,88,203,6090000006010002000000000000000000000000560458cb00
1,925,0,37000,6,1,0,2,0,0,0,0,0,0,1110,88,203,8890000006010002000000000000000000000000560458cb00
1,926,0,37041,6,1,0,2,0,0,0,0,0,0,1110,88,203,b190000006010002000000000000000000000000560458cb00
1,927,0,37080,6,1,0,2,0,0,0,0,0,0,1110,88,203,d890000006010002000000000000000000000000560458cb00
1,928,0,37120,6,1,0,2,0,0,0,0,0,0,1110,88,203,0091000006010002000000000000000000000000560458cb00
1,929,0,37160,6,1,0,2,0,0,0,0,0,0,1110,88,203,2891000006010002000000000000000000000000560458cb00
1,930,0,37200,6,1,0,2,0,0,0,0,0,0,1110,88,203,5091000006010002000000000000000000000000560458cb00
1,931,0,37240,6,1,0,2,0,0,0,0,0,0,1110,88,203,7891000006010002000000000000000000000000560458cb00
1,932,0,37280,6,1,0,2,0,0,0,0,0,0,1110,88,203,a091000006010002000000000000000000000000560458cb00
1,933,0,37320,6,1,0,2,0,0,0,0,0,0,1110,88,203,c891000006010002000000000000000000000000560458cb00
1,934,0,37360,6,1,0,2,0,0,0,0,0,0,1110,88,203,f091000006010002000000000000000000000000560458cb00
1,935,0,37400,6,1,0,2,0,0,0,0,0,0,1110,88,203,1892000006010002000000000000000000000000560458cb00
1,936,0,37440,6,1,0,2,0,0,0,0,0,0,1110,88,203,4092000006010002000000000000000000000000560458cb00
1,937,0,37480,6,1,0,2,0,0,0,0,0,0,1110,88,203,6892000006010002000000000000000000000000560458cb00
1,938,0,37520,6,1,0,2,0,0,0,0,0,0,1110,88,203,9092000006010002000000000000000000000000560458cb00
1,939,0,37560,6,1,0,2,0,0,0,0,0,0,1110,88,203,b892000006010002000000000000000000000000560458cb00
1,940,0,37600,6,1,0,2,0,0,0,0,0,0,1110,88,203,e092000006010002000000000000000000000000560458cb00
1,941,0,37640,6,1,0,2,0,0,0,0,0,0,1110,88,203,0893000006010002000000000000000000000000560458cb00
1,942,0,37680,6,1,0,2,0,0,0,0,0,0,1110,88,203,3093000006010002000000000000000000000000560458cb00
1,943,0,37720,6,1,0,2,0,0,0,0,0,0,1110,88,203,5893000006010002000000000000000000000000560458cb00
1,944,0,37761,6,1,0,2,0,0,0,0,0,0,1110,88,203,8193000006010002000000000000000000000000560458cb00
1,945,0,37800,6,1,0,2,0,0,0,0,0,0,1110,88,203,a893000006010002000000000000000000000000560458cb00
1,946,0,37840,6,1,0,2,0,0,0,0,0,0,1110,88,203,d093000006010002000000000000000000000000560458cb00
1,947,0,37880,6,1,0,2,0,0,0,0,0,0,1110,88,203,f893000006010002000000000000000000000000560458cb00
1,948,0,37920,6,1,0,2,0,0,0,0,0,0,1110,88,203,2094000006010002000000000000000000000000560458cb00
1,949,0,37961,6,1,0,2,0,0,0,0,0,0,1110,88,203,4994000006010002000000000000000000000000560458cb00
1,950,0,38000,6,1,0,2,0,0,0,0,0,0,1110,88,203,7094000006010002000000000000000000000000560458cb00
1,951,0,38040,6,1,0,2,0,0,0,0,0,0,1110,88,203,9894000006010002000000000000000000000000560458cb00
1,952,0,38080,6,1,0,2,0,0,0,0,0,0,1110,88,203,c094000006010002000000000000000000000000560458cb00
1,953,0,38121,6,1,0,2,0,0,0,0,0,0,1110,88,203,e994000006010002000000000000000000000000560458cb00
1,954,0,38161,6,1,0,2,0,0,0,0,0,0,1110,88,203,1195000006010002000000000000000000000000560458cb00
1,955,0,38200,6,1,0,2,0,0,0,0,0,0,1110,88,203,3895000006010002000000000000000000000000560458cb00
1,956,0,38240,6,1,0,2,0,0,0,0,0,0,1110,88,203,6095000006010002000000000000000000000000560458cb00
1,957,0,38280,6,1,0,2,0,0,0,0,0,0,1110,88,203,8895000006010002000000000000000000000000560458cb00
1,958,0,38320,6,1,0,2,0,0,0,0,0,0,1110,88,203,b095000006010002000000000000000000000000560458cb00
1,959,0,38360,6,1,0,2,0,0,0,0,0,0,1110,88,203,d895000006010002000000000000000000000000560458cb00
1,960,0,38400,6,1,0,2,0,0,0,0,0,0,1110,88,203,0096000006010002000000000000000000000000560458cb00
1,961,0,38440,6,1,0,2,0,0,0,0,0,0,1110,88,203,2896000006010002000000000000000000000000560458cb00
1,962,0,38481,6,1,0,2,0,0,0,0,0,0,1110,88,203,5196000006010002000000000000000000000000560458cb00
1,963,0,38520,6,1,0,2,0,0,0,0,0,0,1110,88,203,7896000006010002000000000000000000000000560458cb00
1,964,0,38560,6,1,0,2,0,0,0,0,0,0,1110,88,203,a096000006010002000000000000000000000000560458cb00
1,965,0,38600,6,1,0,2,0,0,0,0,0,0,1110,88,203,c896000006010002000000000000000000000000560458cb00
1,966,0,38640,6,1,0,2,0,0,0,0,0,0,1110,88,203,f096000006010002000000000000000000000000560458cb00
1,967,0,38681,6,1,0,2,0,0,0,0,0,0,1110,88,203,1997000006010002000000000000000000000000560458cb00
1,968,0,38720,6,1,0,2,0,0,0,0,0,0,1110,88,203,4097000006010002000000000000000000000000560458cb00
1,969,0,38760,6,1,0,2,0,0,0,0,0,0,1110,88,203,6897000006010002000000000000000000000000560458cb00
1,970,0,38800,6,1,0,2,0,0,0,0,0,0,1110,88,203,9097000006010002000000000000000000000000560458cb00
1,971,0,38840,6,1,0,2,0,0,0,0,0,0,1110,88,203,b897000006010002000000000000000000000000560458cb00
1,972,0,38880,6,1,0,2,0,0,0,0,0,0,1110,88,203,e097000006010002000000000000000000000000560458cb00
1,973,0,38920,6,1,0,2,0,0,0,0,0,0,1110,88,203,0898000006010002000000000000000000000000560458cb00
1,974,0,38960,6,1,0,2,0,0,0,0,0,0,1110,88,203,3098000006010002000000000000000000000000560458cb00
1,975,0,39000,6,1,0,2,0,0,0,0,0,0,1110,88,203,5898000006010002000000000000000000000000560458cb00
1,976,0,39040,6,1,0,2,0,0,0,0,0,0,1110,88,203,8098000006010002000000000000000000000000560458cb00
1,977,0,39080,6,1,0,2,0,0,0,0,0,0,1110,88,203,a898000006010002000000000000000000000000560458cb00
1,978,0,39120,6,1,0,2,0,0,0,0,0,0,1110,88,203,d098000006010002000000000000000000000000560458cb00
1,979,0,39160,6,1,0,2,0,0,0,0,0,0,1110,88,203,f898000006010002000000000000000000000000560458cb00
1,980,0,39201,6,1,0,2,0,0,0,0,0,0,1110,88,203,2199000006010002000000000000000000000000560458cb00
1,981,0,39240,6,1,0,2,0,0,0,0,0,0,1110,88,203,4899000006010002000000000000000000000000560458cb00
1,982,0,39280,6,1,0,2,0,0,0,0,0,0,1110,88,203,7099000006010002000000000000000000000000560458cb00
1,983,0,39320,6,1,0,2,0,0,0,0,0,0,1110,88,203,9899000006010002000000000000000000000000560458cb00
1,984,0,39360,6,1,0,2,0,0,0,0,0,0,1110,88,203,c099000006010002000000000000000000000000560458cb00
1,985,0,39400,6,1,0,2,0,0,0,0,0,0,1110,88,203,e899000006010002000000000000000000000000560458cb00
1,986,0,39440,6,1,0,2,0,0,0,0,0,0,1110,88,203,109a000006010002000000000000000000000000560458cb00
1,987,0,39480,6,1,0,2,0,0,0,0,0,0,1110,88,203,389a000006010002000000000000000000000000560458cb00
1,988,0,39520,6,1,0,2,0,0,0,0,0,0,1110,88,203,609a000006010002000000000000000000000000560458cb00
1,989,0,39560,6,1,0,2,0,0,0,0,0,0,1110,88,203,889a000006010002000000000000000000000000560458cb00
1,990,0,39600,6,1,0,2,0,0,0,0,0,0,1110,88,203,b09a000006010002000000000000000000000000560458cb00
1,991,0,39640,6,1,0,2,0,0,0,0,0,0,1110,88,203,d89a000006010002000000000000000000000000560458cb00
1,992,0,39680,6,1,0,2,0,0,0,0,0,0,1110,88,203,009b000006010002000000000000000000000000560458cb00
1,993,0,39720,6,1,0,2,0,0,0,0,0,0,1110,88,203,289b000006010002000000000000000000000000560458cb00
1,994,0,39760,6,1,0,2,0,0,0,0,0,0,1110,88,203,509b000006010002000000000000000000000000560458cb00
1,995,0,39800,6,1,0,2,0,0,0,0,0,0,1110,88,203,789b000006010002000000000000000000000000560458cb00
1,996,0,39840,6,1,0,2,0,0,0,0,0,0,1110,88,203,a09b000006010002000000000000000000000000560458cb00
1,997,0,39880,6,1,0,2,0,0,0,0,0,0,1110,88,203,c89b000006010002000000000000000000000000560458cb00
1,998,0,39920,6,1,0,2,0,0,0,0,0,0,1110,88,203,f09b000006010002000000000000000000000000560458cb00
1,999,0,39961,6,1,0,2,0,0,0,0,0,0,1110,88,203,199c000006010002000000000000000000000000560458cb00
1,1000,0,40000,6,1,0,2,0,0,0,0,0,0,1110,88,203,409c000006010002000000000000000000000000560458cb00
1,1001,0,40040,6,1,0,2,0,0,0,0,0,0,1110,88,203,689c000006010002000000000000000000000000560458cb00
1,1002,0,40080,6,1,0,2,0,0,0,0,0,0,1110,88,203,909c000006010002000000000000000000000000560458cb00
1,1003,0,40120,6,1,0,2,0,0,0,0,0,0,1110,88,203,b89c000006010002000000000000000000000000560458cb00
1,1004,0,40160,6,1,0,2,0,0,0,0,0,0,1110,88,203,e09c000006010002000000000000000000000000560458cb00
1,1005,0,40200,6,1,0,2,0,0,0,0,0,0,1110,88,203,089d000006010002000000000000000000000000560458cb00
1,1006,0,40240,6,1,0,2,0,0,0,0,0,0,1110,88,203,309d000006010002000000000000000000000000560458cb00
1,1007,0,40280,6,1,0,2,0,0,0,0,0,0,1110,88,203,589d000006010002000000000000000000000000560458cb00
1,1008,0,40320,6,1,0,2,0,0,0,0,0,0,1110,88,203,809d000006010002000000000000000000000000560458cb00
1,1009,0,40360,6,1,0,2,0,0,0,0,0,0,1110,88,203,a89d000006010002000000000000000000000000560458cb00
1,1010,0,40400,6,1,0,2,0,0,0,0,0,0,1110,88,203,d09d000006010002000000000000000000000000560458cb00
1,1011,0,40440,6,1,0,2,0,0,0,0,0,0,1110,88,203,f89d000006010002000000000000000000000000560458cb00
1,1012,0,40480,6,1,0,2,0,0,0,0,0,0,1110,88,203,209e000006010002000000000000000000000000560458cb00
1,1013,0,40520,6,1,0,2,0,0,0,0,0,0,1110,88,203,489e000006010002000000000000000000000000560458cb00
1,1014,0,40560,6,1,0,2,0,0,0,0,0,0,1110,88,203,709e000006010002000000000000000000000000560458cb00
1,1015,0,40600,6,1,0,2,0,0,0,0,0,0,1110,88,203,989e000006010002000000000000000000000000560458cb00
1,1016,0,40640,6,1,0,2,0,0,0,0,0,0,1110,88,203,c09e000006010002000000000000000000000000560458cb00
1,1017,0,40680,6,1,0,2,0,0,0,0,0,0,1110,88,203,e89e000006010002000000000000000000000000560458cb00
1,1018,0,40720,6,1,0,2,0,0,0,0,0,0,1110,88,203,109f000006010002000000000000000000000000560458cb00
1,1019,0,40760,6,1,0,2,0,0,0,0,0,0,1110,88,203,389f000006010002000000000000000000000000560458cb00
1,1020,0,40800,6,1,0,2,0,0,0,0,0,0,1110,88,203,609f000006010002000000000000000000000000560458cb00
1,1021,0,40841,6,1,0,2,0,0,0,0,0,0,1110,88,203,899f000006010002000000000000000000000000560458cb00
1,1022,0,40881,6,1,0,2,0,0,0,0,0,0,1110,88,203,b19f000006010002000000000000000000000000560458cb00
1,1023,0,40920,6,1,0,2,0,0,0,0,0,0,1110,88,203,d89f000006010002000000000000000000000000560458cb00
1,1024,0,40960,6,1,0,2,0,0,0,0,0,0,1110,88,203,00a0000006010002000000000000000000000000560458cb00
1,1025,0,41000,6,1,0,2,0,0,0,0,0,0,1110,88,203,28a0000006010002000000000000000000000000560458cb00
1,1026,0,41040,6,1,0,2,0,0,0,0,0,0,1110,88,203,50a0000006010002000000000000000000000000560458cb00
1,1027,0,41080,6,1,0,2,0,0,0,0,0,0,1110,88,203,78a0000006010002000000000000000000000000560458cb00
1,1028,0,41120,6,1,0,2,0,0,0,0,0,0,1110,88,203,a0a0000006010002000000000000000000000000560458cb00
1,1029,0,41160,6,1,0,2,0,0,0,0,0,0,1110,88,203,c8a0000006010002000000000000000000000000560458cb00
1,1030,0,41200,6,1,0,2,0,0,0,0,0,0,1110,88,203,f0a0000006010002000000000000000000000000560458cb00
1,1031,0,41241,6,1,0,2,0,0,0,0,0,0,1110,88,203,19a1000006010002000000000000000000000000560458cb00
1,1032,0,41280,6,1,0,2,0,0,0,0,0,0,1110,88,203,40a1000006010002000000000000000000000000560458cb00
1,1033,0,41320,6,1,0,2,0,0,0,0,0,0,1110,88,203,68a1000006010002000000000000000000000000560458cb00
1,1034,0,41360,6,1,0,2,0,0,0,0,0,0,1110,88,203,90a1000006010002000000000000000000000000560458cb00
1,1035,0,41400,6,1,0,2,0,0,0,0,0,0,1110,88,203,b8a1000006010002000000000000000000000000560458cb00
1,1036,0,41440,6,1,0,2,0,0,0,0,0,0,1110,88,203,e0a1000006010002000000000000000000000000560458cb00
1,1037,0,41480,6,1,0,2,0,0,0,0,0,0,1110,88,203,08a2000006010002000000000000000000000000560458cb00
1,1038,0,41520,6,1,0,2,0,0,0,0,0,0,1110,88,203,30a2000006010002000000000000000000000000560458cb00
1,1039,0,41561,6,1,0,2,0,0,0,0,0,0,1110,88,203,59a2000006010002000000000000000000000000560458cb00
1,1040,0,41600,6,1,0,2,0,0,0,0,0,0,1110,88,203,80a2000006010002000000000000000000000000560458cb00
1,1041,0,41640,6,1,0,2,0,0,0,0,0,0,1110,88,203,a8a2000006010002000000000000000000000000560458cb00
1,1042,0,41680,6,1,0,2,0,0,0,0,0,0,1110,88,203,d0a2000006010002000000000000000000000000560458cb00
1,1043,0,41720,6,1,0,2,0,0,0,0,0,0,1110,88,203,f8a2000006010002000000000000000000000000560458cb00
1,1044,0,41760,6,1,0,2,0,0,0,0,0,0,1110,88,203,20a3000006010002000000000000000000000000560458cb00
1,1045,0,41800,6,1,0,2,0,0,0,0,0,0,1110,88,203,48a3000006010002000000000000000000000000560458cb00
1,1046,0,41840,6,1,0,2,0,0,0,0,0,0,1110,88,203,70a3000006010002000000000000000000000000560458cb00
1,1047,0,41880,6,1,0,2,0,0,0,0,0,0,1110,88,203,98a3000006010002000000000000000000000000560458cb00
1,1048,0,41920,6,1,0,2,0,0,0,0,0,0,1110,88,203,c0a3000006010002000000000000000000000000560458cb00
1,1049,0,41961,6,1,0,2,0,0,0,0,0,0,1110,88,203,e9a3000006010002000000000000000000000000560458cb00
1,1050,0,42000,6,1,0,2,0,0,0,0,0,0,1110,88,203,10a4000006010002000000000000000000000000560458cb00
1,1051,0,42040,6,1,0,2,0,0,0,0,0,0,1110,88,203,38a4000006010002000000000000000000000000560458cb00
1,1052,0,42081,6,1,0,2,0,0,0,0,0,0,1110,88,203,61a4000006010002000000000000000000000000560458cb00
1,1053,0,42120,6,1,0,2,0,0,0,0,0,0,1110,88,203,88a4000006010002000000000000000000000000560458cb00
1,1054,0,42160,6,1,0,2,0,0,0,0,0,0,1110,88,203,b0a4000006010002000000000000000000000000560458cb00
1,1055,0,42200,6,1,0,2,0,0,0,0,0,0,1110,88,203,d8a4000006010002000000000000000000000000560458cb00
1,1056,0,42240,6,1,0,2,0,0,0,0,0,0,1110,88,203,00a5000006010002000000000000000000000000560458cb00
1,1057,0,42281,6,1,0,2,0,0,0,0,0,0,1110,88,203,29a5000006010002000000000000000000000000560458cb00
1,1058,0,42320,6,1,0,2,0,0,0,0,0,0,1110,88,203,50a5000006010002000000000000000000000000560458cb00
1,1059,0,42360,6,1,0,2,0,0,0,0,0,0,1110,88,203,78a5000006010002000000000000000000000000560458cb00
1,1060,0,42400,6,1,0,2,0,0,0,0,0,0,1110,88,203,a0a5000006010002000000000000000000000000560458cb00
1,1061,0,42440,6,1,0,2,0,0,0,0,0,0,1110,88,203,c8a5000006010002000000000000000000000000560458cb00
1,1062,0,42481,6,1,0,2,0,0,0,0,0,0,1110,88,203,f1a5000006010002000000000000000000000000560458cb00
1,1063,0,42520,6,1,0,2,0,0,0,0,0,0,1110,88,203,18a6000006010002000000000000000000000000560458cb00
1,1064,0,42560,6,1,0,2,0,0,0,0,0,0,1110,88,203,40a6000006010002000000000000000000000000560458cb00
1,1065,0,42600,6,1,0,2,0,0,0,0,0,0,1110,88,203,68a6000006010002000000000000000000000000560458cb00
1,1066,0,42641,6,1,0,2,0,0,0,0,0,0,1110,88,203,91a6000006010002000000000000000000000000560458cb00
1,1067,0,42680,6,1,0,2,0,0,0,0,0,0,1110,88,203,b8a6000006010002000000000000000000000000560458cb00
1,1068,0,42721,6,1,0,2,0,0,0,0,0,0,1110,88,203,e1a6000006010002000000000000000000000000560458cb00
1,1069,0,42760,6,1,0,2,0,0,0,0,0,0,1110,88,203,08a7000006010002000000000000000000000000560458cb00
1,1070,0,42800,6,1,0,2,0,0,0,0,0,0,1110,88,203,30a7000006010002000000000000000000000000560458cb00
1,1071,0,42840,6,1,0,2,0,0,0,0,0,0,1110,88,203,58a7000006010002000000000000000000000000560458cb00
1,1072,0,42880,6,1,0,2,0,0,0,0,0,0,1110,88,203,80a7000006010002000000000000000000000000560458cb00
1,1073,0,42920,6,1,0,2,0,0,0,0,0,0,1110,88,203,a8a7000006010002000000000000000000000000560458cb00
1,1074,0,42960,6,1,0,2,0,0,0,0,0,0,1110,88,203,d0a7000006010002000000000000000000000000560458cb00
1,1075,0,43001,6,1,0,2,0,0,0,0,0,0,1110,88,203,f9a7000006010002000000000000000000000000560458cb00
1,1076,0,43040,6,1,0,2,0,0,0,0,0,0,1110,88,203,20a8000006010002000000000000000000000000560458cb00
1,1077,0,43080,6,1,0,2,0,0,0,0,0,0,1110,88,203,48a8000006010002000000000000000000000000560458cb00
1,1078,0,43120,6,1,0,2,0,0,0,0,0,0,1110,88,203,70a8000006010002000000000000000000000000560458cb00
1,1079,0,43160,6,1,0,2,0,0,0,0,0,0,1110,88,203,98a8000006010002000000000000000000000000560458cb00
1,1080,0,43201,6,1,0,2,0,0,0,0,0,0,1110,88,203,c1a8000006010002000000000000000000000000560458cb00
1,1081,0,43240,6,1,0,2,0,0,0,0,0,0,1110,88,203,e8a8000006010002000000000000000000000000560458cb00
1,1082,0,43280,6,1,0,2,0,0,0,0,0,0,1110,88,203,10a9000006010002000000000000000000000000560458cb00
1,1083,0,43320,6,1,0,2,0,0,0,0,0,0,1110,88,203,38a9000006010002000000000000000000000000560458cb00
1,1084,0,43360,6,1,0,2,0,0,0,0,0,0,1110,88,203,60a9000006010002000000000000000000000000560458cb00
1,1085,0,43400,6,1,0,2,0,0,0,0,0,0,1110,88,203,88a9000006010002000000000000000000000000560458cb00
1,1086,0,43440,6,1,0,2,0,0,0,0,0,0,1110,88,203,b0a9000006010002000000000000000000000000560458cb00
1,1087,0,43480,6,1,0,2,0,0,0,0,0,0,1110,88,203,d8a9000006010002000000000000000000000000560458cb00
1,1088,0,43520,6,1,0,2,0,0,0,0,0,0,1110,88,203,00aa000006010002000000000000000000000000560458cb00
1,1089,0,43560,6,1,0,2,0,0,0,0,0,0,1110,88,203,28aa000006010002000000000000000000000000560458cb00
1,1090,0,43600,6,1,0,2,0,0,0,0,0,0,1110,88,203,50aa000006010002000000000000000000000000560458cb00
1,1091,0,43640,6,1,0,2,0,0,0,0,0,0,1110,88,203,78aa000006010002000000000000000000000000560458cb00
1,1092,0,43680,6,1,0,2,0,0,0,0,0,0,1110,88,203,a0aa000006010002000000000000000000000000560458cb00
1,1093,0,43721,6,1,0,2,0,0,0,0,0,0,1110,88,203,c9aa000006010002000000000000000000000000560458cb00
1,1094,0,43760,6,1,0,2,0,0,0,0,0,0,1110,88,203,f0aa000006010002000000000000000000000000560458cb00
1,1095,0,43800,6,1,0,2,0,0,0,0,0,0,1110,88,203,18ab000006010002000000000000000000000000560458cb00
1,1096,0,43840,6,1,0,2,0,0,0,0,0,0,1110,88,203,40ab000006010002000000000000000000000000560458cb00
1,1097,0,43880,6,1,0,2,0,0,0,0,0,0,1110,88,203,68ab000006010002000000000000000000000000560458cb00
1,1098,0,43920,6,1,0,2,0,0,0,0,0,0,1110,88,203,90ab000006010002000000000000000000000000560458cb00
1,1099,0,43960,6,1,0,2,0,0,0,0,0,0,1110,88,203,b8ab000006010002000000000000000000000000560458cb00
1,1100,0,44000,6,1,0,2,0,0,0,0,0,0,1110,88,203,e0ab000006010002000000000000000000000000560458cb00
1,1101,0,44040,6,1,0,2,0,0,0,0,0,0,1110,88,203,08ac000006010002000000000000000000000000560458cb00
1,1102,0,44080,6,1,0,2,0,0,0,0,0,0,1110,88,203,30ac000006010002000000000000000000000000560458cb00
1,1103,0,44120,6,1,0,2,0,0,0,0,0,0,1110,88,203,58ac000006010002000000000000000000000000560458cb00
1,1104,0,44160,6,1,0,2,0,0,0,0,0,0,1110,88,203,80ac000006010002000000000000000000000000560458cb00
1,1105,0,44200,6,1,0,2,0,0,0,0,0,0,1110,88,203,a8ac000006010002000000000000000000000000560458cb00
1,1106,0,44240,6,1,0,2,0,0,0,0,0,0,1110,88,203,d0ac000006010002000000000000000000000000560458cb00
1,1107,0,44280,6,1,0,2,0,0,0,0,0,0,1110,88,203,f8ac000006010002000000000000000000000000560458cb00
1,1108,0,44320,6,1,0,2,0,0,0,0,0,0,1110,88,203,20ad000006010002000000000000000000000000560458cb00
1,1109,0,44360,6,1,0,2,0,0,0,0,0,0,1110,88,203,48ad000006010002000000000000000000000000560458cb00
1,1110,0,44400,6,1,0,2,0,0,0,0,0,0,1110,88,203,70ad000006010002000000000000000000000000560458cb00
1,1111,0,44440,6,1,0,2,0,0,0,0,0,0,1110,88,203,98ad000006010002000000000000000000000000560458cb00
1,1112,0,44481,6,1,0,2,0,0,0,0,0,0,1110,88,203,c1ad000006010002000000000000000000000000560458cb00
1,1113,0,44520,6,1,0,2,0,0,0,0,0,0,1110,88,203,e8ad000006010002000000000000000000000000560458cb00
1,1114,0,44560,6,1,0,2,0,0,0,0,0,0,1110,88,203,10ae000006010002000000000000000000000000560458cb00
1,1115,0,44600,6,1,0,2,0,0,0,0,0,0,1110,88,203,38ae000006010002000000000000000000000000560458cb00
1,1116,0,44640,6,1,0,2,0,0,0,0,0,0,1110,88,203,60ae000006010002000000000000000000000000560458cb00
1,1117,0,44680,6,1,0,2,0,0,0,0,0,0,1110,88,203,88ae000006010002000000000000000000000000560458cb00
1,1118,0,44720,6,1,0,2,0,0,0,0,0,0,1110,88,203,b0ae000006010002000000000000000000000000560458cb00
1,1119,0,44760,6,1,0,2,0,0,0,0,0,0,1110,88,203,d8ae000006010002000000000000000000000000560458cb00
1,1120,0,44800,6,1,0,2,0,0,0,0,0,0,1110,88,203,00af000006010002000000000000000000000000560458cb00
1,1121,0,44840,6,1,0,2,0,0,0,0,0,0,1110,88,203,28af000006010002000000000000000000000000560458cb00
1,1122,0,44880,6,1,0,2,0,0,0,0,0,0,1110,88,203,50af000006010002000000000000000000000000560458cb00
1,1123,0,44920,6,1,0,2,0,0,0,0,0,0,1110,88,203,78af000006010002000000000000000000000000560458cb00
1,1124,0,44960,6,1,0,2,0,0,0,0,0,0,1110,88,203,a0af000006010002000000000000000000000000560458cb00
1,1125,0,45000,6,1,0,2,0,0,0,0,0,0,1110,88,203,c8af000006010002000000000000000000000000560458cb00
1,1126,0,45041,6,1,0,2,0,0,0,0,0,0,1110,88,203,f1af000006010002000000000000000000000000560458cb00
1,1127,0,45080,6,1,0,2,0,0,0,0,0,0,1110,88,203,18b0000006010002000000000000000000000000560458cb00
1,1128,0,45120,6,1,0,2,0,0,0,0,0,0,1110,88,203,40b0000006010002000000000000000000000000560458cb00
1,1129,0,45160,6,1,0,2,0,0,0,0,0,0,1110,88,203,68b0000006010002000000000000000000000000560458cb00
1,1130,0,45200,6,1,0,2,0,0,0,0,0,0,1110,88,203,90b0000006010002000000000000000000000000560458cb00
1,1131,0,45240,6,1,0,2,0,0,0,0,0,0,1110,88,203,b8b0000006010002000000000000000000000000560458cb00
1,1132,0,45280,6,1,0,2,0,0,0,0,0,0,1110,88,203,e0b0000006010002000000000000000000000000560458cb00
1,1133,0,45320,6,1,0,2,0,0,0,0,0,0,1110,88,203,08b1000006010002000000000000000000000000560458cb00
1,1134,0,45361,6,1,0,2,0,0,0,0,0,0,1110,88,203,31b1000006010002000000000000000000000000560458cb00
1,1135,0,45400,6,1,0,2,0,0,0,0,0,0,1110,88,203,58b1000006010002000000000000000000000000560458cb00
1,1136,0,45440,6,1,0,2,0,0,0,0,0,0,1110,88,203,80b1000006010002000000000000000000000000560458cb00
1,1137,0,45480,6,1,0,2,0,0,0,0,0,0,1110,88,203,a8b1000006010002000000000000000000000000560458cb00
1,1138,0,45520,6,1,0,2,0,0,0,0,0,0,1110,88,203,d0b1000006010002000000000000000000000000560458cb00
1,1139,0,45560,6,1,0,2,0,0,0,0,0,0,1110,88,203,f8b1000006010002000000000000000000000000560458cb00
1,1140,0,45600,6,1,0,2,0,0,0,0,0,0,1110,88,203,20b2000006010002000000000000000000000000560458cb00
1,1141,0,45640,6,1,0,2,0,0,0,0,0,0,1110,88,203,48b2000006010002000000000000000000000000560458cb00
1,1142,0,45680,6,1,0,2,0,0,0,0,0,0,1110,88,203,70b2000006010002000000000000000000000000560458cb00
1,1143,0,45720,6,1,0,2,0,0,0,0,0,0,1110,88,203,98b2000006010002000000000000000000000000560458cb00
1,1144,0,45761,6,1,0,2,0,0,0,0,0,0,1110,88,203,c1b2000006010002000000000000000000000000560458cb00
1,1145,0,45800,6,1,0,2,0,0,0,0,0,0,1110,88,203,e8b2000006010002000000000000000000000000560458cb00
1,1146,0,45840,6,1,0,2,0,0,0,0,0,0,1110,88,203,10b3000006010002000000000000000000000000560458cb00
1,1147,0,45880,6,1,0,2,0,0,0,0,0,0,1110,88,203,38b3000006010002000000000000000000000000560458cb00
1,1148,0,45920,6,1,0,2,0,0,0,0,0,0,1110,88,203,60b3000006010002000000000000000000000000560458cb00
1,1149,0,45961,6,1,0,2,0,0,0,0,0,0,1110,88,203,89b3000006010002000000000000000000000000560458cb00
1,1150,0,46000,6,1,0,2,0,0,0,0,0,0,1110,88,203,b0b3000006010002000000000000000000000000560458cb00
1,1151,0,46040,6,1,0,2,0,0,0,0,0,0,1110,88,203,d8b3000006010002000000000000000000000000560458cb00
1,1152,0,46081,6,1,0,2,0,0,0,0,0,0,1110,88,203,01b4000006010002000000000000000000000000560458cb00
1,1153,0,46120,6,1,0,2,0,0,0,0,0,0,1110,88,203,28b4000006010002000000000000000000000000560458cb00
1,1154,0,46160,6,1,0,2,0,0,0,0,0,0,1110,88,203,50b4000006010002000000000000000000000000560458cb00
1,1155,0,46200,6,1,0,2,0,0,0,0,0,0,1110,88,203,78b4000006010002000000000000000000000000560458cb00
1,1156,0,46240,6,1,0,2,0,0,0,0,0,0,1110,88,203,a0b4000006010002000000000000000000000000560458cb00
1,1157,0,46281,6,1,0,2,0,0,0,0,0,0,1110,88,203,c9b4000006010002000000000000000000000000560458cb00
1,1158,0,46321,6,1,0,2,0,0,0,0,0,0,1110,88,203,f1b4000006010002000000000000000000000000560458cb00
1,1159,0,46360,6,1,0,2,0,0,0,0,0,0,1110,88,203,18b5000006010002000000000000000000000000560458cb00
1,1160,0,46400,6,1,0,2,0,0,0,0,0,0,1110,88,203,40b5000006010002000000000000000000000000560458cb00
1,1161,0,46440,6,1,0,2,0,0,0,0,0,0,1110,88,203,68b5000006010002000000000000000000000000560458cb00
1,1162,0,46480,6,1,0,2,0,0,0,0,0,0,1110,88,203,90b5000006010002000000000000000000000000560458cb00
1,1163,0,46520,6,1,0,2,0,0,0,0,0,0,1110,88,203,b8b5000006010002000000000000000000000000560458cb00
1,1164,0,46560,6,1,0,2,0,0,0,0,0,0,1110,88,203,e0b5000006010002000000000000000000000000560458cb00
1,1165,0,46600,6,1,0,2,0,0,0,0,0,0,1110,88,203,08b6000006010002000000000000000000000000560458cb00
1,1166,0,46640,6,1,0,2,0,0,0,0,0,0,1110,88,203,30b6000006010002000000000000000000000000560458cb00
1,1167,0,46681,6,1,0,2,0,0,0,0,0,0,1110,88,203,59b6000006010002000000000000000000000000560458cb00
1,1168,0,46720,6,1,0,2,0,0,0,0,0,0,1110,88,203,80b6000006010002000000000000000000000000560458cb00
1,1169,0,46760,6,1,0,2,0,0,0,0,0,0,1110,88,203,a8b6000006010002000000000000000000000000560458cb00
1,1170,0,46801,6,1,0,2,0,0,0,0,0,0,1110,88,203,d1b6000006010002000000000000000000000000560458cb00
1,1171,0,46840,6,1,0,2,0,0,0,0,0,0,1110,88,203,f8b6000006010002000000000000000000000000560458cb00
1,1172,0,46881,6,1,0,2,0,0,0,0,0,0,1110,88,203,21b7000006010002000000000000000000000000560458cb00
1,1173,0,46920,6,1,0,2,0,0,0,0,0,0,1110,88,203,48b7000006010002000000000000000000000000560458cb00
1,1174,0,46960,6,1,0,2,0,0,0,0,0,0,1110,88,203,70b7000006010002000000000000000000000000560458cb00
1,1175,0,47001,6,1,0,2,0,0,0,0,0,0,1110,88,203,99b7000006010002000000000000000000000000560458cb00
1,1176,0,47040,6,1,0,2,0,0,0,0,0,0,1110,88,203,c0b7000006010002000000000000000000000000560458cb00
1,1177,0,47080,6,1,0,2,0,0,0,0,0,0,1110,88,203,e8b7000006010002000000000000000000000000560458cb00
1,1178,0,47120,6,1,0,2,0,0,0,0,0,0,1110,88,203,10b8000006010002000000000000000000000000560458cb00
1,1179,0,47160,6,1,0,2,0,0,0,0,0,0,1110,88,203,38b8000006010002000000000000000000000000560458cb00
1,1180,0,47200,6,1,0,2,0,0,0,0,0,0,1110,88,203,60b8000006010002000000000000000000000000560458cb00
1,1181,0,47240,6,1,0,2,0,0,0,0,0,0,1110,88,203,88b8000006010002000000000000000000000000560458cb00
1,1182,0,47280,6,1,0,2,0,0,0,0,0,0,1110,88,203,b0b8000006010002000000000000000000000000560458cb00
1,1183,0,47320,6,1,0,2,0,0,0,0,0,0,1110,88,203,d8b8000006010002000000000000000000000000560458cb00
1,1184,0,47360,6,1,0,2,0,0,0,0,0,0,1110,88,203,00b9000006010002000000000000000000000000560458cb00
1,1185,0,47400,6,1,0,2,0,0,0,0,0,0,1110,88,203,28b9000006010002000000000000000000000000560458cb00
1,1186,0,47440,6,1,0,2,0,0,0,0,0,0,1110,88,203,50b9000006010002000000000000000000000000560458cb00
1,1187,0,47480,6,1,0,2,0,0,0,0,0,0,1110,88,203,78b9000006010002000000000000000000000000560458cb00
1,1188,0,47521,6,1,0,2,0,0,0,0,0,0,1110,88,203,a1b9000006010002000000000000000000000000560458cb00
1,1189,0,47560,6,1,0,2,0,0,0,0,0,0,1110,88,203,c8b9000006010002000000000000000000000000560458cb00
1,1190,0,47600,6,1,0,2,0,0,0,0,0,0,1110,88,203,f0b9000006010002000000000000000000000000560458cb00
1,1191,0,47640,6,1,0,2,0,0,0,0,0,0,1110,88,203,18ba000006010002000000000000000000000000560458cb00
1,1192,0,47680,6,1,0,2,0,0,0,0,0,0,1110,88,203,40ba000006010002000000000000000000000000560458cb00
1,1193,0,47721,6,1,0,2,0,0,0,0,0,0,1110,88,203,69ba000006010002000000000000000000000000560458cb00
1,1194,0,47760,6,1,0,2,0,0,0,0,0,0,1110,88,203,90ba000006010002000000000000000000000000560458cb00
1,1195,0,47801,6,1,0,2,0,0,0,0,0,0,1110,88,203,b9ba000006010002000000000000000000000000560458cb00
1,1196,0,47840,6,1,0,2,0,0,0,0,0,0,1110,88,203,e0ba000006010002000000000000000000000000560458cb00
1,1197,0,47880,6,1,0,2,0,0,0,0,0,0,1110,88,203,08bb000006010002000000000000000000000000560458cb00
1,1198,0,47920,6,1,0,2,0,0,0,0,0,0,1110,88,203,30bb000006010002000000000000000000000000560458cb00
1,1199,0,47960,6,1,0,2,0,0,0,0,0,0,1110,88,203,58bb000006010002000000000000000000000000560458cb00
1,1200,0,48000,6,1,0,2,0,0,0,0,0,0,1110,88,203,80bb000006010002000000000000000000000000560458cb00
1,1201,0,48040,6,1,0,2,0,0,0,0,0,0,1110,88,203,a8bb000006010002000000000000000000000000560458cb00
1,1202,0,48080,6,1,0,2,0,0,0,0,0,0,1110,88,203,d0bb000006010002000000000000000000000000560458cb00
1,1203,0,48120,6,1,0,2,0,0,0,0,0,0,1110,88,203,f8bb000006010002000000000000000000000000560458cb00
1,1204,0,48161,6,1,0,2,0,0,0,0,0,0,1110,88,203,21bc000006010002000000000000000000000000560458cb00
1,1205,0,48200,6,1,0,2,0,0,0,0,0,0,1110,88,203,48bc000006010002000000000000000000000000560458cb00
1,1206,0,48240,6,1,0,2,0,0,0,0,0,0,1110,88,203,70bc000006010002000000000000000000000000560458cb00
1,1207,0,48280,6,1,0,2,0,0,0,0,0,0,1110,88,203,98bc000006010002000000000000000000000000560458cb00
1,1208,0,48321,6,1,0,2,0,0,0,0,0,0,1110,88,203,c1bc000006010002000000000000000000000000560458cb00
1,1209,0,48360,6,1,0,2,0,0,0,0,0,0,1110,88,203,e8bc000006010002000000000000000000000000560458cb00
1,1210,0,48400,6,1,0,2,0,0,0,0,0,0,1110,88,203,10bd000006010002000000000000000000000000560458cb00
1,1211,0,48440,6,1,0,2,0,0,0,0,0,0,1110,88,203,38bd000006010002000000000000000000000000560458cb00
1,1212,0,48480,6,1,0,2,0,0,0,0,0,0,1110,88,203,60bd000006010002000000000000000000000000560458cb00
1,1213,0,48520,6,1,0,2,0,0,0,0,0,0,1110,88,203,88bd000006010002000000000000000000000000560458cb00
1,1214,0,48560,6,1,0,2,0,0,0,0,0,0,1110,88,203,b0bd000006010002000000000000000000000000560458cb00
1,1215,0,48600,6,1,0,2,0,0,0,0,0,0,1110,88,203,d8bd000006010002000000000000000000000000560458cb00
1,1216,0,48640,6,1,0,2,0,0,0,0,0,0,1110,88,203,00be000006010002000000000000000000000000560458cb00
1,1217,0,48680,6,1,0,2,0,0,0,0,0,0,1110,88,203,28be000006010002000000000000000000000000560458cb00
1,1218,0,48720,6,1,0,2,0,0,0,0,0,0,1110,88,203,50be000006010002000000000000000000000000560458cb00
1,1219,0,48760,6,1,0,2,0,0,0,0,0,0,1110,88,203,78be000006010002000000000000000000000000560458cb00
1,1220,0,48800,6,1,0,2,0,0,0,0,0,0,1110,88,203,a0be000006010002000000000000000000000000560458cb00
1,1221,0,48840,6,1,0,2,0,0,0,0,0,0,1110,88,203,c8be000006010002000000000000000000000000560458cb00
1,1222,0,48880,6,1,0,2,0,0,0,0,0,0,1110,88,203,f0be000006010002000000000000000000000000560458cb00
1,1223,0,48920,6,1,0,2,0,0,0,0,0,0,1110,88,203,18bf000006010002000000000000000000000000560458cb00
1,1224,0,48960,6,1,0,2,0,0,0,0,0,0,1110,88,203,40bf000006010002000000000000000000000000560458cb00
1,1225,0,49000,6,1,0,2,0,0,0,0,0,0,1110,88,203,68bf000006010002000000000000000000000000560458cb00
1,1226,0,49040,6,1,0,2,0,0,0,0,0,0,1110,88,203,90bf000006010002000000000000000000000000560458cb00
1,1227,0,49081,6,1,0,2,0,0,0,0,0,0,1110,88,203,b9bf000006010002000000000000000000000000560458cb00
1,1228,0,49120,6,1,0,2,0,0,0,0,0,0,1110,88,203,e0bf000006010002000000000000000000000000560458cb00
1,1229,0,49160,6,1,0,2,0,0,0,0,0,0,1110,88,203,08c0000006010002000000000000000000000000560458cb00
1,1230,0,49200,6,1,0,2,0,0,0,0,0,0,1110,88,203,30c0000006010002000000000000000000000000560458cb00
1,1231,0,49240,6,1,0,2,0,0,0,0,0,0,1110,88,203,58c0000006010002000000000000000000000000560458cb00
1,1232,0,49280,6,1,0,2,0,0,0,0,0,0,1110,88,203,80c0000006010002000000000000000000000000560458cb00
1,1233,0,49320,6,1,0,2,0,0,0,0,0,0,1110,88,203,a8c0000006010002000000000000000000000000560458cb00
1,1234,0,49360,6,1,0,2,0,0,0,0,0,0,1110,88,203,d0c0000006010002000000000000000000000000560458cb00
1,1235,0,49400,6,1,0,2,0,0,0,0,0,0,1110,88,203,f8c0000006010002000000000000000000000000560458cb00
1,1236,0,49440,6,1,0,2,0,0,0,0,0,0,1110,88,203,20c1000006010002000000000000000000000000560458cb00
1,1237,0,49480,6,1,0,2,0,0,0,0,0,0,1110,88,203,48c1000006010002000000000000000000000000560458cb00
1,1238,0,49520,6,1,0,2,0,0,0,0,0,0,1110,88,203,70c1000006010002000000000000000000000000560458cb00
1,1239,0,49560,6,1,0,2,0,0,0,0,0,0,1110,88,203,98c1000006010002000000000000000000000000560458cb00
1,1240,0,49600,6,1,0,2,0,0,0,0,0,0,1110,88,203,c0c1000006010002000000000000000000000000560458cb00
1,1241,0,49640,6,1,0,2,0,0,0,0,0,0,1110,88,203,e8c1000006010002000000000000000000000000560458cb00
1,1242,0,49680,6,1,0,2,0,0,0,0,0,0,1110,88,203,10c2000006010002000000000000000000000000560458cb00
1,1243,0,49720,6,1,0,2,0,0,0,0,0,0,1110,88,203,38c2000006010002000000000000000000000000560458cb00
1,1244,0,49761,6,1,0,2,0,0,0,0,0,0,1110,88,203,61c2000006010002000000000000000000000000560458cb00
1,1245,0,49800,6,1,0,2,0,0,0,0,0,0,1110,88,203,88c2000006010002000000000000000000000000560458cb00
1,1246,0,49840,6,1,0,2,0,0,0,0,0,0,1110,88,203,b0c2000006010002000000000000000000000000560458cb00
1,1247,0,49881,6,1,0,2,0,0,0,0,0,0,1110,88,203,d9c2000006010002000000000000000000000000560458cb00
1,1248,0,49920,6,1,0,2,0,0,0,0,0,0,1110,88,203,00c3000006010002000000000000000000000000560458cb00
1,1249,0,49960,6,1,0,2,0,0,0,0,0,0,1110,88,203,28c3000006010002000000000000000000000000560458cb00
1,1250,0,50000,6,1,0,2,0,0,0,0,0,0,1110,88,203,50c3000006010002000000000000000000000000560458cb00
1,1251,0,50040,6,1,0,2,0,0,0,0,0,0,1110,88,203,78c3000006010002000000000000000000000000560458cb00
1,1252,0,50080,6,1,0,2,0,0,0,0,0,0,1110,88,203,a0c3000006010002000000000000000000000000560458cb00
1,1253,0,50120,6,1,0,2,0,0,0,0,0,0,1110,88,203,c8c3000006010002000000000000000000000000560458cb00
1,1254,0,50161,6,1,0,2,0,0,0,0,0,0,1110,88,203,f1c3000006010002000000000000000000000000560458cb00
1,1255,0,50200,6,1,0,2,0,0,0,0,0,0,1110,88,203,18c4000006010002000000000000000000000000560458cb00
1,1256,0,50240,6,1,0,2,0,0,0,0,0,0,1110,88,203,40c4000006010002000000000000000000000000560458cb00
1,1257,0,50280,6,1,0,2,0,0,0,0,0,0,1110,88,203,68c4000006010002000000000000000000000000560458cb00
1,1258,0,50320,6,1,0,2,0,0,0,0,0,0,1110,88,203,90c4000006010002000000000000000000000000560458cb00
1,1259,0,50360,6,1,0,2,0,0,0,0,0,0,1110,88,203,b8c4000006010002000000000000000000000000560458cb00
1,1260,0,50400,6,1,0,2,0,0,0,0,0,0,1110,88,203,e0c4000006010002000000000000000000000000560458cb00
1,1261,0,50440,6,1,0,2,0,0,0,0,0,0,1110,88,203,08c5000006010002000000000000000000000000560458cb00
1,1262,0,50481,6,1,0,2,0,0,0,0,0,0,1110,88,203,31c5000006010002000000000000000000000000560458cb00
1,1263,0,50520,6,1,0,2,0,0,0,0,0,0,1110,88,203,58c5000006010002000000000000000000000000560458cb00
1,1264,0,50560,6,1,0,2,0,0,0,0,0,0,1110,88,203,80c5000006010002000000000000000000000000560458cb00
1,1265,0,50601,6,1,0,2,0,0,0,0,0,0,1110,88,203,a9c5000006010002000000000000000000000000560458cb00
1,1266,0,50640,6,1,0,2,0,0,0,0,0,0,1110,88,203,d0c5000006010002000000000000000000000000560458cb00
1,1267,0,50680,6,1,0,2,0,0,0,0,0,0,1110,88,203,f8c5000006010002000000000000000000000000560458cb00
1,1268,0,50720,6,1,0,2,0,0,0,0,0,0,1110,88,203,20c6000006010002000000000000000000000000560458cb00
1,1269,0,50760,6,1,0,2,0,0,0,0,0,0,1110,88,203,48c6000006010002000000000000000000000000560458cb00
1,1270,0,50801,6,1,0,2,0,0,0,0,0,0,1110,88,203,71c6000006010002000000000000000000000000560458cb00
1,1271,0,50840,6,1,0,2,0,0,0,0,0,0,1110,88,203,98c6000006010002000000000000000000000000560458cb00
1,1272,0,50880,6,1,0,2,0,0,0,0,0,0,1110,88,203,c0c6000006010002000000000000000000000000560458cb00
1,1273,0,50921,6,1,0,2,0,0,0,0,0,0,1110,88,203,e9c6000006010002000000000000000000000000560458cb00
1,1274,0,50960,6,1,0,2,0,0,0,0,0,0,1110,88,203,10c7000006010002000000000000000000000000560458cb00
1,1275,0,51000,6,1,0,2,0,0,0,0,0,0,1110,88,203,38c7000006010002000000000000000000000000560458cb00
1,1276,0,51040,6,1,0,2,0,0,0,0,0,0,1110,88,203,60c7000006010002000000000000000000000000560458cb00
1,1277,0,51080,6,1,0,2,0,0,0,0,0,0,1110,88,203,88c7000006010002000000000000000000000000560458cb00
1,1278,0,51120,6,1,0,2,0,0,0,0,0,0,1110,88,203,b0c7000006010002000000000000000000000000560458cb00
1,1279,0,51160,6,1,0,2,0,0,0,0,0,0,1110,88,203,d8c7000006010002000000000000000000000000560458cb00
1,1280,0,51200,6,1,0,2,0,0,0,0,0,0,1110,88,203,00c8000006010002000000000000000000000000560458cb00
1,1281,0,51240,6,1,0,2,0,0,0,0,0,0,1110,88,203,28c8000006010002000000000000000000000000560458cb00
1,1282,0,51280,6,1,0,2,0,0,0,0,0,0,1110,88,203,50c8000006010002000000000000000000000000560458cb00
1,1283,0,51321,6,1,0,2,0,0,0,0,0,0,1110,88,203,79c8000006010002000000000000000000000000560458cb00
1,1284,0,51360,6,1,0,2,0,0,0,0,0,0,1110,88,203,a0c8000006010002000000000000000000000000560458cb00
1,1285,0,51401,6,1,0,2,0,0,0,0,0,0,1110,88,203,c9c8000006010002000000000000000000000000560458cb00
1,1286,0,51440,6,1,0,2,0,0,0,0,0,0,1110,88,203,f0c8000006010002000000000000000000000000560458cb00
1,1287,0,51480,6,1,0,2,0,0,0,0,0,0,1110,88,203,18c9000006010002000000000000000000000000560458cb00
1,1288,0,51521,6,1,0,2,0,0,0,0,0,0,1110,88,203,41c9000006010002000000000000000000000000560458cb00
1,1289,0,51560,6,1,0,2,0,0,0,0,0,0,1110,88,203,68c9000006010002000000000000000000000000560458cb00
1,1290,0,51600,6,1,0,2,0,0,0,0,0,0,1110,88,203,90c9000006010002000000000000000000000000560458cb00
1,1291,0,51640,6,1,0,2,0,0,0,0,0,0,1110,88,203,b8c9000006010002000000000000000000000000560458cb00
1,1292,0,51680,6,1,0,2,0,0,0,0,0,0,1110,88,203,e0c9000006010002000000000000000000000000560458cb00
1,1293,0,51720,6,1,0,2,0,0,0,0,0,0,1110,88,203,08ca000006010002000000000000000000000000560458cb00
1,1294,0,51760,6,1,0,2,0,0,0,0,0,0,1110,88,203,30ca000006010002000000000000000000000000560458cb00
1,1295,0,51800,6,1,0,2,0,0,0,0,0,0,1110,88,203,58ca000006010002000000000000000000000000560458cb00
1,1296,0,51840,6,1,0,2,0,0,0,0,0,0,1110,88,203,80ca000006010002000000000000000000000000560458cb00
1,1297,0,51880,6,1,0,2,0,0,0,0,0,0,1110,88,203,a8ca000006010002000000000000000000000000560458cb00
1,1298,0,51920,6,1,0,2,0,0,0,0,0,0,1110,88,203,d0ca000006010002000000000000000000000000560458cb00
1,1299,0,51960,6,1,0,2,0,0,0,0,0,0,1110,88,203,f8ca000006010002000000000000000000000000560458cb00
1,1300,0,52000,6,1,0,2,0,0,0,0,0,0,1110,88,203,20cb000006010002000000000000000000000000560458cb00
1,1301,0,52041,6,1,0,2,0,0,0,0,0,0,1110,88,203,49cb000006010002000000000000000000000000560458cb00
1,1302,0,52080,6,1,0,2,0,0,0,0,0,0,1110,88,203,70cb000006010002000000000000000000000000560458cb00
1,1303,0,52120,6,1,0,2,0,0,0,0,0,0,1110,88,203,98cb000006010002000000000000000000000000560458cb00
1,1304,0,52160,6,1,0,2,0,0,0,0,0,0,1110,88,203,c0cb000006010002000000000000000000000000560458cb00
1,1305,0,52200,6,1,0,2,0,0,0,0,0,0,1110,88,203,e8cb000006010002000000000000000000000000560458cb00
1,1306,0,52240,6,1,0,2,0,0,0,0,0,0,1110,88,203,10cc000006010002000000000000000000000000560458cb00
1,1307,0,52280,6,1,0,2,0,0,0,0,0,0,1110,88,203,38cc000006010002000000000000000000000000560458cb00
1,1308,0,52321,6,1,0,2,0,0,0,0,0,0,1110,88,203,61cc000006010002000000000000000000000000560458cb00
1,1309,0,52360,6,1,0,2,0,0,0,0,0,0,1110,88,203,88cc000006010002000000000000000000000000560458cb00
1,1310,0,52400,6,1,0,2,0,0,0,0,0,0,1110,88,203,b0cc000006010002000000000000000000000000560458cb00
1,1311,0,52440,6,1,0,2,0,0,0,0,0,0,1110,88,203,d8cc000006010002000000000000000000000000560458cb00
1,1312,0,52480,6,1,0,2,0,0,0,0,0,0,1110,88,203,00cd000006010002000000000000000000000000560458cb00
1,1313,0,52520,6,1,0,2,0,0,0,0,0,0,1110,88,203,28cd000006010002000000000000000000000000560458cb00
1,1314,0,52560,6,1,0,2,0,0,0,0,0,0,1110,88,203,50cd000006010002000000000000000000000000560458cb00
1,1315,0,52600,6,1,0,2,0,0,0,0,0,0,1110,88,203,78cd000006010002000000000000000000000000560458cb00
1,1316,0,52640,6,1,0,2,0,0,0,0,0,0,1110,88,203,a0cd000006010002000000000000000000000000560458cb00
1,1317,0,52681,6,1,0,2,0,0,0,0,0,0,1110,88,203,c9cd000006010002000000000000000000000000560458cb00
1,1318,0,52720,6,1,0,2,0,0,0,0,0,0,1110,88,203,f0cd000006010002000000000000000000000000560458cb00
1,1319,0,52761,6,1,0,2,0,0,0,0,0,0,1110,88,203,19ce000006010002000000000000000000000000560458cb00
1,1320,0,52800,6,1,0,2,0,0,0,0,0,0,1110,88,203,40ce000006010002000000000000000000000000560458cb00
1,1321,0,52840,6,1,0,2,0,0,0,0,0,0,1110,88,203,68ce000006010002000000000000000000000000560458cb00
1,1322,0,52880,6,1,0,2,0,0,0,0,0,0,1110,88,203,90ce000006010002000000000000000000000000560458cb00
1,1323,0,52920,6,1,0,2,0,0,0,0,0,0,1110,88,203,b8ce000006010002000000000000000000000000560458cb00
1,1324,0,52960,6,1,0,2,0,0,0,0,0,0,1110,88,203,e0ce000006010002000000000000000000000000560458cb00
1,1325,0,53000,6,1,0,2,0,0,0,0,0,0,1110,88,203,08cf000006010002000000000000000000000000560458cb00
1,1326,0,53040,6,1,0,2,0,0,0,0,0,0,1110,88,203,30cf000006010002000000000000000000000000560458cb00
1,1327,0,53080,6,1,0,2,0,0,0,0,0,0,1110,88,203,58cf000006010002000000000000000000000000560458cb00
1,1328,0,53120,6,1,0,2,0,0,0,0,0,0,1110,88,203,80cf000006010002000000000000000000000000560458cb00
1,1329,0,53160,6,1,0,2,0,0,0,0,0,0,1110,88,203,a8cf000006010002000000000000000000000000560458cb00
1,1330,0,53200,6,1,0,2,0,0,0,0,0,0,1110,88,203,d0cf000006010002000000000000000000000000560458cb00
1,1331,0,53240,6,1,0,2,0,0,0,0,0,0,1110,88,203,f8cf000006010002000000000000000000000000560458cb00
1,1332,0,53280,6,1,0,2,0,0,0,0,0,0,1110,88,203,20d0000006010002000000000000000000000000560458cb00
1,1333,0,53320,6,1,0,2,0,0,0,0,0,0,1110,88,203,48d0000006010002000000000000000000000000560458cb00
1,1334,0,53360,6,1,0,2,0,0,0,0,0,0,1110,88,203,70d0000006010002000000000000000000000000560458cb00
1,1335,0,53400,6,1,0,2,0,0,0,0,0,0,1110,88,203,98d0000006010002000000000000000000000000560458cb00
1,1336,0,53440,6,1,0,2,0,0,0,0,0,0,1110,88,203,c0d0000006010002000000000000000000000000560458cb00
1,1337,0,53480,6,1,0,2,0,0,0,0,0,0,1110,88,203,e8d0000006010002000000000000000000000000560458cb00
1,1338,0,53520,6,1,0,2,0,0,0,0,0,0,1110,88,203,10d1000006010002000000000000000000000000560458cb00
1,1339,0,53561,6,1,0,2,0,0,0,0,0,0,1110,88,203,39d1000006010002000000000000000000000000560458cb00
1,1340,0,53601,6,1,0,2,0,0,0,0,0,0,1110,88,203,61d1000006010002000000000000000000000000560458cb00
1,1341,0,53640,6,1,0,2,0,0,0,0,0,0,1110,88,203,88d1000006010002000000000000000000000000560458cb00
1,1342,0,53680,6,1,0,2,0,0,0,0,0,0,1110,88,203,b0d1000006010002000000000000000000000000560458cb00
1,1343,0,53720,6,1,0,2,0,0,0,0,0,0,1110,88,203,d8d1000006010002000000000000000000000000560458cb00
1,1344,0,53760,6,1,0,2,0,0,0,0,0,0,1110,88,203,00d2000006010002000000000000000000000000560458cb00
1,1345,0,53800,6,1,0,2,0,0,0,0,0,0,1110,88,203,28d2000006010002000000000000000000000000560458cb00
1,1346,0,53840,6,1,0,2,0,0,0,0,0,0,1110,88,203,50d2000006010002000000000000000000000000560458cb00
1,1347,0,53880,6,1,0,2,0,0,0,0,0,0,1110,88,203,78d2000006010002000000000000000000000000560458cb00
1,1348,0,53920,6,1,0,2,0,0,0,0,0,0,1110,88,203,a0d2000006010002000000000000000000000000560458cb00
1,1349,0,53960,6,1,0,2,0,0,0,0,0,0,1110,88,203,c8d2000006010002000000000000000000000000560458cb00
1,1350,0,54000,6,1,0,2,0,0,0,0,0,0,1110,88,203,f0d2000006010002000000000000000000000000560458cb00
1,1351,0,54040,6,1,0,2,0,0,0,0,0,0,1110,88,203,18d3000006010002000000000000000000000000560458cb00
1,1352,0,54080,6,1,0,2,0,0,0,0,0,0,1110,88,203,40d3000006010002000000000000000000000000560458cb00
1,1353,0,54120,6,1,0,2,0,0,0,0,0,0,1110,88,203,68d3000006010002000000000000000000000000560458cb00
1,1354,0,54160,6,1,0,2,0,0,0,0,0,0,1110,88,203,90d3000006010002000000000000000000000000560458cb00
1,1355,0,54200,6,1,0,2,0,0,0,0,0,0,1110,88,203,b8d3000006010002000000000000000000000000560458cb00
1,1356,0,54240,6,1,0,2,0,0,0,0,0,0,1110,88,203,e0d3000006010002000000000000000000000000560458cb00
1,1357,0,54281,6,1,0,2,0,0,0,0,0,0,1110,88,203,09d4000006010002000000000000000000000000560458cb00
1,1358,0,54320,6,1,0,2,0,0,0,0,0,0,1110,88,203,30d4000006010002000000000000000000000000560458cb00
1,1359,0,54360,6,1,0,2,0,0,0,0,0,0,1110,88,203,58d4000006010002000000000000000000000000560458cb00
1,1360,0,54401,6,1,0,2,0,0,0,0,0,0,1110,88,203,81d4000006010002000000000000000000000000560458cb00
1,1361,0,54440,6,1,0,2,0,0,0,0,0,0,1110,88,203,a8d4000006010002000000000000000000000000560458cb00
1,1362,0,54480,6,1,0,2,0,0,0,0,0,0,1110,88,203,d0d4000006010002000000000000000000000000560458cb00
1,1363,0,54520,6,1,0,2,0,0,0,0,0,0,1110,88,203,f8d4000006010002000000000000000000000000560458cb00
1,1364,0,54560,6,1,0,2,0,0,0,0,0,0,1110,88,203,20d5000006010002000000000000000000000000560458cb00
1,1365,0,54600,6,1,0,2,0,0,0,0,0,0,1110,88,203,48d5000006010002000000000000000000000000560458cb00
1,1366,0,54640,6,1,0,2,0,0,0,0,0,0,1110,88,203,70d5000006010002000000000000000000000000560458cb00
1,1367,0,54681,6,1,0,2,0,0,0,0,0,0,1110,88,203,99d5000006010002000000000000000000000000560458cb00
1,1368,0,54720,6,1,0,2,0,0,0,0,0,0,1110,88,203,c0d5000006010002000000000000000000000000560458cb00
1,1369,0,54760,6,1,0,2,0,0,0,0,0,0,1110,88,203,e8d5000006010002000000000000000000000000560458cb00
1,1370,0,54800,6,1,0,2,0,0,0,0,0,0,1110,88,203,10d6000006010002000000000000000000000000560458cb00
1,1371,0,54840,6,1,0,2,0,0,0,0,0,0,1110,88,203,38d6000006010002000000000000000000000000560458cb00
1,1372,0,54880,6,1,0,2,0,0,0,0,0,0,1110,88,203,60d6000006010002000000000000000000000000560458cb00
1,1373,0,54920,6,1,0,2,0,0,0,0,0,0,1110,88,203,88d6000006010002000000000000000000000000560458cb00
1,1374,0,54960,6,1,0,2,0,0,0,0,0,0,1110,88,203,b0d6000006010002000000000000000000000000560458cb00
1,1375,0,55001,6,1,0,2,0,0,0,0,0,0,1110,88,203,d9d6000006010002000000000000000000000000560458cb00
1,1376,0,55040,6,1,0,2,0,0,0,0,0,0,1110,88,203,00d7000006010002000000000000000000000000560458cb00
1,1377,0,55080,6,1,0,2,0,0,0,0,0,0,1110,88,203,28d7000006010002000000000000000000000000560458cb00
1,1378,0,55121,6,1,0,2,0,0,0,0,0,0,1110,88,203,51d7000006010002000000000000000000000000560458cb00
1,1379,0,55160,6,1,0,2,0,0,0,0,0,0,1110,88,203,78d7000006010002000000000000000000000000560458cb00
1,1380,0,55200,6,1,0,2,0,0,0,0,0,0,1110,88,203,a0d7000006010002000000000000000000000000560458cb00
1,1381,0,55240,6,1,0,2,0,0,0,0,0,0,1110,88,203,c8d7000006010002000000000000000000000000560458cb00
1,1382,0,55280,6,1,0,2,0,0,0,0,0,0,1110,88,203,f0d7000006010002000000000000000000000000560458cb00
1,1383,0,55320,6,1,0,2,0,0,0,0,0,0,1110,88,203,18d8000006010002000000000000000000000000560458cb00
1,1384,0,55361,6,1,0,2,0,0,0,0,0,0,1110,88,203,41d8000006010002000000000000000000000000560458cb00
1,1385,0,55400,6,1,0,2,0,0,0,0,0,0,1110,88,203,68d8000006010002000000000000000000000000560458cb00
1,1386,0,55441,6,1,0,2,0,0,0,0,0,0,1110,88,203,91d8000006010002000000000000000000000000560458cb00
1,1387,0,55480,6,1,0,2,0,0,0,0,0,0,1110,88,203,b8d8000006010002000000000000000000000000560458cb00
1,1388,0,55520,6,1,0,2,0,0,0,0,0,0,1110,88,203,e0d8000006010002000000000000000000000000560458cb00
1,1389,0,55560,6,1,0,2,0,0,0,0,0,0,1110,88,203,08d9000006010002000000000000000000000000560458cb00
1,1390,0,55600,6,1,0,2,0,0,0,0,0,0,1110,88,203,30d9000006010002000000000000000000000000560458cb00
1,1391,0,55640,6,1,0,2,0,0,0,0,0,0,1110,88,203,58d9000006010002000000000000000000000000560458cb00
1,1392,0,55680,6,1,0,2,0,0,0,0,0,0,1110,88,203,80d9000006010002000000000000000000000000560458cb00
1,1393,0,55721,6,1,0,2,0,0,0,0,0,0,1110,88,203,a9d9000006010002000000000000000000000000560458cb00
1,1394,0,55760,6,1,0,2,0,0,0,0,0,0,1110,88,203,d0d9000006010002000000000000000000000000560458cb00
1,1395,0,55800,6,1,0,2,0,0,0,0,0,0,1110,88,203,f8d9000006010002000000000000000000000000560458cb00
1,1396,0,55841,6,1,0,2,0,0,0,0,0,0,1110,88,203,21da000006010002000000000000000000000000560458cb00
1,1397,0,55880,6,1,0,2,0,0,0,0,0,0,1110,88,203,48da000006010002000000000000000000000000560458cb00
1,1398,0,55920,6,1,0,2,0,0,0,0,0,0,1110,88,203,70da000006010002000000000000000000000000560458cb00
1,1399,0,55960,6,1,0,2,0,0,0,0,0,0,1110,88,203,98da000006010002000000000000000000000000560458cb00
1,1400,0,56000,6,1,0,2,0,0,0,0,0,0,1110,88,203,c0da000006010002000000000000000000000000560458cb00
1,1401,0,56040,6,1,0,2,0,0,0,0,0,0,1110,88,203,e8da000006010002000000000000000000000000560458cb00
1,1402,0,56080,6,1,0,2,0,0,0,0,0,0,1110,88,203,10db000006010002000000000000000000000000560458cb00
1,1403,0,56120,6,1,0,2,0,0,0,0,0,0,1110,88,203,38db000006010002000000000000000000000000560458cb00
1,1404,0,56160,6,1,0,2,0,0,0,0,0,0,1110,88,203,60db000006010002000000000000000000000000560458cb00
1,1405,0,56200,6,1,0,2,0,0,0,0,0,0,1110,88,203,88db000006010002000000000000000000000000560458cb00
1,1406,0,56240,6,1,0,2,0,0,0,0,0,0,1110,88,203,b0db000006010002000000000000000000000000560458cb00
1,1407,0,56280,6,1,0,2,0,0,0,0,0,0,1110,88,203,d8db000006010002000000000000000000000000560458cb00
1,1408,0,56320,6,1,0,2,0,0,0,0,0,0,1110,88,203,00dc000006010002000000000000000000000000560458cb00
1,1409,0,56360,6,1,0,2,0,0,0,0,0,0,1110,88,203,28dc000006010002000000000000000000000000560458cb00
1,1410,0,56400,6,1,0,2,0,0,0,0,0,0,1110,88,203,50dc000006010002000000000000000000000000560458cb00
1,1411,0,56440,6,1,0,2,0,0,0,0,0,0,1110,88,203,78dc000006010002000000000000000000000000560458cb00
1,1412,0,56480,6,1,0,2,0,0,0,0,0,0,1110,88,203,a0dc000006010002000000000000000000000000560458cb00
1,1413,0,56520,6,1,0,2,0,0,0,0,0,0,1110,88,203,c8dc000006010002000000000000000000000000560458cb00
1,1414,0,56560,6,1,0,2,0,0,0,0,0,0,1110,88,203,f0dc000006010002000000000000000000000000560458cb00
1,1415,0,56600,6,1,0,2,0,0,0,0,0,0,1110,88,203,18dd000006010002000000000000000000000000560458cb00
1,1416,0,56640,6,1,0,2,0,0,0,0,0,0,1110,88,203,40dd000006010002000000000000000000000000560458cb00
1,1417,0,56680,6,1,0,2,0,0,0,0,0,0,1110,88,203,68dd000006010002000000000000000000000000560458cb00
1,1418,0,56720,6,1,0,2,0,0,0,0,0,0,1110,88,203,90dd000006010002000000000000000000000000560458cb00
1,1419,0,56760,6,1,0,2,0,0,0,0,0,0,1110,88,203,b8dd000006010002000000000000000000000000560458cb00
1,1420,0,56800,6,1,0,2,0,0,0,0,0,0,1110,88,203,e0dd000006010002000000000000000000000000560458cb00
1,1421,0,56841,6,1,0,2,0,0,0,0,0,0,1110,88,203,09de000006010002000000000000000000000000560458cb00
1,1422,0,56880,6,1,0,2,0,0,0,0,0,0,1110,88,203,30de000006010002000000000000000000000000560458cb00
1,1423,0,56920,6,1,0,2,0,0,0,0,0,0,1110,88,203,58de000006010002000000000000000000000000560458cb00
1,1424,0,56960,6,1,0,2,0,0,0,0,0,0,1110,88,203,80de000006010002000000000000000000000000560458cb00
1,1425,0,57000,6,1,0,2,0,0,0,0,0,0,1110,88,203,a8de000006010002000000000000000000000000560458cb00
1,1426,0,57040,6,1,0,2,0,0,0,0,0,0,1110,88,203,d0de000006010002000000000000000000000000560458cb00
1,1427,0,57080,6,1,0,2,0,0,0,0,0,0,1110,88,203,f8de000006010002000000000000000000000000560458cb00
1,1428,0,57120,6,1,0,2,0,0,0,0,0,0,1110,88,203,20df000006010002000000000000000000000000560458cb00
1,1429,0,57160,6,1,0,2,0,0,0,0,0,0,1110,88,203,48df000006010002000000000000000000000000560458cb00
1,1430,0,57201,6,1,0,2,0,0,0,0,0,0,1110,88,203,71df000006010002000000000000000000000000560458cb00
1,1431,0,57240,6,1,0,2,0,0,0,0,0,0,1110,88,203,98df000006010002000000000000000000000000560458cb00
1,1432,0,57281,6,1,0,2,0,0,0,0,0,0,1110,88,203,c1df000006010002000000000000000000000000560458cb00
1,1433,0,57320,6,1,0,2,0,0,0,0,0,0,1110,88,203,e8df000006010002000000000000000000000000560458cb00
1,1434,0,57360,6,1,0,2,0,0,0,0,0,0,1110,88,203,10e0000006010002000000000000000000000000560458cb00
1,1435,0,57400,6,1,0,2,0,0,0,0,0,0,1110,88,203,38e0000006010002000000000000000000000000560458cb00
1,1436,0,57440,6,1,0,2,0,0,0,0,0,0,1110,88,203,60e0000006010002000000000000000000000000560458cb00
1,1437,0,57480,6,1,0,2,0,0,0,0,0,0,1110,88,203,88e0000006010002000000000000000000000000560458cb00
1,1438,0,57520,6,1,0,2,0,0,0,0,0,0,1110,88,203,b0e0000006010002000000000000000000000000560458cb00
1,1439,0,57560,6,1,0,2,0,0,0,0,0,0,1110,88,203,d8e0000006010002000000000000000000000000560458cb00
1,1440,0,57600,6,1,0,2,0,0,0,0,0,0,1110,88,203,00e1000006010002000000000000000000000000560458cb00
1,1441,0,57640,6,1,0,2,0,0,0,0,0,0,1110,88,203,28e1000006010002000000000000000000000000560458cb00
1,1442,0,57680,6,1,0,2,0,0,0,0,0,0,1110,88,203,50e1000006010002000000000000000000000000560458cb00
1,1443,0,57720,6,1,0,2,0,0,0,0,0,0,1110,88,203,78e1000006010002000000000000000000000000560458cb00
1,1444,0,57760,6,1,0,2,0,0,0,0,0,0,1110,88,203,a0e1000006010002000000000000000000000000560458cb00
1,1445,0,57800,6,1,0,2,0,0,0,0,0,0,1110,88,203,c8e1000006010002000000000000000000000000560458cb00
1,1446,0,57840,6,1,0,2,0,0,0,0,0,0,1110,88,203,f0e1000006010002000000000000000000000000560458cb00
1,1447,0,57880,6,1,0,2,0,0,0,0,0,0,1110,88,203,18e2000006010002000000000000000000000000560458cb00
1,1448,0,57920,6,1,0,2,0,0,0,0,0,0,1110,88,203,40e2000006010002000000000000000000000000560458cb00
1,1449,0,57960,6,1,0,2,0,0,0,0,0,0,1110,88,203,68e2000006010002000000000000000000000000560458cb00
1,1450,0,58000,6,1,0,2,0,0,0,0,0,0,1110,88,203,90e2000006010002000000000000000000000000560458cb00
1,1451,0,58040,6,1,0,2,0,0,0,0,0,0,1110,88,203,b8e2000006010002000000000000000000000000560458cb00
1,1452,0,58081,6,1,0,2,0,0,0,0,0,0,1110,88,203,e1e2000006010002000000000000000000000000560458cb00
1,1453,0,58121,6,1,0,2,0,0,0,0,0,0,1110,88,203,09e3000006010002000000000000000000000000560458cb00
1,1454,0,58160,6,1,0,2,0,0,0,0,0,0,1110,88,203,30e3000006010002000000000000000000000000560458cb00
1,1455,0,58200,6,1,0,2,0,0,0,0,0,0,1110,88,203,58e3000006010002000000000000000000000000560458cb00
1,1456,0,58240,6,1,0,2,0,0,0,0,0,0,1110,88,203,80e3000006010002000000000000000000000000560458cb00
1,1457,0,58280,6,1,0,2,0,0,0,0,0,0,1110,88,203,a8e3000006010002000000000000000000000000560458cb00
1,1458,0,58320,6,1,0,2,0,0,0,0,0,0,1110,88,203,d0e3000006010002000000000000000000000000560458cb00
1,1459,0,58360,6,1,0,2,0,0,0,0,0,0,1110,88,203,f8e3000006010002000000000000000000000000560458cb00
1,1460,0,58400,6,1,0,2,0,0,0,0,0,0,1110,88,203,20e4000006010002000000000000000000000000560458cb00
1,1461,0,58440,6,1,0,2,0,0,0,0,0,0,1110,88,203,48e4000006010002000000000000000000000000560458cb00
1,1462,0,58480,6,1,0,2,0,0,0,0,0,0,1110,88,203,70e4000006010002000000000000000000000000560458cb00
1,1463,0,58520,6,1,0,2,0,0,0,0,0,0,1110,88,203,98e4000006010002000000000000000000000000560458cb00
1,1464,0,58560,6,1,0,2,0,0,0,0,0,0,1110,88,203,c0e4000006010002000000000000000000000000560458cb00
1,1465,0,58600,6,1,0,2,0,0,0,0,0,0,1110,88,203,e8e4000006010002000000000000000000000000560458cb00
1,1466,0,58640,6,1,0,2,0,0,0,0,0,0,1110,88,203,10e5000006010002000000000000000000000000560458cb00
1,1467,0,58680,6,1,0,2,0,0,0,0,0,0,1110,88,203,38e5000006010002000000000000000000000000560458cb00
1,1468,0,58720,6,1,0,2,0,0,0,0,0,0,1110,88,203,60e5000006010002000000000000000000000000560458cb00
1,1469,0,58760,6,1,0,2,0,0,0,0,0,0,1110,88,203,88e5000006010002000000000000000000000000560458cb00
1,1470,0,58801,6,1,0,2,0,0,0,0,0,0,1110,88,203,b1e5000006010002000000000000000000000000560458cb00
1,1471,0,58840,6,1,0,2,0,0,0,0,0,0,1110,88,203,d8e5000006010002000000000000000000000000560458cb00
1,1472,0,58880,6,1,0,2,0,0,0,0,0,0,1110,88,203,00e6000006010002000000000000000000000000560458cb00
1,1473,0,58921,6,1,0,2,0,0,0,0,0,0,1110,88,203,29e6000006010002000000000000000000000000560458cb00
1,1474,0,58960,6,1,0,2,0,0,0,0,0,0,1110,88,203,50e6000006010002000000000000000000000000560458cb00
1,1475,0,59001,6,1,0,2,0,0,0,0,0,0,1110,88,203,79e6000006010002000000000000000000000000560458cb00
1,1476,0,59041,6,1,0,2,0,0,0,0,0,0,1110,88,203,a1e6000006010002000000000000000000000000560458cb00
1,1477,0,59080,6,1,0,2,0,0,0,0,0,0,1110,88,203,c8e6000006010002000000000000000000000000560458cb00
1,1478,0,59120,6,1,0,2,0,0,0,0,0,0,1110,88,203,f0e6000006010002000000000000000000000000560458cb00
1,1479,0,59160,6,1,0,2,0,0,0,0,0,0,1110,88,203,18e7000006010002000000000000000000000000560458cb00
1,1480,0,59201,6,1,0,2,0,0,0,0,0,0,1110,88,203,41e7000006010002000000000000000000000000560458cb00
1,1481,0,59240,6,1,0,2,0,0,0,0,0,0,1110,88,203,68e7000006010002000000000000000000000000560458cb00
1,1482,0,59280,6,1,0,2,0,0,0,0,0,0,1110,88,203,90e7000006010002000000000000000000000000560458cb00
1,1483,0,59320,6,1,0,2,0,0,0,0,0,0,1110,88,203,b8e7000006010002000000000000000000000000560458cb00
1,1484,0,59360,6,1,0,2,0,0,0,0,0,0,1110,88,203,e0e7000006010002000000000000000000000000560458cb00
1,1485,0,59400,6,1,0,2,0,0,0,0,0,0,1110,88,203,08e8000006010002000000000000000000000000560458cb00
1,1486,0,59440,6,1,0,2,0,0,0,0,0,0,1110,88,203,30e8000006010002000000000000000000000000560458cb00
1,1487,0,59480,6,1,0,2,0,0,0,0,0,0,1110,88,203,58e8000006010002000000000000000000000000560458cb00
1,1488,0,59521,6,1,0,2,0,0,0,0,0,0,1110,88,203,81e8000006010002000000000000000000000000560458cb00
1,1489,0,59560,6,1,0,2,0,0,0,0,0,0,1110,88,203,a8e8000006010002000000000000000000000000560458cb00
1,1490,0,59600,6,1,0,2,0,0,0,0,0,0,1110,88,203,d0e8000006010002000000000000000000000000560458cb00
1,1491,0,59640,6,1,0,2,0,0,0,0,0,0,1110,88,203,f8e8000006010002000000000000000000000000560458cb00
1,1492,0,59680,6,1,0,2,0,0,0,0,0,0,1110,88,203,20e9000006010002000000000000000000000000560458cb00
1,1493,0,59720,6,1,0,2,0,0,0,0,0,0,1110,88,203,48e9000006010002000000000000000000000000560458cb00
1,1494,0,59760,6,1,0,2,0,0,0,0,0,0,1110,88,203,70e9000006010002000000000000000000000000560458cb00
1,1495,0,59800,6,1,0,2,0,0,0,0,0,0,1110,88,203,98e9000006010002000000000000000000000000560458cb00
1,1496,0,59840,6,1,0,2,0,0,0,0,0,0,1110,88,203,c0e9000006010002000000000000000000000000560458cb00
1,1497,0,59880,6,1,0,2,0,0,0,0,0,0,1110,88,203,e8e9000006010002000000000000000000000000560458cb00
1,1498,0,59920,6,1,0,2,0,0,0,0,0,0,1110,88,203,10ea000006010002000000000000000000000000560458cb00
1,1499,0,59961,6,1,0,2,0,0,0,0,0,0,1110,88,203,39ea000006010002000000000000000000000000560458cb00
1,1500,0,60000,6,1,0,2,0,0,0,0,0,0,1110,88,203,60ea000006010002000000000000000000000000560458cb00
1,1501,0,60040,6,1,0,2,0,0,0,0,0,0,1110,88,203,88ea000006010002000000000000000000000000560458cb00
1,1502,0,60080,6,1,0,2,0,0,0,0,0,0,1110,88,203,b0ea000006010002000000000000000000000000560458cb00
1,1503,0,60120,6,1,0,2,0,0,0,0,0,0,1110,88,203,d8ea000006010002000000000000000000000000560458cb00
1,1504,0,60160,6,1,0,2,0,0,0,0,0,0,1110,88,203,00eb000006010002000000000000000000000000560458cb00
1,1505,0,60200,6,1,0,2,0,0,0,0,0,0,1110,88,203,28eb000006010002000000000000000000000000560458cb00
1,1506,0,60241,6,1,0,2,0,0,0,0,0,0,1110,88,203,51eb000006010002000000000000000000000000560458cb00
1,1507,0,60280,6,1,0,2,0,0,0,0,0,0,1110,88,203,78eb000006010002000000000000000000000000560458cb00
1,1508,0,60320,6,1,0,2,0,0,0,0,0,0,1110,88,203,a0eb000006010002000000000000000000000000560458cb00
1,1509,0,60360,6,1,0,2,0,0,0,0,0,0,1110,88,203,c8eb000006010002000000000000000000000000560458cb00
1,1510,0,60400,6,1,0,2,0,0,0,0,0,0,1110,88,203,f0eb000006010002000000000000000000000000560458cb00
1,1511,0,60440,6,1,0,2,0,0,0,0,0,0,1110,88,203,18ec000006010002000000000000000000000000560458cb00
1,1512,0,60480,6,1,0,2,0,0,0,0,0,0,1110,88,203,40ec000006010002000000000000000000000000560458cb00
1,1513,0,60520,6,1,0,2,0,0,0,0,0,0,1110,88,203,68ec000006010002000000000000000000000000560458cb00
1,1514,0,60560,6,1,0,2,0,0,0,0,0,0,1110,88,203,90ec000006010002000000000000000000000000560458cb00
1,1515,0,60600,6,1,0,2,0,0,0,0,0,0,1110,88,203,b8ec000006010002000000000000000000000000560458cb00
1,1516,0,60640,6,1,0,2,0,0,0,0,0,0,1110,88,203,e0ec000006010002000000000000000000000000560458cb00
1,1517,0,60680,6,1,0,2,0,0,0,0,0,0,1110,88,203,08ed000006010002000000000000000000000000560458cb00
1,1518,0,60720,6,1,0,2,0,0,0,0,0,0,1110,88,203,30ed000006010002000000000000000000000000560458cb00
1,1519,0,60760,6,1,0,2,0,0,0,0,0,0,1110,88,203,58ed000006010002000000000000000000000000560458cb00
1,1520,0,60800,6,1,0,2,0,0,0,0,0,0,1110,88,203,80ed000006010002000000000000000000000000560458cb00
1,1521,0,60840,6,1,0,2,0,0,0,0,0,0,1110,88,203,a8ed000006010002000000000000000000000000560458cb00
1,1522,0,60880,6,1,0,2,0,0,0,0,0,0,1110,88,203,d0ed000006010002000000000000000000000000560458cb00
1,1523,0,60920,6,1,0,2,0,0,0,0,0,0,1110,88,203,f8ed000006010002000000000000000000000000560458cb00
1,1524,0,60960,6,1,0,2,0,0,0,0,0,0,1110,88,203,20ee000006010002000000000000000000000000560458cb00
1,1525,0,61000,6,1,0,2,0,0,0,0,0,0,1110,88,203,48ee000006010002000000000000000000000000560458cb00
1,1526,0,61041,6,1,0,2,0,0,0,0,0,0,1110,88,203,71ee000006010002000000000000000000000000560458cb00
1,1527,0,61080,6,1,0,2,0,0,0,0,0,0,1110,88,203,98ee000006010002000000000000000000000000560458cb00
1,1528,0,61120,6,1,0,2,0,0,0,0,0,0,1110,88,203,c0ee000006010002000000000000000000000000560458cb00
1,1529,0,61160,6,1,0,2,0,0,0,0,0,0,1110,88,203,e8ee000006010002000000000000000000000000560458cb00
1,1530,0,61200,6,1,0,2,0,0,0,0,0,0,1110,88,203,10ef000006010002000000000000000000000000560458cb00
1,1531,0,61240,6,1,0,2,0,0,0,0,0,0,1110,88,203,38ef000006010002000000000000000000000000560458cb00
1,1532,0,61280,6,1,0,2,0,0,0,0,0,0,1110,88,203,60ef000006010002000000000000000000000000560458cb00
1,1533,0,61320,6,1,0,2,0,0,0,0,0,0,1110,88,203,88ef000006010002000000000000000000000000560458cb00
1,1534,0,61360,6,1,0,2,0,0,0,0,0,0,1110,88,203,b0ef000006010002000000000000000000000000560458cb00
1,1535,0,61400,6,1,0,2,0,0,0,0,0,0,1110,88,203,d8ef000006010002000000000000000000000000560458cb00
1,1536,0,61440,6,1,0,2,0,0,0,0,0,0,1110,88,203,00f0000006010002000000000000000000000000560458cb00
1,1537,0,61480,6,1,0,2,0,0,0,0,0,0,1110,88,203,28f0000006010002000000000000000000000000560458cb00
1,1538,0,61520,6,1,0,2,0,0,0,0,0,0,1110,88,203,50f0000006010002000000000000000000000000560458cb00
1,1539,0,61560,6,1,0,2,0,0,0,0,0,0,1110,88,203,78f0000006010002000000000000000000000000560458cb00
1,1540,0,61600,6,1,0,2,0,0,0,0,0,0,1110,88,203,a0f0000006010002000000000000000000000000560458cb00
1,1541,0,61640,6,1,0,2,0,0,0,0,0,0,1110,88,203,c8f0000006010002000000000000000000000000560458cb00
1,1542,0,61680,6,1,0,2,0,0,0,0,0,0,1110,88,203,f0f0000006010002000000000000000000000000560458cb00
1,1543,0,61721,6,1,0,2,0,0,0,0,0,0,1110,88,203,19f1000006010002000000000000000000000000560458cb00
1,1544,0,61760,6,1,0,2,0,0,0,0,0,0,1110,88,203,40f1000006010002000000000000000000000000560458cb00
1,1545,0,61801,6,1,0,2,0,0,0,0,0,0,1110,88,203,69f1000006010002000000000000000000000000560458cb00
1,1546,0,61840,6,1,0,2,0,0,0,0,0,0,1110,88,203,90f1000006010002000000000000000000000000560458cb00
1,1547,0,61881,6,1,0,2,0,0,0,0,0,0,1110,88,203,b9f1000006010002000000000000000000000000560458cb00
1,1548,0,61920,6,1,0,2,0,0,0,0,0,0,1110,88,203,e0f1000006010002000000000000000000000000560458cb00
1,1549,0,61960,6,1,0,2,0,0,0,0,0,0,1110,88,203,08f2000006010002000000000000000000000000560458cb00
1,1550,0,62000,6,1,0,2,0,0,0,0,0,0,1110,88,203,30f2000006010002000000000000000000000000560458cb00
1,1551,0,62040,6,1,0,2,0,0,0,0,0,0,1110,88,203,58f2000006010002000000000000000000000000560458cb00
1,1552,0,62080,6,1,0,2,0,0,0,0,0,0,1110,88,203,80f2000006010002000000000000000000000000560458cb00
1,1553,0,62120,6,1,0,2,0,0,0,0,0,0,1110,88,203,a8f2000006010002000000000000000000000000560458cb00
1,1554,0,62160,6,1,0,2,0,0,0,0,0,0,1110,88,203,d0f2000006010002000000000000000000000000560458cb00
1,1555,0,62200,6,1,0,2,0,0,0,0,0,0,1110,88,203,f8f2000006010002000000000000000000000000560458cb00
1,1556,0,62240,6,1,0,2,0,0,0,0,0,0,1110,88,203,20f3000006010002000000000000000000000000560458cb00
1,1557,0,62280,6,1,0,2,0,0,0,0,0,0,1110,88,203,48f3000006010002000000000000000000000000560458cb00
1,1558,0,62320,6,1,0,2,0,0,0,0,0,0,1110,88,203,70f3000006010002000000000000000000000000560458cb00
1,1559,0,62360,6,1,0,2,0,0,0,0,0,0,1110,88,203,98f3000006010002000000000000000000000000560458cb00
1,1560,0,62400,6,1,0,2,0,0,0,0,0,0,1110,88,203,c0f3000006010002000000000000000000000000560458cb00
1,1561,0,62440,6,1,0,2,0,0,0,0,0,0,1110,88,203,e8f3000006010002000000000000000000000000560458cb00
1,1562,0,62480,6,1,0,2,0,0,0,0,0,0,1110,88,203,10f4000006010002000000000000000000000000560458cb00
1,1563,0,62520,6,1,0,2,0,0,0,0,0,0,1110,88,203,38f4000006010002000000000000000000000000560458cb00
1,1564,0,62560,6,1,0,2,0,0,0,0,0,0,1110,88,203,60f4000006010002000000000000000000000000560458cb00
1,1565,0,62601,6,1,0,2,0,0,0,0,0,0,1110,88,203,89f4000006010002000000000000000000000000560458cb00
1,1566,0,62640,6,1,0,2,0,0,0,0,0,0,1110,88,203,b0f4000006010002000000000000000000000000560458cb00
1,1567,0,62680,6,1,0,2,0,0,0,0,0,0,1110,88,203,d8f4000006010002000000000000000000000000560458cb00
1,1568,0,62720,6,1,0,2,0,0,0,0,0,0,1110,88,203,00f5000006010002000000000000000000000000560458cb00
1,1569,0,62760,6,1,0,2,0,0,0,0,0,0,1110,88,203,28f5000006010002000000000000000000000000560458cb00
1,1570,0,62800,6,1,0,2,0,0,0,0,0,0,1110,88,203,50f5000006010002000000000000000000000000560458cb00
1,1571,0,62840,6,1,0,2,0,0,0,0,0,0,1110,88,203,78f5000006010002000000000000000000000000560458cb00
1,1572,0,62880,6,1,0,2,0,0,0,0,0,0,1110,88,203,a0f5000006010002000000000000000000000000560458cb00
1,1573,0,62920,6,1,0,2,0,0,0,0,0,0,1110,88,203,c8f5000006010002000000000000000000000000560458cb00
1,1574,0,62960,6,1,0,2,0,0,0,0,0,0,1110,88,203,f0f5000006010002000000000000000000000000560458cb00
1,1575,0,63000,6,1,0,2,0,0,0,0,0,0,1110,88,203,18f6000006010002000000000000000000000000560458cb00
1,1576,0,63040,6,1,0,2,0,0,0,0,0,0,1110,88,203,40f6000006010002000000000000000000000000560458cb00
1,1577,0,63080,6,1,0,2,0,0,0,0,0,0,1110,88,203,68f6000006010002000000000000000000000000560458cb00
1,1578,0,63120,6,1,0,2,0,0,0,0,0,0,1110,88,203,90f6000006010002000000000000000000000000560458cb00
1,1579,0,63160,6,1,0,2,0,0,0,0,0,0,1110,88,203,b8f6000006010002000000000000000000000000560458cb00
1,1580,0,63200,6,1,0,2,0,0,0,0,0,0,1110,88,203,e0f6000006010002000000000000000000000000560458cb00
1,1581,0,63240,6,1,0,2,0,0,0,0,0,0,1110,88,203,08f7000006010002000000000000000000000000560458cb00
1,1582,0,63280,6,1,0,2,0,0,0,0,0,0,1110,88,203,30f7000006010002000000000000000000000000560458cb00
1,1583,0,63321,6,1,0,2,0,0,0,0,0,0,1110,88,203,59f7000006010002000000000000000000000000560458cb00
1,1584,0,63360,6,1,0,2,0,0,0,0,0,0,1110,88,203,80f7000006010002000000000000000000000000560458cb00
1,1585,0,63400,6,1,0,2,0,0,0,0,0,0,1110,88,203,a8f7000006010002000000000000000000000000560458cb00
1,1586,0,63440,6,1,0,2,0,0,0,0,0,0,1110,88,203,d0f7000006010002000000000000000000000000560458cb00
1,1587,0,63480,6,1,0,2,0,0,0,0,0,0,1110,88,203,f8f7000006010002000000000000000000000000560458cb00
1,1588,0,63521,6,1,0,2,0,0,0,0,0,0,1110,88,203,21f8000006010002000000000000000000000000560458cb00
1,1589,0,63561,6,1,0,2,0,0,0,0,0,0,1110,88,203,49f8000006010002000000000000000000000000560458cb00
1,1590,0,63600,6,1,0,2,0,0,0,0,0,0,1110,88,203,70f8000006010002000000000000000000000000560458cb00
1,1591,0,63640,6,1,0,2,0,0,0,0,0,0,1110,88,203,98f8000006010002000000000000000000000000560458cb00
1,1592,0,63680,6,1,0,2,0,0,0,0,0,0,1110,88,203,c0f8000006010002000000000000000000000000560458cb00
1,1593,0,63721,6,1,0,2,0,0,0,0,0,0,1110,88,203,e9f8000006010002000000000000000000000000560458cb00
1,1594,0,63760,6,1,0,2,0,0,0,0,0,0,1110,88,203,10f9000006010002000000000000000000000000560458cb00
1,1595,0,63800,6,1,0,2,0,0,0,0,0,0,1110,88,203,38f9000006010002000000000000000000000000560458cb00
1,1596,0,63841,6,1,0,2,0,0,0,0,0,0,1110,88,203,61f9000006010002000000000000000000000000560458cb00
1,1597,0,63880,6,1,0,2,0,0,0,0,0,0,1110,88,203,88f9000006010002000000000000000000000000560458cb00
1,1598,0,63920,6,1,0,2,0,0,0,0,0,0,1110,88,203,b0f9000006010002000000000000000000000000560458cb00
1,1599,0,63960,6,1,0,2,0,0,0,0,0,0,1110,88,203,d8f9000006010002000000000000000000000000560458cb00
1,1600,0,64000,6,1,0,2,0,0,0,0,0,0,1110,88,203,00fa000006010002000000000000000000000000560458cb00
1,1601,0,64041,6,1,0,2,0,0,0,0,0,0,1110,88,203,29fa000006010002000000000000000000000000560458cb00
1,1602,0,64080,6,1,0,2,0,0,0,0,0,0,1110,88,203,50fa000006010002000000000000000000000000560458cb00
1,1603,0,64120,6,1,0,2,0,0,0,0,0,0,1110,88,203,78fa000006010002000000000000000000000000560458cb00
1,1604,0,64160,6,1,0,2,0,0,0,0,0,0,1110,88,203,a0fa000006010002000000000000000000000000560458cb00
1,1605,0,64200,6,1,0,2,0,0,0,0,0,0,1110,88,203,c8fa000006010002000000000000000000000000560458cb00
1,1606,0,64241,6,1,0,2,0,0,0,0,0,0,1110,88,203,f1fa000006010002000000000000000000000000560458cb00
1,1607,0,64280,6,1,0,2,0,0,0,0,0,0,1110,88,203,18fb000006010002000000000000000000000000560458cb00
1,1608,0,64320,6,1,0,2,0,0,0,0,0,0,1110,88,203,40fb000006010002000000000000000000000000560458cb00
1,1609,0,64360,6,1,0,2,0,0,0,0,0,0,1110,88,203,68fb000006010002000000000000000000000000560458cb00
1,1610,0,64400,6,1,0,2,0,0,0,0,0,0,1110,88,203,90fb000006010002000000000000000000000000560458cb00
1,1611,0,64440,6,1,0,2,0,0,0,0,0,0,1110,88,203,b8fb000006010002000000000000000000000000560458cb00
1,1612,0,64481,6,1,0,2,0,0,0,0,0,0,1110,88,203,e1fb000006010002000000000000000000000000560458cb00
1,1613,0,64520,6,1,0,2,0,0,0,0,0,0,1110,88,203,08fc000006010002000000000000000000000000560458cb00
1,1614,0,64560,6,1,0,2,0,0,0,0,0,0,1110,88,203,30fc000006010002000000000000000000000000560458cb00
1,1615,0,64600,6,1,0,2,0,0,0,0,0,0,1110,88,203,58fc000006010002000000000000000000000000560458cb00
1,1616,0,64640,6,1,0,2,0,0,0,0,0,0,1110,88,203,80fc000006010002000000000000000000000000560458cb00
1,1617,0,64680,6,1,0,2,0,0,0,0,0,0,1110,88,203,a8fc000006010002000000000000000000000000560458cb00
1,1618,0,64720,6,1,0,2,0,0,0,0,0,0,1110,88,203,d0fc000006010002000000000000000000000000560458cb00
1,1619,0,64761,6,1,0,2,0,0,0,0,0,0,1110,88,203,f9fc000006010002000000000000000000000000560458cb00
1,1620,0,64800,6,1,0,2,0,0,0,0,0,0,1110,88,203,20fd000006010002000000000000000000000000560458cb00
1,1621,0,64840,6,1,0,2,0,0,0,0,0,0,1110,88,203,48fd000006010002000000000000000000000000560458cb00
1,1622,0,64880,6,1,0,2,0,0,0,0,0,0,1110,88,203,70fd000006010002000000000000000000000000560458cb00
1,1623,0,64920,6,1,0,2,0,0,0,0,0,0,1110,88,203,98fd000006010002000000000000000000000000560458cb00
1,1624,0,64960,6,1,0,2,0,0,0,0,0,0,1110,88,203,c0fd000006010002000000000000000000000000560458cb00
1,1625,0,65000,6,1,0,2,0,0,0,0,0,0,1110,88,203,e8fd000006010002000000000000000000000000560458cb00
1,1626,0,65040,6,1,0,2,0,0,0,0,0,0,1110,88,203,10fe000006010002000000000000000000000000560458cb00
1,1627,0,65080,6,1,0,2,0,0,0,0,0,0,1110,88,203,38fe000006010002000000000000000000000000560458cb00
1,1628,0,65120,6,1,0,2,0,0,0,0,0,0,1110,88,203,60fe000006010002000000000000000000000000560458cb00
1,1629,0,65160,6,1,0,2,0,0,0,0,0,0,1110,88,203,88fe000006010002000000000000000000000000560458cb00
1,1630,0,65200,6,1,0,2,0,0,0,0,0,0,1110,88,203,b0fe000006010002000000000000000000000000560458cb00
1,1631,0,65240,6,1,0,2,0,0,0,0,0,0,1110,88,203,d8fe000006010002000000000000000000000000560458cb00
1,1632,0,65280,6,1,0,2,0,0,0,0,0,0,1110,88,203,00ff000006010002000000000000000000000000560458cb00
1,1633,0,65320,6,1,0,2,0,0,0,0,0,0,1110,88,203,28ff000006010002000000000000000000000000560458cb00
1,1634,0,65360,6,1,0,2,0,0,0,0,0,0,1110,88,203,50ff000006010002000000000000000000000000560458cb00
1,1635,0,65401,6,1,0,2,0,0,0,0,0,0,1110,88,203,79ff000006010002000000000000000000000000560458cb00
1,1636,0,65440,6,1,0,2,0,0,0,0,0,0,1110,88,203,a0ff000006010002000000000000000000000000560458cb00
1,1637,0,65480,6,1,0,2,0,0,0,0,0,0,1110,88,203,c8ff000006010002000000000000000000000000560458cb00
1,1638,0,65520,6,1,0,2,0,0,0,0,0,0,1110,88,203,f0ff000006010002000000000000000000000000560458cb00
1,1639,0,65561,6,1,0,2,0,0,0,0,0,0,1110,88,203,1900010006010002000000000000000000000000560458cb00
1,1640,0,65600,6,1,0,2,0,0,0,0,0,0,1110,88,203,4000010006010002000000000000000000000000560458cb00
1,1641,0,65640,6,1,0,2,0,0,0,0,0,0,1110,88,203,6800010006010002000000000000000000000000560458cb00
1,1642,0,65680,6,1,0,2,0,0,0,0,0,0,1110,88,203,9000010006010002000000000000000000000000560458cb00
1,1643,0,65720,6,1,0,2,0,0,0,0,0,0,1110,88,203,b800010006010002000000000000000000000000560458cb00
1,1644,0,65760,6,1,0,2,0,0,0,0,0,0,1110,88,203,e000010006010002000000000000000000000000560458cb00
1,1645,0,65800,6,1,0,2,0,0,0,0,0,0,1110,88,203,0801010006010002000000000000000000000000560458cb00
1,1646,0,65840,6,1,0,2,0,0,0,0,0,0,1110,88,203,3001010006010002000000000000000000000000560458cb00
1,1647,0,65880,6,1,0,2,0,0,0,0,0,0,1110,88,203,5801010006010002000000000000000000000000560458cb00
1,1648,0,65920,6,1,0,2,0,0,0,0,0,0,1110,88,203,8001010006010002000000000000000000000000560458cb00
1,1649,0,65960,6,1,0,2,0,0,0,0,0,0,1110,88,203,a801010006010002000000000000000000000000560458cb00
1,1650,0,66000,6,1,0,2,0,0,0,0,0,0,1110,88,203,d001010006010002000000000000000000000000560458cb00
1,1651,0,66040,6,1,0,2,0,0,0,0,0,0,1110,88,203,f801010006010002000000000000000000000000560458cb00
1,1652,0,66080,6,1,0,2,0,0,0,0,0,0,1110,88,203,2002010006010002000000000000000000000000560458cb00
1,1653,0,66120,6,1,0,2,0,0,0,0,0,0,1110,88,203,4802010006010002000000000000000000000000560458cb00
1,1654,0,66160,6,1,0,2,0,0,0,0,0,0,1110,88,203,7002010006010002000000000000000000000000560458cb00
1,1655,0,66200,6,1,0,2,0,0,0,0,0,0,1110,88,203,9802010006010002000000000000000000000000560458cb00
1,1656,0,66240,6,1,0,2,0,0,0,0,0,0,1110,88,203,c002010006010002000000000000000000000000560458cb00
1,1657,0,66280,6,1,0,2,0,0,0,0,0,0,1110,88,203,e802010006010002000000000000000000000000560458cb00
1,1658,0,66320,6,1,0,2,0,0,0,0,0,0,1110,88,203,1003010006010002000000000000000000000000560458cb00
1,1659,0,66360,6,1,0,2,0,0,0,0,0,0,1110,88,203,3803010006010002000000000000000000000000560458cb00
1,1660,0,66401,6,1,0,2,0,0,0,0,0,0,1110,88,203,6103010006010002000000000000000000000000560458cb00
1,1661,0,66440,6,1,0,2,0,0,0,0,0,0,1110,88,203,8803010006010002000000000000000000000000560458cb00
1,1662,0,66481,6,1,0,2,0,0,0,0,0,0,1110,88,203,b103010006010002000000000000000000000000560458cb00
1,1663,0,66520,6,1,0,2,0,0,0,0,0,0,1110,88,203,d803010006010002000000000000000000000000560458cb00
1,1664,0,66560,6,1,0,2,0,0,0,0,0,0,1110,88,203,0004010006010002000000000000000000000000560458cb00
1,1665,0,66600,6,1,0,2,0,0,0,0,0,0,1110,88,203,2804010006010002000000000000000000000000560458cb00
1,1666,0,66640,6,1,0,2,0,0,0,0,0,0,1110,88,203,5004010006010002000000000000000000000000560458cb00
1,1667,0,66680,6,1,0,2,0,0,0,0,0,0,1110,88,203,7804010006010002000000000000000000000000560458cb00
1,1668,0,66720,6,1,0,2,0,0,0,0,0,0,1110,88,203,a004010006010002000000000000000000000000560458cb00
1,1669,0,66760,6,1,0,2,0,0,0,0,0,0,1110,88,203,c804010006010002000000000000000000000000560458cb00
1,1670,0,66801,6,1,0,2,0,0,0,0,0,0,1110,88,203,f104010006010002000000000000000000000000560458cb00
1,1671,0,66840,6,1,0,2,0,0,0,0,0,0,1110,88,203,1805010006010002000000000000000000000000560458cb00
1,1672,0,66880,6,1,0,2,0,0,0,0,0,0,1110,88,203,4005010006010002000000000000000000000000560458cb00
1,1673,0,66920,6,1,0,2,0,0,0,0,0,0,1110,88,203,6805010006010002000000000000000000000000560458cb00
1,1674,0,66960,6,1,0,2,0,0,0,0,0,0,1110,88,203,9005010006010002000000000000000000000000560458cb00
1,1675,0,67000,6,1,0,2,0,0,0,0,0,0,1110,88,203,b805010006010002000000000000000000000000560458cb00
1,1676,0,67040,6,1,0,2,0,0,0,0,0,0,1110,88,203,e005010006010002000000000000000000000000560458cb00
1,1677,0,67080,6,1,0,2,0,0,0,0,0,0,1110,88,203,0806010006010002000000000000000000000000560458cb00
1,1678,0,67121,6,1,0,2,0,0,0,0,0,0,1110,88,203,3106010006010002000000000000000000000000560458cb00
1,1679,0,67160,6,1,0,2,0,0,0,0,0,0,1110,88,203,5806010006010002000000000000000000000000560458cb00
1,1680,0,67200,6,1,0,2,0,0,0,0,0,0,1110,88,203,8006010006010002000000000000000000000000560458cb00
1,1681,0,67241,6,1,0,2,0,0,0,0,0,0,1110,88,203,a906010006010002000000000000000000000000560458cb00
1,1682,0,67280,6,1,0,2,0,0,0,0,0,0,1110,88,203,d006010006010002000000000000000000000000560458cb00
1,1683,0,67321,6,1,0,2,0,0,0,0,0,0,1110,88,203,f906010006010002000000000000000000000000560458cb00
1,1684,0,67360,6,1,0,2,0,0,0,0,0,0,1110,88,203,2007010006010002000000000000000000000000560458cb00
1,1685,0,67401,6,1,0,2,0,0,0,0,0,0,1110,88,203,4907010006010002000000000000000000000000560458cb00
1,1686,0,67440,6,1,0,2,0,0,0,0,0,0,1110,88,203,7007010006010002000000000000000000000000560458cb00
1,1687,0,67480,6,1,0,2,0,0,0,0,0,0,1110,88,203,9807010006010002000000000000000000000000560458cb00
1,1688,0,67521,6,1,0,2,0,0,0,0,0,0,1110,88,203,c107010006010002000000000000000000000000560458cb00
1,1689,0,67560,6,1,0,2,0,0,0,0,0,0,1110,88,203,e807010006010002000000000000000000000000560458cb00
1,1690,0,67600,6,1,0,2,0,0,0,0,0,0,1110,88,203,1008010006010002000000000000000000000000560458cb00
1,1691,0,67640,6,1,0,2,0,0,0,0,0,0,1110,88,203,3808010006010002000000000000000000000000560458cb00
1,1692,0,67680,6,1,0,2,0,0,0,0,0,0,1110,88,203,6008010006010002000000000000000000000000560458cb00
1,1693,0,67721,6,1,0,2,0,0,0,0,0,0,1110,88,203,8908010006010002000000000000000000000000560458cb00
1,1694,0,67760,6,1,0,2,0,0,0,0,0,0,1110,88,203,b008010006010002000000000000000000000000560458cb00
1,1695,0,67801,6,1,0,2,0,0,0,0,0,0,1110,88,203,d908010006010002000000000000000000000000560458cb00
1,1696,0,67840,6,1,0,2,0,0,0,0,0,0,1110,88,203,0009010006010002000000000000000000000000560458cb00
1,1697,0,67880,6,1,0,2,0,0,0,0,0,0,1110,88,203,2809010006010002000000000000000000000000560458cb00
1,1698,0,67920,6,1,0,2,0,0,0,0,0,0,1110,88,203,5009010006010002000000000000000000000000560458cb00
1,1699,0,67960,6,1,0,2,0,0,0,0,0,0,1110,88,203,7809010006010002000000000000000000000000560458cb00
1,1700,0,68000,6,1,0,2,0,0,0,0,0,0,1110,88,203,a009010006010002000000000000000000000000560458cb00
1,1701,0,68041,6,1,0,2,0,0,0,0,0,0,1110,88,203,c909010006010002000000000000000000000000560458cb00
1,1702,0,68080,6,1,0,2,0,0,0,0,0,0,1110,88,203,f009010006010002000000000000000000000000560458cb00
1,1703,0,68120,6,1,0,2,0,0,0,0,0,0,1110,88,203,180a010006010002000000000000000000000000560458cb00
1,1704,0,68160,6,1,0,2,0,0,0,0,0,0,1110,88,203,400a010006010002000000000000000000000000560458cb00
1,1705,0,68200,6,1,0,2,0,0,0,0,0,0,1110,88,203,680a010006010002000000000000000000000000560458cb00
1,1706,0,68240,6,1,0,2,0,0,0,0,0,0,1110,88,203,900a010006010002000000000000000000000000560458cb00
1,1707,0,68280,6,1,0,2,0,0,0,0,0,0,1110,88,203,b80a010006010002000000000000000000000000560458cb00
1,1708,0,68321,6,1,0,2,0,0,0,0,0,0,1110,88,203,e10a010006010002000000000000000000000000560458cb00
1,1709,0,68360,6,1,0,2,0,0,0,0,0,0,1110,88,203,080b010006010002000000000000000000000000560458cb00
1,1710,0,68401,6,1,0,2,0,0,0,0,0,0,1110,88,203,310b010006010002000000000000000000000000560458cb00
1,1711,0,68440,6,1,0,2,0,0,0,0,0,0,1110,88,203,580b010006010002000000000000000000000000560458cb00
1,1712,0,68480,6,1,0,2,0,0,0,0,0,0,1110,88,203,800b010006010002000000000000000000000000560458cb00
1,1713,0,68520,6,1,0,2,0,0,0,0,0,0,1110,88,203,a80b010006010002000000000000000000000000560458cb00
1,1714,0,68561,6,1,0,2,0,0,0,0,0,0,1110,88,203,d10b010006010002000000000000000000000000560458cb00
1,1715,0,68600,6,1,0,2,0,0,0,0,0,0,1110,88,203,f80b010006010002000000000000000000000000560458cb00
1,1716,0,68641,6,1,0,2,0,0,0,0,0,0,1110,88,203,210c010006010002000000000000000000000000560458cb00
1,1717,0,68680,6,1,0,2,0,0,0,0,0,0,1110,88,203,480c010006010002000000000000000000000000560458cb00
1,1718,0,68721,6,1,0,2,0,0,0,0,0,0,1110,88,203,710c010006010002000000000000000000000000560458cb00
1,1719,0,68761,6,1,0,2,0,0,0,0,0,0,1110,88,203,990c010006010002000000000000000000000000560458cb00
1,1720,0,68800,6,1,0,2,0,0,0,0,0,0,1110,88,203,c00c010006010002000000000000000000000000560458cb00
1,1721,0,68840,6,1,0,2,0,0,0,0,0,0,1110,88,203,e80c010006010002000000000000000000000000560458cb00
1,1722,0,68880,6,1,0,2,0,0,0,0,0,0,1110,88,203,100d010006010002000000000000000000000000560458cb00
1,1723,0,68920,6,1,0,2,0,0,0,0,0,0,1110,88,203,380d010006010002000000000000000000000000560458cb00
1,1724,0,68960,6,1,0,2,0,0,0,0,0,0,1110,88,203,600d010006010002000000000000000000000000560458cb00
1,1725,0,69000,6,1,0,2,0,0,0,0,0,0,1110,88,203,880d010006010002000000000000000000000000560458cb00
1,1726,0,69040,6,1,0,2,0,0,0,0,0,0,1110,88,203,b00d010006010002000000000000000000000000560458cb00
1,1727,0,69080,6,1,0,2,0,0,0,0,0,0,1110,88,203,d80d010006010002000000000000000000000000560458cb00
1,1728,0,69120,6,1,0,2,0,0,0,0,0,0,1110,88,203,000e010006010002000000000000000000000000560458cb00
1,1729,0,69160,6,1,0,2,0,0,0,0,0,0,1110,88,203,280e010006010002000000000000000000000000560458cb00
1,1730,0,69200,6,1,0,2,0,0,0,0,0,0,1110,88,203,500e010006010002000000000000000000000000560458cb00
1,1731,0,69240,6,1,0,2,0,0,0,0,0,0,1110,88,203,780e010006010002000000000000000000000000560458cb00
1,1732,0,69280,6,1,0,2,0,0,0,0,0,0,1110,88,203,a00e010006010002000000000000000000000000560458cb00
1,1733,0,69320,6,1,0,2,0,0,0,0,0,0,1110,88,203,c80e010006010002000000000000000000000000560458cb00
1,1734,0,69360,6,1,0,2,0,0,0,0,0,0,1110,88,203,f00e010006010002000000000000000000000000560458cb00
1,1735,0,69400,6,1,0,2,0,0,0,0,0,0,1110,88,203,180f010006010002000000000000000000000000560458cb00
1,1736,0,69440,6,1,0,2,0,0,0,0,0,0,1110,88,203,400f010006010002000000000000000000000000560458cb00
1,1737,0,69481,6,1,0,2,0,0,0,0,0,0,1110,88,203,690f010006010002000000000000000000000000560458cb00
1,1738,0,69520,6,1,0,2,0,0,0,0,0,0,1110,88,203,900f010006010002000000000000000000000000560458cb00
1,1739,0,69560,6,1,0,2,0,0,0,0,0,0,1110,88,203,b80f010006010002000000000000000000000000560458cb00
1,1740,0,69600,6,1,0,2,0,0,0,0,0,0,1110,88,203,e00f010006010002000000000000000000000000560458cb00
1,1741,0,69641,6,1,0,2,0,0,0,0,0,0,1110,88,203,0910010006010002000000000000000000000000560458cb00
1,1742,0,69680,6,1,0,2,0,0,0,0,0,0,1110,88,203,3010010006010002000000000000000000000000560458cb00
1,1743,0,69720,6,1,0,2,0,0,0,0,0,0,1110,88,203,5810010006010002000000000000000000000000560458cb00
1,1744,0,69760,6,1,0,2,0,0,0,0,0,0,1110,88,203,8010010006010002000000000000000000000000560458cb00
1,1745,0,69800,6,1,0,2,0,0,0,0,0,0,1110,88,203,a810010006010002000000000000000000000000560458cb00
1,1746,0,69840,6,1,0,2,0,0,0,0,0,0,1110,88,203,d010010006010002000000000000000000000000560458cb00
1,1747,0,69881,6,1,0,2,0,0,0,0,0,0,1110,88,203,f910010006010002000000000000000000000000560458cb00
1,1748,0,69920,6,1,0,2,0,0,0,0,0,0,1110,88,203,2011010006010002000000000000000000000000560458cb00
1,1749,0,69960,6,1,0,2,0,0,0,0,0,0,1110,88,203,4811010006010002000000000000000000000000560458cb00
1,1750,0,70000,6,1,0,2,0,0,0,0,0,0,1110,88,203,7011010006010002000000000000000000000000560458cb00
1,1751,0,70040,6,1,0,2,0,0,0,0,0,0,1110,88,203,9811010006010002000000000000000000000000560458cb00
1,1752,0,70080,6,1,0,2,0,0,0,0,0,0,1110,88,203,c011010006010002000000000000000000000000560458cb00
1,1753,0,70120,6,1,0,2,0,0,0,0,0,0,1110,88,203,e811010006010002000000000000000000000000560458cb00
1,1754,0,70161,6,1,0,2,0,0,0,0,0,0,1110,88,203,1112010006010002000000000000000000000000560458cb00
1,1755,0,70201,6,1,0,2,0,0,0,0,0,0,1110,88,203,3912010006010002000000000000000000000000560458cb00
1,1756,0,70241,6,1,0,2,0,0,0,0,0,0,1110,88,203,6112010006010002000000000000000000000000560458cb00
1,1757,0,70280,6,1,0,2,0,0,0,0,0,0,1110,88,203,8812010006010002000000000000000000000000560458cb00
1,1758,0,70320,6,1,0,2,0,0,0,0,0,0,1110,88,203,b012010006010002000000000000000000000000560458cb00
1,1759,0,70360,6,1,0,2,0,0,0,0,0,0,1110,88,203,d812010006010002000000000000000000000000560458cb00
1,1760,0,70400,6,1,0,2,0,0,0,0,0,0,1110,88,203,0013010006010002000000000000000000000000560458cb00
1,1761,0,70440,6,1,0,2,0,0,0,0,0,0,1110,88,203,2813010006010002000000000000000000000000560458cb00
1,1762,0,70480,6,1,0,2,0,0,0,0,0,0,1110,88,203,5013010006010002000000000000000000000000560458cb00
1,1763,0,70520,6,1,0,2,0,0,0,0,0,0,1110,88,203,7813010006010002000000000000000000000000560458cb00
1,1764,0,70561,6,1,0,2,0,0,0,0,0,0,1110,88,203,a113010006010002000000000000000000000000560458cb00
1,1765,0,70601,6,1,0,2,0,0,0,0,0,0,1110,88,203,c913010006010002000000000000000000000000560458cb00
1,1766,0,70641,6,1,0,2,0,0,0,0,0,0,1110,88,203,f113010006010002000000000000000000000000560458cb00
1,1767,0,70680,6,1,0,2,0,0,0,0,0,0,1110,88,203,1814010006010002000000000000000000000000560458cb00
1,1768,0,70720,6,1,0,2,0,0,0,0,0,0,1110,88,203,4014010006010002000000000000000000000000560458cb00
1,1769,0,70760,6,1,0,2,0,0,0,0,0,0,1110,88,203,6814010006010002000000000000000000000000560458cb00
1,1770,0,70800,6,1,0,2,0,0,0,0,0,0,1110,88,203,9014010006010002000000000000000000000000560458cb00
1,1771,0,70840,6,1,0,2,0,0,0,0,0,0,1110,88,203,b814010006010002000000000000000000000000560458cb00
1,1772,0,70880,6,1,0,2,0,0,0,0,0,0,1110,88,203,e014010006010002000000000000000000000000560458cb00
1,1773,0,70920,6,1,0,2,0,0,0,0,0,0,1110,88,203,0815010006010002000000000000000000000000560458cb00
1,1774,0,70960,6,1,0,2,0,0,0,0,0,0,1110,88,203,3015010006010002000000000000000000000000560458cb00
1,1775,0,71000,6,1,0,2,0,0,0,0,0,0,1110,88,203,5815010006010002000000000000000000000000560458cb00
1,1776,0,71040,6,1,0,2,0,0,0,0,0,0,1110,88,203,8015010006010002000000000000000000000000560458cb00
1,1777,0,71080,6,1,0,2,0,0,0,0,0,0,1110,88,203,a815010006010002000000000000000000000000560458cb00
1,1778,0,71121,6,1,0,2,0,0,0,0,0,0,1110,88,203,d115010006010002000000000000000000000000560458cb00
1,1779,0,71161,6,1,0,2,0,0,0,0,0,0,1110,88,203,f915010006010002000000000000000000000000560458cb00
1,1780,0,71200,6,1,0,2,0,0,0,0,0,0,1110,88,203,2016010006010002000000000000000000000000560458cb00
1,1781,0,71241,6,1,0,2,0,0,0,0,0,0,1110,88,203,4916010006010002000000000000000000000000560458cb00
1,1782,0,71280,6,1,0,2,0,0,0,0,0,0,1110,88,203,7016010006010002000000000000000000000000560458cb00
1,1783,0,71320,6,1,0,2,0,0,0,0,0,0,1110,88,203,9816010006010002000000000000000000000000560458cb00
1,1784,0,71360,6,1,0,2,0,0,0,0,0,0,1110,88,203,c016010006010002000000000000000000000000560458cb00
1,1785,0,71400,6,1,0,2,0,0,0,0,0,0,1110,88,203,e816010006010002000000000000000000000000560458cb00
1,1786,0,71440,6,1,0,2,0,0,0,0,0,0,1110,88,203,1017010006010002000000000000000000000000560458cb00
1,1787,0,71480,6,1,0,2,0,0,0,0,0,0,1110,88,203,3817010006010002000000000000000000000000560458cb00
1,1788,0,71520,6,1,0,2,0,0,0,0,0,0,1110,88,203,6017010006010002000000000000000000000000560458cb00
1,1789,0,71561,6,1,0,2,0,0,0,0,0,0,1110,88,203,8917010006010002000000000000000000000000560458cb00
1,1790,0,71600,6,1,0,2,0,0,0,0,0,0,1110,88,203,b017010006010002000000000000000000000000560458cb00
1,1791,0,71640,6,1,0,2,0,0,0,0,0,0,1110,88,203,d817010006010002000000000000000000000000560458cb00
1,1792,0,71680,6,1,0,2,0,0,0,0,0,0,1110,88,203,0018010006010002000000000000000000000000560458cb00
1,1793,0,71720,6,1,0,2,0,0,0,0,0,0,1110,88,203,2818010006010002000000000000000000000000560458cb00
1,1794,0,71760,6,1,0,2,0,0,0,0,0,0,1110,88,203,5018010006010002000000000000000000000000560458cb00
1,1795,0,71801,6,1,0,2,0,0,0,0,0,0,1110,88,203,7918010006010002000000000000000000000000560458cb00
1,1796,0,71841,6,1,0,2,0,0,0,0,0,0,1110,88,203,a118010006010002000000000000000000000000560458cb00
1,1797,0,71880,6,1,0,2,0,0,0,0,0,0,1110,88,203,c818010006010002000000000000000000000000560458cb00
1,1798,0,71920,6,1,0,2,0,0,0,0,0,0,1110,88,203,f018010006010002000000000000000000000000560458cb00
1,1799,0,71960,6,1,0,2,0,0,0,0,0,0,1110,88,203,1819010006010002000000000000000000000000560458cb00
1,1800,0,72000,6,1,0,2,0,0,0,0,0,0,1110,88,203,4019010006010002000000000000000000000000560458cb00
1,1801,0,72040,6,1,0,2,0,0,0,0,0,0,1110,88,203,6819010006010002000000000000000000000000560458cb00
1,1802,0,72080,6,1,0,2,0,0,0,0,0,0,1110,88,203,9019010006010002000000000000000000000000560458cb00
1,1803,0,72120,6,1,0,2,0,0,0,0,0,0,1110,88,203,b819010006010002000000000000000000000000560458cb00
1,1804,0,72160,6,1,0,2,0,0,0,0,0,0,1110,88,203,e019010006010002000000000000000000000000560458cb00
1,1805,0,72200,6,1,0,2,0,0,0,0,0,0,1110,88,203,081a010006010002000000000000000000000000560458cb00
1,1806,0,72240,6,1,0,2,0,0,0,0,0,0,1110,88,203,301a010006010002000000000000000000000000560458cb00
1,1807,0,72280,6,1,0,2,0,0,0,0,0,0,1110,88,203,581a010006010002000000000000000000000000560458cb00
1,1808,0,72320,6,1,0,2,0,0,0,0,0,0,1110,88,203,801a010006010002000000000000000000000000560458cb00
1,1809,0,72360,6,1,0,2,0,0,0,0,0,0,1110,88,203,a81a010006010002000000000000000000000000560458cb00
1,1810,0,72400,6,1,0,2,0,0,0,0,0,0,1110,88,203,d01a010006010002000000000000000000000000560458cb00
1,1811,0,72440,6,1,0,2,0,0,0,0,0,0,1110,88,203,f81a010006010002000000000000000000000000560458cb00
1,1812,0,72481,6,1,0,2,0,0,0,0,0,0,1110,88,203,211b010006010002000000000000000000000000560458cb00
1,1813,0,72520,6,1,0,2,0,0,0,0,0,0,1110,88,203,481b010006010002000000000000000000000000560458cb00
1,1814,0,72560,6,1,0,2,0,0,0,0,0,0,1110,88,203,701b010006010002000000000000000000000000560458cb00
1,1815,0,72600,6,1,0,2,0,0,0,0,0,0,1110,88,203,981b010006010002000000000000000000000000560458cb00
1,1816,0,72640,6,1,0,2,0,0,0,0,0,0,1110,88,203,c01b010006010002000000000000000000000000560458cb00
1,1817,0,72680,6,1,0,2,0,0,0,0,0,0,1110,88,203,e81b010006010002000000000000000000000000560458cb00
1,1818,0,72721,6,1,0,2,0,0,0,0,0,0,1110,88,203,111c010006010002000000000000000000000000560458cb00
1,1819,0,72761,6,1,0,2,0,0,0,0,0,0,1110,88,203,391c010006010002000000000000000000000000560458cb00
1,1820,0,72800,6,1,0,2,0,0,0,0,0,0,1110,88,203,601c010006010002000000000000000000000000560458cb00
1,1821,0,72840,6,1,0,2,0,0,0,0,0,0,1110,88,203,881c010006010002000000000000000000000000560458cb00
1,1822,0,72880,6,1,0,2,0,0,0,0,0,0,1110,88,203,b01c010006010002000000000000000000000000560458cb00
1,1823,0,72920,6,1,0,2,0,0,0,0,0,0,1110,88,203,d81c010006010002000000000000000000000000560458cb00
1,1824,0,72960,6,1,0,2,0,0,0,0,0,0,1110,88,203,001d010006010002000000000000000000000000560458cb00
1,1825,0,73000,6,1,0,2,0,0,0,0,0,0,1110,88,203,281d010006010002000000000000000000000000560458cb00
1,1826,0,73040,6,1,0,2,0,0,0,0,0,0,1110,88,203,501d010006010002000000000000000000000000560458cb00
1,1827,0,73080,6,1,0,2,0,0,0,0,0,0,1110,88,203,781d010006010002000000000000000000000000560458cb00
1,1828,0,73120,6,1,0,2,0,0,0,0,0,0,1110,88,203,a01d010006010002000000000000000000000000560458cb00
1,1829,0,73160,6,1,0,2,0,0,0,0,0,0,1110,88,203,c81d010006010002000000000000000000000000560458cb00
1,1830,0,73200,6,1,0,2,0,0,0,0,0,0,1110,88,203,f01d010006010002000000000000000000000000560458cb00
1,1831,0,73240,6,1,0,2,0,0,0,0,0,0,1110,88,203,181e010006010002000000000000000000000000560458cb00
1,1832,0,73280,6,1,0,2,0,0,0,0,0,0,1110,88,203,401e010006010002000000000000000000000000560458cb00
1,1833,0,73320,6,1,0,2,0,0,0,0,0,0,1110,88,203,681e010006010002000000000000000000000000560458cb00
1,1834,0,73360,6,1,0,2,0,0,0,0,0,0,1110,88,203,901e010006010002000000000000000000000000560458cb00
1,1835,0,73400,6,1,0,2,0,0,0,0,0,0,1110,88,203,b81e010006010002000000000000000000000000560458cb00
1,1836,0,73440,6,1,0,2,0,0,0,0,0,0,1110,88,203,e01e010006010002000000000000000000000000560458cb00
1,1837,0,73481,6,1,0,2,0,0,0,0,0,0,1110,88,203,091f010006010002000000000000000000000000560458cb00
1,1838,0,73520,6,1,0,2,0,0,0,0,0,0,1110,88,203,301f010006010002000000000000000000000000560458cb00
1,1839,0,73560,6,1,0,2,0,0,0,0,0,0,1110,88,203,581f010006010002000000000000000000000000560458cb00
1,1840,0,73600,6,1,0,2,0,0,0,0,0,0,1110,88,203,801f010006010002000000000000000000000000560458cb00
1,1841,0,73641,6,1,0,2,0,0,0,0,0,0,1110,88,203,a91f010006010002000000000000000000000000560458cb00
1,1842,0,73681,6,1,0,2,0,0,0,0,0,0,1110,88,203,d11f010006010002000000000000000000000000560458cb00
1,1843,0,73720,6,1,0,2,0,0,0,0,0,0,1110,88,203,f81f010006010002000000000000000000000000560458cb00
1,1844,0,73760,6,1,0,2,0,0,0,0,0,0,1110,88,203,2020010006010002000000000000000000000000560458cb00
1,1845,0,73800,6,1,0,2,0,0,0,0,0,0,1110,88,203,4820010006010002000000000000000000000000560458cb00
1,1846,0,73840,6,1,0,2,0,0,0,0,0,0,1110,88,203,7020010006010002000000000000000000000000560458cb00
1,1847,0,73880,6,1,0,2,0,0,0,0,0,0,1110,88,203,9820010006010002000000000000000000000000560458cb00
1,1848,0,73920,6,1,0,2,0,0,0,0,0,0,1110,88,203,c020010006010002000000000000000000000000560458cb00
1,1849,0,73960,6,1,0,2,0,0,0,0,0,0,1110,88,203,e820010006010002000000000000000000000000560458cb00
1,1850,0,74000,6,1,0,2,0,0,0,0,0,0,1110,88,203,1021010006010002000000000000000000000000560458cb00
1,1851,0,74040,6,1,0,2,0,0,0,0,0,0,1110,88,203,3821010006010002000000000000000000000000560458cb00
1,1852,0,74080,6,1,0,2,0,0,0,0,0,0,1110,88,203,6021010006010002000000000000000000000000560458cb00
1,1853,0,74120,6,1,0,2,0,0,0,0,0,0,1110,88,203,8821010006010002000000000000000000000000560458cb00
1,1854,0,74160,6,1,0,2,0,0,0,0,0,0,1110,88,203,b021010006010002000000000000000000000000560458cb00
1,1855,0,74201,6,1,0,2,0,0,0,0,0,0,1110,88,203,d921010006010002000000000000000000000000560458cb00
1,1856,0,74240,6,1,0,2,0,0,0,0,0,0,1110,88,203,0022010006010002000000000000000000000000560458cb00
1,1857,0,74280,6,1,0,2,0,0,0,0,0,0,1110,88,203,2822010006010002000000000000000000000000560458cb00
1,1858,0,74320,6,1,0,2,0,0,0,0,0,0,1110,88,203,5022010006010002000000000000000000000000560458cb00
1,1859,0,74360,6,1,0,2,0,0,0,0,0,0,1110,88,203,7822010006010002000000000000000000000000560458cb00
1,1860,0,74401,6,1,0,2,0,0,0,0,0,0,1110,88,203,a122010006010002000000000000000000000000560458cb00
1,1861,0,74440,6,1,0,2,0,0,0,0,0,0,1110,88,203,c822010006010002000000000000000000000000560458cb00
1,1862,0,74480,6,1,0,2,0,0,0,0,0,0,1110,88,203,f022010006010002000000000000000000000000560458cb00
1,1863,0,74520,6,1,0,2,0,0,0,0,0,0,1110,88,203,1823010006010002000000000000000000000000560458cb00
1,1864,0,74561,6,1,0,2,0,0,0,0,0,0,1110,88,203,4123010006010002000000000000000000000000560458cb00
1,1865,0,74600,6,1,0,2,0,0,0,0,0,0,1110,88,203,6823010006010002000000000000000000000000560458cb00
1,1866,0,74640,6,1,0,2,0,0,0,0,0,0,1110,88,203,9023010006010002000000000000000000000000560458cb00
1,1867,0,74680,6,1,0,2,0,0,0,0,0,0,1110,88,203,b823010006010002000000000000000000000000560458cb00
1,1868,0,74720,6,1,0,2,0,0,0,0,0,0,1110,88,203,e023010006010002000000000000000000000000560458cb00
1,1869,0,74760,6,1,0,2,0,0,0,0,0,0,1110,88,203,0824010006010002000000000000000000000000560458cb00
1,1870,0,74800,6,1,0,2,0,0,0,0,0,0,1110,88,203,3024010006010002000000000000000000000000560458cb00
1,1871,0,74840,6,1,0,2,0,0,0,0,0,0,1110,88,203,5824010006010002000000000000000000000000560458cb00
1,1872,0,74880,6,1,0,2,0,0,0,0,0,0,1110,88,203,8024010006010002000000000000000000000000560458cb00
1,1873,0,74921,6,1,0,2,0,0,0,0,0,0,1110,88,203,a924010006010002000000000000000000000000560458cb00
1,1874,0,74960,6,1,0,2,0,0,0,0,0,0,1110,88,203,d024010006010002000000000000000000000000560458cb00
1,1875,0,75000,6,1,0,2,0,0,0,0,0,0,1110,88,203,f824010006010002000000000000000000000000560458cb00
1,1876,0,75040,6,1,0,2,0,0,0,0,0,0,1110,88,203,2025010006010002000000000000000000000000560458cb00
1,1877,0,75080,6,1,0,2,0,0,0,0,0,0,1110,88,203,4825010006010002000000000000000000000000560458cb00
1,1878,0,75120,6,1,0,2,0,0,0,0,0,0,1110,88,203,7025010006010002000000000000000000000000560458cb00
1,1879,0,75160,6,1,0,2,0,0,0,0,0,0,1110,88,203,9825010006010002000000000000000000000000560458cb00
1,1880,0,75200,6,1,0,2,0,0,0,0,0,0,1110,88,203,c025010006010002000000000000000000000000560458cb00
1,1881,0,75241,6,1,0,2,0,0,0,0,0,0,1110,88,203,e925010006010002000000000000000000000000560458cb00
1,1882,0,75280,6,1,0,2,0,0,0,0,0,0,1110,88,203,1026010006010002000000000000000000000000560458cb00
1,1883,0,75320,6,1,0,2,0,0,0,0,0,0,1110,88,203,3826010006010002000000000000000000000000560458cb00
1,1884,0,75360,6,1,0,2,0,0,0,0,0,0,1110,88,203,6026010006010002000000000000000000000000560458cb00
1,1885,0,75400,6,1,0,2,0,0,0,0,0,0,1110,88,203,8826010006010002000000000000000000000000560458cb00
1,1886,0,75440,6,1,0,2,0,0,0,0,0,0,1110,88,203,b026010006010002000000000000000000000000560458cb00
1,1887,0,75481,6,1,0,2,0,0,0,0,0,0,1110,88,203,d926010006010002000000000000000000000000560458cb00
1,1888,0,75520,6,1,0,2,0,0,0,0,0,0,1110,88,203,0027010006010002000000000000000000000000560458cb00
1,1889,0,75560,6,1,0,2,0,0,0,0,0,0,1110,88,203,2827010006010002000000000000000000000000560458cb00
1,1890,0,75600,6,1,0,2,0,0,0,0,0,0,1110,88,203,5027010006010002000000000000000000000000560458cb00
1,1891,0,75641,6,1,0,2,0,0,0,0,0,0,1110,88,203,7927010006010002000000000000000000000000560458cb00
1,1892,0,75680,6,1,0,2,0,0,0,0,0,0,1110,88,203,a027010006010002000000000000000000000000560458cb00
1,1893,0,75720,6,1,0,2,0,0,0,0,0,0,1110,88,203,c827010006010002000000000000000000000000560458cb00
1,1894,0,75760,6,1,0,2,0,0,0,0,0,0,1110,88,203,f027010006010002000000000000000000000000560458cb00
1,1895,0,75800,6,1,0,2,0,0,0,0,0,0,1110,88,203,1828010006010002000000000000000000000000560458cb00
1,1896,0,75841,6,1,0,2,0,0,0,0,0,0,1110,88,203,4128010006010002000000000000000000000000560458cb00
1,1897,0,75880,6,1,0,2,0,0,0,0,0,0,1110,88,203,6828010006010002000000000000000000000000560458cb00
1,1898,0,75920,6,1,0,2,0,0,0,0,0,0,1110,88,203,9028010006010002000000000000000000000000560458cb00
1,1899,0,75960,6,1,0,2,0,0,0,0,0,0,1110,88,203,b828010006010002000000000000000000000000560458cb00
1,1900,0,76000,6,1,0,2,0,0,0,0,0,0,1110,88,203,e028010006010002000000000000000000000000560458cb00
1,1901,0,76040,6,1,0,2,0,0,0,0,0,0,1110,88,203,0829010006010002000000000000000000000000560458cb00
1,1902,0,76080,6,1,0,2,0,0,0,0,0,0,1110,88,203,3029010006010002000000000000000000000000560458cb00
1,1903,0,76120,6,1,0,2,0,0,0,0,0,0,1110,88,203,5829010006010002000000000000000000000000560458cb00
1,1904,0,76160,6,1,0,2,0,0,0,0,0,0,1110,88,203,8029010006010002000000000000000000000000560458cb00
1,1905,0,76200,6,1,0,2,0,0,0,0,0,0,1110,88,203,a829010006010002000000000000000000000000560458cb00
1,1906,0,76240,6,1,0,2,0,0,0,0,0,0,1110,88,203,d029010006010002000000000000000000000000560458cb00
1,1907,0,76280,6,1,0,2,0,0,0,0,0,0,1110,88,203,f829010006010002000000000000000000000000560458cb00
1,1908,0,76320,6,1,0,2,0,0,0,0,0,0,1110,88,203,202a010006010002000000000000000000000000560458cb00
1,1909,0,76360,6,1,0,2,0,0,0,0,0,0,1110,88,203,482a010006010002000000000000000000000000560458cb00
1,1910,0,76401,6,1,0,2,0,0,0,0,0,0,1110,88,203,712a010006010002000000000000000000000000560458cb00
1,1911,0,76440,6,1,0,2,0,0,0,0,0,0,1110,88,203,982a010006010002000000000000000000000000560458cb00
1,1912,0,76480,6,1,0,2,0,0,0,0,0,0,1110,88,203,c02a010006010002000000000000000000000000560458cb00
1,1913,0,76520,6,1,0,2,0,0,0,0,0,0,1110,88,203,e82a010006010002000000000000000000000000560458cb00
1,1914,0,76560,6,1,0,2,0,0,0,0,0,0,1110,88,203,102b010006010002000000000000000000000000560458cb00
1,1915,0,76600,6,1,0,2,0,0,0,0,0,0,1110,88,203,382b010006010002000000000000000000000000560458cb00
1,1916,0,76640,6,1,0,2,0,0,0,0,0,0,1110,88,203,602b010006010002000000000000000000000000560458cb00
1,1917,0,76680,6,1,0,2,0,0,0,0,0,0,1110,88,203,882b010006010002000000000000000000000000560458cb00
1,1918,0,76720,6,1,0,2,0,0,0,0,0,0,1110,88,203,b02b010006010002000000000000000000000000560458cb00
1,1919,0,76760,6,1,0,2,0,0,0,0,0,0,1110,88,203,d82b010006010002000000000000000000000000560458cb00
1,1920,0,76800,6,1,0,2,0,0,0,0,0,0,1110,88,203,002c010006010002000000000000000000000000560458cb00
1,1921,0,76840,6,1,0,2,0,0,0,0,0,0,1110,88,203,282c010006010002000000000000000000000000560458cb00
1,1922,0,76880,6,1,0,2,0,0,0,0,0,0,1110,88,203,502c010006010002000000000000000000000000560458cb00
1,1923,0,76920,6,1,0,2,0,0,0,0,0,0,1110,88,203,782c010006010002000000000000000000000000560458cb00
1,1924,0,76961,6,1,0,2,0,0,0,0,0,0,1110,88,203,a12c010006010002000000000000000000000000560458cb00
1,1925,0,77000,6,1,0,2,0,0,0,0,0,0,1110,88,203,c82c010006010002000000000000000000000000560458cb00
1,1926,0,77040,6,1,0,2,0,0,0,0,0,0,1110,88,203,f02c010006010002000000000000000000000000560458cb00
1,1927,0,77080,6,1,0,2,0,0,0,0,0,0,1110,88,203,182d010006010002000000000000000000000000560458cb00
1,1928,0,77120,6,1,0,2,0,0,0,0,0,0,1110,88,203,402d010006010002000000000000000000000000560458cb00
1,1929,0,77160,6,1,0,2,0,0,0,0,0,0,1110,88,203,682d010006010002000000000000000000000000560458cb00
1,1930,0,77200,6,1,0,2,0,0,0,0,0,0,1110,88,203,902d010006010002000000000000000000000000560458cb00
1,1931,0,77240,6,1,0,2,0,0,0,0,0,0,1110,88,203,b82d010006010002000000000000000000000000560458cb00
1,1932,0,77281,6,1,0,2,0,0,0,0,0,0,1110,88,203,e12d010006010002000000000000000000000000560458cb00
1,1933,0,77320,6,1,0,2,0,0,0,0,0,0,1110,88,203,082e010006010002000000000000000000000000560458cb00
1,1934,0,77360,6,1,0,2,0,0,0,0,0,0,1110,88,203,302e010006010002000000000000000000000000560458cb00
1,1935,0,77400,6,1,0,2,0,0,0,0,0,0,1110,88,203,582e010006010002000000000000000000000000560458cb00
1,1936,0,77440,6,1,0,2,0,0,0,0,0,0,1110,88,203,802e010006010002000000000000000000000000560458cb00
1,1937,0,77480,6,1,0,2,0,0,0,0,0,0,1110,88,203,a82e010006010002000000000000000000000000560458cb00
1,1938,0,77520,6,1,0,2,0,0,0,0,0,0,1110,88,203,d02e010006010002000000000000000000000000560458cb00
1,1939,0,77560,6,1,0,2,0,0,0,0,0,0,1110,88,203,f82e010006010002000000000000000000000000560458cb00
1,1940,0,77600,6,1,0,2,0,0,0,0,0,0,1110,88,203,202f010006010002000000000000000000000000560458cb00
1,1941,0,77640,6,1,0,2,0,0,0,0,0,0,1110,88,203,482f010006010002000000000000000000000000560458cb00
1,1942,0,77680,6,1,0,2,0,0,0,0,0,0,1110,88,203,702f010006010002000000000000000000000000560458cb00
1,1943,0,77720,6,1,0,2,0,0,0,0,0,0,1110,88,203,982f010006010002000000000000000000000000560458cb00
1,1944,0,77760,6,1,0,2,0,0,0,0,0,0,1110,88,203,c02f010006010002000000000000000000000000560458cb00
1,1945,0,77800,6,1,0,2,0,0,0,0,0,0,1110,88,203,e82f010006010002000000000000000000000000560458cb00
1,1946,0,77840,6,1,0,2,0,0,0,0,0,0,1110,88,203,1030010006010002000000000000000000000000560458cb00
1,1947,0,77881,6,1,0,2,0,0,0,0,0,0,1110,88,203,3930010006010002000000000000000000000000560458cb00
1,1948,0,77920,6,1,0,2,0,0,0,0,0,0,1110,88,203,6030010006010002000000000000000000000000560458cb00
1,1949,0,77960,6,1,0,2,0,0,0,0,0,0,1110,88,203,8830010006010002000000000000000000000000560458cb00
1,1950,0,78000,6,1,0,2,0,0,0,0,0,0,1110,88,203,b030010006010002000000000000000000000000560458cb00
1,1951,0,78040,6,1,0,2,0,0,0,0,0,0,1110,88,203,d830010006010002000000000000000000000000560458cb00
1,1952,0,78080,6,1,0,2,0,0,0,0,0,0,1110,88,203,0031010006010002000000000000000000000000560458cb00
1,1953,0,78120,6,1,0,2,0,0,0,0,0,0,1110,88,203,2831010006010002000000000000000000000000560458cb00
1,1954,0,78160,6,1,0,2,0,0,0,0,0,0,1110,88,203,5031010006010002000000000000000000000000560458cb00
1,1955,0,78201,6,1,0,2,0,0,0,0,0,0,1110,88,203,7931010006010002000000000000000000000000560458cb00
1,1956,0,78241,6,1,0,2,0,0,0,0,0,0,1110,88,203,a131010006010002000000000000000000000000560458cb00
1,1957,0,78280,6,1,0,2,0,0,0,0,0,0,1110,88,203,c831010006010002000000000000000000000000560458cb00
1,1958,0,78320,6,1,0,2,0,0,0,0,0,0,1110,88,203,f031010006010002000000000000000000000000560458cb00
1,1959,0,78360,6,1,0,2,0,0,0,0,0,0,1110,88,203,1832010006010002000000000000000000000000560458cb00
1,1960,0,78401,6,1,0,2,0,0,0,0,0,0,1110,88,203,4132010006010002000000000000000000000000560458cb00
1,1961,0,78440,6,1,0,2,0,0,0,0,0,0,1110,88,203,6832010006010002000000000000000000000000560458cb00
1,1962,0,78480,6,1,0,2,0,0,0,0,0,0,1110,88,203,9032010006010002000000000000000000000000560458cb00
1,1963,0,78520,6,1,0,2,0,0,0,0,0,0,1110,88,203,b832010006010002000000000000000000000000560458cb00
1,1964,0,78560,6,1,0,2,0,0,0,0,0,0,1110,88,203,e032010006010002000000000000000000000000560458cb00
1,1965,0,78600,6,1,0,2,0,0,0,0,0,0,1110,88,203,0833010006010002000000000000000000000000560458cb00
1,1966,0,78640,6,1,0,2,0,0,0,0,0,0,1110,88,203,3033010006010002000000000000000000000000560458cb00
1,1967,0,78680,6,1,0,2,0,0,0,0,0,0,1110,88,203,5833010006010002000000000000000000000000560458cb00
1,1968,0,78721,6,1,0,2,0,0,0,0,0,0,1110,88,203,8133010006010002000000000000000000000000560458cb00
1,1969,0,78760,6,1,0,2,0,0,0,0,0,0,1110,88,203,a833010006010002000000000000000000000000560458cb00
1,1970,0,78801,6,1,0,2,0,0,0,0,0,0,1110,88,203,d133010006010002000000000000000000000000560458cb00
1,1971,0,78840,6,1,0,2,0,0,0,0,0,0,1110,88,203,f833010006010002000000000000000000000000560458cb00
1,1972,0,78880,6,1,0,2,0,0,0,0,0,0,1110,88,203,2034010006010002000000000000000000000000560458cb00
1,1973,0,78921,6,1,0,2,0,0,0,0,0,0,1110,88,203,4934010006010002000000000000000000000000560458cb00
1,1974,0,78960,6,1,0,2,0,0,0,0,0,0,1110,88,203,7034010006010002000000000000000000000000560458cb00
1,1975,0,79000,6,1,0,2,0,0,0,0,0,0,1110,88,203,9834010006010002000000000000000000000000560458cb00
1,1976,0,79041,6,1,0,2,0,0,0,0,0,0,1110,88,203,c134010006010002000000000000000000000000560458cb00
1,1977,0,79080,6,1,0,2,0,0,0,0,0,0,1110,88,203,e834010006010002000000000000000000000000560458cb00
1,1978,0,79120,6,1,0,2,0,0,0,0,0,0,1110,88,203,1035010006010002000000000000000000000000560458cb00
1,1979,0,79161,6,1,0,2,0,0,0,0,0,0,1110,88,203,3935010006010002000000000000000000000000560458cb00
1,1980,0,79200,6,1,0,2,0,0,0,0,0,0,1110,88,203,6035010006010002000000000000000000000000560458cb00
1,1981,0,79240,6,1,0,2,0,0,0,0,0,0,1110,88,203,8835010006010002000000000000000000000000560458cb00
1,1982,0,79280,6,1,0,2,0,0,0,0,0,0,1110,88,203,b035010006010002000000000000000000000000560458cb00
1,1983,0,79321,6,1,0,2,0,0,0,0,0,0,1110,88,203,d935010006010002000000000000000000000000560458cb00
1,1984,0,79360,6,1,0,2,0,0,0,0,0,0,1110,88,203,0036010006010002000000000000000000000000560458cb00
1,1985,0,79400,6,1,0,2,0,0,0,0,0,0,1110,88,203,2836010006010002000000000000000000000000560458cb00
1,1986,0,79441,6,1,0,2,0,0,0,0,0,0,1110,88,203,5136010006010002000000000000000000000000560458cb00
1,1987,0,79480,6,1,0,2,0,0,0,0,0,0,1110,88,203,7836010006010002000000000000000000000000560458cb00
1,1988,0,79520,6,1,0,2,0,0,0,0,0,0,1110,88,203,a036010006010002000000000000000000000000560458cb00
1,1989,0,79560,6,1,0,2,0,0,0,0,0,0,1110,88,203,c836010006010002000000000000000000000000560458cb00
1,1990,0,79600,6,1,0,2,0,0,0,0,0,0,1110,88,203,f036010006010002000000000000000000000000560458cb00
1,1991,0,79641,6,1,0,2,0,0,0,0,0,0,1110,88,203,1937010006010002000000000000000000000000560458cb00
1,1992,0,79680,6,1,0,2,0,0,0,0,0,0,1110,88,203,4037010006010002000000000000000000000000560458cb00
1,1993,0,79721,6,1,0,2,0,0,0,0,0,0,1110,88,203,6937010006010002000000000000000000000000560458cb00
1,1994,0,79760,6,1,0,2,0,0,0,0,0,0,1110,88,203,9037010006010002000000000000000000000000560458cb00
1,1995,0,79800,6,1,0,2,0,0,0,0,0,0,1110,88,203,b837010006010002000000000000000000000000560458cb00
1,1996,0,79840,6,1,0,2,0,0,0,0,0,0,1110,88,203,e037010006010002000000000000000000000000560458cb00
1,1997,0,79880,6,1,0,2,0,0,0,0,0,0,1110,88,203,0838010006010002000000000000000000000000560458cb00
1,1998,0,79920,6,1,0,2,0,0,0,0,0,0,1110,88,203,3038010006010002000000000000000000000000560458cb00
1,1999,0,79960,6,1,0,2,0,0,0,0,0,0,1110,88,203,5838010006010002000000000000000000000000560458cb00
1,2000,0,80000,6,1,0,2,0,0,0,0,0,0,1110,88,203,8038010006010002000000000000000000000000560458cb00
1,2001,0,80040,6,1,0,2,0,0,0,0,0,0,1110,88,203,a838010006010002000000000000000000000000560458cb00
1,2002,0,80081,6,1,0,2,0,0,0,0,0,0,1110,88,203,d138010006010002000000000000000000000000560458cb00
1,2003,0,80120,6,1,0,2,0,0,0,0,0,0,1110,88,203,f838010006010002000000000000000000000000560458cb00
1,2004,0,80160,6,1,0,2,0,0,0,0,0,0,1110,88,203,2039010006010002000000000000000000000000560458cb00
1,2005,0,80200,6,1,0,2,0,0,0,0,0,0,1110,88,203,4839010006010002000000000000000000000000560458cb00
1,2006,0,80241,6,1,0,2,0,0,0,0,0,0,1110,88,203,7139010006010002000000000000000000000000560458cb00
1,2007,0,80280,6,1,0,2,0,0,0,0,0,0,1110,88,203,9839010006010002000000000000000000000000560458cb00
1,2008,0,80320,6,1,0,2,0,0,0,0,0,0,1110,88,203,c039010006010002000000000000000000000000560458cb00
1,2009,0,80361,6,1,0,2,0,0,0,0,0,0,1110,88,203,e939010006010002000000000000000000000000560458cb00
1,2010,0,80400,6,1,0,2,0,0,0,0,0,0,1110,88,203,103a010006010002000000000000000000000000560458cb00
1,2011,0,80440,6,1,0,2,0,0,0,0,0,0,1110,88,203,383a010006010002000000000000000000000000560458cb00
1,2012,0,80480,6,1,0,2,0,0,0,0,0,0,1110,88,203,603a010006010002000000000000000000000000560458cb00
1,2013,0,80520,6,1,0,2,0,0,0,0,0,0,1110,88,203,883a010006010002000000000000000000000000560458cb00
1,2014,0,80560,6,1,0,2,0,0,0,0,0,0,1110,88,203,b03a010006010002000000000000000000000000560458cb00
1,2015,0,80600,6,1,0,2,0,0,0,0,0,0,1110,88,203,d83a010006010002000000000000000000000000560458cb00
1,2016,0,80641,6,1,0,2,0,0,0,0,0,0,1110,88,203,013b010006010002000000000000000000000000560458cb00
1,2017,0,80680,6,1,0,2,0,0,0,0,0,0,1110,88,203,283b010006010002000000000000000000000000560458cb00
1,2018,0,80720,6,1,0,2,0,0,0,0,0,0,1110,88,203,503b010006010002000000000000000000000000560458cb00
1,2019,0,80760,6,1,0,2,0,0,0,0,0,0,1110,88,203,783b010006010002000000000000000000000000560458cb00
1,2020,0,80800,6,1,0,2,0,0,0,0,0,0,1110,88,203,a03b010006010002000000000000000000000000560458cb00
1,2021,0,80840,6,1,0,2,0,0,0,0,0,0,1110,88,203,c83b010006010002000000000000000000000000560458cb00
1,2022,0,80880,6,1,0,2,0,0,0,0,0,0,1110,88,203,f03b010006010002000000000000000000000000560458cb00
1,2023,0,80920,6,1,0,2,0,0,0,0,0,0,1110,88,203,183c010006010002000000000000000000000000560458cb00
1,2024,0,80960,6,1,0,2,0,0,0,0,0,0,1110,88,203,403c010006010002000000000000000000000000560458cb00
1,2025,0,81001,6,1,0,2,0,0,0,0,0,0,1110,88,203,693c010006010002000000000000000000000000560458cb00
1,2026,0,81040,6,1,0,2,0,0,0,0,0,0,1110,88,203,903c010006010002000000000000000000000000560458cb00
1,2027,0,81081,6,1,0,2,0,0,0,0,0,0,1110,88,203,b93c010006010002000000000000000000000000560458cb00
1,2028,0,81120,6,1,0,2,0,0,0,0,0,0,1110,88,203,e03c010006010002000000000000000000000000560458cb00
1,2029,0,81161,6,1,0,2,0,0,0,0,0,0,1110,88,203,093d010006010002000000000000000000000000560458cb00
1,2030,0,81200,6,1,0,2,0,0,0,0,0,0,1110,88,203,303d010006010002000000000000000000000000560458cb00
1,2031,0,81240,6,1,0,2,0,0,0,0,0,0,1110,88,203,583d010006010002000000000000000000000000560458cb00
1,2032,0,81280,6,1,0,2,0,0,0,0,0,0,1110,88,203,803d010006010002000000000000000000000000560458cb00
1,2033,0,81320,6,1,0,2,0,0,0,0,0,0,1110,88,203,a83d010006010002000000000000000000000000560458cb00
1,2034,0,81360,6,1,0,2,0,0,0,0,0,0,1110,88,203,d03d010006010002000000000000000000000000560458cb00
1,2035,0,81400,6,1,0,2,0,0,0,0,0,0,1110,88,203,f83d010006010002000000000000000000000000560458cb00
1,2036,0,81440,6,1,0,2,0,0,0,0,0,0,1110,88,203,203e010006010002000000000000000000000000560458cb00
1,2037,0,81481,6,1,0,2,0,0,0,0,0,0,1110,88,203,493e010006010002000000000000000000000000560458cb00
1,2038,0,81520,6,1,0,2,0,0,0,0,0,0,1110,88,203,703e010006010002000000000000000000000000560458cb00
1,2039,0,81561,6,1,0,2,0,0,0,0,0,0,1110,88,203,993e010006010002000000000000000000000000560458cb00
1,2040,0,81600,6,1,0,2,0,0,0,0,0,0,1110,88,203,c03e010006010002000000000000000000000000560458cb00
1,2041,0,81640,6,1,0,2,0,0,0,0,0,0,1110,88,203,e83e010006010002000000000000000000000000560458cb00
1,2042,0,81680,6,1,0,2,0,0,0,0,0,0,1110,88,203,103f010006010002000000000000000000000000560458cb00
1,2043,0,81720,6,1,0,2,0,0,0,0,0,0,1110,88,203,383f010006010002000000000000000000000000560458cb00
1,2044,0,81760,6,1,0,2,0,0,0,0,0,0,1110,88,203,603f010006010002000000000000000000000000560458cb00
1,2045,0,81801,6,1,0,2,0,0,0,0,0,0,1110,88,203,893f010006010002000000000000000000000000560458cb00
1,2046,0,81840,6,1,0,2,0,0,0,0,0,0,1110,88,203,b03f010006010002000000000000000000000000560458cb00
1,2047,0,81880,6,1,0,2,0,0,0,0,0,0,1110,88,203,d83f010006010002000000000000000000000000560458cb00
1,2048,0,81920,6,1,0,2,0,0,0,0,0,0,1110,88,203,0040010006010002000000000000000000000000560458cb00
1,2049,0,81960,6,1,0,2,0,0,0,0,0,0,1110,88,203,2840010006010002000000000000000000000000560458cb00
1,2050,0,82000,6,1,0,2,0,0,0,0,0,0,1110,88,203,5040010006010002000000000000000000000000560458cb00
1,2051,0,82040,6,1,0,2,0,0,0,0,0,0,1110,88,203,7840010006010002000000000000000000000000560458cb00
1,2052,0,82081,6,1,0,2,0,0,0,0,0,0,1110,88,203,a140010006010002000000000000000000000000560458cb00
1,2053,0,82120,6,1,0,2,0,0,0,0,0,0,1110,88,203,c840010006010002000000000000000000000000560458cb00
1,2054,0,82160,6,1,0,2,0,0,0,0,0,0,1110,88,203,f040010006010002000000000000000000000000560458cb00
1,2055,0,82201,6,1,0,2,0,0,0,0,0,0,1110,88,203,1941010006010002000000000000000000000000560458cb00
1,2056,0,82240,6,1,0,2,0,0,0,0,0,0,1110,88,203,4041010006010002000000000000000000000000560458cb00
1,2057,0,82280,6,1,0,2,0,0,0,0,0,0,1110,88,203,6841010006010002000000000000000000000000560458cb00
1,2058,0,82320,6,1,0,2,0,0,0,0,0,0,1110,88,203,9041010006010002000000000000000000000000560458cb00
1,2059,0,82360,6,1,0,2,0,0,0,0,0,0,1110,88,203,b841010006010002000000000000000000000000560458cb00
1,2060,0,82400,6,1,0,2,0,0,0,0,0,0,1110,88,203,e041010006010002000000000000000000000000560458cb00
1,2061,0,82440,6,1,0,2,0,0,0,0,0,0,1110,88,203,0842010006010002000000000000000000000000560458cb00
1,2062,0,82481,6,1,0,2,0,0,0,0,0,0,1110,88,203,3142010006010002000000000000000000000000560458cb00
1,2063,0,82520,6,1,0,2,0,0,0,0,0,0,1110,88,203,5842010006010002000000000000000000000000560458cb00
1,2064,0,82560,6,1,0,2,0,0,0,0,0,0,1110,88,203,8042010006010002000000000000000000000000560458cb00
1,2065,0,82600,6,1,0,2,0,0,0,0,0,0,1110,88,203,a842010006010002000000000000000000000000560458cb00
1,2066,0,82640,6,1,0,2,0,0,0,0,0,0,1110,88,203,d042010006010002000000000000000000000000560458cb00
1,2067,0,82680,6,1,0,2,0,0,0,0,0,0,1110,88,203,f842010006010002000000000000000000000000560458cb00
1,2068,0,82721,6,1,0,2,0,0,0,0,0,0,1110,88,203,2143010006010002000000000000000000000000560458cb00
1,2069,0,82760,6,1,0,2,0,0,0,0,0,0,1110,88,203,4843010006010002000000000000000000000000560458cb00
1,2070,0,82800,6,1,0,2,0,0,0,0,0,0,1110,88,203,7043010006010002000000000000000000000000560458cb00
1,2071,0,82841,6,1,0,2,0,0,0,0,0,0,1110,88,203,9943010006010002000000000000000000000000560458cb00
1,2072,0,82880,6,1,0,2,0,0,0,0,0,0,1110,88,203,c043010006010002000000000000000000000000560458cb00
1,2073,0,82921,6,1,0,2,0,0,0,0,0,0,1110,88,203,e943010006010002000000000000000000000000560458cb00
1,2074,0,82960,6,1,0,2,0,0,0,0,0,0,1110,88,203,1044010006010002000000000000000000000000560458cb00
1,2075,0,83001,6,1,0,2,0,0,0,0,0,0,1110,88,203,3944010006010002000000000000000000000000560458cb00
1,2076,0,83040,6,1,0,2,0,0,0,0,0,0,1110,88,203,6044010006010002000000000000000000000000560458cb00
1,2077,0,83080,6,1,0,2,0,0,0,0,0,0,1110,88,203,8844010006010002000000000000000000000000560458cb00
1,2078,0,83120,6,1,0,2,0,0,0,0,0,0,1110,88,203,b044010006010002000000000000000000000000560458cb00
1,2079,0,83160,6,1,0,2,0,0,0,0,0,0,1110,88,203,d844010006010002000000000000000000000000560458cb00
1,2080,0,83200,6,1,0,2,0,0,0,0,0,0,1110,88,203,0045010006010002000000000000000000000000560458cb00
1,2081,0,83240,6,1,0,2,0,0,0,0,0,0,1110,88,203,2845010006010002000000000000000000000000560458cb00
1,2082,0,83280,6,1,0,2,0,0,0,0,0,0,1110,88,203,5045010006010002000000000000000000000000560458cb00
1,2083,0,83321,6,1,0,2,0,0,0,0,0,0,1110,88,203,7945010006010002000000000000000000000000560458cb00
1,2084,0,83360,6,1,0,2,0,0,0,0,0,0,1110,88,203,a045010006010002000000000000000000000000560458cb00
1,2085,0,83401,6,1,0,2,0,0,0,0,0,0,1110,88,203,c945010006010002000000000000000000000000560458cb00
1,2086,0,83441,6,1,0,2,0,0,0,0,0,0,1110,88,203,f145010006010002000000000000000000000000560458cb00
1,2087,0,83480,6,1,0,2,0,0,0,0,0,0,1110,88,203,1846010006010002000000000000000000000000560458cb00
1,2088,0,83520,6,1,0,2,0,0,0,0,0,0,1110,88,203,4046010006010002000000000000000000000000560458cb00
1,2089,0,83560,6,1,0,2,0,0,0,0,0,0,1110,88,203,6846010006010002000000000000000000000000560458cb00
1,2090,0,83600,6,1,0,2,0,0,0,0,0,0,1110,88,203,9046010006010002000000000000000000000000560458cb00
1,2091,0,83640,6,1,0,2,0,0,0,0,0,0,1110,88,203,b846010006010002000000000000000000000000560458cb00
1,2092,0,83680,6,1,0,2,0,0,0,0,0,0,1110,88,203,e046010006010002000000000000000000000000560458cb00
1,2093,0,83720,6,1,0,2,0,0,0,0,0,0,1110,88,203,0847010006010002000000000000000000000000560458cb00
1,2094,0,83760,6,1,0,2,0,0,0,0,0,0,1110,88,203,3047010006010002000000000000000000000000560458cb00
1,2095,0,83800,6,1,0,2,0,0,0,0,0,0,1110,88,203,5847010006010002000000000000000000000000560458cb00
1,2096,0,83841,6,1,0,2,0,0,0,0,0,0,1110,88,203,8147010006010002000000000000000000000000560458cb00
1,2097,0,83880,6,1,0,2,0,0,0,0,0,0,1110,88,203,a847010006010002000000000000000000000000560458cb00
1,2098,0,83921,6,1,0,2,0,0,0,0,0,0,1110,88,203,d147010006010002000000000000000000000000560458cb00
1,2099,0,83961,6,1,0,2,0,0,0,0,0,0,1110,88,203,f947010006010002000000000000000000000000560458cb00
1,2100,0,84000,6,1,0,2,0,0,0,0,0,0,1110,88,203,2048010006010002000000000000000000000000560458cb00
1,2101,0,84040,6,1,0,2,0,0,0,0,0,0,1110,88,203,4848010006010002000000000000000000000000560458cb00
1,2102,0,84080,6,1,0,2,0,0,0,0,0,0,1110,88,203,7048010006010002000000000000000000000000560458cb00
1,2103,0,84120,6,1,0,2,0,0,0,0,0,0,1110,88,203,9848010006010002000000000000000000000000560458cb00
1,2104,0,84161,6,1,0,2,0,0,0,0,0,0,1110,88,203,c148010006010002000000000000000000000000560458cb00
1,2105,0,84200,6,1,0,2,0,0,0,0,0,0,1110,88,203,e848010006010002000000000000000000000000560458cb00
1,2106,0,84241,6,1,0,2,0,0,0,0,0,0,1110,88,203,1149010006010002000000000000000000000000560458cb00
1,2107,0,84280,6,1,0,2,0,0,0,0,0,0,1110,88,203,3849010006010002000000000000000000000000560458cb00
1,2108,0,84320,6,1,0,2,0,0,0,0,0,0,1110,88,203,6049010006010002000000000000000000000000560458cb00
1,2109,0,84360,6,1,0,2,0,0,0,0,0,0,1110,88,203,8849010006010002000000000000000000000000560458cb00
1,2110,0,84400,6,1,0,2,0,0,0,0,0,0,1110,88,203,b049010006010002000000000000000000000000560458cb00
1,2111,0,84440,6,1,0,2,0,0,0,0,0,0,1110,88,203,d849010006010002000000000000000000000000560458cb00
1,2112,0,84480,6,1,0,2,0,0,0,0,0,0,1110,88,203,004a010006010002000000000000000000000000560458cb00
1,2113,0,84520,6,1,0,2,0,0,0,0,0,0,1110,88,203,284a010006010002000000000000000000000000560458cb00
1,2114,0,84560,6,1,0,2,0,0,0,0,0,0,1110,88,203,504a010006010002000000000000000000000000560458cb00
1,2115,0,84601,6,1,0,2,0,0,0,0,0,0,1110,88,203,794a010006010002000000000000000000000000560458cb00
1,2116,0,84640,6,1,0,2,0,0,0,0,0,0,1110,88,203,a04a010006010002000000000000000000000000560458cb00
1,2117,0,84680,6,1,0,2,0,0,0,0,0,0,1110,88,203,c84a010006010002000000000000000000000000560458cb00
1,2118,0,84720,6,1,0,2,0,0,0,0,0,0,1110,88,203,f04a010006010002000000000000000000000000560458cb00
1,2119,0,84760,6,1,0,2,0,0,0,0,0,0,1110,88,203,184b010006010002000000000000000000000000560458cb00
1,2120,0,84800,6,1,0,2,0,0,0,0,0,0,1110,88,203,404b010006010002000000000000000000000000560458cb00
1,2121,0,84841,6,1,0,2,0,0,0,0,0,0,1110,88,203,694b010006010002000000000000000000000000560458cb00
1,2122,0,84881,6,1,0,2,0,0,0,0,0,0,1110,88,203,914b010006010002000000000000000000000000560458cb00
1,2123,0,84920,6,1,0,2,0,0,0,0,0,0,1110,88,203,b84b010006010002000000000000000000000000560458cb00
1,2124,0,84960,6,1,0,2,0,0,0,0,0,0,1110,88,203,e04b010006010002000000000000000000000000560458cb00
1,2125,0,85000,6,1,0,2,0,0,0,0,0,0,1110,88,203,084c010006010002000000000000000000000000560458cb00
1,2126,0,85040,6,1,0,2,0,0,0,0,0,0,1110,88,203,304c010006010002000000000000000000000000560458cb00
1,2127,0,85080,6,1,0,2,0,0,0,0,0,0,1110,88,203,584c010006010002000000000000000000000000560458cb00
1,2128,0,85120,6,1,0,2,0,0,0,0,0,0,1110,88,203,804c010006010002000000000000000000000000560458cb00
1,2129,0,85161,6,1,0,2,0,0,0,0,0,0,1110,88,203,a94c010006010002000000000000000000000000560458cb00
1,2130,0,85200,6,1,0,2,0,0,0,0,0,0,1110,88,203,d04c010006010002000000000000000000000000560458cb00
1,2131,0,85241,6,1,0,2,0,0,0,0,0,0,1110,88,203,f94c010006010002000000000000000000000000560458cb00
1,2132,0,85281,6,1,0,2,0,0,0,0,0,0,1110,88,203,214d010006010002000000000000000000000000560458cb00
1,2133,0,85320,6,1,0,2,0,0,0,0,0,0,1110,88,203,484d010006010002000000000000000000000000560458cb00
1,2134,0,85360,6,1,0,2,0,0,0,0,0,0,1110,88,203,704d010006010002000000000000000000000000560458cb00
1,2135,0,85400,6,1,0,2,0,0,0,0,0,0,1110,88,203,984d010006010002000000000000000000000000560458cb00
1,2136,0,85440,6,1,0,2,0,0,0,0,0,0,1110,88,203,c04d010006010002000000000000000000000000560458cb00
1,2137,0,85480,6,1,0,2,0,0,0,0,0,0,1110,88,203,e84d010006010002000000000000000000000000560458cb00
1,2138,0,85520,6,1,0,2,0,0,0,0,0,0,1110,88,203,104e010006010002000000000000000000000000560458cb00
1,2139,0,85560,6,1,0,2,0,0,0,0,0,0,1110,88,203,384e010006010002000000000000000000000000560458cb00
1,2140,0,85601,6,1,0,2,0,0,0,0,0,0,1110,88,203,614e010006010002000000000000000000000000560458cb00
1,2141,0,85640,6,1,0,2,0,0,0,0,0,0,1110,88,203,884e010006010002000000000000000000000000560458cb00
1,2142,0,85680,6,1,0,2,0,0,0,0,0,0,1110,88,203,b04e010006010002000000000000000000000000560458cb00
1,2143,0,85720,6,1,0,2,0,0,0,0,0,0,1110,88,203,d84e010006010002000000000000000000000000560458cb00
1,2144,0,85761,6,1,0,2,0,0,0,0,0,0,1110,88,203,014f010006010002000000000000000000000000560458cb00
1,2145,0,85800,6,1,0,2,0,0,0,0,0,0,1110,88,203,284f010006010002000000000000000000000000560458cb00
1,2146,0,85840,6,1,0,2,0,0,0,0,0,0,1110,88,203,504f010006010002000000000000000000000000560458cb00
1,2147,0,85880,6,1,0,2,0,0,0,0,0,0,1110,88,203,784f010006010002000000000000000000000000560458cb00
1,2148,0,85920,6,1,0,2,0,0,0,0,0,0,1110,88,203,a04f010006010002000000000000000000000000560458cb00
1,2149,0,85960,6,1,0,2,0,0,0,0,0,0,1110,88,203,c84f010006010002000000000000000000000000560458cb00
1,2150,0,86001,6,1,0,2,0,0,0,0,0,0,1110,88,203,f14f010006010002000000000000000000000000560458cb00
1,2151,0,86040,6,1,0,2,0,0,0,0,0,0,1110,88,203,1850010006010002000000000000000000000000560458cb00
1,2152,0,86081,6,1,0,2,0,0,0,0,0,0,1110,88,203,4150010006010002000000000000000000000000560458cb00
1,2153,0,86120,6,1,0,2,0,0,0,0,0,0,1110,88,203,6850010006010002000000000000000000000000560458cb00
1,2154,0,86161,6,1,0,2,0,0,0,0,0,0,1110,88,203,9150010006010002000000000000000000000000560458cb00
1,2155,0,86200,6,1,0,2,0,0,0,0,0,0,1110,88,203,b850010006010002000000000000000000000000560458cb00
1,2156,0,86240,6,1,0,2,0,0,0,0,0,0,1110,88,203,e050010006010002000000000000000000000000560458cb00
1,2157,0,86280,6,1,0,2,0,0,0,0,0,0,1110,88,203,0851010006010002000000000000000000000000560458cb00
1,2158,0,86321,6,1,0,2,0,0,0,0,0,0,1110,88,203,3151010006010002000000000000000000000000560458cb00
1,2159,0,86360,6,1,0,2,0,0,0,0,0,0,1110,88,203,5851010006010002000000000000000000000000560458cb00
1,2160,0,86400,6,1,0,2,0,0,0,0,0,0,1110,88,203,8051010006010002000000000000000000000000560458cb00
1,2161,0,86441,6,1,0,2,0,0,0,0,0,0,1110,88,203,a951010006010002000000000000000000000000560458cb00
1,2162,0,86480,6,1,0,2,0,0,0,0,0,0,1110,88,203,d051010006010002000000000000000000000000560458cb00
1,2163,0,86521,6,1,0,2,0,0,0,0,0,0,1110,88,203,f951010006010002000000000000000000000000560458cb00
1,2164,0,86560,6,1,0,2,0,0,0,0,0,0,1110,88,203,2052010006010002000000000000000000000000560458cb00
1,2165,0,86600,6,1,0,2,0,0,0,0,0,0,1110,88,203,4852010006010002000000000000000000000000560458cb00
1,2166,0,86640,6,1,0,2,0,0,0,0,0,0,1110,88,203,7052010006010002000000000000000000000000560458cb00
1,2167,0,86681,6,1,0,2,0,0,0,0,0,0,1110,88,203,9952010006010002000000000000000000000000560458cb00
1,2168,0,86720,6,1,0,2,0,0,0,0,0,0,1110,88,203,c052010006010002000000000000000000000000560458cb00
1,2169,0,86760,6,1,0,2,0,0,0,0,0,0,1110,88,203,e852010006010002000000000000000000000000560458cb00
1,2170,0,86800,6,1,0,2,0,0,0,0,0,0,1110,88,203,1053010006010002000000000000000000000000560458cb00
1,2171,0,86840,6,1,0,2,0,0,0,0,0,0,1110,88,203,3853010006010002000000000000000000000000560458cb00
1,2172,0,86880,6,1,0,2,0,0,0,0,0,0,1110,88,203,6053010006010002000000000000000000000000560458cb00
1,2173,0,86921,6,1,0,2,0,0,0,0,0,0,1110,88,203,8953010006010002000000000000000000000000560458cb00
1,2174,0,86960,6,1,0,2,0,0,0,0,0,0,1110,88,203,b053010006010002000000000000000000000000560458cb00
1,2175,0,87001,6,1,0,2,0,0,0,0,0,0,1110,88,203,d953010006010002000000000000000000000000560458cb00
1,2176,0,87040,6,1,0,2,0,0,0,0,0,0,1110,88,203,0054010006010002000000000000000000000000560458cb00
1,2177,0,87081,6,1,0,2,0,0,0,0,0,0,1110,88,203,2954010006010002000000000000000000000000560458cb00
1,2178,0,87120,6,1,0,2,0,0,0,0,0,0,1110,88,203,5054010006010002000000000000000000000000560458cb00
1,2179,0,87160,6,1,0,2,0,0,0,0,0,0,1110,88,203,7854010006010002000000000000000000000000560458cb00
1,2180,0,87200,6,1,0,2,0,0,0,0,0,0,1110,88,203,a054010006010002000000000000000000000000560458cb00
1,2181,0,87241,6,1,0,2,0,0,0,0,0,0,1110,88,203,c954010006010002000000000000000000000000560458cb00
1,2182,0,87280,6,1,0,2,0,0,0,0,0,0,1110,88,203,f054010006010002000000000000000000000000560458cb00
1,2183,0,87320,6,1,0,2,0,0,0,0,0,0,1110,88,203,1855010006010002000000000000000000000000560458cb00
1,2184,0,87360,6,1,0,2,0,0,0,0,0,0,1110,88,203,4055010006010002000000000000000000000000560458cb00
1,2185,0,87400,6,1,0,2,0,0,0,0,0,0,1110,88,203,6855010006010002000000000000000000000000560458cb00
1,2186,0,87440,6,1,0,2,0,0,0,0,0,0,1110,88,203,9055010006010002000000000000000000000000560458cb00
1,2187,0,87480,6,1,0,2,0,0,0,0,0,0,1110,88,203,b855010006010002000000000000000000000000560458cb00
1,2188,0,87520,6,1,0,2,0,0,0,0,0,0,1110,88,203,e055010006010002000000000000000000000000560458cb00
1,2189,0,87560,6,1,0,2,0,0,0,0,0,0,1110,88,203,0856010006010002000000000000000000000000560458cb00
1,2190,0,87601,6,1,0,2,0,0,0,0,0,0,1110,88,203,3156010006010002000000000000000000000000560458cb00
1,2191,0,87640,6,1,0,2,0,0,0,0,0,0,1110,88,203,5856010006010002000000000000000000000000560458cb00
1,2192,0,87680,6,1,0,2,0,0,0,0,0,0,1110,88,203,8056010006010002000000000000000000000000560458cb00
1,2193,0,87720,6,1,0,2,0,0,0,0,0,0,1110,88,203,a856010006010002000000000000000000000000560458cb00
1,2194,0,87760,6,1,0,2,0,0,0,0,0,0,1110,88,203,d056010006010002000000000000000000000000560458cb00
1,2195,0,87800,6,1,0,2,0,0,0,0,0,0,1110,88,203,f856010006010002000000000000000000000000560458cb00
1,2196,0,87840,6,1,0,2,0,0,0,0,0,0,1110,88,203,2057010006010002000000000000000000000000560458cb00
1,2197,0,87880,6,1,0,2,0,0,0,0,0,0,1110,88,203,4857010006010002000000000000000000000000560458cb00
1,2198,0,87920,6,1,0,2,0,0,0,0,0,0,1110,88,203,7057010006010002000000000000000000000000560458cb00
1,2199,0,87961,6,1,0,2,0,0,0,0,0,0,1110,88,203,9957010006010002000000000000000000000000560458cb00
1,2200,0,88001,6,1,0,2,0,0,0,0,0,0,1110,88,203,c157010006010002000000000000000000000000560458cb00
1,2201,0,88040,6,1,0,2,0,0,0,0,0,0,1110,88,203,e857010006010002000000000000000000000000560458cb00
1,2202,0,88080,6,1,0,2,0,0,0,0,0,0,1110,88,203,1058010006010002000000000000000000000000560458cb00
1,2203,0,88120,6,1,0,2,0,0,0,0,0,0,1110,88,203,3858010006010002000000000000000000000000560458cb00
1,2204,0,88160,6,1,0,2,0,0,0,0,0,0,1110,88,203,6058010006010002000000000000000000000000560458cb00
1,2205,0,88200,6,1,0,2,0,0,0,0,0,0,1110,88,203,8858010006010002000000000000000000000000560458cb00
1,2206,0,88240,6,1,0,2,0,0,0,0,0,0,1110,88,203,b058010006010002000000000000000000000000560458cb00
1,2207,0,88280,6,1,0,2,0,0,0,0,0,0,1110,88,203,d858010006010002000000000000000000000000560458cb00
1,2208,0,88320,6,1,0,2,0,0,0,0,0,0,1110,88,203,0059010006010002000000000000000000000000560458cb00
1,2209,0,88360,6,1,0,2,0,0,0,0,0,0,1110,88,203,2859010006010002000000000000000000000000560458cb00
1,2210,0,88400,6,1,0,2,0,0,0,0,0,0,1110,88,203,5059010006010002000000000000000000000000560458cb00
1,2211,0,88440,6,1,0,2,0,0,0,0,0,0,1110,88,203,7859010006010002000000000000000000000000560458cb00
1,2212,0,88480,6,1,0,2,0,0,0,0,0,0,1110,88,203,a059010006010002000000000000000000000000560458cb00
1,2213,0,88521,6,1,0,2,0,0,0,0,0,0,1110,88,203,c959010006010002000000000000000000000000560458cb00
1,2214,0,88560,6,1,0,2,0,0,0,0,0,0,1110,88,203,f059010006010002000000000000000000000000560458cb00
1,2215,0,88600,6,1,0,2,0,0,0,0,0,0,1110,88,203,185a010006010002000000000000000000000000560458cb00
1,2216,0,88640,6,1,0,2,0,0,0,0,0,0,1110,88,203,405a010006010002000000000000000000000000560458cb00
1,2217,0,88681,6,1,0,2,0,0,0,0,0,0,1110,88,203,695a010006010002000000000000000000000000560458cb00
1,2218,0,88720,6,1,0,2,0,0,0,0,0,0,1110,88,203,905a010006010002000000000000000000000000560458cb00
1,2219,0,88760,6,1,0,2,0,0,0,0,0,0,1110,88,203,b85a010006010002000000000000000000000000560458cb00
1,2220,0,88800,6,1,0,2,0,0,0,0,0,0,1110,88,203,e05a010006010002000000000000000000000000560458cb00
1,2221,0,88840,6,1,0,2,0,0,0,0,0,0,1110,88,203,085b010006010002000000000000000000000000560458cb00
1,2222,0,88881,6,1,0,2,0,0,0,0,0,0,1110,88,203,315b010006010002000000000000000000000000560458cb00
1,2223,0,88921,6,1,0,2,0,0,0,0,0,0,1110,88,203,595b010006010002000000000000000000000000560458cb00
1,2224,0,88960,6,1,0,2,0,0,0,0,0,0,1110,88,203,805b010006010002000000000000000000000000560458cb00
1,2225,0,89000,6,1,0,2,0,0,0,0,0,0,1110,88,203,a85b010006010002000000000000000000000000560458cb00
1,2226,0,89040,6,1,0,2,0,0,0,0,0,0,1110,88,203,d05b010006010002000000000000000000000000560458cb00
1,2227,0,89081,6,1,0,2,0,0,0,0,0,0,1110,88,203,f95b010006010002000000000000000000000000560458cb00
1,2228,0,89120,6,1,0,2,0,0,0,0,0,0,1110,88,203,205c010006010002000000000000000000000000560458cb00
1,2229,0,89160,6,1,0,2,0,0,0,0,0,0,1110,88,203,485c010006010002000000000000000000000000560458cb00
1,2230,0,89200,6,1,0,2,0,0,0,0,0,0,1110,88,203,705c010006010002000000000000000000000000560458cb00
1,2231,0,89240,6,1,0,2,0,0,0,0,0,0,1110,88,203,985c010006010002000000000000000000000000560458cb00
1,2232,0,89280,6,1,0,2,0,0,0,0,0,0,1110,88,203,c05c010006010002000000000000000000000000560458cb00
1,2233,0,89320,6,1,0,2,0,0,0,0,0,0,1110,88,203,e85c010006010002000000000000000000000000560458cb00
1,2234,0,89360,6,1,0,2,0,0,0,0,0,0,1110,88,203,105d010006010002000000000000000000000000560458cb00
1,2235,0,89401,6,1,0,2,0,0,0,0,0,0,1110,88,203,395d010006010002000000000000000000000000560458cb00
1,2236,0,89441,6,1,0,2,0,0,0,0,0,0,1110,88,203,615d010006010002000000000000000000000000560458cb00
1,2237,0,89480,6,1,0,2,0,0,0,0,0,0,1110,88,203,885d010006010002000000000000000000000000560458cb00
1,2238,0,89521,6,1,0,2,0,0,0,0,0,0,1110,88,203,b15d010006010002000000000000000000000000560458cb00
1,2239,0,89560,6,1,0,2,0,0,0,0,0,0,1110,88,203,d85d010006010002000000000000000000000000560458cb00
1,2240,0,89601,6,1,0,2,0,0,0,0,0,0,1110,88,203,015e010006010002000000000000000000000000560458cb00
1,2241,0,89640,6,1,0,2,0,0,0,0,0,0,1110,88,203,285e010006010002000000000000000000000000560458cb00
1,2242,0,89680,6,1,0,2,0,0,0,0,0,0,1110,88,203,505e010006010002000000000000000000000000560458cb00
1,2243,0,89720,6,1,0,2,0,0,0,0,0,0,1110,88,203,785e010006010002000000000000000000000000560458cb00
1,2244,0,89760,6,1,0,2,0,0,0,0,0,0,1110,88,203,a05e010006010002000000000000000000000000560458cb00
1,2245,0,89800,6,1,0,2,0,0,0,0,0,0,1110,88,203,c85e010006010002000000000000000000000000560458cb00
1,2246,0,89840,6,1,0,2,0,0,0,0,0,0,1110,88,203,f05e010006010002000000000000000000000000560458cb00
1,2247,0,89880,6,1,0,2,0,0,0,0,0,0,1110,88,203,185f010006010002000000000000000000000000560458cb00
1,2248,0,89920,6,1,0,2,0,0,0,0,0,0,1110,88,203,405f010006010002000000000000000000000000560458cb00
1,2249,0,89960,6,1,0,2,0,0,0,0,0,0,1110,88,203,685f010006010002000000000000000000000000560458cb00
1,2250,0,90001,6,1,0,2,0,0,0,0,0,0,1110,88,203,915f010006010002000000000000000000000000560458cb00
1,2251,0,90040,6,1,0,2,0,0,0,0,0,0,1110,88,203,b85f010006010002000000000000000000000000560458cb00
1,2252,0,90080,6,1,0,2,0,0,0,0,0,0,1110,88,203,e05f010006010002000000000000000000000000560458cb00
1,2253,0,90121,6,1,0,2,0,0,0,0,0,0,1110,88,203,0960010006010002000000000000000000000000560458cb00
1,2254,0,90160,6,1,0,2,0,0,0,0,0,0,1110,88,203,3060010006010002000000000000000000000000560458cb00
1,2255,0,90200,6,1,0,2,0,0,0,0,0,0,1110,88,203,5860010006010002000000000000000000000000560458cb00
1,2256,0,90240,6,1,0,2,0,0,0,0,0,0,1110,88,203,8060010006010002000000000000000000000000560458cb00
1,2257,0,90280,6,1,0,2,0,0,0,0,0,0,1110,88,203,a860010006010002000000000000000000000000560458cb00
1,2258,0,90321,6,1,0,2,0,0,0,0,0,0,1110,88,203,d160010006010002000000000000000000000000560458cb00
1,2259,0,90361,6,1,0,2,0,0,0,0,0,0,1110,88,203,f960010006010002000000000000000000000000560458cb00
1,2260,0,90400,6,1,0,2,0,0,0,0,0,0,1110,88,203,2061010006010002000000000000000000000000560458cb00
1,2261,0,90440,6,1,0,2,0,0,0,0,0,0,1110,88,203,4861010006010002000000000000000000000000560458cb00
1,2262,0,90480,6,1,0,2,0,0,0,0,0,0,1110,88,203,7061010006010002000000000000000000000000560458cb00
1,2263,0,90520,6,1,0,2,0,0,0,0,0,0,1110,88,203,9861010006010002000000000000000000000000560458cb00
1,2264,0,90560,6,1,0,2,0,0,0,0,0,0,1110,88,203,c061010006010002000000000000000000000000560458cb00
1,2265,0,90600,6,1,0,2,0,0,0,0,0,0,1110,88,203,e861010006010002000000000000000000000000560458cb00
1,2266,0,90640,6,1,0,2,0,0,0,0,0,0,1110,88,203,1062010006010002000000000000000000000000560458cb00
1,2267,0,90680,6,1,0,2,0,0,0,0,0,0,1110,88,203,3862010006010002000000000000000000000000560458cb00
1,2268,0,90720,6,1,0,2,0,0,0,0,0,0,1110,88,203,6062010006010002000000000000000000000000560458cb00
1,2269,0,90761,6,1,0,2,0,0,0,0,0,0,1110,88,203,8962010006010002000000000000000000000000560458cb00
1,2270,0,90800,6,1,0,2,0,0,0,0,0,0,1110,88,203,b062010006010002000000000000000000000000560458cb00
1,2271,0,90840,6,1,0,2,0,0,0,0,0,0,1110,88,203,d862010006010002000000000000000000000000560458cb00
1,2272,0,90880,6,1,0,2,0,0,0,0,0,0,1110,88,203,0063010006010002000000000000000000000000560458cb00
1,2273,0,90921,6,1,0,2,0,0,0,0,0,0,1110,88,203,2963010006010002000000000000000000000000560458cb00
1,2274,0,90960,6,1,0,2,0,0,0,0,0,0,1110,88,203,5063010006010002000000000000000000000000560458cb00
1,2275,0,91000,6,1,0,2,0,0,0,0,0,0,1110,88,203,7863010006010002000000000000000000000000560458cb00
1,2276,0,91041,6,1,0,2,0,0,0,0,0,0,1110,88,203,a163010006010002000000000000000000000000560458cb00
1,2277,0,91080,6,1,0,2,0,0,0,0,0,0,1110,88,203,c863010006010002000000000000000000000000560458cb00
1,2278,0,91120,6,1,0,2,0,0,0,0,0,0,1110,88,203,f063010006010002000000000000000000000000560458cb00
1,2279,0,91160,6,1,0,2,0,0,0,0,0,0,1110,88,203,1864010006010002000000000000000000000000560458cb00
1,2280,0,91200,6,1,0,2,0,0,0,0,0,0,1110,88,203,4064010006010002000000000000000000000000560458cb00
1,2281,0,91240,6,1,0,2,0,0,0,0,0,0,1110,88,203,6864010006010002000000000000000000000000560458cb00
1,2282,0,91281,6,1,0,2,0,0,0,0,0,0,1110,88,203,9164010006010002000000000000000000000000560458cb00
1,2283,0,91320,6,1,0,2,0,0,0,0,0,0,1110,88,203,b864010006010002000000000000000000000000560458cb00
1,2284,0,91360,6,1,0,2,0,0,0,0,0,0,1110,88,203,e064010006010002000000000000000000000000560458cb00
1,2285,0,91400,6,1,0,2,0,0,0,0,0,0,1110,88,203,0865010006010002000000000000000000000000560458cb00
1,2286,0,91440,6,1,0,2,0,0,0,0,0,0,1110,88,203,3065010006010002000000000000000000000000560458cb00
1,2287,0,91480,6,1,0,2,0,0,0,0,0,0,1110,88,203,5865010006010002000000000000000000000000560458cb00
1,2288,0,91520,6,1,0,2,0,0,0,0,0,0,1110,88,203,8065010006010002000000000000000000000000560458cb00
1,2289,0,91560,6,1,0,2,0,0,0,0,0,0,1110,88,203,a865010006010002000000000000000000000000560458cb00
1,2290,0,91600,6,1,0,2,0,0,0,0,0,0,1110,88,203,d065010006010002000000000000000000000000560458cb00
1,2291,0,91640,6,1,0,2,0,0,0,0,0,0,1110,88,203,f865010006010002000000000000000000000000560458cb00
1,2292,0,91680,6,1,0,2,0,0,0,0,0,0,1110,88,203,2066010006010002000000000000000000000000560458cb00
1,2293,0,91720,6,1,0,2,0,0,0,0,0,0,1110,88,203,4866010006010002000000000000000000000000560458cb00
1,2294,0,91761,6,1,0,2,0,0,0,0,0,0,1110,88,203,7166010006010002000000000000000000000000560458cb00
1,2295,0,91800,6,1,0,2,0,0,0,0,0,0,1110,88,203,9866010006010002000000000000000000000000560458cb00
1,2296,0,91841,6,1,0,2,0,0,0,0,0,0,1110,88,203,c166010006010002000000000000000000000000560458cb00
1,2297,0,91880,6,1,0,2,0,0,0,0,0,0,1110,88,203,e866010006010002000000000000000000000000560458cb00
1,2298,0,91920,6,1,0,2,0,0,0,0,0,0,1110,88,203,1067010006010002000000000000000000000000560458cb00
1,2299,0,91960,6,1,0,2,0,0,0,0,0,0,1110,88,203,3867010006010002000000000000000000000000560458cb00
1,2300,0,92000,6,1,0,2,0,0,0,0,0,0,1110,88,203,6067010006010002000000000000000000000000560458cb00
1,2301,0,92040,6,1,0,2,0,0,0,0,0,0,1110,88,203,8867010006010002000000000000000000000000560458cb00
1,2302,0,92080,6,1,0,2,0,0,0,0,0,0,1110,88,203,b067010006010002000000000000000000000000560458cb00
1,2303,0,92120,6,1,0,2,0,0,0,0,0,0,1110,88,203,d867010006010002000000000000000000000000560458cb00
1,2304,0,92160,6,1,0,2,0,0,0,0,0,0,1110,88,203,0068010006010002000000000000000000000000560458cb00
1,2305,0,92201,6,1,0,2,0,0,0,0,0,0,1110,88,203,2968010006010002000000000000000000000000560458cb00
1,2306,0,92240,6,1,0,2,0,0,0,0,0,0,1110,88,203,5068010006010002000000000000000000000000560458cb00
1,2307,0,92280,6,1,0,2,0,0,0,0,0,0,1110,88,203,7868010006010002000000000000000000000000560458cb00
1,2308,0,92320,6,1,0,2,0,0,0,0,0,0,1110,88,203,a068010006010002000000000000000000000000560458cb00
1,2309,0,92360,6,1,0,2,0,0,0,0,0,0,1110,88,203,c868010006010002000000000000000000000000560458cb00
1,2310,0,92400,6,1,0,2,0,0,0,0,0,0,1110,88,203,f068010006010002000000000000000000000000560458cb00
1,2311,0,92440,6,1,0,2,0,0,0,0,0,0,1110,88,203,1869010006010002000000000000000000000000560458cb00
1,2312,0,92481,6,1,0,2,0,0,0,0,0,0,1110,88,203,4169010006010002000000000000000000000000560458cb00
1,2313,0,92521,6,1,0,2,0,0,0,0,0,0,1110,88,203,6969010006010002000000000000000000000000560458cb00
1,2314,0,92560,6,1,0,2,0,0,0,0,0,0,1110,88,203,9069010006010002000000000000000000000000560458cb00
1,2315,0,92600,6,1,0,2,0,0,0,0,0,0,1110,88,203,b869010006010002000000000000000000000000560458cb00
1,2316,0,92640,6,1,0,2,0,0,0,0,0,0,1110,88,203,e069010006010002000000000000000000000000560458cb00
1,2317,0,92680,6,1,0,2,0,0,0,0,0,0,1110,88,203,086a010006010002000000000000000000000000560458cb00
1,2318,0,92720,6,1,0,2,0,0,0,0,0,0,1110,88,203,306a010006010002000000000000000000000000560458cb00
1,2319,0,92760,6,1,0,2,0,0,0,0,0,0,1110,88,203,586a010006010002000000000000000000000000560458cb00
1,2320,0,92800,6,1,0,2,0,0,0,0,0,0,1110,88,203,806a010006010002000000000000000000000000560458cb00
1,2321,0,92840,6,1,0,2,0,0,0,0,0,0,1110,88,203,a86a010006010002000000000000000000000000560458cb00
1,2322,0,92880,6,1,0,2,0,0,0,0,0,0,1110,88,203,d06a010006010002000000000000000000000000560458cb00
1,2323,0,92920,6,1,0,2,0,0,0,0,0,0,1110,88,203,f86a010006010002000000000000000000000000560458cb00
1,2324,0,92960,6,1,0,2,0,0,0,0,0,0,1110,88,203,206b010006010002000000000000000000000000560458cb00
1,2325,0,93000,6,1,0,2,0,0,0,0,0,0,1110,88,203,486b010006010002000000000000000000000000560458cb00
1,2326,0,93041,6,1,0,2,0,0,0,0,0,0,1110,88,203,716b010006010002000000000000000000000000560458cb00
1,2327,0,93080,6,1,0,2,0,0,0,0,0,0,1110,88,203,986b010006010002000000000000000000000000560458cb00
1,2328,0,93120,6,1,0,2,0,0,0,0,0,0,1110,88,203,c06b010006010002000000000000000000000000560458cb00
1,2329,0,93160,6,1,0,2,0,0,0,0,0,0,1110,88,203,e86b010006010002000000000000000000000000560458cb00
1,2330,0,93201,6,1,0,2,0,0,0,0,0,0,1110,88,203,116c010006010002000000000000000000000000560458cb00
1,2331,0,93240,6,1,0,2,0,0,0,0,0,0,1110,88,203,386c010006010002000000000000000000000000560458cb00
1,2332,0,93280,6,1,0,2,0,0,0,0,0,0,1110,88,203,606c010006010002000000000000000000000000560458cb00
1,2333,0,93320,6,1,0,2,0,0,0,0,0,0,1110,88,203,886c010006010002000000000000000000000000560458cb00
1,2334,0,93361,6,1,0,2,0,0,0,0,0,0,1110,88,203,b16c010006010002000000000000000000000000560458cb00
1,2335,0,93401,6,1,0,2,0,0,0,0,0,0,1110,88,203,d96c010006010002000000000000000000000000560458cb00
1,2336,0,93441,6,1,0,2,0,0,0,0,0,0,1110,88,203,016d010006010002000000000000000000000000560458cb00
1,2337,0,93480,6,1,0,2,0,0,0,0,0,0,1110,88,203,286d010006010002000000000000000000000000560458cb00
1,2338,0,93520,6,1,0,2,0,0,0,0,0,0,1110,88,203,506d010006010002000000000000000000000000560458cb00
1,2339,0,93560,6,1,0,2,0,0,0,0,0,0,1110,88,203,786d010006010002000000000000000000000000560458cb00
1,2340,0,93600,6,1,0,2,0,0,0,0,0,0,1110,88,203,a06d010006010002000000000000000000000000560458cb00
1,2341,0,93640,6,1,0,2,0,0,0,0,0,0,1110,88,203,c86d010006010002000000000000000000000000560458cb00
1,2342,0,93680,6,1,0,2,0,0,0,0,0,0,1110,88,203,f06d010006010002000000000000000000000000560458cb00
1,2343,0,93720,6,1,0,2,0,0,0,0,0,0,1110,88,203,186e010006010002000000000000000000000000560458cb00
1,2344,0,93760,6,1,0,2,0,0,0,0,0,0,1110,88,203,406e010006010002000000000000000000000000560458cb00
1,2345,0,93800,6,1,0,2,0,0,0,0,0,0,1110,88,203,686e010006010002000000000000000000000000560458cb00
1,2346,0,93840,6,1,0,2,0,0,0,0,0,0,1110,88,203,906e010006010002000000000000000000000000560458cb00
1,2347,0,93880,6,1,0,2,0,0,0,0,0,0,1110,88,203,b86e010006010002000000000000000000000000560458cb00
1,2348,0,93921,6,1,0,2,0,0,0,0,0,0,1110,88,203,e16e010006010002000000000000000000000000560458cb00
1,2349,0,93961,6,1,0,2,0,0,0,0,0,0,1110,88,203,096f010006010002000000000000000000000000560458cb00
1,2350,0,94000,6,1,0,2,0,0,0,0,0,0,1110,88,203,306f010006010002000000000000000000000000560458cb00
1,2351,0,94041,6,1,0,2,0,0,0,0,0,0,1110,88,203,596f010006010002000000000000000000000000560458cb00
1,2352,0,94080,6,1,0,2,0,0,0,0,0,0,1110,88,203,806f010006010002000000000000000000000000560458cb00
1,2353,0,94120,6,1,0,2,0,0,0,0,0,0,1110,88,203,a86f010006010002000000000000000000000000560458cb00
1,2354,0,94160,6,1,0,2,0,0,0,0,0,0,1110,88,203,d06f010006010002000000000000000000000000560458cb00
1,2355,0,94200,6,1,0,2,0,0,0,0,0,0,1110,88,203,f86f010006010002000000000000000000000000560458cb00
1,2356,0,94240,6,1,0,2,0,0,0,0,0,0,1110,88,203,2070010006010002000000000000000000000000560458cb00
1,2357,0,94280,6,1,0,2,0,0,0,0,0,0,1110,88,203,4870010006010002000000000000000000000000560458cb00
1,2358,0,94320,6,1,0,2,0,0,0,0,0,0,1110,88,203,7070010006010002000000000000000000000000560458cb00
1,2359,0,94361,6,1,0,2,0,0,0,0,0,0,1110,88,203,9970010006010002000000000000000000000000560458cb00
1,2360,0,94400,6,1,0,2,0,0,0,0,0,0,1110,88,203,c070010006010002000000000000000000000000560458cb00
1,2361,0,94440,6,1,0,2,0,0,0,0,0,0,1110,88,203,e870010006010002000000000000000000000000560458cb00
1,2362,0,94480,6,1,0,2,0,0,0,0,0,0,1110,88,203,1071010006010002000000000000000000000000560458cb00
1,2363,0,94521,6,1,0,2,0,0,0,0,0,0,1110,88,203,3971010006010002000000000000000000000000560458cb00
1,2364,0,94560,6,1,0,2,0,0,0,0,0,0,1110,88,203,6071010006010002000000000000000000000000560458cb00
1,2365,0,94600,6,1,0,2,0,0,0,0,0,0,1110,88,203,8871010006010002000000000000000000000000560458cb00
1,2366,0,94641,6,1,0,2,0,0,0,0,0,0,1110,88,203,b171010006010002000000000000000000000000560458cb00
1,2367,0,94680,6,1,0,2,0,0,0,0,0,0,1110,88,203,d871010006010002000000000000000000000000560458cb00
1,2368,0,94720,6,1,0,2,0,0,0,0,0,0,1110,88,203,0072010006010002000000000000000000000000560458cb00
1,2369,0,94760,6,1,0,2,0,0,0,0,0,0,1110,88,203,2872010006010002000000000000000000000000560458cb00
1,2370,0,94800,6,1,0,2,0,0,0,0,0,0,1110,88,203,5072010006010002000000000000000000000000560458cb00
1,2371,0,94841,6,1,0,2,0,0,0,0,0,0,1110,88,203,7972010006010002000000000000000000000000560458cb00
1,2372,0,94881,6,1,0,2,0,0,0,0,0,0,1110,88,203,a172010006010002000000000000000000000000560458cb00
1,2373,0,94920,6,1,0,2,0,0,0,0,0,0,1110,88,203,c872010006010002000000000000000000000000560458cb00
1,2374,0,94960,6,1,0,2,0,0,0,0,0,0,1110,88,203,f072010006010002000000000000000000000000560458cb00
1,2375,0,95000,6,1,0,2,0,0,0,0,0,0,1110,88,203,1873010006010002000000000000000000000000560458cb00
1,2376,0,95040,6,1,0,2,0,0,0,0,0,0,1110,88,203,4073010006010002000000000000000000000000560458cb00
1,2377,0,95080,6,1,0,2,0,0,0,0,0,0,1110,88,203,6873010006010002000000000000000000000000560458cb00
1,2378,0,95120,6,1,0,2,0,0,0,0,0,0,1110,88,203,9073010006010002000000000000000000000000560458cb00
1,2379,0,95160,6,1,0,2,0,0,0,0,0,0,1110,88,203,b873010006010002000000000000000000000000560458cb00
1,2380,0,95200,6,1,0,2,0,0,0,0,0,0,1110,88,203,e073010006010002000000000000000000000000560458cb00
1,2381,0,95240,6,1,0,2,0,0,0,0,0,0,1110,88,203,0874010006010002000000000000000000000000560458cb00
1,2382,0,95281,6,1,0,2,0,0,0,0,0,0,1110,88,203,3174010006010002000000000000000000000000560458cb00
1,2383,0,95320,6,1,0,2,0,0,0,0,0,0,1110,88,203,5874010006010002000000000000000000000000560458cb00
1,2384,0,95360,6,1,0,2,0,0,0,0,0,0,1110,88,203,8074010006010002000000000000000000000000560458cb00
1,2385,0,95400,6,1,0,2,0,0,0,0,0,0,1110,88,203,a874010006010002000000000000000000000000560458cb00
1,2386,0,95441,6,1,0,2,0,0,0,0,0,0,1110,88,203,d174010006010002000000000000000000000000560458cb00
1,2387,0,95480,6,1,0,2,0,0,0,0,0,0,1110,88,203,f874010006010002000000000000000000000000560458cb00
1,2388,0,95520,6,1,0,2,0,0,0,0,0,0,1110,88,203,2075010006010002000000000000000000000000560458cb00
1,2389,0,95561,6,1,0,2,0,0,0,0,0,0,1110,88,203,4975010006010002000000000000000000000000560458cb00
1,2390,0,95600,6,1,0,2,0,0,0,0,0,0,1110,88,203,7075010006010002000000000000000000000000560458cb00
1,2391,0,95640,6,1,0,2,0,0,0,0,0,0,1110,88,203,9875010006010002000000000000000000000000560458cb00
1,2392,0,95680,6,1,0,2,0,0,0,0,0,0,1110,88,203,c075010006010002000000000000000000000000560458cb00
1,2393,0,95720,6,1,0,2,0,0,0,0,0,0,1110,88,203,e875010006010002000000000000000000000000560458cb00
1,2394,0,95760,6,1,0,2,0,0,0,0,0,0,1110,88,203,1076010006010002000000000000000000000000560458cb00
1,2395,0,95801,6,1,0,2,0,0,0,0,0,0,1110,88,203,3976010006010002000000000000000000000000560458cb00
1,2396,0,95840,6,1,0,2,0,0,0,0,0,0,1110,88,203,6076010006010002000000000000000000000000560458cb00
1,2397,0,95881,6,1,0,2,0,0,0,0,0,0,1110,88,203,8976010006010002000000000000000000000000560458cb00
1,2398,0,95920,6,1,0,2,0,0,0,0,0,0,1110,88,203,b076010006010002000000000000000000000000560458cb00
1,2399,0,95960,6,1,0,2,0,0,0,0,0,0,1110,88,203,d876010006010002000000000000000000000000560458cb00
1,2400,0,96000,6,1,0,2,0,0,0,0,0,0,1110,88,203,0077010006010002000000000000000000000000560458cb00
1,2401,0,96040,6,1,0,2,0,0,0,0,0,0,1110,88,203,2877010006010002000000000000000000000000560458cb00
1,2402,0,96080,6,1,0,2,0,0,0,0,0,0,1110,88,203,5077010006010002000000000000000000000000560458cb00
1,2403,0,96120,6,1,0,2,0,0,0,0,0,0,1110,88,203,7877010006010002000000000000000000000000560458cb00
1,2404,0,96160,6,1,0,2,0,0,0,0,0,0,1110,88,203,a077010006010002000000000000000000000000560458cb00
1,2405,0,96201,6,1,0,2,0,0,0,0,0,0,1110,88,203,c977010006010002000000000000000000000000560458cb00
1,2406,0,96240,6,1,0,2,0,0,0,0,0,0,1110,88,203,f077010006010002000000000000000000000000560458cb00
1,2407,0,96281,6,1,0,2,0,0,0,0,0,0,1110,88,203,1978010006010002000000000000000000000000560458cb00
1,2408,0,96320,6,1,0,2,0,0,0,0,0,0,1110,88,203,4078010006010002000000000000000000000000560458cb00
1,2409,0,96361,6,1,0,2,0,0,0,0,0,0,1110,88,203,6978010006010002000000000000000000000000560458cb00
1,2410,0,96400,6,1,0,2,0,0,0,0,0,0,1110,88,203,9078010006010002000000000000000000000000560458cb00
1,2411,0,96440,6,1,0,2,0,0,0,0,0,0,1110,88,203,b878010006010002000000000000000000000000560458cb00
1,2412,0,96480,6,1,0,2,0,0,0,0,0,0,1110,88,203,e078010006010002000000000000000000000000560458cb00
1,2413,0,96520,6,1,0,2,0,0,0,0,0,0,1110,88,203,0879010006010002000000000000000000000000560458cb00
1,2414,0,96560,6,1,0,2,0,0,0,0,0,0,1110,88,203,3079010006010002000000000000000000000000560458cb00
1,2415,0,96600,6,1,0,2,0,0,0,0,0,0,1110,88,203,5879010006010002000000000000000000000000560458cb00
1,2416,0,96640,6,1,0,2,0,0,0,0,0,0,1110,88,203,8079010006010002000000000000000000000000560458cb00
1,2417,0,96680,6,1,0,2,0,0,0,0,0,0,1110,88,203,a879010006010002000000000000000000000000560458cb00
1,2418,0,96721,6,1,0,2,0,0,0,0,0,0,1110,88,203,d179010006010002000000000000000000000000560458cb00
1,2419,0,96760,6,1,0,2,0,0,0,0,0,0,1110,88,203,f879010006010002000000000000000000000000560458cb00
1,2420,0,96800,6,1,0,2,0,0,0,0,0,0,1110,88,203,207a010006010002000000000000000000000000560458cb00
1,2421,0,96840,6,1,0,2,0,0,0,0,0,0,1110,88,203,487a010006010002000000000000000000000000560458cb00
1,2422,0,96880,6,1,0,2,0,0,0,0,0,0,1110,88,203,707a010006010002000000000000000000000000560458cb00
1,2423,0,96920,6,1,0,2,0,0,0,0,0,0,1110,88,203,987a010006010002000000000000000000000000560458cb00
1,2424,0,96960,6,1,0,2,0,0,0,0,0,0,1110,88,203,c07a010006010002000000000000000000000000560458cb00
1,2425,0,97001,6,1,0,2,0,0,0,0,0,0,1110,88,203,e97a010006010002000000000000000000000000560458cb00
1,2426,0,97041,6,1,0,2,0,0,0,0,0,0,1110,88,203,117b010006010002000000000000000000000000560458cb00
1,2427,0,97080,6,1,0,2,0,0,0,0,0,0,1110,88,203,387b010006010002000000000000000000000000560458cb00
1,2428,0,97120,6,1,0,2,0,0,0,0,0,0,1110,88,203,607b010006010002000000000000000000000000560458cb00
1,2429,0,97160,6,1,0,2,0,0,0,0,0,0,1110,88,203,887b010006010002000000000000000000000000560458cb00
1,2430,0,97200,6,1,0,2,0,0,0,0,0,0,1110,88,203,b07b010006010002000000000000000000000000560458cb00
1,2431,0,97240,6,1,0,2,0,0,0,0,0,0,1110,88,203,d87b010006010002000000000000000000000000560458cb00
1,2432,0,97280,6,1,0,2,0,0,0,0,0,0,1110,88,203,007c010006010002000000000000000000000000560458cb00
1,2433,0,97320,6,1,0,2,0,0,0,0,0,0,1110,88,203,287c010006010002000000000000000000000000560458cb00
1,2434,0,97360,6,1,0,2,0,0,0,0,0,0,1110,88,203,507c010006010002000000000000000000000000560458cb00
1,2435,0,97400,6,1,0,2,0,0,0,0,0,0,1110,88,203,787c010006010002000000000000000000000000560458cb00
1,2436,0,97440,6,1,0,2,0,0,0,0,0,0,1110,88,203,a07c010006010002000000000000000000000000560458cb00
1,2437,0,97480,6,1,0,2,0,0,0,0,0,0,1110,88,203,c87c010006010002000000000000000000000000560458cb00
1,2438,0,97520,6,1,0,2,0,0,0,0,0,0,1110,88,203,f07c010006010002000000000000000000000000560458cb00
1,2439,0,97561,6,1,0,2,0,0,0,0,0,0,1110,88,203,197d010006010002000000000000000000000000560458cb00
1,2440,0,97600,6,1,0,2,0,0,0,0,0,0,1110,88,203,407d010006010002000000000000000000000000560458cb00
1,2441,0,97640,6,1,0,2,0,0,0,0,0,0,1110,88,203,687d010006010002000000000000000000000000560458cb00
1,2442,0,97680,6,1,0,2,0,0,0,0,0,0,1110,88,203,907d010006010002000000000000000000000000560458cb00
1,2443,0,97721,6,1,0,2,0,0,0,0,0,0,1110,88,203,b97d010006010002000000000000000000000000560458cb00
1,2444,0,97760,6,1,0,2,0,0,0,0,0,0,1110,88,203,e07d010006010002000000000000000000000000560458cb00
1,2445,0,97800,6,1,0,2,0,0,0,0,0,0,1110,88,203,087e010006010002000000000000000000000000560458cb00
1,2446,0,97840,6,1,0,2,0,0,0,0,0,0,1110,88,203,307e010006010002000000000000000000000000560458cb00
1,2447,0,97881,6,1,0,2,0,0,0,0,0,0,1110,88,203,597e010006010002000000000000000000000000560458cb00
1,2448,0,97920,6,1,0,2,0,0,0,0,0,0,1110,88,203,807e010006010002000000000000000000000000560458cb00
1,2449,0,97961,6,1,0,2,0,0,0,0,0,0,1110,88,203,a97e010006010002000000000000000000000000560458cb00
1,2450,0,98000,6,1,0,2,0,0,0,0,0,0,1110,88,203,d07e010006010002000000000000000000000000560458cb00
1,2451,0,98040,6,1,0,2,0,0,0,0,0,0,1110,88,203,f87e010006010002000000000000000000000000560458cb00
1,2452,0,98080,6,1,0,2,0,0,0,0,0,0,1110,88,203,207f010006010002000000000000000000000000560458cb00
1,2453,0,98120,6,1,0,2,0,0,0,0,0,0,1110,88,203,487f010006010002000000000000000000000000560458cb00
1,2454,0,98160,6,1,0,2,0,0,0,0,0,0,1110,88,203,707f010006010002000000000000000000000000560458cb00
1,2455,0,98200,6,1,0,2,0,0,0,0,0,0,1110,88,203,987f010006010002000000000000000000000000560458cb00
1,2456,0,98240,6,1,0,2,0,0,0,0,0,0,1110,88,203,c07f010006010002000000000000000000000000560458cb00
1,2457,0,98280,6,1,0,2,0,0,0,0,0,0,1110,88,203,e87f010006010002000000000000000000000000560458cb00
1,2458,0,98321,6,1,0,2,0,0,0,0,0,0,1110,88,203,1180010006010002000000000000000000000000560458cb00
1,2459,0,98360,6,1,0,2,0,0,0,0,0,0,1110,88,203,3880010006010002000000000000000000000000560458cb00
1,2460,0,98401,6,1,0,2,0,0,0,0,0,0,1110,88,203,6180010006010002000000000000000000000000560458cb00
1,2461,0,98441,6,1,0,2,0,0,0,0,0,0,1110,88,203,8980010006010002000000000000000000000000560458cb00
1,2462,0,98481,6,1,0,2,0,0,0,0,0,0,1110,88,203,b180010006010002000000000000000000000000560458cb00
1,2463,0,98520,6,1,0,2,0,0,0,0,0,0,1110,88,203,d880010006010002000000000000000000000000560458cb00
1,2464,0,98560,6,1,0,2,0,0,0,0,0,0,1110,88,203,0081010006010002000000000000000000000000560458cb00
1,2465,0,98600,6,1,0,2,0,0,0,0,0,0,1110,88,203,2881010006010002000000000000000000000000560458cb00
1,2466,0,98640,6,1,0,2,0,0,0,0,0,0,1110,88,203,5081010006010002000000000000000000000000560458cb00
1,2467,0,98680,6,1,0,2,0,0,0,0,0,0,1110,88,203,7881010006010002000000000000000000000000560458cb00
1,2468,0,98720,6,1,0,2,0,0,0,0,0,0,1110,88,203,a081010006010002000000000000000000000000560458cb00
1,2469,0,98760,6,1,0,2,0,0,0,0,0,0,1110,88,203,c881010006010002000000000000000000000000560458cb00
1,2470,0,98801,6,1,0,2,0,0,0,0,0,0,1110,88,203,f181010006010002000000000000000000000000560458cb00
1,2471,0,98840,6,1,0,2,0,0,0,0,0,0,1110,88,203,1882010006010002000000000000000000000000560458cb00
1,2472,0,98881,6,1,0,2,0,0,0,0,0,0,1110,88,203,4182010006010002000000000000000000000000560458cb00
1,2473,0,98920,6,1,0,2,0,0,0,0,0,0,1110,88,203,6882010006010002000000000000000000000000560458cb00
1,2474,0,98960,6,1,0,2,0,0,0,0,0,0,1110,88,203,9082010006010002000000000000000000000000560458cb00
1,2475,0,99000,6,1,0,2,0,0,0,0,0,0,1110,88,203,b882010006010002000000000000000000000000560458cb00
1,2476,0,99040,6,1,0,2,0,0,0,0,0,0,1110,88,203,e082010006010002000000000000000000000000560458cb00
1,2477,0,99080,6,1,0,2,0,0,0,0,0,0,1110,88,203,0883010006010002000000000000000000000000560458cb00
1,2478,0,99120,6,1,0,2,0,0,0,0,0,0,1110,88,203,3083010006010002000000000000000000000000560458cb00
1,2479,0,99161,6,1,0,2,0,0,0,0,0,0,1110,88,203,5983010006010002000000000000000000000000560458cb00
1,2480,0,99200,6,1,0,2,0,0,0,0,0,0,1110,88,203,8083010006010002000000000000000000000000560458cb00
1,2481,0,99241,6,1,0,2,0,0,0,0,0,0,1110,88,203,a983010006010002000000000000000000000000560458cb00
1,2482,0,99280,6,1,0,2,0,0,0,0,0,0,1110,88,203,d083010006010002000000000000000000000000560458cb00
1,2483,0,99320,6,1,0,2,0,0,0,0,0,0,1110,88,203,f883010006010002000000000000000000000000560458cb00
1,2484,0,99360,6,1,0,2,0,0,0,0,0,0,1110,88,203,2084010006010002000000000000000000000000560458cb00
1,2485,0,99400,6,1,0,2,0,0,0,0,0,0,1110,88,203,4884010006010002000000000000000000000000560458cb00
1,2486,0,99440,6,1,0,2,0,0,0,0,0,0,1110,88,203,7084010006010002000000000000000000000000560458cb00
1,2487,0,99480,6,1,0,2,0,0,0,0,0,0,1110,88,203,9884010006010002000000000000000000000000560458cb00
1,2488,0,99520,6,1,0,2,0,0,0,0,0,0,1110,88,203,c084010006010002000000000000000000000000560458cb00
1,2489,0,99560,6,1,0,2,0,0,0,0,0,0,1110,88,203,e884010006010002000000000000000000000000560458cb00
1,2490,0,99600,6,1,0,2,0,0,0,0,0,0,1110,88,203,1085010006010002000000000000000000000000560458cb00
1,2491,0,99640,6,1,0,2,0,0,0,0,0,0,1110,88,203,3885010006010002000000000000000000000000560458cb00
1,2492,0,99680,6,1,0,2,0,0,0,0,0,0,1110,88,203,6085010006010002000000000000000000000000560458cb00
1,2493,0,99721,6,1,0,2,0,0,0,0,0,0,1110,88,203,8985010006010002000000000000000000000000560458cb00
1,2494,0,99760,6,1,0,2,0,0,0,0,0,0,1110,88,203,b085010006010002000000000000000000000000560458cb00
1,2495,0,99800,6,1,0,2,0,0,0,0,0,0,1110,88,203,d885010006010002000000000000000000000000560458cb00
1,2496,0,99840,6,1,0,2,0,0,0,0,0,0,1110,88,203,0086010006010002000000000000000000000000560458cb00
1,2497,0,99881,6,1,0,2,0,0,0,0,0,0,1110,88,203,2986010006010002000000000000000000000000560458cb00
1,2498,0,99920,6,1,0,2,0,0,0,0,0,0,1110,88,203,5086010006010002000000000000000000000000560458cb00
1,2499,0,99960,6,1,0,2,0,0,0,0,0,0,1110,88,203,7886010006010002000000000000000000000000560458cb00
1,2500,0,100000,6,1,0,2,0,0,0,0,0,0,1110,88,203,a086010006010002000000000000000000000000560458cb00
1,2501,0,100040,6,1,0,2,0,0,0,0,0,0,1110,88,203,c886010006010002000000000000000000000000560458cb00
1,2502,0,100081,6,1,0,2,0,0,0,0,0,0,1110,88,203,f186010006010002000000000000000000000000560458cb00
1,2503,0,100120,6,1,0,2,0,0,0,0,0,0,1110,88,203,1887010006010002000000000000000000000000560458cb00
1,2504,0,100160,6,1,0,2,0,0,0,0,0,0,1110,88,203,4087010006010002000000000000000000000000560458cb00
1,2505,0,100200,6,1,0,2,0,0,0,0,0,0,1110,88,203,6887010006010002000000000000000000000000560458cb00
1,2506,0,100241,6,1,0,2,0,0,0,0,0,0,1110,88,203,9187010006010002000000000000000000000000560458cb00
1,2507,0,100280,6,1,0,2,0,0,0,0,0,0,1110,88,203,b887010006010002000000000000000000000000560458cb00
1,2508,0,100320,6,1,0,2,0,0,0,0,0,0,1110,88,203,e087010006010002000000000000000000000000560458cb00
1,2509,0,100360,6,1,0,2,0,0,0,0,0,0,1110,88,203,0888010006010002000000000000000000000000560458cb00
1,2510,0,100400,6,1,0,2,0,0,0,0,0,0,1110,88,203,3088010006010002000000000000000000000000560458cb00
1,2511,0,100440,6,1,0,2,0,0,0,0,0,0,1110,88,203,5888010006010002000000000000000000000000560458cb00
1,2512,0,100480,6,1,0,2,0,0,0,0,0,0,1110,88,203,8088010006010002000000000000000000000000560458cb00
1,2513,0,100520,6,1,0,2,0,0,0,0,0,0,1110,88,203,a888010006010002000000000000000000000000560458cb00
1,2514,0,100561,6,1,0,2,0,0,0,0,0,0,1110,88,203,d188010006010002000000000000000000000000560458cb00
1,2515,0,100600,6,1,0,2,0,0,0,0,0,0,1110,88,203,f888010006010002000000000000000000000000560458cb00
1,2516,0,100641,6,1,0,2,0,0,0,0,0,0,1110,88,203,2189010006010002000000000000000000000000560458cb00
1,2517,0,100680,6,1,0,2,0,0,0,0,0,0,1110,88,203,4889010006010002000000000000000000000000560458cb00
1,2518,0,100720,6,1,0,2,0,0,0,0,0,0,1110,88,203,7089010006010002000000000000000000000000560458cb00
1,2519,0,100760,6,1,0,2,0,0,0,0,0,0,1110,88,203,9889010006010002000000000000000000000000560458cb00
1,2520,0,100801,6,1,0,2,0,0,0,0,0,0,1110,88,203,c189010006010002000000000000000000000000560458cb00
1,2521,0,100840,6,1,0,2,0,0,0,0,0,0,1110,88,203,e889010006010002000000000000000000000000560458cb00
1,2522,0,100880,6,1,0,2,0,0,0,0,0,0,1110,88,203,108a010006010002000000000000000000000000560458cb00
1,2523,0,100920,6,1,0,2,0,0,0,0,0,0,1110,88,203,388a010006010002000000000000000000000000560458cb00
1,2524,0,100960,6,1,0,2,0,0,0,0,0,0,1110,88,203,608a010006010002000000000000000000000000560458cb00
1,2525,0,101000,6,1,0,2,0,0,0,0,0,0,1110,88,203,888a010006010002000000000000000000000000560458cb00
1,2526,0,101040,6,1,0,2,0,0,0,0,0,0,1110,88,203,b08a010006010002000000000000000000000000560458cb00
1,2527,0,101081,6,1,0,2,0,0,0,0,0,0,1110,88,203,d98a010006010002000000000000000000000000560458cb00
1,2528,0,101120,6,1,0,2,0,0,0,0,0,0,1110,88,203,008b010006010002000000000000000000000000560458cb00
1,2529,0,101161,6,1,0,2,0,0,0,0,0,0,1110,88,203,298b010006010002000000000000000000000000560458cb00
1,2530,0,101200,6,1,0,2,0,0,0,0,0,0,1110,88,203,508b010006010002000000000000000000000000560458cb00
1,2531,0,101240,6,1,0,2,0,0,0,0,0,0,1110,88,203,788b010006010002000000000000000000000000560458cb00
1,2532,0,101280,6,1,0,2,0,0,0,0,0,0,1110,88,203,a08b010006010002000000000000000000000000560458cb00
1,2533,0,101320,6,1,0,2,0,0,0,0,0,0,1110,88,203,c88b010006010002000000000000000000000000560458cb00
1,2534,0,101360,6,1,0,2,0,0,0,0,0,0,1110,88,203,f08b010006010002000000000000000000000000560458cb00
1,2535,0,101400,6,1,0,2,0,0,0,0,0,0,1110,88,203,188c010006010002000000000000000000000000560458cb00
1,2536,0,101440,6,1,0,2,0,0,0,0,0,0,1110,88,203,408c010006010002000000000000000000000000560458cb00
1,2537,0,101481,6,1,0,2,0,0,0,0,0,0,1110,88,203,698c010006010002000000000000000000000000560458cb00
1,2538,0,101521,6,1,0,2,0,0,0,0,0,0,1110,88,203,918c010006010002000000000000000000000000560458cb00
1,2539,0,101560,6,1,0,2,0,0,0,0,0,0,1110,88,203,b88c010006010002000000000000000000000000560458cb00
1,2540,0,101600,6,1,0,2,0,0,0,0,0,0,1110,88,203,e08c010006010002000000000000000000000000560458cb00
1,2541,0,101640,6,1,0,2,0,0,0,0,0,0,1110,88,203,088d010006010002000000000000000000000000560458cb00
1,2542,0,101680,6,1,0,2,0,0,0,0,0,0,1110,88,203,308d010006010002000000000000000000000000560458cb00
1,2543,0,101720,6,1,0,2,0,0,0,0,0,0,1110,88,203,588d010006010002000000000000000000000000560458cb00
1,2544,0,101760,6,1,0,2,0,0,0,0,0,0,1110,88,203,808d010006010002000000000000000000000000560458cb00
1,2545,0,101800,6,1,0,2,0,0,0,0,0,0,1110,88,203,a88d010006010002000000000000000000000000560458cb00
1,2546,0,101841,6,1,0,2,0,0,0,0,0,0,1110,88,203,d18d010006010002000000000000000000000000560458cb00
1,2547,0,101880,6,1,0,2,0,0,0,0,0,0,1110,88,203,f88d010006010002000000000000000000000000560458cb00
1,2548,0,101920,6,1,0,2,0,0,0,0,0,0,1110,88,203,208e010006010002000000000000000000000000560458cb00
1,2549,0,101960,6,1,0,2,0,0,0,0,0,0,1110,88,203,488e010006010002000000000000000000000000560458cb00
1,2550,0,102000,6,1,0,2,0,0,0,0,0,0,1110,88,203,708e010006010002000000000000000000000000560458cb00
1,2551,0,102040,6,1,0,2,0,0,0,0,0,0,1110,88,203,988e010006010002000000000000000000000000560458cb00
1,2552,0,102080,6,1,0,2,0,0,0,0,0,0,1110,88,203,c08e010006010002000000000000000000000000560458cb00
1,2553,0,102121,6,1,0,2,0,0,0,0,0,0,1110,88,203,e98e010006010002000000000000000000000000560458cb00
1,2554,0,102160,6,1,0,2,0,0,0,0,0,0,1110,88,203,108f010006010002000000000000000000000000560458cb00
1,2555,0,102200,6,1,0,2,0,0,0,0,0,0,1110,88,203,388f010006010002000000000000000000000000560458cb00
1,2556,0,102240,6,1,0,2,0,0,0,0,0,0,1110,88,203,608f010006010002000000000000000000000000560458cb00
1,2557,0,102280,6,1,0,2,0,0,0,0,0,0,1110,88,203,888f010006010002000000000000000000000000560458cb00
1,2558,0,102320,6,1,0,2,0,0,0,0,0,0,1110,88,203,b08f010006010002000000000000000000000000560458cb00
1,2559,0,102360,6,1,0,2,0,0,0,0,0,0,1110,88,203,d88f010006010002000000000000000000000000560458cb00
1,2560,0,102400,6,1,0,2,0,0,0,0,0,0,1110,88,203,0090010006010002000000000000000000000000560458cb00
1,2561,0,102440,6,1,0,2,0,0,0,0,0,0,1110,88,203,2890010006010002000000000000000000000000560458cb00
1,2562,0,102480,6,1,0,2,0,0,0,0,0,0,1110,88,203,5090010006010002000000000000000000000000560458cb00
1,2563,0,102520,6,1,0,2,0,0,0,0,0,0,1110,88,203,7890010006010002000000000000000000000000560458cb00
1,2564,0,102560,6,1,0,2,0,0,0,0,0,0,1110,88,203,a090010006010002000000000000000000000000560458cb00
1,2565,0,102600,6,1,0,2,0,0,0,0,0,0,1110,88,203,c890010006010002000000000000000000000000560458cb00
1,2566,0,102640,6,1,0,2,0,0,0,0,0,0,1110,88,203,f090010006010002000000000000000000000000560458cb00
1,2567,0,102680,6,1,0,2,0,0,0,0,0,0,1110,88,203,1891010006010002000000000000000000000000560458cb00
1,2568,0,102720,6,1,0,2,0,0,0,0,0,0,1110,88,203,4091010006010002000000000000000000000000560458cb00
1,2569,0,102761,6,1,0,2,0,0,0,0,0,0,1110,88,203,6991010006010002000000000000000000000000560458cb00
1,2570,0,102800,6,1,0,2,0,0,0,0,0,0,1110,88,203,9091010006010002000000000000000000000000560458cb00
1,2571,0,102841,6,1,0,2,0,0,0,0,0,0,1110,88,203,b991010006010002000000000000000000000000560458cb00
1,2572,0,102880,6,1,0,2,0,0,0,0,0,0,1110,88,203,e091010006010002000000000000000000000000560458cb00
1,2573,0,102921,6,1,0,2,0,0,0,0,0,0,1110,88,203,0992010006010002000000000000000000000000560458cb00
1,2574,0,102960,6,1,0,2,0,0,0,0,0,0,1110,88,203,3092010006010002000000000000000000000000560458cb00
1,2575,0,103000,6,1,0,2,0,0,0,0,0,0,1110,88,203,5892010006010002000000000000000000000000560458cb00
1,2576,0,103040,6,1,0,2,0,0,0,0,0,0,1110,88,203,8092010006010002000000000000000000000000560458cb00
1,2577,0,103080,6,1,0,2,0,0,0,0,0,0,1110,88,203,a892010006010002000000000000000000000000560458cb00
1,2578,0,103120,6,1,0,2,0,0,0,0,0,0,1110,88,203,d092010006010002000000000000000000000000560458cb00
1,2579,0,103160,6,1,0,2,0,0,0,0,0,0,1110,88,203,f892010006010002000000000000000000000000560458cb00
1,2580,0,103200,6,1,0,2,0,0,0,0,0,0,1110,88,203,2093010006010002000000000000000000000000560458cb00
1,2581,0,103241,6,1,0,2,0,0,0,0,0,0,1110,88,203,4993010006010002000000000000000000000000560458cb00
1,2582,0,103280,6,1,0,2,0,0,0,0,0,0,1110,88,203,7093010006010002000000000000000000000000560458cb00
1,2583,0,103320,6,1,0,2,0,0,0,0,0,0,1110,88,203,9893010006010002000000000000000000000000560458cb00
1,2584,0,103360,6,1,0,2,0,0,0,0,0,0,1110,88,203,c093010006010002000000000000000000000000560458cb00
1,2585,0,103400,6,1,0,2,0,0,0,0,0,0,1110,88,203,e893010006010002000000000000000000000000560458cb00
1,2586,0,103440,6,1,0,2,0,0,0,0,0,0,1110,88,203,1094010006010002000000000000000000000000560458cb00
1,2587,0,103480,6,1,0,2,0,0,0,0,0,0,1110,88,203,3894010006010002000000000000000000000000560458cb00
1,2588,0,103520,6,1,0,2,0,0,0,0,0,0,1110,88,203,6094010006010002000000000000000000000000560458cb00
1,2589,0,103561,6,1,0,2,0,0,0,0,0,0,1110,88,203,8994010006010002000000000000000000000000560458cb00
1,2590,0,103600,6,1,0,2,0,0,0,0,0,0,1110,88,203,b094010006010002000000000000000000000000560458cb00
1,2591,0,103640,6,1,0,2,0,0,0,0,0,0,1110,88,203,d894010006010002000000000000000000000000560458cb00
1,2592,0,103680,6,1,0,2,0,0,0,0,0,0,1110,88,203,0095010006010002000000000000000000000000560458cb00
1,2593,0,103720,6,1,0,2,0,0,0,0,0,0,1110,88,203,2895010006010002000000000000000000000000560458cb00
1,2594,0,103761,6,1,0,2,0,0,0,0,0,0,1110,88,203,5195010006010002000000000000000000000000560458cb00
1,2595,0,103800,6,1,0,2,0,0,0,0,0,0,1110,88,203,7895010006010002000000000000000000000000560458cb00
1,2596,0,103840,6,1,0,2,0,0,0,0,0,0,1110,88,203,a095010006010002000000000000000000000000560458cb00
1,2597,0,103880,6,1,0,2,0,0,0,0,0,0,1110,88,203,c895010006010002000000000000000000000000560458cb00
1,2598,0,103920,6,1,0,2,0,0,0,0,0,0,1110,88,203,f095010006010002000000000000000000000000560458cb00
1,2599,0,103960,6,1,0,2,0,0,0,0,0,0,1110,88,203,1896010006010002000000000000000000000000560458cb00
1,2600,0,104000,6,1,0,2,0,0,0,0,0,0,1110,88,203,4096010006010002000000000000000000000000560458cb00
1,2601,0,104040,6,1,0,2,0,0,0,0,0,0,1110,88,203,6896010006010002000000000000000000000000560458cb00
1,2602,0,104080,6,1,0,2,0,0,0,0,0,0,1110,88,203,9096010006010002000000000000000000000000560458cb00
1,2603,0,104120,6,1,0,2,0,0,0,0,0,0,1110,88,203,b896010006010002000000000000000000000000560458cb00
1,2604,0,104160,6,1,0,2,0,0,0,0,0,0,1110,88,203,e096010006010002000000000000000000000000560458cb00
1,2605,0,104200,6,1,0,2,0,0,0,0,0,0,1110,88,203,0897010006010002000000000000000000000000560458cb00
1,2606,0,104240,6,1,0,2,0,0,0,0,0,0,1110,88,203,3097010006010002000000000000000000000000560458cb00
1,2607,0,104281,6,1,0,2,0,0,0,0,0,0,1110,88,203,5997010006010002000000000000000000000000560458cb00
1,2608,0,104320,6,1,0,2,0,0,0,0,0,0,1110,88,203,8097010006010002000000000000000000000000560458cb00
1,2609,0,104360,6,1,0,2,0,0,0,0,0,0,1110,88,203,a897010006010002000000000000000000000000560458cb00
1,2610,0,104400,6,1,0,2,0,0,0,0,0,0,1110,88,203,d097010006010002000000000000000000000000560458cb00
1,2611,0,104440,6,1,0,2,0,0,0,0,0,0,1110,88,203,f897010006010002000000000000000000000000560458cb00
1,2612,0,104481,6,1,0,2,0,0,0,0,0,0,1110,88,203,2198010006010002000000000000000000000000560458cb00
1,2613,0,104521,6,1,0,2,0,0,0,0,0,0,1110,88,203,4998010006010002000000000000000000000000560458cb00
1,2614,0,104560,6,1,0,2,0,0,0,0,0,0,1110,88,203,7098010006010002000000000000000000000000560458cb00
1,2615,0,104600,6,1,0,2,0,0,0,0,0,0,1110,88,203,9898010006010002000000000000000000000000560458cb00
1,2616,0,104640,6,1,0,2,0,0,0,0,0,0,1110,88,203,c098010006010002000000000000000000000000560458cb00
1,2617,0,104681,6,1,0,2,0,0,0,0,0,0,1110,88,203,e998010006010002000000000000000000000000560458cb00
1,2618,0,104720,6,1,0,2,0,0,0,0,0,0,1110,88,203,1099010006010002000000000000000000000000560458cb00
1,2619,0,104760,6,1,0,2,0,0,0,0,0,0,1110,88,203,3899010006010002000000000000000000000000560458cb00
1,2620,0,104801,6,1,0,2,0,0,0,0,0,0,1110,88,203,6199010006010002000000000000000000000000560458cb00
1,2621,0,104840,6,1,0,2,0,0,0,0,0,0,1110,88,203,8899010006010002000000000000000000000000560458cb00
1,2622,0,104880,6,1,0,2,0,0,0,0,0,0,1110,88,203,b099010006010002000000000000000000000000560458cb00
1,2623,0,104920,6,1,0,2,0,0,0,0,0,0,1110,88,203,d899010006010002000000000000000000000000560458cb00
1,2624,0,104960,6,1,0,2,0,0,0,0,0,0,1110,88,203,009a010006010002000000000000000000000000560458cb00
1,2625,0,105001,6,1,0,2,0,0,0,0,0,0,1110,88,203,299a010006010002000000000000000000000000560458cb00
1,2626,0,105040,6,1,0,2,0,0,0,0,0,0,1110,88,203,509a010006010002000000000000000000000000560458cb00
1,2627,0,105080,6,1,0,2,0,0,0,0,0,0,1110,88,203,789a010006010002000000000000000000000000560458cb00
1,2628,0,105121,6,1,0,2,0,0,0,0,0,0,1110,88,203,a19a010006010002000000000000000000000000560458cb00
1,2629,0,105160,6,1,0,2,0,0,0,0,0,0,1110,88,203,c89a010006010002000000000000000000000000560458cb00
1,2630,0,105200,6,1,0,2,0,0,0,0,0,0,1110,88,203,f09a010006010002000000000000000000000000560458cb00
1,2631,0,105240,6,1,0,2,0,0,0,0,0,0,1110,88,203,189b010006010002000000000000000000000000560458cb00
1,2632,0,105280,6,1,0,2,0,0,0,0,0,0,1110,88,203,409b010006010002000000000000000000000000560458cb00
1,2633,0,105320,6,1,0,2,0,0,0,0,0,0,1110,88,203,689b010006010002000000000000000000000000560458cb00
1,2634,0,105361,6,1,0,2,0,0,0,0,0,0,1110,88,203,919b010006010002000000000000000000000000560458cb00
1,2635,0,105400,6,1,0,2,0,0,0,0,0,0,1110,88,203,b89b010006010002000000000000000000000000560458cb00
1,2636,0,105441,6,1,0,2,0,0,0,0,0,0,1110,88,203,e19b010006010002000000000000000000000000560458cb00
1,2637,0,105480,6,1,0,2,0,0,0,0,0,0,1110,88,203,089c010006010002000000000000000000000000560458cb00
1,2638,0,105520,6,1,0,2,0,0,0,0,0,0,1110,88,203,309c010006010002000000000000000000000000560458cb00
1,2639,0,105560,6,1,0,2,0,0,0,0,0,0,1110,88,203,589c010006010002000000000000000000000000560458cb00
1,2640,0,105600,6,1,0,2,0,0,0,0,0,0,1110,88,203,809c010006010002000000000000000000000000560458cb00
1,2641,0,105640,6,1,0,2,0,0,0,0,0,0,1110,88,203,a89c010006010002000000000000000000000000560458cb00
1,2642,0,105680,6,1,0,2,0,0,0,0,0,0,1110,88,203,d09c010006010002000000000000000000000000560458cb00
1,2643,0,105721,6,1,0,2,0,0,0,0,0,0,1110,88,203,f99c010006010002000000000000000000000000560458cb00
1,2644,0,105760,6,1,0,2,0,0,0,0,0,0,1110,88,203,209d010006010002000000000000000000000000560458cb00
1,2645,0,105800,6,1,0,2,0,0,0,0,0,0,1110,88,203,489d010006010002000000000000000000000000560458cb00
1,2646,0,105840,6,1,0,2,0,0,0,0,0,0,1110,88,203,709d010006010002000000000000000000000000560458cb00
1,2647,0,105880,6,1,0,2,0,0,0,0,0,0,1110,88,203,989d010006010002000000000000000000000000560458cb00
1,2648,0,105920,6,1,0,2,0,0,0,0,0,0,1110,88,203,c09d010006010002000000000000000000000000560458cb00
1,2649,0,105960,6,1,0,2,0,0,0,0,0,0,1110,88,203,e89d010006010002000000000000000000000000560458cb00
1,2650,0,106000,6,1,0,2,0,0,0,0,0,0,1110,88,203,109e010006010002000000000000000000000000560458cb00
1,2651,0,106040,6,1,0,2,0,0,0,0,0,0,1110,88,203,389e010006010002000000000000000000000000560458cb00
1,2652,0,106080,6,1,0,2,0,0,0,0,0,0,1110,88,203,609e010006010002000000000000000000000000560458cb00
1,2653,0,106120,6,1,0,2,0,0,0,0,0,0,1110,88,203,889e010006010002000000000000000000000000560458cb00
1,2654,0,106160,6,1,0,2,0,0,0,0,0,0,1110,88,203,b09e010006010002000000000000000000000000560458cb00
1,2655,0,106200,6,1,0,2,0,0,0,0,0,0,1110,88,203,d89e010006010002000000000000000000000000560458cb00
1,2656,0,106240,6,1,0,2,0,0,0,0,0,0,1110,88,203,009f010006010002000000000000000000000000560458cb00
1,2657,0,106280,6,1,0,2,0,0,0,0,0,0,1110,88,203,289f010006010002000000000000000000000000560458cb00
1,2658,0,106320,6,1,0,2,0,0,0,0,0,0,1110,88,203,509f010006010002000000000000000000000000560458cb00
1,2659,0,106360,6,1,0,2,0,0,0,0,0,0,1110,88,203,789f010006010002000000000000000000000000560458cb00
1,2660,0,106400,6,1,0,2,0,0,0,0,0,0,1110,88,203,a09f010006010002000000000000000000000000560458cb00
1,2661,0,106441,6,1,0,2,0,0,0,0,0,0,1110,88,203,c99f010006010002000000000000000000000000560458cb00
1,2662,0,106480,6,1,0,2,0,0,0,0,0,0,1110,88,203,f09f010006010002000000000000000000000000560458cb00
1,2663,0,106520,6,1,0,2,0,0,0,0,0,0,1110,88,203,18a0010006010002000000000000000000000000560458cb00
1,2664,0,106560,6,1,0,2,0,0,0,0,0,0,1110,88,203,40a0010006010002000000000000000000000000560458cb00
1,2665,0,106600,6,1,0,2,0,0,0,0,0,0,1110,88,203,68a0010006010002000000000000000000000000560458cb00
1,2666,0,106640,6,1,0,2,0,0,0,0,0,0,1110,88,203,90a0010006010002000000000000000000000000560458cb00
1,2667,0,106680,6,1,0,2,0,0,0,0,0,0,1110,88,203,b8a0010006010002000000000000000000000000560458cb00
1,2668,0,106720,6,1,0,2,0,0,0,0,0,0,1110,88,203,e0a0010006010002000000000000000000000000560458cb00
1,2669,0,106760,6,1,0,2,0,0,0,0,0,0,1110,88,203,08a1010006010002000000000000000000000000560458cb00
1,2670,0,106800,6,1,0,2,0,0,0,0,0,0,1110,88,203,30a1010006010002000000000000000000000000560458cb00
1,2671,0,106840,6,1,0,2,0,0,0,0,0,0,1110,88,203,58a1010006010002000000000000000000000000560458cb00
1,2672,0,106881,6,1,0,2,0,0,0,0,0,0,1110,88,203,81a1010006010002000000000000000000000000560458cb00
1,2673,0,106920,6,1,0,2,0,0,0,0,0,0,1110,88,203,a8a1010006010002000000000000000000000000560458cb00
1,2674,0,106960,6,1,0,2,0,0,0,0,0,0,1110,88,203,d0a1010006010002000000000000000000000000560458cb00
1,2675,0,107000,6,1,0,2,0,0,0,0,0,0,1110,88,203,f8a1010006010002000000000000000000000000560458cb00
1,2676,0,107040,6,1,0,2,0,0,0,0,0,0,1110,88,203,20a2010006010002000000000000000000000000560458cb00
1,2677,0,107080,6,1,0,2,0,0,0,0,0,0,1110,88,203,48a2010006010002000000000000000000000000560458cb00
1,2678,0,107120,6,1,0,2,0,0,0,0,0,0,1110,88,203,70a2010006010002000000000000000000000000560458cb00
1,2679,0,107161,6,1,0,2,0,0,0,0,0,0,1110,88,203,99a2010006010002000000000000000000000000560458cb00
1,2680,0,107200,6,1,0,2,0,0,0,0,0,0,1110,88,203,c0a2010006010002000000000000000000000000560458cb00
1,2681,0,107240,6,1,0,2,0,0,0,0,0,0,1110,88,203,e8a2010006010002000000000000000000000000560458cb00
1,2682,0,107280,6,1,0,2,0,0,0,0,0,0,1110,88,203,10a3010006010002000000000000000000000000560458cb00
1,2683,0,107320,6,1,0,2,0,0,0,0,0,0,1110,88,203,38a3010006010002000000000000000000000000560458cb00
1,2684,0,107360,6,1,0,2,0,0,0,0,0,0,1110,88,203,60a3010006010002000000000000000000000000560458cb00
1,2685,0,107400,6,1,0,2,0,0,0,0,0,0,1110,88,203,88a3010006010002000000000000000000000000560458cb00
1,2686,0,107440,6,1,0,2,0,0,0,0,0,0,1110,88,203,b0a3010006010002000000000000000000000000560458cb00
1,2687,0,107481,6,1,0,2,0,0,0,0,0,0,1110,88,203,d9a3010006010002000000000000000000000000560458cb00
1,2688,0,107520,6,1,0,2,0,0,0,0,0,0,1110,88,203,00a4010006010002000000000000000000000000560458cb00
1,2689,0,107560,6,1,0,2,0,0,0,0,0,0,1110,88,203,28a4010006010002000000000000000000000000560458cb00
1,2690,0,107600,6,1,0,2,0,0,0,0,0,0,1110,88,203,50a4010006010002000000000000000000000000560458cb00
1,2691,0,107640,6,1,0,2,0,0,0,0,0,0,1110,88,203,78a4010006010002000000000000000000000000560458cb00
1,2692,0,107680,6,1,0,2,0,0,0,0,0,0,1110,88,203,a0a4010006010002000000000000000000000000560458cb00
1,2693,0,107721,6,1,0,2,0,0,0,0,0,0,1110,88,203,c9a4010006010002000000000000000000000000560458cb00
1,2694,0,107760,6,1,0,2,0,0,0,0,0,0,1110,88,203,f0a4010006010002000000000000000000000000560458cb00
1,2695,0,107801,6,1,0,2,0,0,0,0,0,0,1110,88,203,19a5010006010002000000000000000000000000560458cb00
1,2696,0,107840,6,1,0,2,0,0,0,0,0,0,1110,88,203,40a5010006010002000000000000000000000000560458cb00
1,2697,0,107881,6,1,0,2,0,0,0,0,0,0,1110,88,203,69a5010006010002000000000000000000000000560458cb00
1,2698,0,107920,6,1,0,2,0,0,0,0,0,0,1110,88,203,90a5010006010002000000000000000000000000560458cb00
1,2699,0,107960,6,1,0,2,0,0,0,0,0,0,1110,88,203,b8a5010006010002000000000000000000000000560458cb00
1,2700,0,108000,6,1,0,2,0,0,0,0,0,0,1110,88,203,e0a5010006010002000000000000000000000000560458cb00
1,2701,0,108041,6,1,0,2,0,0,0,0,0,0,1110,88,203,09a6010006010002000000000000000000000000560458cb00
1,2702,0,108080,6,1,0,2,0,0,0,0,0,0,1110,88,203,30a6010006010002000000000000000000000000560458cb00
1,2703,0,108120,6,1,0,2,0,0,0,0,0,0,1110,88,203,58a6010006010002000000000000000000000000560458cb00
1,2704,0,108160,6,1,0,2,0,0,0,0,0,0,1110,88,203,80a6010006010002000000000000000000000000560458cb00
1,2705,0,108200,6,1,0,2,0,0,0,0,0,0,1110,88,203,a8a6010006010002000000000000000000000000560458cb00
1,2706,0,108240,6,1,0,2,0,0,0,0,0,0,1110,88,203,d0a6010006010002000000000000000000000000560458cb00
1,2707,0,108280,6,1,0,2,0,0,0,0,0,0,1110,88,203,f8a6010006010002000000000000000000000000560458cb00
1,2708,0,108320,6,1,0,2,0,0,0,0,0,0,1110,88,203,20a7010006010002000000000000000000000000560458cb00
1,2709,0,108360,6,1,0,2,0,0,0,0,0,0,1110,88,203,48a7010006010002000000000000000000000000560458cb00
1,2710,0,108400,6,1,0,2,0,0,0,0,0,0,1110,88,203,70a7010006010002000000000000000000000000560458cb00
1,2711,0,108440,6,1,0,2,0,0,0,0,0,0,1110,88,203,98a7010006010002000000000000000000000000560458cb00
1,2712,0,108480,6,1,0,2,0,0,0,0,0,0,1110,88,203,c0a7010006010002000000000000000000000000560458cb00
1,2713,0,108520,6,1,0,2,0,0,0,0,0,0,1110,88,203,e8a7010006010002000000000000000000000000560458cb00
1,2714,0,108561,6,1,0,2,0,0,0,0,0,0,1110,88,203,11a8010006010002000000000000000000000000560458cb00
1,2715,0,108601,6,1,0,2,0,0,0,0,0,0,1110,88,203,39a8010006010002000000000000000000000000560458cb00
1,2716,0,108641,6,1,0,2,0,0,0,0,0,0,1110,88,203,61a8010006010002000000000000000000000000560458cb00
1,2717,0,108680,6,1,0,2,0,0,0,0,0,0,1110,88,203,88a8010006010002000000000000000000000000560458cb00
1,2718,0,108720,6,1,0,2,0,0,0,0,0,0,1110,88,203,b0a8010006010002000000000000000000000000560458cb00
1,2719,0,108760,6,1,0,2,0,0,0,0,0,0,1110,88,203,d8a8010006010002000000000000000000000000560458cb00
1,2720,0,108800,6,1,0,2,0,0,0,0,0,0,1110,88,203,00a9010006010002000000000000000000000000560458cb00
1,2721,0,108840,6,1,0,2,0,0,0,0,0,0,1110,88,203,28a9010006010002000000000000000000000000560458cb00
1,2722,0,108880,6,1,0,2,0,0,0,0,0,0,1110,88,203,50a9010006010002000000000000000000000000560458cb00
1,2723,0,108920,6,1,0,2,0,0,0,0,0,0,1110,88,203,78a9010006010002000000000000000000000000560458cb00
1,2724,0,108961,6,1,0,2,0,0,0,0,0,0,1110,88,203,a1a9010006010002000000000000000000000000560458cb00
1,2725,0,109000,6,1,0,2,0,0,0,0,0,0,1110,88,203,c8a9010006010002000000000000000000000000560458cb00
1,2726,0,109040,6,1,0,2,0,0,0,0,0,0,1110,88,203,f0a9010006010002000000000000000000000000560458cb00
1,2727,0,109080,6,1,0,2,0,0,0,0,0,0,1110,88,203,18aa010006010002000000000000000000000000560458cb00
1,2728,0,109120,6,1,0,2,0,0,0,0,0,0,1110,88,203,40aa010006010002000000000000000000000000560458cb00
1,2729,0,109160,6,1,0,2,0,0,0,0,0,0,1110,88,203,68aa010006010002000000000000000000000000560458cb00
1,2730,0,109201,6,1,0,2,0,0,0,0,0,0,1110,88,203,91aa010006010002000000000000000000000000560458cb00
1,2731,0,109240,6,1,0,2,0,0,0,0,0,0,1110,88,203,b8aa010006010002000000000000000000000000560458cb00
1,2732,0,109280,6,1,0,2,0,0,0,0,0,0,1110,88,203,e0aa010006010002000000000000000000000000560458cb00
1,2733,0,109321,6,1,0,2,0,0,0,0,0,0,1110,88,203,09ab010006010002000000000000000000000000560458cb00
1,2734,0,109360,6,1,0,2,0,0,0,0,0,0,1110,88,203,30ab010006010002000000000000000000000000560458cb00
1,2735,0,109400,6,1,0,2,0,0,0,0,0,0,1110,88,203,58ab010006010002000000000000000000000000560458cb00
1,2736,0,109440,6,1,0,2,0,0,0,0,0,0,1110,88,203,80ab010006010002000000000000000000000000560458cb00
1,2737,0,109481,6,1,0,2,0,0,0,0,0,0,1110,88,203,a9ab010006010002000000000000000000000000560458cb00
1,2738,0,109520,6,1,0,2,0,0,0,0,0,0,1110,88,203,d0ab010006010002000000000000000000000000560458cb00
1,2739,0,109561,6,1,0,2,0,0,0,0,0,0,1110,88,203,f9ab010006010002000000000000000000000000560458cb00
1,2740,0,109600,6,1,0,2,0,0,0,0,0,0,1110,88,203,20ac010006010002000000000000000000000000560458cb00
1,2741,0,109640,6,1,0,2,0,0,0,0,0,0,1110,88,203,48ac010006010002000000000000000000000000560458cb00
1,2742,0,109680,6,1,0,2,0,0,0,0,0,0,1110,88,203,70ac010006010002000000000000000000000000560458cb00
1,2743,0,109720,6,1,0,2,0,0,0,0,0,0,1110,88,203,98ac010006010002000000000000000000000000560458cb00
1,2744,0,109760,6,1,0,2,0,0,0,0,0,0,1110,88,203,c0ac010006010002000000000000000000000000560458cb00
1,2745,0,109800,6,1,0,2,0,0,0,0,0,0,1110,88,203,e8ac010006010002000000000000000000000000560458cb00
1,2746,0,109840,6,1,0,2,0,0,0,0,0,0,1110,88,203,10ad010006010002000000000000000000000000560458cb00
1,2747,0,109880,6,1,0,2,0,0,0,0,0,0,1110,88,203,38ad010006010002000000000000000000000000560458cb00
1,2748,0,109921,6,1,0,2,0,0,0,0,0,0,1110,88,203,61ad010006010002000000000000000000000000560458cb00
1,2749,0,109960,6,1,0,2,0,0,0,0,0,0,1110,88,203,88ad010006010002000000000000000000000000560458cb00
1,2750,0,110000,6,1,0,2,0,0,0,0,0,0,1110,88,203,b0ad010006010002000000000000000000000000560458cb00
1,2751,0,110041,6,1,0,2,0,0,0,0,0,0,1110,88,203,d9ad010006010002000000000000000000000000560458cb00
1,2752,0,110080,6,1,0,2,0,0,0,0,0,0,1110,88,203,00ae010006010002000000000000000000000000560458cb00
1,2753,0,110120,6,1,0,2,0,0,0,0,0,0,1110,88,203,28ae010006010002000000000000000000000000560458cb00
1,2754,0,110161,6,1,0,2,0,0,0,0,0,0,1110,88,203,51ae010006010002000000000000000000000000560458cb00
1,2755,0,110200,6,1,0,2,0,0,0,0,0,0,1110,88,203,78ae010006010002000000000000000000000000560458cb00
1,2756,0,110240,6,1,0,2,0,0,0,0,0,0,1110,88,203,a0ae010006010002000000000000000000000000560458cb00
1,2757,0,110280,6,1,0,2,0,0,0,0,0,0,1110,88,203,c8ae010006010002000000000000000000000000560458cb00
1,2758,0,110321,6,1,0,2,0,0,0,0,0,0,1110,88,203,f1ae010006010002000000000000000000000000560458cb00
1,2759,0,110360,6,1,0,2,0,0,0,0,0,0,1110,88,203,18af010006010002000000000000000000000000560458cb00
1,2760,0,110401,6,1,0,2,0,0,0,0,0,0,1110,88,203,41af010006010002000000000000000000000000560458cb00
1,2761,0,110440,6,1,0,2,0,0,0,0,0,0,1110,88,203,68af010006010002000000000000000000000000560458cb00
1,2762,0,110480,6,1,0,2,0,0,0,0,0,0,1110,88,203,90af010006010002000000000000000000000000560458cb00
1,2763,0,110520,6,1,0,2,0,0,0,0,0,0,1110,88,203,b8af010006010002000000000000000000000000560458cb00
1,2764,0,110560,6,1,0,2,0,0,0,0,0,0,1110,88,203,e0af010006010002000000000000000000000000560458cb00
1,2765,0,110600,6,1,0,2,0,0,0,0,0,0,1110,88,203,08b0010006010002000000000000000000000000560458cb00
1,2766,0,110640,6,1,0,2,0,0,0,0,0,0,1110,88,203,30b0010006010002000000000000000000000000560458cb00
1,2767,0,110680,6,1,0,2,0,0,0,0,0,0,1110,88,203,58b0010006010002000000000000000000000000560458cb00
1,2768,0,110721,6,1,0,2,0,0,0,0,0,0,1110,88,203,81b0010006010002000000000000000000000000560458cb00
1,2769,0,110761,6,1,0,2,0,0,0,0,0,0,1110,88,203,a9b0010006010002000000000000000000000000560458cb00
1,2770,0,110800,6,1,0,2,0,0,0,0,0,0,1110,88,203,d0b0010006010002000000000000000000000000560458cb00
1,2771,0,110840,6,1,0,2,0,0,0,0,0,0,1110,88,203,f8b0010006010002000000000000000000000000560458cb00
1,2772,0,110880,6,1,0,2,0,0,0,0,0,0,1110,88,203,20b1010006010002000000000000000000000000560458cb00
1,2773,0,110920,6,1,0,2,0,0,0,0,0,0,1110,88,203,48b1010006010002000000000000000000000000560458cb00
1,2774,0,110961,6,1,0,2,0,0,0,0,0,0,1110,88,203,71b1010006010002000000000000000000000000560458cb00
1,2775,0,111000,6,1,0,2,0,0,0,0,0,0,1110,88,203,98b1010006010002000000000000000000000000560458cb00
1,2776,0,111040,6,1,0,2,0,0,0,0,0,0,1110,88,203,c0b1010006010002000000000000000000000000560458cb00
1,2777,0,111081,6,1,0,2,0,0,0,0,0,0,1110,88,203,e9b1010006010002000000000000000000000000560458cb00
1,2778,0,111120,6,1,0,2,0,0,0,0,0,0,1110,88,203,10b2010006010002000000000000000000000000560458cb00
1,2779,0,111160,6,1,0,2,0,0,0,0,0,0,1110,88,203,38b2010006010002000000000000000000000000560458cb00
1,2780,0,111200,6,1,0,2,0,0,0,0,0,0,1110,88,203,60b2010006010002000000000000000000000000560458cb00
1,2781,0,111241,6,1,0,2,0,0,0,0,0,0,1110,88,203,89b2010006010002000000000000000000000000560458cb00
1,2782,0,111280,6,1,0,2,0,0,0,0,0,0,1110,88,203,b0b2010006010002000000000000000000000000560458cb00
1,2783,0,111320,6,1,0,2,0,0,0,0,0,0,1110,88,203,d8b2010006010002000000000000000000000000560458cb00
1,2784,0,111361,6,1,0,2,0,0,0,0,0,0,1110,88,203,01b3010006010002000000000000000000000000560458cb00
1,2785,0,111400,6,1,0,2,0,0,0,0,0,0,1110,88,203,28b3010006010002000000000000000000000000560458cb00
1,2786,0,111440,6,1,0,2,0,0,0,0,0,0,1110,88,203,50b3010006010002000000000000000000000000560458cb00
1,2787,0,111481,6,1,0,2,0,0,0,0,0,0,1110,88,203,79b3010006010002000000000000000000000000560458cb00
1,2788,0,111520,6,1,0,2,0,0,0,0,0,0,1110,88,203,a0b3010006010002000000000000000000000000560458cb00
1,2789,0,111560,6,1,0,2,0,0,0,0,0,0,1110,88,203,c8b3010006010002000000000000000000000000560458cb00
1,2790,0,111600,6,1,0,2,0,0,0,0,0,0,1110,88,203,f0b3010006010002000000000000000000000000560458cb00
1,2791,0,111640,6,1,0,2,0,0,0,0,0,0,1110,88,203,18b4010006010002000000000000000000000000560458cb00
1,2792,0,111681,6,1,0,2,0,0,0,0,0,0,1110,88,203,41b4010006010002000000000000000000000000560458cb00
1,2793,0,111720,6,1,0,2,0,0,0,0,0,0,1110,88,203,68b4010006010002000000000000000000000000560458cb00
1,2794,0,111760,6,1,0,2,0,0,0,0,0,0,1110,88,203,90b4010006010002000000000000000000000000560458cb00
1,2795,0,111800,6,1,0,2,0,0,0,0,0,0,1110,88,203,b8b4010006010002000000000000000000000000560458cb00
1,2796,0,111840,6,1,0,2,0,0,0,0,0,0,1110,88,203,e0b4010006010002000000000000000000000000560458cb00
1,2797,0,111880,6,1,0,2,0,0,0,0,0,0,1110,88,203,08b5010006010002000000000000000000000000560458cb00
1,2798,0,111921,6,1,0,2,0,0,0,0,0,0,1110,88,203,31b5010006010002000000000000000000000000560458cb00
1,2799,0,111960,6,1,0,2,0,0,0,0,0,0,1110,88,203,58b5010006010002000000000000000000000000560458cb00
1,2800,0,112000,6,1,0,2,0,0,0,0,0,0,1110,88,203,80b5010006010002000000000000000000000000560458cb00
1,2801,0,112040,6,1,0,2,0,0,0,0,0,0,1110,88,203,a8b5010006010002000000000000000000000000560458cb00
1,2802,0,112080,6,1,0,2,0,0,0,0,0,0,1110,88,203,d0b5010006010002000000000000000000000000560458cb00
1,2803,0,112120,6,1,0,2,0,0,0,0,0,0,1110,88,203,f8b5010006010002000000000000000000000000560458cb00
1,2804,0,112160,6,1,0,2,0,0,0,0,0,0,1110,88,203,20b6010006010002000000000000000000000000560458cb00
1,2805,0,112200,6,1,0,2,0,0,0,0,0,0,1110,88,203,48b6010006010002000000000000000000000000560458cb00
1,2806,0,112240,6,1,0,2,0,0,0,0,0,0,1110,88,203,70b6010006010002000000000000000000000000560458cb00
1,2807,0,112280,6,1,0,2,0,0,0,0,0,0,1110,88,203,98b6010006010002000000000000000000000000560458cb00
1,2808,0,112320,6,1,0,2,0,0,0,0,0,0,1110,88,203,c0b6010006010002000000000000000000000000560458cb00
1,2809,0,112360,6,1,0,2,0,0,0,0,0,0,1110,88,203,e8b6010006010002000000000000000000000000560458cb00
1,2810,0,112401,6,1,0,2,0,0,0,0,0,0,1110,88,203,11b7010006010002000000000000000000000000560458cb00
1,2811,0,112440,6,1,0,2,0,0,0,0,0,0,1110,88,203,38b7010006010002000000000000000000000000560458cb00
1,2812,0,112481,6,1,0,2,0,0,0,0,0,0,1110,88,203,61b7010006010002000000000000000000000000560458cb00
1,2813,0,112520,6,1,0,2,0,0,0,0,0,0,1110,88,203,88b7010006010002000000000000000000000000560458cb00
1,2814,0,112560,6,1,0,2,0,0,0,0,0,0,1110,88,203,b0b7010006010002000000000000000000000000560458cb00
1,2815,0,112600,6,1,0,2,0,0,0,0,0,0,1110,88,203,d8b7010006010002000000000000000000000000560458cb00
1,2816,0,112640,6,1,0,2,0,0,0,0,0,0,1110,88,203,00b8010006010002000000000000000000000000560458cb00
1,2817,0,112680,6,1,0,2,0,0,0,0,0,0,1110,88,203,28b8010006010002000000000000000000000000560458cb00
1,2818,0,112720,6,1,0,2,0,0,0,0,0,0,1110,88,203,50b8010006010002000000000000000000000000560458cb00
1,2819,0,112760,6,1,0,2,0,0,0,0,0,0,1110,88,203,78b8010006010002000000000000000000000000560458cb00
1,2820,0,112800,6,1,0,2,0,0,0,0,0,0,1110,88,203,a0b8010006010002000000000000000000000000560458cb00
1,2821,0,112841,6,1,0,2,0,0,0,0,0,0,1110,88,203,c9b8010006010002000000000000000000000000560458cb00
1,2822,0,112880,6,1,0,2,0,0,0,0,0,0,1110,88,203,f0b8010006010002000000000000000000000000560458cb00
1,2823,0,112920,6,1,0,2,0,0,0,0,0,0,1110,88,203,18b9010006010002000000000000000000000000560458cb00
1,2824,0,112960,6,1,0,2,0,0,0,0,0,0,1110,88,203,40b9010006010002000000000000000000000000560458cb00
1,2825,0,113000,6,1,0,2,0,0,0,0,0,0,1110,88,203,68b9010006010002000000000000000000000000560458cb00
1,2826,0,113040,6,1,0,2,0,0,0,0,0,0,1110,88,203,90b9010006010002000000000000000000000000560458cb00
1,2827,0,113080,6,1,0,2,0,0,0,0,0,0,1110,88,203,b8b9010006010002000000000000000000000000560458cb00
1,2828,0,113120,6,1,0,2,0,0,0,0,0,0,1110,88,203,e0b9010006010002000000000000000000000000560458cb00
1,2829,0,113160,6,1,0,2,0,0,0,0,0,0,1110,88,203,08ba010006010002000000000000000000000000560458cb00
1,2830,0,113200,6,1,0,2,0,0,0,0,0,0,1110,88,203,30ba010006010002000000000000000000000000560458cb00
1,2831,0,113240,6,1,0,2,0,0,0,0,0,0,1110,88,203,58ba010006010002000000000000000000000000560458cb00
1,2832,0,113280,6,1,0,2,0,0,0,0,0,0,1110,88,203,80ba010006010002000000000000000000000000560458cb00
1,2833,0,113320,6,1,0,2,0,0,0,0,0,0,1110,88,203,a8ba010006010002000000000000000000000000560458cb00
1,2834,0,113360,6,1,0,2,0,0,0,0,0,0,1110,88,203,d0ba010006010002000000000000000000000000560458cb00
1,2835,0,113401,6,1,0,2,0,0,0,0,0,0,1110,88,203,f9ba010006010002000000000000000000000000560458cb00
1,2836,0,113440,6,1,0,2,0,0,0,0,0,0,1110,88,203,20bb010006010002000000000000000000000000560458cb00
1,2837,0,113480,6,1,0,2,0,0,0,0,0,0,1110,88,203,48bb010006010002000000000000000000000000560458cb00
1,2838,0,113520,6,1,0,2,0,0,0,0,0,0,1110,88,203,70bb010006010002000000000000000000000000560458cb00
1,2839,0,113560,6,1,0,2,0,0,0,0,0,0,1110,88,203,98bb010006010002000000000000000000000000560458cb00
1,2840,0,113600,6,1,0,2,0,0,0,0,0,0,1110,88,203,c0bb010006010002000000000000000000000000560458cb00
1,2841,0,113640,6,1,0,2,0,0,0,0,0,0,1110,88,203,e8bb010006010002000000000000000000000000560458cb00
1,2842,0,113681,6,1,0,2,0,0,0,0,0,0,1110,88,203,11bc010006010002000000000000000000000000560458cb00
1,2843,0,113721,6,1,0,2,0,0,0,0,0,0,1110,88,203,39bc010006010002000000000000000000000000560458cb00
1,2844,0,113761,6,1,0,2,0,0,0,0,0,0,1110,88,203,61bc010006010002000000000000000000000000560458cb00
1,2845,0,113800,6,1,0,2,0,0,0,0,0,0,1110,88,203,88bc010006010002000000000000000000000000560458cb00
1,2846,0,113840,6,1,0,2,0,0,0,0,0,0,1110,88,203,b0bc010006010002000000000000000000000000560458cb00
1,2847,0,113880,6,1,0,2,0,0,0,0,0,0,1110,88,203,d8bc010006010002000000000000000000000000560458cb00
1,2848,0,113920,6,1,0,2,0,0,0,0,0,0,1110,88,203,00bd010006010002000000000000000000000000560458cb00
1,2849,0,113960,6,1,0,2,0,0,0,0,0,0,1110,88,203,28bd010006010002000000000000000000000000560458cb00
1,2850,0,114000,6,1,0,2,0,0,0,0,0,0,1110,88,203,50bd010006010002000000000000000000000000560458cb00
1,2851,0,114040,6,1,0,2,0,0,0,0,0,0,1110,88,203,78bd010006010002000000000000000000000000560458cb00
1,2852,0,114080,6,1,0,2,0,0,0,0,0,0,1110,88,203,a0bd010006010002000000000000000000000000560458cb00
1,2853,0,114120,6,1,0,2,0,0,0,0,0,0,1110,88,203,c8bd010006010002000000000000000000000000560458cb00
1,2854,0,114160,6,1,0,2,0,0,0,0,0,0,1110,88,203,f0bd010006010002000000000000000000000000560458cb00
1,2855,0,114200,6,1,0,2,0,0,0,0,0,0,1110,88,203,18be010006010002000000000000000000000000560458cb00
1,2856,0,114240,6,1,0,2,0,0,0,0,0,0,1110,88,203,40be010006010002000000000000000000000000560458cb00
1,2857,0,114280,6,1,0,2,0,0,0,0,0,0,1110,88,203,68be010006010002000000000000000000000000560458cb00
1,2858,0,114320,6,1,0,2,0,0,0,0,0,0,1110,88,203,90be010006010002000000000000000000000000560458cb00
1,2859,0,114360,6,1,0,2,0,0,0,0,0,0,1110,88,203,b8be010006010002000000000000000000000000560458cb00
1,2860,0,114400,6,1,0,2,0,0,0,0,0,0,1110,88,203,e0be010006010002000000000000000000000000560458cb00
1,2861,0,114441,6,1,0,2,0,0,0,0,0,0,1110,88,203,09bf010006010002000000000000000000000000560458cb00
1,2862,0,114480,6,1,0,2,0,0,0,0,0,0,1110,88,203,30bf010006010002000000000000000000000000560458cb00
1,2863,0,114520,6,1,0,2,0,0,0,0,0,0,1110,88,203,58bf010006010002000000000000000000000000560458cb00
1,2864,0,114560,6,1,0,2,0,0,0,0,0,0,1110,88,203,80bf010006010002000000000000000000000000560458cb00
1,2865,0,114600,6,1,0,2,0,0,0,0,0,0,1110,88,203,a8bf010006010002000000000000000000000000560458cb00
1,2866,0,114641,6,1,0,2,0,0,0,0,0,0,1110,88,203,d1bf010006010002000000000000000000000000560458cb00
1,2867,0,114680,6,1,0,2,0,0,0,0,0,0,1110,88,203,f8bf010006010002000000000000000000000000560458cb00
1,2868,0,114720,6,1,0,2,0,0,0,0,0,0,1110,88,203,20c0010006010002000000000000000000000000560458cb00
1,2869,0,114760,6,1,0,2,0,0,0,0,0,0,1110,88,203,48c0010006010002000000000000000000000000560458cb00
1,2870,0,114800,6,1,0,2,0,0,0,0,0,0,1110,88,203,70c0010006010002000000000000000000000000560458cb00
1,2871,0,114840,6,1,0,2,0,0,0,0,0,0,1110,88,203,98c0010006010002000000000000000000000000560458cb00
1,2872,0,114880,6,1,0,2,0,0,0,0,0,0,1110,88,203,c0c0010006010002000000000000000000000000560458cb00
1,2873,0,114920,6,1,0,2,0,0,0,0,0,0,1110,88,203,e8c0010006010002000000000000000000000000560458cb00
1,2874,0,114960,6,1,0,2,0,0,0,0,0,0,1110,88,203,10c1010006010002000000000000000000000000560458cb00
1,2875,0,115000,6,1,0,2,0,0,0,0,0,0,1110,88,203,38c1010006010002000000000000000000000000560458cb00
1,2876,0,115040,6,1,0,2,0,0,0,0,0,0,1110,88,203,60c1010006010002000000000000000000000000560458cb00
1,2877,0,115080,6,1,0,2,0,0,0,0,0,0,1110,88,203,88c1010006010002000000000000000000000000560458cb00
1,2878,0,115120,6,1,0,2,0,0,0,0,0,0,1110,88,203,b0c1010006010002000000000000000000000000560458cb00
1,2879,0,115161,6,1,0,2,0,0,0,0,0,0,1110,88,203,d9c1010006010002000000000000000000000000560458cb00
1,2880,0,115200,6,1,0,2,0,0,0,0,0,0,1110,88,203,00c2010006010002000000000000000000000000560458cb00
1,2881,0,115240,6,1,0,2,0,0,0,0,0,0,1110,88,203,28c2010006010002000000000000000000000000560458cb00
1,2882,0,115280,6,1,0,2,0,0,0,0,0,0,1110,88,203,50c2010006010002000000000000000000000000560458cb00
1,2883,0,115320,6,1,0,2,0,0,0,0,0,0,1110,88,203,78c2010006010002000000000000000000000000560458cb00
1,2884,0,115360,6,1,0,2,0,0,0,0,0,0,1110,88,203,a0c2010006010002000000000000000000000000560458cb00
1,2885,0,115400,6,1,0,2,0,0,0,0,0,0,1110,88,203,c8c2010006010002000000000000000000000000560458cb00
1,2886,0,115440,6,1,0,2,0,0,0,0,0,0,1110,88,203,f0c2010006010002000000000000000000000000560458cb00
1,2887,0,115480,6,1,0,2,0,0,0,0,0,0,1110,88,203,18c3010006010002000000000000000000000000560458cb00
1,2888,0,115521,6,1,0,2,0,0,0,0,0,0,1110,88,203,41c3010006010002000000000000000000000000560458cb00
1,2889,0,115560,6,1,0,2,0,0,0,0,0,0,1110,88,203,68c3010006010002000000000000000000000000560458cb00
1,2890,0,115600,6,1,0,2,0,0,0,0,0,0,1110,88,203,90c3010006010002000000000000000000000000560458cb00
1,2891,0,115640,6,1,0,2,0,0,0,0,0,0,1110,88,203,b8c3010006010002000000000000000000000000560458cb00
1,2892,0,115680,6,1,0,2,0,0,0,0,0,0,1110,88,203,e0c3010006010002000000000000000000000000560458cb00
1,2893,0,115720,6,1,0,2,0,0,0,0,0,0,1110,88,203,08c4010006010002000000000000000000000000560458cb00
1,2894,0,115760,6,1,0,2,0,0,0,0,0,0,1110,88,203,30c4010006010002000000000000000000000000560458cb00
1,2895,0,115800,6,1,0,2,0,0,0,0,0,0,1110,88,203,58c4010006010002000000000000000000000000560458cb00
1,2896,0,115840,6,1,0,2,0,0,0,0,0,0,1110,88,203,80c4010006010002000000000000000000000000560458cb00
1,2897,0,115881,6,1,0,2,0,0,0,0,0,0,1110,88,203,a9c4010006010002000000000000000000000000560458cb00
1,2898,0,115920,6,1,0,2,0,0,0,0,0,0,1110,88,203,d0c4010006010002000000000000000000000000560458cb00
1,2899,0,115960,6,1,0,2,0,0,0,0,0,0,1110,88,203,f8c4010006010002000000000000000000000000560458cb00
1,2900,0,116000,6,1,0,2,0,0,0,0,0,0,1110,88,203,20c5010006010002000000000000000000000000560458cb00
1,2901,0,116040,6,1,0,2,0,0,0,0,0,0,1110,88,203,48c5010006010002000000000000000000000000560458cb00
1,2902,0,116080,6,1,0,2,0,0,0,0,0,0,1110,88,203,70c5010006010002000000000000000000000000560458cb00
1,2903,0,116120,6,1,0,2,0,0,0,0,0,0,1110,88,203,98c5010006010002000000000000000000000000560458cb00
1,2904,0,116160,6,1,0,2,0,0,0,0,0,0,1110,88,203,c0c5010006010002000000000000000000000000560458cb00
1,2905,0,116200,6,1,0,2,0,0,0,0,0,0,1110,88,203,e8c5010006010002000000000000000000000000560458cb00
1,2906,0,116240,6,1,0,2,0,0,0,0,0,0,1110,88,203,10c6010006010002000000000000000000000000560458cb00
1,2907,0,116281,6,1,0,2,0,0,0,0,0,0,1110,88,203,39c6010006010002000000000000000000000000560458cb00
1,2908,0,116320,6,1,0,2,0,0,0,0,0,0,1110,88,203,60c6010006010002000000000000000000000000560458cb00
1,2909,0,116360,6,1,0,2,0,0,0,0,0,0,1110,88,203,88c6010006010002000000000000000000000000560458cb00
1,2910,0,116400,6,1,0,2,0,0,0,0,0,0,1110,88,203,b0c6010006010002000000000000000000000000560458cb00
1,2911,0,116441,6,1,0,2,0,0,0,0,0,0,1110,88,203,d9c6010006010002000000000000000000000000560458cb00
1,2912,0,116480,6,1,0,2,0,0,0,0,0,0,1110,88,203,00c7010006010002000000000000000000000000560458cb00
1,2913,0,116520,6,1,0,2,0,0,0,0,0,0,1110,88,203,28c7010006010002000000000000000000000000560458cb00
1,2914,0,116560,6,1,0,2,0,0,0,0,0,0,1110,88,203,50c7010006010002000000000000000000000000560458cb00
1,2915,0,116601,6,1,0,2,0,0,0,0,0,0,1110,88,203,79c7010006010002000000000000000000000000560458cb00
1,2916,0,116640,6,1,0,2,0,0,0,0,0,0,1110,88,203,a0c7010006010002000000000000000000000000560458cb00
1,2917,0,116680,6,1,0,2,0,0,0,0,0,0,1110,88,203,c8c7010006010002000000000000000000000000560458cb00
1,2918,0,116720,6,1,0,2,0,0,0,0,0,0,1110,88,203,f0c7010006010002000000000000000000000000560458cb00
1,2919,0,116760,6,1,0,2,0,0,0,0,0,0,1110,88,203,18c8010006010002000000000000000000000000560458cb00
1,2920,0,116800,6,1,0,2,0,0,0,0,0,0,1110,88,203,40c8010006010002000000000000000000000000560458cb00
1,2921,0,116840,6,1,0,2,0,0,0,0,0,0,1110,88,203,68c8010006010002000000000000000000000000560458cb00
1,2922,0,116880,6,1,0,2,0,0,0,0,0,0,1110,88,203,90c8010006010002000000000000000000000000560458cb00
1,2923,0,116920,6,1,0,2,0,0,0,0,0,0,1110,88,203,b8c8010006010002000000000000000000000000560458cb00
1,2924,0,116960,6,1,0,2,0,0,0,0,0,0,1110,88,203,e0c8010006010002000000000000000000000000560458cb00
1,2925,0,117000,6,1,0,2,0,0,0,0,0,0,1110,88,203,08c9010006010002000000000000000000000000560458cb00
1,2926,0,117040,6,1,0,2,0,0,0,0,0,0,1110,88,203,30c9010006010002000000000000000000000000560458cb00
1,2927,0,117080,6,1,0,2,0,0,0,0,0,0,1110,88,203,58c9010006010002000000000000000000000000560458cb00
1,2928,0,117120,6,1,0,2,0,0,0,0,0,0,1110,88,203,80c9010006010002000000000000000000000000560458cb00
1,2929,0,117160,6,1,0,2,0,0,0,0,0,0,1110,88,203,a8c9010006010002000000000000000000000000560458cb00
1,2930,0,117200,6,1,0,2,0,0,0,0,0,0,1110,88,203,d0c9010006010002000000000000000000000000560458cb00
1,2931,0,117240,6,1,0,2,0,0,0,0,0,0,1110,88,203,f8c9010006010002000000000000000000000000560458cb00
1,2932,0,117280,6,1,0,2,0,0,0,0,0,0,1110,88,203,20ca010006010002000000000000000000000000560458cb00
1,2933,0,117320,6,1,0,2,0,0,0,0,0,0,1110,88,203,48ca010006010002000000000000000000000000560458cb00
1,2934,0,117360,6,1,0,2,0,0,0,0,0,0,1110,88,203,70ca010006010002000000000000000000000000560458cb00
1,2935,0,117400,6,1,0,2,0,0,0,0,0,0,1110,88,203,98ca010006010002000000000000000000000000560458cb00
1,2936,0,117440,6,1,0,2,0,0,0,0,0,0,1110,88,203,c0ca010006010002000000000000000000000000560458cb00
1,2937,0,117480,6,1,0,2,0,0,0,0,0,0,1110,88,203,e8ca010006010002000000000000000000000000560458cb00
1,2938,0,117520,6,1,0,2,0,0,0,0,0,0,1110,88,203,10cb010006010002000000000000000000000000560458cb00
1,2939,0,117560,6,1,0,2,0,0,0,0,0,0,1110,88,203,38cb010006010002000000000000000000000000560458cb00
1,2940,0,117600,6,1,0,2,0,0,0,0,0,0,1110,88,203,60cb010006010002000000000000000000000000560458cb00
1,2941,0,117640,6,1,0,2,0,0,0,0,0,0,1110,88,203,88cb010006010002000000000000000000000000560458cb00
1,2942,0,117680,6,1,0,2,0,0,0,0,0,0,1110,88,203,b0cb010006010002000000000000000000000000560458cb00
1,2943,0,117720,6,1,0,2,0,0,0,0,0,0,1110,88,203,d8cb010006010002000000000000000000000000560458cb00
1,2944,0,117760,6,1,0,2,0,0,0,0,0,0,1110,88,203,00cc010006010002000000000000000000000000560458cb00
1,2945,0,117800,6,1,0,2,0,0,0,0,0,0,1110,88,203,28cc010006010002000000000000000000000000560458cb00
1,2946,0,117840,6,1,0,2,0,0,0,0,0,0,1110,88,203,50cc010006010002000000000000000000000000560458cb00
1,2947,0,117880,6,1,0,2,0,0,0,0,0,0,1110,88,203,78cc010006010002000000000000000000000000560458cb00
1,2948,0,117920,6,1,0,2,0,0,0,0,0,0,1110,88,203,a0cc010006010002000000000000000000000000560458cb00
1,2949,0,117961,6,1,0,2,0,0,0,0,0,0,1110,88,203,c9cc010006010002000000000000000000000000560458cb00
1,2950,0,118000,6,1,0,2,0,0,0,0,0,0,1110,88,203,f0cc010006010002000000000000000000000000560458cb00
1,2951,0,118040,6,1,0,2,0,0,0,0,0,0,1110,88,203,18cd010006010002000000000000000000000000560458cb00
1,2952,0,118080,6,1,0,2,0,0,0,0,0,0,1110,88,203,40cd010006010002000000000000000000000000560458cb00
1,2953,0,118120,6,1,0,2,0,0,0,0,0,0,1110,88,203,68cd010006010002000000000000000000000000560458cb00
1,2954,0,118160,6,1,0,2,0,0,0,0,0,0,1110,88,203,90cd010006010002000000000000000000000000560458cb00
1,2955,0,118201,6,1,0,2,0,0,0,0,0,0,1110,88,203,b9cd010006010002000000000000000000000000560458cb00
1,2956,0,118241,6,1,0,2,0,0,0,0,0,0,1110,88,203,e1cd010006010002000000000000000000000000560458cb00
1,2957,0,118280,6,1,0,2,0,0,0,0,0,0,1110,88,203,08ce010006010002000000000000000000000000560458cb00
1,2958,0,118320,6,1,0,2,0,0,0,0,0,0,1110,88,203,30ce010006010002000000000000000000000000560458cb00
1,2959,0,118360,6,1,0,2,0,0,0,0,0,0,1110,88,203,58ce010006010002000000000000000000000000560458cb00
1,2960,0,118400,6,1,0,2,0,0,0,0,0,0,1110,88,203,80ce010006010002000000000000000000000000560458cb00
1,2961,0,118440,6,1,0,2,0,0,0,0,0,0,1110,88,203,a8ce010006010002000000000000000000000000560458cb00
1,2962,0,118481,6,1,0,2,0,0,0,0,0,0,1110,88,203,d1ce010006010002000000000000000000000000560458cb00
1,2963,0,118520,6,1,0,2,0,0,0,0,0,0,1110,88,203,f8ce010006010002000000000000000000000000560458cb00
1,2964,0,118560,6,1,0,2,0,0,0,0,0,0,1110,88,203,20cf010006010002000000000000000000000000560458cb00
1,2965,0,118600,6,1,0,2,0,0,0,0,0,0,1110,88,203,48cf010006010002000000000000000000000000560458cb00
1,2966,0,118640,6,1,0,2,0,0,0,0,0,0,1110,88,203,70cf010006010002000000000000000000000000560458cb00
1,2967,0,118680,6,1,0,2,0,0,0,0,0,0,1110,88,203,98cf010006010002000000000000000000000000560458cb00
1,2968,0,118720,6,1,0,2,0,0,0,0,0,0,1110,88,203,c0cf010006010002000000000000000000000000560458cb00
1,2969,0,118760,6,1,0,2,0,0,0,0,0,0,1110,88,203,e8cf010006010002000000000000000000000000560458cb00
1,2970,0,118800,6,1,0,2,0,0,0,0,0,0,1110,88,203,10d0010006010002000000000000000000000000560458cb00
1,2971,0,118840,6,1,0,2,0,0,0,0,0,0,1110,88,203,38d0010006010002000000000000000000000000560458cb00
1,2972,0,118881,6,1,0,2,0,0,0,0,0,0,1110,88,203,61d0010006010002000000000000000000000000560458cb00
1,2973,0,118920,6,1,0,2,0,0,0,0,0,0,1110,88,203,88d0010006010002000000000000000000000000560458cb00
1,2974,0,118961,6,1,0,2,0,0,0,0,0,0,1110,88,203,b1d0010006010002000000000000000000000000560458cb00
1,2975,0,119000,6,1,0,2,0,0,0,0,0,0,1110,88,203,d8d0010006010002000000000000000000000000560458cb00
1,2976,0,119040,6,1,0,2,0,0,0,0,0,0,1110,88,203,00d1010006010002000000000000000000000000560458cb00
1,2977,0,119080,6,1,0,2,0,0,0,0,0,0,1110,88,203,28d1010006010002000000000000000000000000560458cb00
1,2978,0,119121,6,1,0,2,0,0,0,0,0,0,1110,88,203,51d1010006010002000000000000000000000000560458cb00
1,2979,0,119160,6,1,0,2,0,0,0,0,0,0,1110,88,203,78d1010006010002000000000000000000000000560458cb00
1,2980,0,119200,6,1,0,2,0,0,0,0,0,0,1110,88,203,a0d1010006010002000000000000000000000000560458cb00
1,2981,0,119240,6,1,0,2,0,0,0,0,0,0,1110,88,203,c8d1010006010002000000000000000000000000560458cb00
1,2982,0,119280,6,1,0,2,0,0,0,0,0,0,1110,88,203,f0d1010006010002000000000000000000000000560458cb00
1,2983,0,119320,6,1,0,2,0,0,0,0,0,0,1110,88,203,18d2010006010002000000000000000000000000560458cb00
1,2984,0,119360,6,1,0,2,0,0,0,0,0,0,1110,88,203,40d2010006010002000000000000000000000000560458cb00
1,2985,0,119401,6,1,0,2,0,0,0,0,0,0,1110,88,203,69d2010006010002000000000000000000000000560458cb00
1,2986,0,119440,6,1,0,2,0,0,0,0,0,0,1110,88,203,90d2010006010002000000000000000000000000560458cb00
1,2987,0,119481,6,1,0,2,0,0,0,0,0,0,1110,88,203,b9d2010006010002000000000000000000000000560458cb00
1,2988,0,119520,6,1,0,2,0,0,0,0,0,0,1110,88,203,e0d2010006010002000000000000000000000000560458cb00
1,2989,0,119560,6,1,0,2,0,0,0,0,0,0,1110,88,203,08d3010006010002000000000000000000000000560458cb00
1,2990,0,119600,6,1,0,2,0,0,0,0,0,0,1110,88,203,30d3010006010002000000000000000000000000560458cb00
1,2991,0,119640,6,1,0,2,0,0,0,0,0,0,1110,88,203,58d3010006010002000000000000000000000000560458cb00
1,2992,0,119681,6,1,0,2,0,0,0,0,0,0,1110,88,203,81d3010006010002000000000000000000000000560458cb00
1,2993,0,119721,6,1,0,2,0,0,0,0,0,0,1110,88,203,a9d3010006010002000000000000000000000000560458cb00
1,2994,0,119760,6,1,0,2,0,0,0,0,0,0,1110,88,203,d0d3010006010002000000000000000000000000560458cb00
1,2995,0,119801,6,1,0,2,0,0,0,0,0,0,1110,88,203,f9d3010006010002000000000000000000000000560458cb00
1,2996,0,119840,6,1,0,2,0,0,0,0,0,0,1110,88,203,20d4010006010002000000000000000000000000560458cb00
1,2997,0,119880,6,1,0,2,0,0,0,0,0,0,1110,88,203,48d4010006010002000000000000000000000000560458cb00
1,2998,0,119920,6,1,0,2,0,0,0,0,0,0,1110,88,203,70d4010006010002000000000000000000000000560458cb00
1,2999,0,119961,6,1,0,2,0,0,0,0,0,0,1110,88,203,99d4010006010002000000000000000000000000560458cb00
1,3000,0,120000,6,1,0,2,0,0,0,0,0,0,1110,88,203,c0d4010006010002000000000000000000000000560458cb00
1,3001,0,120040,6,1,0,2,0,0,0,0,0,0,1110,88,203,e8d4010006010002000000000000000000000000560458cb00
1,3002,0,120081,6,1,0,2,0,0,0,0,0,0,1110,88,203,11d5010006010002000000000000000000000000560458cb00
1,3003,0,120120,6,1,0,2,0,0,0,0,0,0,1110,88,203,38d5010006010002000000000000000000000000560458cb00
1,3004,0,120160,6,1,0,2,0,0,0,0,0,0,1110,88,203,60d5010006010002000000000000000000000000560458cb00
1,3005,0,120201,6,1,0,2,0,0,0,0,0,0,1110,88,203,89d5010006010002000000000000000000000000560458cb00
1,3006,0,120240,6,1,0,2,0,0,0,0,0,0,1110,88,203,b0d5010006010002000000000000000000000000560458cb00
1,3007,0,120280,6,1,0,2,0,0,0,0,0,0,1110,88,203,d8d5010006010002000000000000000000000000560458cb00
1,3008,0,120320,6,1,0,2,0,0,0,0,0,0,1110,88,203,00d6010006010002000000000000000000000000560458cb00
1,3009,0,120360,6,1,0,2,0,0,0,0,0,0,1110,88,203,28d6010006010002000000000000000000000000560458cb00
1,3010,0,120400,6,1,0,2,0,0,0,0,0,0,1110,88,203,50d6010006010002000000000000000000000000560458cb00
1,3011,0,120440,6,1,0,2,0,0,0,0,0,0,1110,88,203,78d6010006010002000000000000000000000000560458cb00
1,3012,0,120480,6,1,0,2,0,0,0,0,0,0,1110,88,203,a0d6010006010002000000000000000000000000560458cb00
1,3013,0,120520,6,1,0,2,0,0,0,0,0,0,1110,88,203,c8d6010006010002000000000000000000000000560458cb00
1,3014,0,120560,6,1,0,2,0,0,0,0,0,0,1110,88,203,f0d6010006010002000000000000000000000000560458cb00
1,3015,0,120600,6,1,0,2,0,0,0,0,0,0,1110,88,203,18d7010006010002000000000000000000000000560458cb00
1,3016,0,120641,6,1,0,2,0,0,0,0,0,0,1110,88,203,41d7010006010002000000000000000000000000560458cb00
1,3017,0,120680,6,1,0,2,0,0,0,0,0,0,1110,88,203,68d7010006010002000000000000000000000000560458cb00
1,3018,0,120720,6,1,0,2,0,0,0,0,0,0,1110,88,203,90d7010006010002000000000000000000000000560458cb00
1,3019,0,120760,6,1,0,2,0,0,0,0,0,0,1110,88,203,b8d7010006010002000000000000000000000000560458cb00
1,3020,0,120800,6,1,0,2,0,0,0,0,0,0,1110,88,203,e0d7010006010002000000000000000000000000560458cb00
1,3021,0,120840,6,1,0,2,0,0,0,0,0,0,1110,88,203,08d8010006010002000000000000000000000000560458cb00
1,3022,0,120881,6,1,0,2,0,0,0,0,0,0,1110,88,203,31d8010006010002000000000000000000000000560458cb00
1,3023,0,120920,6,1,0,2,0,0,0,0,0,0,1110,88,203,58d8010006010002000000000000000000000000560458cb00
1,3024,0,120960,6,1,0,2,0,0,0,0,0,0,1110,88,203,80d8010006010002000000000000000000000000560458cb00
1,3025,0,121000,6,1,0,2,0,0,0,0,0,0,1110,88,203,a8d8010006010002000000000000000000000000560458cb00
1,3026,0,121040,6,1,0,2,0,0,0,0,0,0,1110,88,203,d0d8010006010002000000000000000000000000560458cb00
1,3027,0,121080,6,1,0,2,0,0,0,0,0,0,1110,88,203,f8d8010006010002000000000000000000000000560458cb00
1,3028,0,121121,6,1,0,2,0,0,0,0,0,0,1110,88,203,21d9010006010002000000000000000000000000560458cb00
1,3029,0,121161,6,1,0,2,0,0,0,0,0,0,1110,88,203,49d9010006010002000000000000000000000000560458cb00
1,3030,0,121200,6,1,0,2,0,0,0,0,0,0,1110,88,203,70d9010006010002000000000000000000000000560458cb00
1,3031,0,121240,6,1,0,2,0,0,0,0,0,0,1110,88,203,98d9010006010002000000000000000000000000560458cb00
1,3032,0,121280,6,1,0,2,0,0,0,0,0,0,1110,88,203,c0d9010006010002000000000000000000000000560458cb00
1,3033,0,121320,6,1,0,2,0,0,0,0,0,0,1110,88,203,e8d9010006010002000000000000000000000000560458cb00
1,3034,0,121360,6,1,0,2,0,0,0,0,0,0,1110,88,203,10da010006010002000000000000000000000000560458cb00
1,3035,0,121400,6,1,0,2,0,0,0,0,0,0,1110,88,203,38da010006010002000000000000000000000000560458cb00
1,3036,0,121440,6,1,0,2,0,0,0,0,0,0,1110,88,203,60da010006010002000000000000000000000000560458cb00
1,3037,0,121481,6,1,0,2,0,0,0,0,0,0,1110,88,203,89da010006010002000000000000000000000000560458cb00
1,3038,0,121520,6,1,0,2,0,0,0,0,0,0,1110,88,203,b0da010006010002000000000000000000000000560458cb00
1,3039,0,121561,6,1,0,2,0,0,0,0,0,0,1110,88,203,d9da010006010002000000000000000000000000560458cb00
1,3040,0,121600,6,1,0,2,0,0,0,0,0,0,1110,88,203,00db010006010002000000000000000000000000560458cb00
1,3041,0,121640,6,1,0,2,0,0,0,0,0,0,1110,88,203,28db010006010002000000000000000000000000560458cb00
1,3042,0,121680,6,1,0,2,0,0,0,0,0,0,1110,88,203,50db010006010002000000000000000000000000560458cb00
1,3043,0,121721,6,1,0,2,0,0,0,0,0,0,1110,88,203,79db010006010002000000000000000000000000560458cb00
1,3044,0,121760,6,1,0,2,0,0,0,0,0,0,1110,88,203,a0db010006010002000000000000000000000000560458cb00
1,3045,0,121800,6,1,0,2,0,0,0,0,0,0,1110,88,203,c8db010006010002000000000000000000000000560458cb00
1,3046,0,121841,6,1,0,2,0,0,0,0,0,0,1110,88,203,f1db010006010002000000000000000000000000560458cb00
1,3047,0,121880,6,1,0,2,0,0,0,0,0,0,1110,88,203,18dc010006010002000000000000000000000000560458cb00
1,3048,0,121920,6,1,0,2,0,0,0,0,0,0,1110,88,203,40dc010006010002000000000000000000000000560458cb00
1,3049,0,121960,6,1,0,2,0,0,0,0,0,0,1110,88,203,68dc010006010002000000000000000000000000560458cb00
1,3050,0,122000,6,1,0,2,0,0,0,0,0,0,1110,88,203,90dc010006010002000000000000000000000000560458cb00
1,3051,0,122040,6,1,0,2,0,0,0,0,0,0,1110,88,203,b8dc010006010002000000000000000000000000560458cb00
1,3052,0,122081,6,1,0,2,0,0,0,0,0,0,1110,88,203,e1dc010006010002000000000000000000000000560458cb00
1,3053,0,122120,6,1,0,2,0,0,0,0,0,0,1110,88,203,08dd010006010002000000000000000000000000560458cb00
1,3054,0,122160,6,1,0,2,0,0,0,0,0,0,1110,88,203,30dd010006010002000000000000000000000000560458cb00
1,3055,0,122200,6,1,0,2,0,0,0,0,0,0,1110,88,203,58dd010006010002000000000000000000000000560458cb00
1,3056,0,122240,6,1,0,2,0,0,0,0,0,0,1110,88,203,80dd010006010002000000000000000000000000560458cb00
1,3057,0,122280,6,1,0,2,0,0,0,0,0,0,1110,88,203,a8dd010006010002000000000000000000000000560458cb00
1,3058,0,122321,6,1,0,2,0,0,0,0,0,0,1110,88,203,d1dd010006010002000000000000000000000000560458cb00
1,3059,0,122361,6,1,0,2,0,0,0,0,0,0,1110,88,203,f9dd010006010002000000000000000000000000560458cb00
1,3060,0,122401,6,1,0,2,0,0,0,0,0,0,1110,88,203,21de010006010002000000000000000000000000560458cb00
1,3061,0,122440,6,1,0,2,0,0,0,0,0,0,1110,88,203,48de010006010002000000000000000000000000560458cb00
1,3062,0,122480,6,1,0,2,0,0,0,0,0,0,1110,88,203,70de010006010002000000000000000000000000560458cb00
1,3063,0,122520,6,1,0,2,0,0,0,0,0,0,1110,88,203,98de010006010002000000000000000000000000560458cb00
1,3064,0,122561,6,1,0,2,0,0,0,0,0,0,1110,88,203,c1de010006010002000000000000000000000000560458cb00
1,3065,0,122600,6,1,0,2,0,0,0,0,0,0,1110,88,203,e8de010006010002000000000000000000000000560458cb00
1,3066,0,122641,6,1,0,2,0,0,0,0,0,0,1110,88,203,11df010006010002000000000000000000000000560458cb00
1,3067,0,122680,6,1,0,2,0,0,0,0,0,0,1110,88,203,38df010006010002000000000000000000000000560458cb00
1,3068,0,122720,6,1,0,2,0,0,0,0,0,0,1110,88,203,60df010006010002000000000000000000000000560458cb00
1,3069,0,122760,6,1,0,2,0,0,0,0,0,0,1110,88,203,88df010006010002000000000000000000000000560458cb00
1,3070,0,122800,6,1,0,2,0,0,0,0,0,0,1110,88,203,b0df010006010002000000000000000000000000560458cb00
1,3071,0,122840,6,1,0,2,0,0,0,0,0,0,1110,88,203,d8df010006010002000000000000000000000000560458cb00
1,3072,0,122880,6,1,0,2,0,0,0,0,0,0,1110,88,203,00e0010006010002000000000000000000000000560458cb00
1,3073,0,122920,6,1,0,2,0,0,0,0,0,0,1110,88,203,28e0010006010002000000000000000000000000560458cb00
1,3074,0,122960,6,1,0,2,0,0,0,0,0,0,1110,88,203,50e0010006010002000000000000000000000000560458cb00
1,3075,0,123000,6,1,0,2,0,0,0,0,0,0,1110,88,203,78e0010006010002000000000000000000000000560458cb00
1,3076,0,123040,6,1,0,2,0,0,0,0,0,0,1110,88,203,a0e0010006010002000000000000000000000000560458cb00
1,3077,0,123081,6,1,0,2,0,0,0,0,0,0,1110,88,203,c9e0010006010002000000000000000000000000560458cb00
1,3078,0,123120,6,1,0,2,0,0,0,0,0,0,1110,88,203,f0e0010006010002000000000000000000000000560458cb00
1,3079,0,123160,6,1,0,2,0,0,0,0,0,0,1110,88,203,18e1010006010002000000000000000000000000560458cb00
1,3080,0,123200,6,1,0,2,0,0,0,0,0,0,1110,88,203,40e1010006010002000000000000000000000000560458cb00
1,3081,0,123241,6,1,0,2,0,0,0,0,0,0,1110,88,203,69e1010006010002000000000000000000000000560458cb00
1,3082,0,123281,6,1,0,2,0,0,0,0,0,0,1110,88,203,91e1010006010002000000000000000000000000560458cb00
1,3083,0,123320,6,1,0,2,0,0,0,0,0,0,1110,88,203,b8e1010006010002000000000000000000000000560458cb00
1,3084,0,123360,6,1,0,2,0,0,0,0,0,0,1110,88,203,e0e1010006010002000000000000000000000000560458cb00
1,3085,0,123400,6,1,0,2,0,0,0,0,0,0,1110,88,203,08e2010006010002000000000000000000000000560458cb00
1,3086,0,123440,6,1,0,2,0,0,0,0,0,0,1110,88,203,30e2010006010002000000000000000000000000560458cb00
1,3087,0,123480,6,1,0,2,0,0,0,0,0,0,1110,88,203,58e2010006010002000000000000000000000000560458cb00
1,3088,0,123520,6,1,0,2,0,0,0,0,0,0,1110,88,203,80e2010006010002000000000000000000000000560458cb00
1,3089,0,123560,6,1,0,2,0,0,0,0,0,0,1110,88,203,a8e2010006010002000000000000000000000000560458cb00
1,3090,0,123600,6,1,0,2,0,0,0,0,0,0,1110,88,203,d0e2010006010002000000000000000000000000560458cb00
1,3091,0,123640,6,1,0,2,0,0,0,0,0,0,1110,88,203,f8e2010006010002000000000000000000000000560458cb00
1,3092,0,123680,6,1,0,2,0,0,0,0,0,0,1110,88,203,20e3010006010002000000000000000000000000560458cb00
1,3093,0,123720,6,1,0,2,0,0,0,0,0,0,1110,88,203,48e3010006010002000000000000000000000000560458cb00
1,3094,0,123760,6,1,0,2,0,0,0,0,0,0,1110,88,203,70e3010006010002000000000000000000000000560458cb00
1,3095,0,123800,6,1,0,2,0,0,0,0,0,0,1110,88,203,98e3010006010002000000000000000000000000560458cb00
1,3096,0,123840,6,1,0,2,0,0,0,0,0,0,1110,88,203,c0e3010006010002000000000000000000000000560458cb00
1,3097,0,123880,6,1,0,2,0,0,0,0,0,0,1110,88,203,e8e3010006010002000000000000000000000000560458cb00
1,3098,0,123920,6,1,0,2,0,0,0,0,0,0,1110,88,203,10e4010006010002000000000000000000000000560458cb00
1,3099,0,123960,6,1,0,2,0,0,0,0,0,0,1110,88,203,38e4010006010002000000000000000000000000560458cb00
1,3100,0,124000,6,1,0,2,0,0,0,0,0,0,1110,88,203,60e4010006010002000000000000000000000000560458cb00
1,3101,0,124040,6,1,0,2,0,0,0,0,0,0,1110,88,203,88e4010006010002000000000000000000000000560458cb00
1,3102,0,124081,6,1,0,2,0,0,0,0,0,0,1110,88,203,b1e4010006010002000000000000000000000000560458cb00
1,3103,0,124120,6,1,0,2,0,0,0,0,0,0,1110,88,203,d8e4010006010002000000000000000000000000560458cb00
1,3104,0,124160,6,1,0,2,0,0,0,0,0,0,1110,88,203,00e5010006010002000000000000000000000000560458cb00
1,3105,0,124200,6,1,0,2,0,0,0,0,0,0,1110,88,203,28e5010006010002000000000000000000000000560458cb00
1,3106,0,124240,6,1,0,2,0,0,0,0,0,0,1110,88,203,50e5010006010002000000000000000000000000560458cb00
1,3107,0,124280,6,1,0,2,0,0,0,0,0,0,1110,88,203,78e5010006010002000000000000000000000000560458cb00
1,3108,0,124320,6,1,0,2,0,0,0,0,0,0,1110,88,203,a0e5010006010002000000000000000000000000560458cb00
1,3109,0,124360,6,1,0,2,0,0,0,0,0,0,1110,88,203,c8e5010006010002000000000000000000000000560458cb00
1,3110,0,124400,6,1,0,2,0,0,0,0,0,0,1110,88,203,f0e5010006010002000000000000000000000000560458cb00
1,3111,0,124440,6,1,0,2,0,0,0,0,0,0,1110,88,203,18e6010006010002000000000000000000000000560458cb00
1,3112,0,124480,6,1,0,2,0,0,0,0,0,0,1110,88,203,40e6010006010002000000000000000000000000560458cb00
1,3113,0,124520,6,1,0,2,0,0,0,0,0,0,1110,88,203,68e6010006010002000000000000000000000000560458cb00
1,3114,0,124560,6,1,0,2,0,0,0,0,0,0,1110,88,203,90e6010006010002000000000000000000000000560458cb00
1,3115,0,124601,6,1,0,2,0,0,0,0,0,0,1110,88,203,b9e6010006010002000000000000000000000000560458cb00
1,3116,0,124640,6,1,0,2,0,0,0,0,0,0,1110,88,203,e0e6010006010002000000000000000000000000560458cb00
1,3117,0,124681,6,1,0,2,0,0,0,0,0,0,1110,88,203,09e7010006010002000000000000000000000000560458cb00
1,3118,0,124720,6,1,0,2,0,0,0,0,0,0,1110,88,203,30e7010006010002000000000000000000000000560458cb00
1,3119,0,124761,6,1,0,2,0,0,0,0,0,0,1110,88,203,59e7010006010002000000000000000000000000560458cb00
1,3120,0,124800,6,1,0,2,0,0,0,0,0,0,1110,88,203,80e7010006010002000000000000000000000000560458cb00
1,3121,0,124840,6,1,0,2,0,0,0,0,0,0,1110,88,203,a8e7010006010002000000000000000000000000560458cb00
1,3122,0,124880,6,1,0,2,0,0,0,0,0,0,1110,88,203,d0e7010006010002000000000000000000000000560458cb00
1,3123,0,124920,6,1,0,2,0,0,0,0,0,0,1110,88,203,f8e7010006010002000000000000000000000000560458cb00
1,3124,0,124960,6,1,0,2,0,0,0,0,0,0,1110,88,203,20e8010006010002000000000000000000000000560458cb00
1,3125,0,125000,6,1,0,2,0,0,0,0,0,0,1110,88,203,48e8010006010002000000000000000000000000560458cb00
1,3126,0,125040,6,1,0,2,0,0,0,0,0,0,1110,88,203,70e8010006010002000000000000000000000000560458cb00
1,3127,0,125080,6,1,0,2,0,0,0,0,0,0,1110,88,203,98e8010006010002000000000000000000000000560458cb00
1,3128,0,125120,6,1,0,2,0,0,0,0,0,0,1110,88,203,c0e8010006010002000000000000000000000000560458cb00
1,3129,0,125160,6,1,0,2,0,0,0,0,0,0,1110,88,203,e8e8010006010002000000000000000000000000560458cb00
1,3130,0,125200,6,1,0,2,0,0,0,0,0,0,1110,88,203,10e9010006010002000000000000000000000000560458cb00
1,3131,0,125240,6,1,0,2,0,0,0,0,0,0,1110,88,203,38e9010006010002000000000000000000000000560458cb00
1,3132,0,125280,6,1,0,2,0,0,0,0,0,0,1110,88,203,60e9010006010002000000000000000000000000560458cb00
1,3133,0,125321,6,1,0,2,0,0,0,0,0,0,1110,88,203,89e9010006010002000000000000000000000000560458cb00
1,3134,0,125360,6,1,0,2,0,0,0,0,0,0,1110,88,203,b0e9010006010002000000000000000000000000560458cb00
1,3135,0,125400,6,1,0,2,0,0,0,0,0,0,1110,88,203,d8e9010006010002000000000000000000000000560458cb00
1,3136,0,125441,6,1,0,2,0,0,0,0,0,0,1110,88,203,01ea010006010002000000000000000000000000560458cb00
1,3137,0,125480,6,1,0,2,0,0,0,0,0,0,1110,88,203,28ea010006010002000000000000000000000000560458cb00
1,3138,0,125521,6,1,0,2,0,0,0,0,0,0,1110,88,203,51ea010006010002000000000000000000000000560458cb00
1,3139,0,125560,6,1,0,2,0,0,0,0,0,0,1110,88,203,78ea010006010002000000000000000000000000560458cb00
1,3140,0,125601,6,1,0,2,0,0,0,0,0,0,1110,88,203,a1ea010006010002000000000000000000000000560458cb00
1,3141,0,125640,6,1,0,2,0,0,0,0,0,0,1110,88,203,c8ea010006010002000000000000000000000000560458cb00
1,3142,0,125680,6,1,0,2,0,0,0,0,0,0,1110,88,203,f0ea010006010002000000000000000000000000560458cb00
1,3143,0,125720,6,1,0,2,0,0,0,0,0,0,1110,88,203,18eb010006010002000000000000000000000000560458cb00
1,3144,0,125760,6,1,0,2,0,0,0,0,0,0,1110,88,203,40eb010006010002000000000000000000000000560458cb00
1,3145,0,125800,6,1,0,2,0,0,0,0,0,0,1110,88,203,68eb010006010002000000000000000000000000560458cb00
1,3146,0,125840,6,1,0,2,0,0,0,0,0,0,1110,88,203,90eb010006010002000000000000000000000000560458cb00
1,3147,0,125880,6,1,0,2,0,0,0,0,0,0,1110,88,203,b8eb010006010002000000000000000000000000560458cb00
1,3148,0,125920,6,1,0,2,0,0,0,0,0,0,1110,88,203,e0eb010006010002000000000000000000000000560458cb00
1,3149,0,125960,6,1,0,2,0,0,0,0,0,0,1110,88,203,08ec010006010002000000000000000000000000560458cb00
1,3150,0,126000,6,1,0,2,0,0,0,0,0,0,1110,88,203,30ec010006010002000000000000000000000000560458cb00
1,3151,0,126041,6,1,0,2,0,0,0,0,0,0,1110,88,203,59ec010006010002000000000000000000000000560458cb00
1,3152,0,126080,6,1,0,2,0,0,0,0,0,0,1110,88,203,80ec010006010002000000000000000000000000560458cb00
1,3153,0,126120,6,1,0,2,0,0,0,0,0,0,1110,88,203,a8ec010006010002000000000000000000000000560458cb00
1,3154,0,126161,6,1,0,2,0,0,0,0,0,0,1110,88,203,d1ec010006010002000000000000000000000000560458cb00
1,3155,0,126200,6,1,0,2,0,0,0,0,0,0,1110,88,203,f8ec010006010002000000000000000000000000560458cb00
1,3156,0,126241,6,1,0,2,0,0,0,0,0,0,1110,88,203,21ed010006010002000000000000000000000000560458cb00
1,3157,0,126281,6,1,0,2,0,0,0,0,0,0,1110,88,203,49ed010006010002000000000000000000000000560458cb00
1,3158,0,126320,6,1,0,2,0,0,0,0,0,0,1110,88,203,70ed010006010002000000000000000000000000560458cb00
1,3159,0,126360,6,1,0,2,0,0,0,0,0,0,1110,88,203,98ed010006010002000000000000000000000000560458cb00
1,3160,0,126400,6,1,0,2,0,0,0,0,0,0,1110,88,203,c0ed010006010002000000000000000000000000560458cb00
1,3161,0,126440,6,1,0,2,0,0,0,0,0,0,1110,88,203,e8ed010006010002000000000000000000000000560458cb00
1,3162,0,126480,6,1,0,2,0,0,0,0,0,0,1110,88,203,10ee010006010002000000000000000000000000560458cb00
1,3163,0,126520,6,1,0,2,0,0,0,0,0,0,1110,88,203,38ee010006010002000000000000000000000000560458cb00
1,3164,0,126560,6,1,0,2,0,0,0,0,0,0,1110,88,203,60ee010006010002000000000000000000000000560458cb00
1,3165,0,126600,6,1,0,2,0,0,0,0,0,0,1110,88,203,88ee010006010002000000000000000000000000560458cb00
1,3166,0,126640,6,1,0,2,0,0,0,0,0,0,1110,88,203,b0ee010006010002000000000000000000000000560458cb00
1,3167,0,126680,6,1,0,2,0,0,0,0,0,0,1110,88,203,d8ee010006010002000000000000000000000000560458cb00
1,3168,0,126720,6,1,0,2,0,0,0,0,0,0,1110,88,203,00ef010006010002000000000000000000000000560458cb00
1,3169,0,126761,6,1,0,2,0,0,0,0,0,0,1110,88,203,29ef010006010002000000000000000000000000560458cb00
1,3170,0,126800,6,1,0,2,0,0,0,0,0,0,1110,88,203,50ef010006010002000000000000000000000000560458cb00
1,3171,0,126840,6,1,0,2,0,0,0,0,0,0,1110,88,203,78ef010006010002000000000000000000000000560458cb00
1,3172,0,126881,6,1,0,2,0,0,0,0,0,0,1110,88,203,a1ef010006010002000000000000000000000000560458cb00
1,3173,0,126920,6,1,0,2,0,0,0,0,0,0,1110,88,203,c8ef010006010002000000000000000000000000560458cb00
1,3174,0,126960,6,1,0,2,0,0,0,0,0,0,1110,88,203,f0ef010006010002000000000000000000000000560458cb00
1,3175,0,127000,6,1,0,2,0,0,0,0,0,0,1110,88,203,18f0010006010002000000000000000000000000560458cb00
1,3176,0,127040,6,1,0,2,0,0,0,0,0,0,1110,88,203,40f0010006010002000000000000000000000000560458cb00
1,3177,0,127080,6,1,0,2,0,0,0,0,0,0,1110,88,203,68f0010006010002000000000000000000000000560458cb00
1,3178,0,127120,6,1,0,2,0,0,0,0,0,0,1110,88,203,90f0010006010002000000000000000000000000560458cb00
1,3179,0,127160,6,1,0,2,0,0,0,0,0,0,1110,88,203,b8f0010006010002000000000000000000000000560458cb00
1,3180,0,127201,6,1,0,2,0,0,0,0,0,0,1110,88,203,e1f0010006010002000000000000000000000000560458cb00
1,3181,0,127240,6,1,0,2,0,0,0,0,0,0,1110,88,203,08f1010006010002000000000000000000000000560458cb00
1,3182,0,127280,6,1,0,2,0,0,0,0,0,0,1110,88,203,30f1010006010002000000000000000000000000560458cb00
1,3183,0,127320,6,1,0,2,0,0,0,0,0,0,1110,88,203,58f1010006010002000000000000000000000000560458cb00
1,3184,0,127361,6,1,0,2,0,0,0,0,0,0,1110,88,203,81f1010006010002000000000000000000000000560458cb00
1,3185,0,127400,6,1,0,2,0,0,0,0,0,0,1110,88,203,a8f1010006010002000000000000000000000000560458cb00
1,3186,0,127440,6,1,0,2,0,0,0,0,0,0,1110,88,203,d0f1010006010002000000000000000000000000560458cb00
1,3187,0,127481,6,1,0,2,0,0,0,0,0,0,1110,88,203,f9f1010006010002000000000000000000000000560458cb00
1,3188,0,127520,6,1,0,2,0,0,0,0,0,0,1110,88,203,20f2010006010002000000000000000000000000560458cb00
1,3189,0,127560,6,1,0,2,0,0,0,0,0,0,1110,88,203,48f2010006010002000000000000000000000000560458cb00
1,3190,0,127600,6,1,0,2,0,0,0,0,0,0,1110,88,203,70f2010006010002000000000000000000000000560458cb00
1,3191,0,127640,6,1,0,2,0,0,0,0,0,0,1110,88,203,98f2010006010002000000000000000000000000560458cb00
1,3192,0,127680,6,1,0,2,0,0,0,0,0,0,1110,88,203,c0f2010006010002000000000000000000000000560458cb00
1,3193,0,127721,6,1,0,2,0,0,0,0,0,0,1110,88,203,e9f2010006010002000000000000000000000000560458cb00
1,3194,0,127760,6,1,0,2,0,0,0,0,0,0,1110,88,203,10f3010006010002000000000000000000000000560458cb00
1,3195,0,127800,6,1,0,2,0,0,0,0,0,0,1110,88,203,38f3010006010002000000000000000000000000560458cb00
1,3196,0,127840,6,1,0,2,0,0,0,0,0,0,1110,88,203,60f3010006010002000000000000000000000000560458cb00
1,3197,0,127881,6,1,0,2,0,0,0,0,0,0,1110,88,203,89f3010006010002000000000000000000000000560458cb00
1,3198,0,127920,6,1,0,2,0,0,0,0,0,0,1110,88,203,b0f3010006010002000000000000000000000000560458cb00
1,3199,0,127960,6,1,0,2,0,0,0,0,0,0,1110,88,203,d8f3010006010002000000000000000000000000560458cb00
1,3200,0,128000,6,1,0,2,0,0,0,0,0,0,1110,88,203,00f4010006010002000000000000000000000000560458cb00
1,3201,0,128040,6,1,0,2,0,0,0,0,0,0,1110,88,203,28f4010006010002000000000000000000000000560458cb00
1,3202,0,128080,6,1,0,2,0,0,0,0,0,0,1110,88,203,50f4010006010002000000000000000000000000560458cb00
1,3203,0,128120,6,1,0,2,0,0,0,0,0,0,1110,88,203,78f4010006010002000000000000000000000000560458cb00
1,3204,0,128160,6,1,0,2,0,0,0,0,0,0,1110,88,203,a0f4010006010002000000000000000000000000560458cb00
1,3205,0,128201,6,1,0,2,0,0,0,0,0,0,1110,88,203,c9f4010006010002000000000000000000000000560458cb00
1,3206,0,128240,6,1,0,2,0,0,0,0,0,0,1110,88,203,f0f4010006010002000000000000000000000000560458cb00
1,3207,0,128281,6,1,0,2,0,0,0,0,0,0,1110,88,203,19f5010006010002000000000000000000000000560458cb00
1,3208,0,128320,6,1,0,2,0,0,0,0,0,0,1110,88,203,40f5010006010002000000000000000000000000560458cb00
1,3209,0,128360,6,1,0,2,0,0,0,0,0,0,1110,88,203,68f5010006010002000000000000000000000000560458cb00
1,3210,0,128400,6,1,0,2,0,0,0,0,0,0,1110,88,203,90f5010006010002000000000000000000000000560458cb00
1,3211,0,128440,6,1,0,2,0,0,0,0,0,0,1110,88,203,b8f5010006010002000000000000000000000000560458cb00
1,3212,0,128480,6,1,0,2,0,0,0,0,0,0,1110,88,203,e0f5010006010002000000000000000000000000560458cb00
1,3213,0,128520,6,1,0,2,0,0,0,0,0,0,1110,88,203,08f6010006010002000000000000000000000000560458cb00
1,3214,0,128561,6,1,0,2,0,0,0,0,0,0,1110,88,203,31f6010006010002000000000000000000000000560458cb00
1,3215,0,128600,6,1,0,2,0,0,0,0,0,0,1110,88,203,58f6010006010002000000000000000000000000560458cb00
1,3216,0,128641,6,1,0,2,0,0,0,0,0,0,1110,88,203,81f6010006010002000000000000000000000000560458cb00
1,3217,0,128680,6,1,0,2,0,0,0,0,0,0,1110,88,203,a8f6010006010002000000000000000000000000560458cb00
1,3218,0,128720,6,1,0,2,0,0,0,0,0,0,1110,88,203,d0f6010006010002000000000000000000000000560458cb00
1,3219,0,128760,6,1,0,2,0,0,0,0,0,0,1110,88,203,f8f6010006010002000000000000000000000000560458cb00
1,3220,0,128800,6,1,0,2,0,0,0,0,0,0,1110,88,203,20f7010006010002000000000000000000000000560458cb00
1,3221,0,128840,6,1,0,2,0,0,0,0,0,0,1110,88,203,48f7010006010002000000000000000000000000560458cb00
1,3222,0,128880,6,1,0,2,0,0,0,0,0,0,1110,88,203,70f7010006010002000000000000000000000000560458cb00
1,3223,0,128921,6,1,0,2,0,0,0,0,0,0,1110,88,203,99f7010006010002000000000000000000000000560458cb00
1,3224,0,128961,6,1,0,2,0,0,0,0,0,0,1110,88,203,c1f7010006010002000000000000000000000000560458cb00
1,3225,0,129000,6,1,0,2,0,0,0,0,0,0,1110,88,203,e8f7010006010002000000000000000000000000560458cb00
1,3226,0,129040,6,1,0,2,0,0,0,0,0,0,1110,88,203,10f8010006010002000000000000000000000000560458cb00
1,3227,0,129080,6,1,0,2,0,0,0,0,0,0,1110,88,203,38f8010006010002000000000000000000000000560458cb00
1,3228,0,129120,6,1,0,2,0,0,0,0,0,0,1110,88,203,60f8010006010002000000000000000000000000560458cb00
1,3229,0,129160,6,1,0,2,0,0,0,0,0,0,1110,88,203,88f8010006010002000000000000000000000000560458cb00
1,3230,0,129200,6,1,0,2,0,0,0,0,0,0,1110,88,203,b0f8010006010002000000000000000000000000560458cb00
1,3231,0,129240,6,1,0,2,0,0,0,0,0,0,1110,88,203,d8f8010006010002000000000000000000000000560458cb00
1,3232,0,129280,6,1,0,2,0,0,0,0,0,0,1110,88,203,00f9010006010002000000000000000000000000560458cb00
1,3233,0,129320,6,1,0,2,0,0,0,0,0,0,1110,88,203,28f9010006010002000000000000000000000000560458cb00
1,3234,0,129360,6,1,0,2,0,0,0,0,0,0,1110,88,203,50f9010006010002000000000000000000000000560458cb00
1,3235,0,129401,6,1,0,2,0,0,0,0,0,0,1110,88,203,79f9010006010002000000000000000000000000560458cb00
1,3236,0,129440,6,1,0,2,0,0,0,0,0,0,1110,88,203,a0f9010006010002000000000000000000000000560458cb00
1,3237,0,129481,6,1,0,2,0,0,0,0,0,0,1110,88,203,c9f9010006010002000000000000000000000000560458cb00
1,3238,0,129520,6,1,0,2,0,0,0,0,0,0,1110,88,203,f0f9010006010002000000000000000000000000560458cb00
1,3239,0,129560,6,1,0,2,0,0,0,0,0,0,1110,88,203,18fa010006010002000000000000000000000000560458cb00
1,3240,0,129600,6,1,0,2,0,0,0,0,0,0,1110,88,203,40fa010006010002000000000000000000000000560458cb00
1,3241,0,129641,6,1,0,2,0,0,0,0,0,0,1110,88,203,69fa010006010002000000000000000000000000560458cb00
1,3242,0,129680,6,1,0,2,0,0,0,0,0,0,1110,88,203,90fa010006010002000000000000000000000000560458cb00
1,3243,0,129720,6,1,0,2,0,0,0,0,0,0,1110,88,203,b8fa010006010002000000000000000000000000560458cb00
1,3244,0,129760,6,1,0,2,0,0,0,0,0,0,1110,88,203,e0fa010006010002000000000000000000000000560458cb00
1,3245,0,129801,6,1,0,2,0,0,0,0,0,0,1110,88,203,09fb010006010002000000000000000000000000560458cb00
1,3246,0,129840,6,1,0,2,0,0,0,0,0,0,1110,88,203,30fb010006010002000000000000000000000000560458cb00
1,3247,0,129880,6,1,0,2,0,0,0,0,0,0,1110,88,203,58fb010006010002000000000000000000000000560458cb00
1,3248,0,129920,6,1,0,2,0,0,0,0,0,0,1110,88,203,80fb010006010002000000000000000000000000560458cb00
1,3249,0,129960,6,1,0,2,0,0,0,0,0,0,1110,88,203,a8fb010006010002000000000000000000000000560458cb00
1,3250,0,130000,6,1,0,2,0,0,0,0,0,0,1110,88,203,d0fb010006010002000000000000000000000000560458cb00
1,3251,0,130040,6,1,0,2,0,0,0,0,0,0,1110,88,203,f8fb010006010002000000000000000000000000560458cb00
1,3252,0,130080,6,1,0,2,0,0,0,0,0,0,1110,88,203,20fc010006010002000000000000000000000000560458cb00
1,3253,0,130120,6,1,0,2,0,0,0,0,0,0,1110,88,203,48fc010006010002000000000000000000000000560458cb00
1,3254,0,130160,6,1,0,2,0,0,0,0,0,0,1110,88,203,70fc010006010002000000000000000000000000560458cb00
1,3255,0,130200,6,1,0,2,0,0,0,0,0,0,1110,88,203,98fc010006010002000000000000000000000000560458cb00
1,3256,0,130240,6,1,0,2,0,0,0,0,0,0,1110,88,203,c0fc010006010002000000000000000000000000560458cb00
1,3257,0,130280,6,1,0,2,0,0,0,0,0,0,1110,88,203,e8fc010006010002000000000000000000000000560458cb00
1,3258,0,130321,6,1,0,2,0,0,0,0,0,0,1110,88,203,11fd010006010002000000000000000000000000560458cb00
1,3259,0,130361,6,1,0,2,0,0,0,0,0,0,1110,88,203,39fd010006010002000000000000000000000000560458cb00
1,3260,0,130400,6,1,0,2,0,0,0,0,0,0,1110,88,203,60fd010006010002000000000000000000000000560458cb00
1,3261,0,130440,6,1,0,2,0,0,0,0,0,0,1110,88,203,88fd010006010002000000000000000000000000560458cb00
1,3262,0,130480,6,1,0,2,0,0,0,0,0,0,1110,88,203,b0fd010006010002000000000000000000000000560458cb00
1,3263,0,130520,6,1,0,2,0,0,0,0,0,0,1110,88,203,d8fd010006010002000000000000000000000000560458cb00
1,3264,0,130560,6,1,0,2,0,0,0,0,0,0,1110,88,203,00fe010006010002000000000000000000000000560458cb00
1,3265,0,130600,6,1,0,2,0,0,0,0,0,0,1110,88,203,28fe010006010002000000000000000000000000560458cb00
1,3266,0,130641,6,1,0,2,0,0,0,0,0,0,1110,88,203,51fe010006010002000000000000000000000000560458cb00
1,3267,0,130680,6,1,0,2,0,0,0,0,0,0,1110,88,203,78fe010006010002000000000000000000000000560458cb00
1,3268,0,130721,6,1,0,2,0,0,0,0,0,0,1110,88,203,a1fe010006010002000000000000000000000000560458cb00
1,3269,0,130760,6,1,0,2,0,0,0,0,0,0,1110,88,203,c8fe010006010002000000000000000000000000560458cb00
1,3270,0,130800,6,1,0,2,0,0,0,0,0,0,1110,88,203,f0fe010006010002000000000000000000000000560458cb00
1,3271,0,130840,6,1,0,2,0,0,0,0,0,0,1110,88,203,18ff010006010002000000000000000000000000560458cb00
1,3272,0,130880,6,1,0,2,0,0,0,0,0,0,1110,88,203,40ff010006010002000000000000000000000000560458cb00
1,3273,0,130920,6,1,0,2,0,0,0,0,0,0,1110,88,203,68ff010006010002000000000000000000000000560458cb00
1,3274,0,130960,6,1,0,2,0,0,0,0,0,0,1110,88,203,90ff010006010002000000000000000000000000560458cb00
1,3275,0,131000,6,1,0,2,0,0,0,0,0,0,1110,88,203,b8ff010006010002000000000000000000000000560458cb00
1,3276,0,131040,6,1,0,2,0,0,0,0,0,0,1110,88,203,e0ff010006010002000000000000000000000000560458cb00
1,3277,0,131081,6,1,0,2,0,0,0,0,0,0,1110,88,203,0900020006010002000000000000000000000000560458cb00
1,3278,0,131120,6,1,0,2,0,0,0,0,0,0,1110,88,203,3000020006010002000000000000000000000000560458cb00
1,3279,0,131161,6,1,0,2,0,0,0,0,0,0,1110,88,203,5900020006010002000000000000000000000000560458cb00
1,3280,0,131200,6,1,0,2,0,0,0,0,0,0,1110,88,203,8000020006010002000000000000000000000000560458cb00
1,3281,0,131241,6,1,0,2,0,0,0,0,0,0,1110,88,203,a900020006010002000000000000000000000000560458cb00
1,3282,0,131280,6,1,0,2,0,0,0,0,0,0,1110,88,203,d000020006010002000000000000000000000000560458cb00
1,3283,0,131320,6,1,0,2,0,0,0,0,0,0,1110,88,203,f800020006010002000000000000000000000000560458cb00
1,3284,0,131360,6,1,0,2,0,0,0,0,0,0,1110,88,203,2001020006010002000000000000000000000000560458cb00
1,3285,0,131400,6,1,0,2,0,0,0,0,0,0,1110,88,203,4801020006010002000000000000000000000000560458cb00
1,3286,0,131440,6,1,0,2,0,0,0,0,0,0,1110,88,203,7001020006010002000000000000000000000000560458cb00
1,3287,0,131480,6,1,0,2,0,0,0,0,0,0,1110,88,203,9801020006010002000000000000000000000000560458cb00
1,3288,0,131520,6,1,0,2,0,0,0,0,0,0,1110,88,203,c001020006010002000000000000000000000000560458cb00
1,3289,0,131560,6,1,0,2,0,0,0,0,0,0,1110,88,203,e801020006010002000000000000000000000000560458cb00
1,3290,0,131600,6,1,0,2,0,0,0,0,0,0,1110,88,203,1002020006010002000000000000000000000000560458cb00
1,3291,0,131641,6,1,0,2,0,0,0,0,0,0,1110,88,203,3902020006010002000000000000000000000000560458cb00
1,3292,0,131680,6,1,0,2,0,0,0,0,0,0,1110,88,203,6002020006010002000000000000000000000000560458cb00
1,3293,0,131720,6,1,0,2,0,0,0,0,0,0,1110,88,203,8802020006010002000000000000000000000000560458cb00
1,3294,0,131760,6,1,0,2,0,0,0,0,0,0,1110,88,203,b002020006010002000000000000000000000000560458cb00
1,3295,0,131800,6,1,0,2,0,0,0,0,0,0,1110,88,203,d802020006010002000000000000000000000000560458cb00
1,3296,0,131840,6,1,0,2,0,0,0,0,0,0,1110,88,203,0003020006010002000000000000000000000000560458cb00
1,3297,0,131880,6,1,0,2,0,0,0,0,0,0,1110,88,203,2803020006010002000000000000000000000000560458cb00
1,3298,0,131920,6,1,0,2,0,0,0,0,0,0,1110,88,203,5003020006010002000000000000000000000000560458cb00
1,3299,0,131960,6,1,0,2,0,0,0,0,0,0,1110,88,203,7803020006010002000000000000000000000000560458cb00
1,3300,0,132001,6,1,0,2,0,0,0,0,0,0,1110,88,203,a103020006010002000000000000000000000000560458cb00
1,3301,0,132040,6,1,0,2,0,0,0,0,0,0,1110,88,203,c803020006010002000000000000000000000000560458cb00
1,3302,0,132080,6,1,0,2,0,0,0,0,0,0,1110,88,203,f003020006010002000000000000000000000000560458cb00
1,3303,0,132120,6,1,0,2,0,0,0,0,0,0,1110,88,203,1804020006010002000000000000000000000000560458cb00
1,3304,0,132161,6,1,0,2,0,0,0,0,0,0,1110,88,203,4104020006010002000000000000000000000000560458cb00
1,3305,0,132200,6,1,0,2,0,0,0,0,0,0,1110,88,203,6804020006010002000000000000000000000000560458cb00
1,3306,0,132240,6,1,0,2,0,0,0,0,0,0,1110,88,203,9004020006010002000000000000000000000000560458cb00
1,3307,0,132280,6,1,0,2,0,0,0,0,0,0,1110,88,203,b804020006010002000000000000000000000000560458cb00
1,3308,0,132320,6,1,0,2,0,0,0,0,0,0,1110,88,203,e004020006010002000000000000000000000000560458cb00
1,3309,0,132360,6,1,0,2,0,0,0,0,0,0,1110,88,203,0805020006010002000000000000000000000000560458cb00
1,3310,0,132400,6,1,0,2,0,0,0,0,0,0,1110,88,203,3005020006010002000000000000000000000000560458cb00
1,3311,0,132440,6,1,0,2,0,0,0,0,0,0,1110,88,203,5805020006010002000000000000000000000000560458cb00
1,3312,0,132480,6,1,0,2,0,0,0,0,0,0,1110,88,203,8005020006010002000000000000000000000000560458cb00
1,3313,0,132520,6,1,0,2,0,0,0,0,0,0,1110,88,203,a805020006010002000000000000000000000000560458cb00
1,3314,0,132561,6,1,0,2,0,0,0,0,0,0,1110,88,203,d105020006010002000000000000000000000000560458cb00
1,3315,0,132600,6,1,0,2,0,0,0,0,0,0,1110,88,203,f805020006010002000000000000000000000000560458cb00
1,3316,0,132640,6,1,0,2,0,0,0,0,0,0,1110,88,203,2006020006010002000000000000000000000000560458cb00
1,3317,0,132680,6,1,0,2,0,0,0,0,0,0,1110,88,203,4806020006010002000000000000000000000000560458cb00
1,3318,0,132721,6,1,0,2,0,0,0,0,0,0,1110,88,203,7106020006010002000000000000000000000000560458cb00
1,3319,0,132760,6,1,0,2,0,0,0,0,0,0,1110,88,203,9806020006010002000000000000000000000000560458cb00
1,3320,0,132801,6,1,0,2,0,0,0,0,0,0,1110,88,203,c106020006010002000000000000000000000000560458cb00
1,3321,0,132840,6,1,0,2,0,0,0,0,0,0,1110,88,203,e806020006010002000000000000000000000000560458cb00
1,3322,0,132880,6,1,0,2,0,0,0,0,0,0,1110,88,203,1007020006010002000000000000000000000000560458cb00
1,3323,0,132920,6,1,0,2,0,0,0,0,0,0,1110,88,203,3807020006010002000000000000000000000000560458cb00
1,3324,0,132960,6,1,0,2,0,0,0,0,0,0,1110,88,203,6007020006010002000000000000000000000000560458cb00
1,3325,0,133000,6,1,0,2,0,0,0,0,0,0,1110,88,203,8807020006010002000000000000000000000000560458cb00
1,3326,0,133040,6,1,0,2,0,0,0,0,0,0,1110,88,203,b007020006010002000000000000000000000000560458cb00
1,3327,0,133081,6,1,0,2,0,0,0,0,0,0,1110,88,203,d907020006010002000000000000000000000000560458cb00
1,3328,0,133120,6,1,0,2,0,0,0,0,0,0,1110,88,203,0008020006010002000000000000000000000000560458cb00
1,3329,0,133161,6,1,0,2,0,0,0,0,0,0,1110,88,203,2908020006010002000000000000000000000000560458cb00
1,3330,0,133200,6,1,0,2,0,0,0,0,0,0,1110,88,203,5008020006010002000000000000000000000000560458cb00
1,3331,0,133240,6,1,0,2,0,0,0,0,0,0,1110,88,203,7808020006010002000000000000000000000000560458cb00
1,3332,0,133280,6,1,0,2,0,0,0,0,0,0,1110,88,203,a008020006010002000000000000000000000000560458cb00
1,3333,0,133320,6,1,0,2,0,0,0,0,0,0,1110,88,203,c808020006010002000000000000000000000000560458cb00
1,3334,0,133360,6,1,0,2,0,0,0,0,0,0,1110,88,203,f008020006010002000000000000000000000000560458cb00
1,3335,0,133400,6,1,0,2,0,0,0,0,0,0,1110,88,203,1809020006010002000000000000000000000000560458cb00
1,3336,0,133441,6,1,0,2,0,0,0,0,0,0,1110,88,203,4109020006010002000000000000000000000000560458cb00
1,3337,0,133481,6,1,0,2,0,0,0,0,0,0,1110,88,203,6909020006010002000000000000000000000000560458cb00
1,3338,0,133520,6,1,0,2,0,0,0,0,0,0,1110,88,203,9009020006010002000000000000000000000000560458cb00
1,3339,0,133560,6,1,0,2,0,0,0,0,0,0,1110,88,203,b809020006010002000000000000000000000000560458cb00
1,3340,0,133600,6,1,0,2,0,0,0,0,0,0,1110,88,203,e009020006010002000000000000000000000000560458cb00
1,3341,0,133640,6,1,0,2,0,0,0,0,0,0,1110,88,203,080a020006010002000000000000000000000000560458cb00
1,3342,0,133680,6,1,0,2,0,0,0,0,0,0,1110,88,203,300a020006010002000000000000000000000000560458cb00
1,3343,0,133720,6,1,0,2,0,0,0,0,0,0,1110,88,203,580a020006010002000000000000000000000000560458cb00
1,3344,0,133760,6,1,0,2,0,0,0,0,0,0,1110,88,203,800a020006010002000000000000000000000000560458cb00
1,3345,0,133800,6,1,0,2,0,0,0,0,0,0,1110,88,203,a80a020006010002000000000000000000000000560458cb00
1,3346,0,133840,6,1,0,2,0,0,0,0,0,0,1110,88,203,d00a020006010002000000000000000000000000560458cb00
1,3347,0,133880,6,1,0,2,0,0,0,0,0,0,1110,88,203,f80a020006010002000000000000000000000000560458cb00
1,3348,0,133920,6,1,0,2,0,0,0,0,0,0,1110,88,203,200b020006010002000000000000000000000000560458cb00
1,3349,0,133960,6,1,0,2,0,0,0,0,0,0,1110,88,203,480b020006010002000000000000000000000000560458cb00
1,3350,0,134001,6,1,0,2,0,0,0,0,0,0,1110,88,203,710b020006010002000000000000000000000000560458cb00
1,3351,0,134040,6,1,0,2,0,0,0,0,0,0,1110,88,203,980b020006010002000000000000000000000000560458cb00
1,3352,0,134080,6,1,0,2,0,0,0,0,0,0,1110,88,203,c00b020006010002000000000000000000000000560458cb00
1,3353,0,134120,6,1,0,2,0,0,0,0,0,0,1110,88,203,e80b020006010002000000000000000000000000560458cb00
1,3354,0,134161,6,1,0,2,0,0,0,0,0,0,1110,88,203,110c020006010002000000000000000000000000560458cb00
1,3355,0,134200,6,1,0,2,0,0,0,0,0,0,1110,88,203,380c020006010002000000000000000000000000560458cb00
1,3356,0,134240,6,1,0,2,0,0,0,0,0,0,1110,88,203,600c020006010002000000000000000000000000560458cb00
1,3357,0,134280,6,1,0,2,0,0,0,0,0,0,1110,88,203,880c020006010002000000000000000000000000560458cb00
1,3358,0,134321,6,1,0,2,0,0,0,0,0,0,1110,88,203,b10c020006010002000000000000000000000000560458cb00
1,3359,0,134361,6,1,0,2,0,0,0,0,0,0,1110,88,203,d90c020006010002000000000000000000000000560458cb00
1,3360,0,134401,6,1,0,2,0,0,0,0,0,0,1110,88,203,010d020006010002000000000000000000000000560458cb00
1,3361,0,134440,6,1,0,2,0,0,0,0,0,0,1110,88,203,280d020006010002000000000000000000000000560458cb00
1,3362,0,134480,6,1,0,2,0,0,0,0,0,0,1110,88,203,500d020006010002000000000000000000000000560458cb00
1,3363,0,134520,6,1,0,2,0,0,0,0,0,0,1110,88,203,780d020006010002000000000000000000000000560458cb00
1,3364,0,134560,6,1,0,2,0,0,0,0,0,0,1110,88,203,a00d020006010002000000000000000000000000560458cb00
1,3365,0,134600,6,1,0,2,0,0,0,0,0,0,1110,88,203,c80d020006010002000000000000000000000000560458cb00
1,3366,0,134640,6,1,0,2,0,0,0,0,0,0,1110,88,203,f00d020006010002000000000000000000000000560458cb00
1,3367,0,134680,6,1,0,2,0,0,0,0,0,0,1110,88,203,180e020006010002000000000000000000000000560458cb00
1,3368,0,134720,6,1,0,2,0,0,0,0,0,0,1110,88,203,400e020006010002000000000000000000000000560458cb00
1,3369,0,134760,6,1,0,2,0,0,0,0,0,0,1110,88,203,680e020006010002000000000000000000000000560458cb00
1,3370,0,134800,6,1,0,2,0,0,0,0,0,0,1110,88,203,900e020006010002000000000000000000000000560458cb00
1,3371,0,134840,6,1,0,2,0,0,0,0,0,0,1110,88,203,b80e020006010002000000000000000000000000560458cb00
1,3372,0,134881,6,1,0,2,0,0,0,0,0,0,1110,88,203,e10e020006010002000000000000000000000000560458cb00
1,3373,0,134921,6,1,0,2,0,0,0,0,0,0,1110,88,203,090f020006010002000000000000000000000000560458cb00
1,3374,0,134960,6,1,0,2,0,0,0,0,0,0,1110,88,203,300f020006010002000000000000000000000000560458cb00
1,3375,0,135001,6,1,0,2,0,0,0,0,0,0,1110,88,203,590f020006010002000000000000000000000000560458cb00
1,3376,0,135040,6,1,0,2,0,0,0,0,0,0,1110,88,203,800f020006010002000000000000000000000000560458cb00
1,3377,0,135080,6,1,0,2,0,0,0,0,0,0,1110,88,203,a80f020006010002000000000000000000000000560458cb00
1,3378,0,135120,6,1,0,2,0,0,0,0,0,0,1110,88,203,d00f020006010002000000000000000000000000560458cb00
1,3379,0,135160,6,1,0,2,0,0,0,0,0,0,1110,88,203,f80f020006010002000000000000000000000000560458cb00
1,3380,0,135200,6,1,0,2,0,0,0,0,0,0,1110,88,203,2010020006010002000000000000000000000000560458cb00
1,3381,0,135240,6,1,0,2,0,0,0,0,0,0,1110,88,203,4810020006010002000000000000000000000000560458cb00
1,3382,0,135280,6,1,0,2,0,0,0,0,0,0,1110,88,203,7010020006010002000000000000000000000000560458cb00
1,3383,0,135321,6,1,0,2,0,0,0,0,0,0,1110,88,203,9910020006010002000000000000000000000000560458cb00
1,3384,0,135360,6,1,0,2,0,0,0,0,0,0,1110,88,203,c010020006010002000000000000000000000000560458cb00
1,3385,0,135400,6,1,0,2,0,0,0,0,0,0,1110,88,203,e810020006010002000000000000000000000000560458cb00
1,3386,0,135440,6,1,0,2,0,0,0,0,0,0,1110,88,203,1011020006010002000000000000000000000000560458cb00
1,3387,0,135481,6,1,0,2,0,0,0,0,0,0,1110,88,203,3911020006010002000000000000000000000000560458cb00
1,3388,0,135520,6,1,0,2,0,0,0,0,0,0,1110,88,203,6011020006010002000000000000000000000000560458cb00
1,3389,0,135560,6,1,0,2,0,0,0,0,0,0,1110,88,203,8811020006010002000000000000000000000000560458cb00
1,3390,0,135601,6,1,0,2,0,0,0,0,0,0,1110,88,203,b111020006010002000000000000000000000000560458cb00
1,3391,0,135640,6,1,0,2,0,0,0,0,0,0,1110,88,203,d811020006010002000000000000000000000000560458cb00
1,3392,0,135680,6,1,0,2,0,0,0,0,0,0,1110,88,203,0012020006010002000000000000000000000000560458cb00
1,3393,0,135720,6,1,0,2,0,0,0,0,0,0,1110,88,203,2812020006010002000000000000000000000000560458cb00
1,3394,0,135760,6,1,0,2,0,0,0,0,0,0,1110,88,203,5012020006010002000000000000000000000000560458cb00
1,3395,0,135801,6,1,0,2,0,0,0,0,0,0,1110,88,203,7912020006010002000000000000000000000000560458cb00
1,3396,0,135841,6,1,0,2,0,0,0,0,0,0,1110,88,203,a112020006010002000000000000000000000000560458cb00
1,3397,0,135880,6,1,0,2,0,0,0,0,0,0,1110,88,203,c812020006010002000000000000000000000000560458cb00
1,3398,0,135920,6,1,0,2,0,0,0,0,0,0,1110,88,203,f012020006010002000000000000000000000000560458cb00
1,3399,0,135960,6,1,0,2,0,0,0,0,0,0,1110,88,203,1813020006010002000000000000000000000000560458cb00
1,3400,0,136000,6,1,0,2,0,0,0,0,0,0,1110,88,203,4013020006010002000000000000000000000000560458cb00
1,3401,0,136040,6,1,0,2,0,0,0,0,0,0,1110,88,203,6813020006010002000000000000000000000000560458cb00
1,3402,0,136080,6,1,0,2,0,0,0,0,0,0,1110,88,203,9013020006010002000000000000000000000000560458cb00
1,3403,0,136120,6,1,0,2,0,0,0,0,0,0,1110,88,203,b813020006010002000000000000000000000000560458cb00
1,3404,0,136160,6,1,0,2,0,0,0,0,0,0,1110,88,203,e013020006010002000000000000000000000000560458cb00
1,3405,0,136200,6,1,0,2,0,0,0,0,0,0,1110,88,203,0814020006010002000000000000000000000000560458cb00
1,3406,0,136241,6,1,0,2,0,0,0,0,0,0,1110,88,203,3114020006010002000000000000000000000000560458cb00
1,3407,0,136280,6,1,0,2,0,0,0,0,0,0,1110,88,203,5814020006010002000000000000000000000000560458cb00
1,3408,0,136320,6,1,0,2,0,0,0,0,0,0,1110,88,203,8014020006010002000000000000000000000000560458cb00
1,3409,0,136360,6,1,0,2,0,0,0,0,0,0,1110,88,203,a814020006010002000000000000000000000000560458cb00
1,3410,0,136401,6,1,0,2,0,0,0,0,0,0,1110,88,203,d114020006010002000000000000000000000000560458cb00
1,3411,0,136440,6,1,0,2,0,0,0,0,0,0,1110,88,203,f814020006010002000000000000000000000000560458cb00
1,3412,0,136480,6,1,0,2,0,0,0,0,0,0,1110,88,203,2015020006010002000000000000000000000000560458cb00
1,3413,0,136521,6,1,0,2,0,0,0,0,0,0,1110,88,203,4915020006010002000000000000000000000000560458cb00
1,3414,0,136560,6,1,0,2,0,0,0,0,0,0,1110,88,203,7015020006010002000000000000000000000000560458cb00
1,3415,0,136600,6,1,0,2,0,0,0,0,0,0,1110,88,203,9815020006010002000000000000000000000000560458cb00
1,3416,0,136640,6,1,0,2,0,0,0,0,0,0,1110,88,203,c015020006010002000000000000000000000000560458cb00
1,3417,0,136680,6,1,0,2,0,0,0,0,0,0,1110,88,203,e815020006010002000000000000000000000000560458cb00
1,3418,0,136720,6,1,0,2,0,0,0,0,0,0,1110,88,203,1016020006010002000000000000000000000000560458cb00
1,3419,0,136761,6,1,0,2,0,0,0,0,0,0,1110,88,203,3916020006010002000000000000000000000000560458cb00
1,3420,0,136800,6,1,0,2,0,0,0,0,0,0,1110,88,203,6016020006010002000000000000000000000000560458cb00
1,3421,0,136841,6,1,0,2,0,0,0,0,0,0,1110,88,203,8916020006010002000000000000000000000000560458cb00
1,3422,0,136880,6,1,0,2,0,0,0,0,0,0,1110,88,203,b016020006010002000000000000000000000000560458cb00
1,3423,0,136920,6,1,0,2,0,0,0,0,0,0,1110,88,203,d816020006010002000000000000000000000000560458cb00
1,3424,0,136960,6,1,0,2,0,0,0,0,0,0,1110,88,203,0017020006010002000000000000000000000000560458cb00
1,3425,0,137000,6,1,0,2,0,0,0,0,0,0,1110,88,203,2817020006010002000000000000000000000000560458cb00
1,3426,0,137040,6,1,0,2,0,0,0,0,0,0,1110,88,203,5017020006010002000000000000000000000000560458cb00
1,3427,0,137080,6,1,0,2,0,0,0,0,0,0,1110,88,203,7817020006010002000000000000000000000000560458cb00
1,3428,0,137120,6,1,0,2,0,0,0,0,0,0,1110,88,203,a017020006010002000000000000000000000000560458cb00
1,3429,0,137161,6,1,0,2,0,0,0,0,0,0,1110,88,203,c917020006010002000000000000000000000000560458cb00
1,3430,0,137200,6,1,0,2,0,0,0,0,0,0,1110,88,203,f017020006010002000000000000000000000000560458cb00
1,3431,0,137241,6,1,0,2,0,0,0,0,0,0,1110,88,203,1918020006010002000000000000000000000000560458cb00
1,3432,0,137280,6,1,0,2,0,0,0,0,0,0,1110,88,203,4018020006010002000000000000000000000000560458cb00
1,3433,0,137321,6,1,0,2,0,0,0,0,0,0,1110,88,203,6918020006010002000000000000000000000000560458cb00
1,3434,0,137360,6,1,0,2,0,0,0,0,0,0,1110,88,203,9018020006010002000000000000000000000000560458cb00
1,3435,0,137400,6,1,0,2,0,0,0,0,0,0,1110,88,203,b818020006010002000000000000000000000000560458cb00
1,3436,0,137440,6,1,0,2,0,0,0,0,0,0,1110,88,203,e018020006010002000000000000000000000000560458cb00
1,3437,0,137480,6,1,0,2,0,0,0,0,0,0,1110,88,203,0819020006010002000000000000000000000000560458cb00
1,3438,0,137520,6,1,0,2,0,0,0,0,0,0,1110,88,203,3019020006010002000000000000000000000000560458cb00
1,3439,0,137560,6,1,0,2,0,0,0,0,0,0,1110,88,203,5819020006010002000000000000000000000000560458cb00
1,3440,0,137600,6,1,0,2,0,0,0,0,0,0,1110,88,203,8019020006010002000000000000000000000000560458cb00
1,3441,0,137640,6,1,0,2,0,0,0,0,0,0,1110,88,203,a819020006010002000000000000000000000000560458cb00
1,3442,0,137681,6,1,0,2,0,0,0,0,0,0,1110,88,203,d119020006010002000000000000000000000000560458cb00
1,3443,0,137720,6,1,0,2,0,0,0,0,0,0,1110,88,203,f819020006010002000000000000000000000000560458cb00
1,3444,0,137760,6,1,0,2,0,0,0,0,0,0,1110,88,203,201a020006010002000000000000000000000000560458cb00
1,3445,0,137800,6,1,0,2,0,0,0,0,0,0,1110,88,203,481a020006010002000000000000000000000000560458cb00
1,3446,0,137840,6,1,0,2,0,0,0,0,0,0,1110,88,203,701a020006010002000000000000000000000000560458cb00
1,3447,0,137880,6,1,0,2,0,0,0,0,0,0,1110,88,203,981a020006010002000000000000000000000000560458cb00
1,3448,0,137920,6,1,0,2,0,0,0,0,0,0,1110,88,203,c01a020006010002000000000000000000000000560458cb00
1,3449,0,137961,6,1,0,2,0,0,0,0,0,0,1110,88,203,e91a020006010002000000000000000000000000560458cb00
1,3450,0,138001,6,1,0,2,0,0,0,0,0,0,1110,88,203,111b020006010002000000000000000000000000560458cb00
1,3451,0,138040,6,1,0,2,0,0,0,0,0,0,1110,88,203,381b020006010002000000000000000000000000560458cb00
1,3452,0,138080,6,1,0,2,0,0,0,0,0,0,1110,88,203,601b020006010002000000000000000000000000560458cb00
1,3453,0,138120,6,1,0,2,0,0,0,0,0,0,1110,88,203,881b020006010002000000000000000000000000560458cb00
1,3454,0,138160,6,1,0,2,0,0,0,0,0,0,1110,88,203,b01b020006010002000000000000000000000000560458cb00
1,3455,0,138200,6,1,0,2,0,0,0,0,0,0,1110,88,203,d81b020006010002000000000000000000000000560458cb00
1,3456,0,138240,6,1,0,2,0,0,0,0,0,0,1110,88,203,001c020006010002000000000000000000000000560458cb00
1,3457,0,138280,6,1,0,2,0,0,0,0,0,0,1110,88,203,281c020006010002000000000000000000000000560458cb00
1,3458,0,138320,6,1,0,2,0,0,0,0,0,0,1110,88,203,501c020006010002000000000000000000000000560458cb00
1,3459,0,138360,6,1,0,2,0,0,0,0,0,0,1110,88,203,781c020006010002000000000000000000000000560458cb00
1,3460,0,138400,6,1,0,2,0,0,0,0,0,0,1110,88,203,a01c020006010002000000000000000000000000560458cb00
1,3461,0,138440,6,1,0,2,0,0,0,0,0,0,1110,88,203,c81c020006010002000000000000000000000000560458cb00
1,3462,0,138480,6,1,0,2,0,0,0,0,0,0,1110,88,203,f01c020006010002000000000000000000000000560458cb00
1,3463,0,138521,6,1,0,2,0,0,0,0,0,0,1110,88,203,191d020006010002000000000000000000000000560458cb00
1,3464,0,138560,6,1,0,2,0,0,0,0,0,0,1110,88,203,401d020006010002000000000000000000000000560458cb00
1,3465,0,138600,6,1,0,2,0,0,0,0,0,0,1110,88,203,681d020006010002000000000000000000000000560458cb00
1,3466,0,138640,6,1,0,2,0,0,0,0,0,0,1110,88,203,901d020006010002000000000000000000000000560458cb00
1,3467,0,138681,6,1,0,2,0,0,0,0,0,0,1110,88,203,b91d020006010002000000000000000000000000560458cb00
1,3468,0,138720,6,1,0,2,0,0,0,0,0,0,1110,88,203,e01d020006010002000000000000000000000000560458cb00
1,3469,0,138760,6,1,0,2,0,0,0,0,0,0,1110,88,203,081e020006010002000000000000000000000000560458cb00
1,3470,0,138800,6,1,0,2,0,0,0,0,0,0,1110,88,203,301e020006010002000000000000000000000000560458cb00
1,3471,0,138841,6,1,0,2,0,0,0,0,0,0,1110,88,203,591e020006010002000000000000000000000000560458cb00
1,3472,0,138880,6,1,0,2,0,0,0,0,0,0,1110,88,203,801e020006010002000000000000000000000000560458cb00
1,3473,0,138921,6,1,0,2,0,0,0,0,0,0,1110,88,203,a91e020006010002000000000000000000000000560458cb00
1,3474,0,138960,6,1,0,2,0,0,0,0,0,0,1110,88,203,d01e020006010002000000000000000000000000560458cb00
1,3475,0,139000,6,1,0,2,0,0,0,0,0,0,1110,88,203,f81e020006010002000000000000000000000000560458cb00
1,3476,0,139040,6,1,0,2,0,0,0,0,0,0,1110,88,203,201f020006010002000000000000000000000000560458cb00
1,3477,0,139080,6,1,0,2,0,0,0,0,0,0,1110,88,203,481f020006010002000000000000000000000000560458cb00
1,3478,0,139120,6,1,0,2,0,0,0,0,0,0,1110,88,203,701f020006010002000000000000000000000000560458cb00
1,3479,0,139160,6,1,0,2,0,0,0,0,0,0,1110,88,203,981f020006010002000000000000000000000000560458cb00
1,3480,0,139200,6,1,0,2,0,0,0,0,0,0,1110,88,203,c01f020006010002000000000000000000000000560458cb00
1,3481,0,139240,6,1,0,2,0,0,0,0,0,0,1110,88,203,e81f020006010002000000000000000000000000560458cb00
1,3482,0,139281,6,1,0,2,0,0,0,0,0,0,1110,88,203,1120020006010002000000000000000000000000560458cb00
1,3483,0,139320,6,1,0,2,0,0,0,0,0,0,1110,88,203,3820020006010002000000000000000000000000560458cb00
1,3484,0,139361,6,1,0,2,0,0,0,0,0,0,1110,88,203,6120020006010002000000000000000000000000560458cb00
1,3485,0,139401,6,1,0,2,0,0,0,0,0,0,1110,88,203,8920020006010002000000000000000000000000560458cb00
1,3486,0,139441,6,1,0,2,0,0,0,0,0,0,1110,88,203,b120020006010002000000000000000000000000560458cb00
1,3487,0,139480,6,1,0,2,0,0,0,0,0,0,1110,88,203,d820020006010002000000000000000000000000560458cb00
1,3488,0,139520,6,1,0,2,0,0,0,0,0,0,1110,88,203,0021020006010002000000000000000000000000560458cb00
1,3489,0,139560,6,1,0,2,0,0,0,0,0,0,1110,88,203,2821020006010002000000000000000000000000560458cb00
1,3490,0,139600,6,1,0,2,0,0,0,0,0,0,1110,88,203,5021020006010002000000000000000000000000560458cb00
1,3491,0,139640,6,1,0,2,0,0,0,0,0,0,1110,88,203,7821020006010002000000000000000000000000560458cb00
1,3492,0,139680,6,1,0,2,0,0,0,0,0,0,1110,88,203,a021020006010002000000000000000000000000560458cb00
1,3493,0,139720,6,1,0,2,0,0,0,0,0,0,1110,88,203,c821020006010002000000000000000000000000560458cb00
1,3494,0,139761,6,1,0,2,0,0,0,0,0,0,1110,88,203,f121020006010002000000000000000000000000560458cb00
1,3495,0,139800,6,1,0,2,0,0,0,0,0,0,1110,88,203,1822020006010002000000000000000000000000560458cb00
1,3496,0,139841,6,1,0,2,0,0,0,0,0,0,1110,88,203,4122020006010002000000000000000000000000560458cb00
1,3497,0,139880,6,1,0,2,0,0,0,0,0,0,1110,88,203,6822020006010002000000000000000000000000560458cb00
1,3498,0,139920,6,1,0,2,0,0,0,0,0,0,1110,88,203,9022020006010002000000000000000000000000560458cb00
1,3499,0,139960,6,1,0,2,0,0,0,0,0,0,1110,88,203,b822020006010002000000000000000000000000560458cb00
1,3500,0,140000,6,1,0,2,0,0,0,0,0,0,1110,88,203,e022020006010002000000000000000000000000560458cb00
1,3501,0,140040,6,1,0,2,0,0,0,0,0,0,1110,88,203,0823020006010002000000000000000000000000560458cb00
1,3502,0,140080,6,1,0,2,0,0,0,0,0,0,1110,88,203,3023020006010002000000000000000000000000560458cb00
1,3503,0,140121,6,1,0,2,0,0,0,0,0,0,1110,88,203,5923020006010002000000000000000000000000560458cb00
1,3504,0,140160,6,1,0,2,0,0,0,0,0,0,1110,88,203,8023020006010002000000000000000000000000560458cb00
1,3505,0,140201,6,1,0,2,0,0,0,0,0,0,1110,88,203,a923020006010002000000000000000000000000560458cb00
1,3506,0,140240,6,1,0,2,0,0,0,0,0,0,1110,88,203,d023020006010002000000000000000000000000560458cb00
1,3507,0,140280,6,1,0,2,0,0,0,0,0,0,1110,88,203,f823020006010002000000000000000000000000560458cb00
1,3508,0,140320,6,1,0,2,0,0,0,0,0,0,1110,88,203,2024020006010002000000000000000000000000560458cb00
1,3509,0,140361,6,1,0,2,0,0,0,0,0,0,1110,88,203,4924020006010002000000000000000000000000560458cb00
1,3510,0,140400,6,1,0,2,0,0,0,0,0,0,1110,88,203,7024020006010002000000000000000000000000560458cb00
1,3511,0,140440,6,1,0,2,0,0,0,0,0,0,1110,88,203,9824020006010002000000000000000000000000560458cb00
1,3512,0,140480,6,1,0,2,0,0,0,0,0,0,1110,88,203,c024020006010002000000000000000000000000560458cb00
1,3513,0,140520,6,1,0,2,0,0,0,0,0,0,1110,88,203,e824020006010002000000000000000000000000560458cb00
1,3514,0,140560,6,1,0,2,0,0,0,0,0,0,1110,88,203,1025020006010002000000000000000000000000560458cb00
1,3515,0,140600,6,1,0,2,0,0,0,0,0,0,1110,88,203,3825020006010002000000000000000000000000560458cb00
1,3516,0,140640,6,1,0,2,0,0,0,0,0,0,1110,88,203,6025020006010002000000000000000000000000560458cb00
1,3517,0,140681,6,1,0,2,0,0,0,0,0,0,1110,88,203,8925020006010002000000000000000000000000560458cb00
1,3518,0,140720,6,1,0,2,0,0,0,0,0,0,1110,88,203,b025020006010002000000000000000000000000560458cb00
1,3519,0,140760,6,1,0,2,0,0,0,0,0,0,1110,88,203,d825020006010002000000000000000000000000560458cb00
1,3520,0,140800,6,1,0,2,0,0,0,0,0,0,1110,88,203,0026020006010002000000000000000000000000560458cb00
1,3521,0,140840,6,1,0,2,0,0,0,0,0,0,1110,88,203,2826020006010002000000000000000000000000560458cb00
1,3522,0,140880,6,1,0,2,0,0,0,0,0,0,1110,88,203,5026020006010002000000000000000000000000560458cb00
1,3523,0,140920,6,1,0,2,0,0,0,0,0,0,1110,88,203,7826020006010002000000000000000000000000560458cb00
1,3524,0,140960,6,1,0,2,0,0,0,0,0,0,1110,88,203,a026020006010002000000000000000000000000560458cb00
1,3525,0,141000,6,1,0,2,0,0,0,0,0,0,1110,88,203,c826020006010002000000000000000000000000560458cb00
1,3526,0,141041,6,1,0,2,0,0,0,0,0,0,1110,88,203,f126020006010002000000000000000000000000560458cb00
1,3527,0,141080,6,1,0,2,0,0,0,0,0,0,1110,88,203,1827020006010002000000000000000000000000560458cb00
1,3528,0,141120,6,1,0,2,0,0,0,0,0,0,1110,88,203,4027020006010002000000000000000000000000560458cb00
1,3529,0,141160,6,1,0,2,0,0,0,0,0,0,1110,88,203,6827020006010002000000000000000000000000560458cb00
1,3530,0,141201,6,1,0,2,0,0,0,0,0,0,1110,88,203,9127020006010002000000000000000000000000560458cb00
1,3531,0,141240,6,1,0,2,0,0,0,0,0,0,1110,88,203,b827020006010002000000000000000000000000560458cb00
1,3532,0,141280,6,1,0,2,0,0,0,0,0,0,1110,88,203,e027020006010002000000000000000000000000560458cb00
1,3533,0,141320,6,1,0,2,0,0,0,0,0,0,1110,88,203,0828020006010002000000000000000000000000560458cb00
1,3534,0,141360,6,1,0,2,0,0,0,0,0,0,1110,88,203,3028020006010002000000000000000000000000560458cb00
1,3535,0,141400,6,1,0,2,0,0,0,0,0,0,1110,88,203,5828020006010002000000000000000000000000560458cb00
1,3536,0,141440,6,1,0,2,0,0,0,0,0,0,1110,88,203,8028020006010002000000000000000000000000560458cb00
1,3537,0,141480,6,1,0,2,0,0,0,0,0,0,1110,88,203,a828020006010002000000000000000000000000560458cb00
1,3538,0,141521,6,1,0,2,0,0,0,0,0,0,1110,88,203,d128020006010002000000000000000000000000560458cb00
1,3539,0,141560,6,1,0,2,0,0,0,0,0,0,1110,88,203,f828020006010002000000000000000000000000560458cb00
1,3540,0,141601,6,1,0,2,0,0,0,0,0,0,1110,88,203,2129020006010002000000000000000000000000560458cb00
1,3541,0,141640,6,1,0,2,0,0,0,0,0,0,1110,88,203,4829020006010002000000000000000000000000560458cb00
1,3542,0,141680,6,1,0,2,0,0,0,0,0,0,1110,88,203,7029020006010002000000000000000000000000560458cb00
1,3543,0,141720,6,1,0,2,0,0,0,0,0,0,1110,88,203,9829020006010002000000000000000000000000560458cb00
1,3544,0,141761,6,1,0,2,0,0,0,0,0,0,1110,88,203,c129020006010002000000000000000000000000560458cb00
1,3545,0,141800,6,1,0,2,0,0,0,0,0,0,1110,88,203,e829020006010002000000000000000000000000560458cb00
1,3546,0,141841,6,1,0,2,0,0,0,0,0,0,1110,88,203,112a020006010002000000000000000000000000560458cb00
1,3547,0,141880,6,1,0,2,0,0,0,0,0,0,1110,88,203,382a020006010002000000000000000000000000560458cb00
1,3548,0,141920,6,1,0,2,0,0,0,0,0,0,1110,88,203,602a020006010002000000000000000000000000560458cb00
1,3549,0,141960,6,1,0,2,0,0,0,0,0,0,1110,88,203,882a020006010002000000000000000000000000560458cb00
1,3550,0,142000,6,1,0,2,0,0,0,0,0,0,1110,88,203,b02a020006010002000000000000000000000000560458cb00
1,3551,0,142040,6,1,0,2,0,0,0,0,0,0,1110,88,203,d82a020006010002000000000000000000000000560458cb00
1,3552,0,142080,6,1,0,2,0,0,0,0,0,0,1110,88,203,002b020006010002000000000000000000000000560458cb00
1,3553,0,142121,6,1,0,2,0,0,0,0,0,0,1110,88,203,292b020006010002000000000000000000000000560458cb00
1,3554,0,142160,6,1,0,2,0,0,0,0,0,0,1110,88,203,502b020006010002000000000000000000000000560458cb00
1,3555,0,142200,6,1,0,2,0,0,0,0,0,0,1110,88,203,782b020006010002000000000000000000000000560458cb00
1,3556,0,142240,6,1,0,2,0,0,0,0,0,0,1110,88,203,a02b020006010002000000000000000000000000560458cb00
1,3557,0,142280,6,1,0,2,0,0,0,0,0,0,1110,88,203,c82b020006010002000000000000000000000000560458cb00
1,3558,0,142320,6,1,0,2,0,0,0,0,0,0,1110,88,203,f02b020006010002000000000000000000000000560458cb00
1,3559,0,142360,6,1,0,2,0,0,0,0,0,0,1110,88,203,182c020006010002000000000000000000000000560458cb00
1,3560,0,142400,6,1,0,2,0,0,0,0,0,0,1110,88,203,402c020006010002000000000000000000000000560458cb00
1,3561,0,142441,6,1,0,2,0,0,0,0,0,0,1110,88,203,692c020006010002000000000000000000000000560458cb00
1,3562,0,142481,6,1,0,2,0,0,0,0,0,0,1110,88,203,912c020006010002000000000000000000000000560458cb00
1,3563,0,142521,6,1,0,2,0,0,0,0,0,0,1110,88,203,b92c020006010002000000000000000000000000560458cb00
1,3564,0,142560,6,1,0,2,0,0,0,0,0,0,1110,88,203,e02c020006010002000000000000000000000000560458cb00
1,3565,0,142600,6,1,0,2,0,0,0,0,0,0,1110,88,203,082d020006010002000000000000000000000000560458cb00
1,3566,0,142640,6,1,0,2,0,0,0,0,0,0,1110,88,203,302d020006010002000000000000000000000000560458cb00
1,3567,0,142680,6,1,0,2,0,0,0,0,0,0,1110,88,203,582d020006010002000000000000000000000000560458cb00
1,3568,0,142720,6,1,0,2,0,0,0,0,0,0,1110,88,203,802d020006010002000000000000000000000000560458cb00
1,3569,0,142760,6,1,0,2,0,0,0,0,0,0,1110,88,203,a82d020006010002000000000000000000000000560458cb00
1,3570,0,142800,6,1,0,2,0,0,0,0,0,0,1110,88,203,d02d020006010002000000000000000000000000560458cb00
1,3571,0,142840,6,1,0,2,0,0,0,0,0,0,1110,88,203,f82d020006010002000000000000000000000000560458cb00
1,3572,0,142880,6,1,0,2,0,0,0,0,0,0,1110,88,203,202e020006010002000000000000000000000000560458cb00
1,3573,0,142920,6,1,0,2,0,0,0,0,0,0,1110,88,203,482e020006010002000000000000000000000000560458cb00
1,3574,0,142960,6,1,0,2,0,0,0,0,0,0,1110,88,203,702e020006010002000000000000000000000000560458cb00
1,3575,0,143000,6,1,0,2,0,0,0,0,0,0,1110,88,203,982e020006010002000000000000000000000000560458cb00
1,3576,0,143041,6,1,0,2,0,0,0,0,0,0,1110,88,203,c12e020006010002000000000000000000000000560458cb00
1,3577,0,143081,6,1,0,2,0,0,0,0,0,0,1110,88,203,e92e020006010002000000000000000000000000560458cb00
1,3578,0,143120,6,1,0,2,0,0,0,0,0,0,1110,88,203,102f020006010002000000000000000000000000560458cb00
1,3579,0,143160,6,1,0,2,0,0,0,0,0,0,1110,88,203,382f020006010002000000000000000000000000560458cb00
1,3580,0,143201,6,1,0,2,0,0,0,0,0,0,1110,88,203,612f020006010002000000000000000000000000560458cb00
1,3581,0,143240,6,1,0,2,0,0,0,0,0,0,1110,88,203,882f020006010002000000000000000000000000560458cb00
1,3582,0,143280,6,1,0,2,0,0,0,0,0,0,1110,88,203,b02f020006010002000000000000000000000000560458cb00
1,3583,0,143320,6,1,0,2,0,0,0,0,0,0,1110,88,203,d82f020006010002000000000000000000000000560458cb00
1,3584,0,143361,6,1,0,2,0,0,0,0,0,0,1110,88,203,0130020006010002000000000000000000000000560458cb00
1,3585,0,143400,6,1,0,2,0,0,0,0,0,0,1110,88,203,2830020006010002000000000000000000000000560458cb00
1,3586,0,143441,6,1,0,2,0,0,0,0,0,0,1110,88,203,5130020006010002000000000000000000000000560458cb00
1,3587,0,143480,6,1,0,2,0,0,0,0,0,0,1110,88,203,7830020006010002000000000000000000000000560458cb00
1,3588,0,143520,6,1,0,2,0,0,0,0,0,0,1110,88,203,a030020006010002000000000000000000000000560458cb00
1,3589,0,143560,6,1,0,2,0,0,0,0,0,0,1110,88,203,c830020006010002000000000000000000000000560458cb00
1,3590,0,143600,6,1,0,2,0,0,0,0,0,0,1110,88,203,f030020006010002000000000000000000000000560458cb00
1,3591,0,143640,6,1,0,2,0,0,0,0,0,0,1110,88,203,1831020006010002000000000000000000000000560458cb00
1,3592,0,143680,6,1,0,2,0,0,0,0,0,0,1110,88,203,4031020006010002000000000000000000000000560458cb00
1,3593,0,143720,6,1,0,2,0,0,0,0,0,0,1110,88,203,6831020006010002000000000000000000000000560458cb00
1,3594,0,143760,6,1,0,2,0,0,0,0,0,0,1110,88,203,9031020006010002000000000000000000000000560458cb00
1,3595,0,143801,6,1,0,2,0,0,0,0,0,0,1110,88,203,b931020006010002000000000000000000000000560458cb00
1,3596,0,143840,6,1,0,2,0,0,0,0,0,0,1110,88,203,e031020006010002000000000000000000000000560458cb00
1,3597,0,143880,6,1,0,2,0,0,0,0,0,0,1110,88,203,0832020006010002000000000000000000000000560458cb00
1,3598,0,143920,6,1,0,2,0,0,0,0,0,0,1110,88,203,3032020006010002000000000000000000000000560458cb00
1,3599,0,143961,6,1,0,2,0,0,0,0,0,0,1110,88,203,5932020006010002000000000000000000000000560458cb00
1,3600,0,144001,6,1,0,2,0,0,0,0,0,0,1110,88,203,8132020006010002000000000000000000000000560458cb00
1,3601,0,144040,6,1,0,2,0,0,0,0,0,0,1110,88,203,a832020006010002000000000000000000000000560458cb00
1,3602,0,144080,6,1,0,2,0,0,0,0,0,0,1110,88,203,d032020006010002000000000000000000000000560458cb00
1,3603,0,144120,6,1,0,2,0,0,0,0,0,0,1110,88,203,f832020006010002000000000000000000000000560458cb00
1,3604,0,144160,6,1,0,2,0,0,0,0,0,0,1110,88,203,2033020006010002000000000000000000000000560458cb00
1,3605,0,144200,6,1,0,2,0,0,0,0,0,0,1110,88,203,4833020006010002000000000000000000000000560458cb00
1,3606,0,144240,6,1,0,2,0,0,0,0,0,0,1110,88,203,7033020006010002000000000000000000000000560458cb00
1,3607,0,144280,6,1,0,2,0,0,0,0,0,0,1110,88,203,9833020006010002000000000000000000000000560458cb00
1,3608,0,144320,6,1,0,2,0,0,0,0,0,0,1110,88,203,c033020006010002000000000000000000000000560458cb00
1,3609,0,144361,6,1,0,2,0,0,0,0,0,0,1110,88,203,e933020006010002000000000000000000000000560458cb00
1,3610,0,144400,6,1,0,2,0,0,0,0,0,0,1110,88,203,1034020006010002000000000000000000000000560458cb00
1,3611,0,144440,6,1,0,2,0,0,0,0,0,0,1110,88,203,3834020006010002000000000000000000000000560458cb00
1,3612,0,144480,6,1,0,2,0,0,0,0,0,0,1110,88,203,6034020006010002000000000000000000000000560458cb00
1,3613,0,144520,6,1,0,2,0,0,0,0,0,0,1110,88,203,8834020006010002000000000000000000000000560458cb00
1,3614,0,144560,6,1,0,2,0,0,0,0,0,0,1110,88,203,b034020006010002000000000000000000000000560458cb00
1,3615,0,144600,6,1,0,2,0,0,0,0,0,0,1110,88,203,d834020006010002000000000000000000000000560458cb00
1,3616,0,144640,6,1,0,2,0,0,0,0,0,0,1110,88,203,0035020006010002000000000000000000000000560458cb00
1,3617,0,144680,6,1,0,2,0,0,0,0,0,0,1110,88,203,2835020006010002000000000000000000000000560458cb00
1,3618,0,144721,6,1,0,2,0,0,0,0,0,0,1110,88,203,5135020006010002000000000000000000000000560458cb00
1,3619,0,144760,6,1,0,2,0,0,0,0,0,0,1110,88,203,7835020006010002000000000000000000000000560458cb00
1,3620,0,144800,6,1,0,2,0,0,0,0,0,0,1110,88,203,a035020006010002000000000000000000000000560458cb00
1,3621,0,144840,6,1,0,2,0,0,0,0,0,0,1110,88,203,c835020006010002000000000000000000000000560458cb00
1,3622,0,144881,6,1,0,2,0,0,0,0,0,0,1110,88,203,f135020006010002000000000000000000000000560458cb00
1,3623,0,144920,6,1,0,2,0,0,0,0,0,0,1110,88,203,1836020006010002000000000000000000000000560458cb00
1,3624,0,144960,6,1,0,2,0,0,0,0,0,0,1110,88,203,4036020006010002000000000000000000000000560458cb00
1,3625,0,145000,6,1,0,2,0,0,0,0,0,0,1110,88,203,6836020006010002000000000000000000000000560458cb00
1,3626,0,145040,6,1,0,2,0,0,0,0,0,0,1110,88,203,9036020006010002000000000000000000000000560458cb00
1,3627,0,145080,6,1,0,2,0,0,0,0,0,0,1110,88,203,b836020006010002000000000000000000000000560458cb00
1,3628,0,145120,6,1,0,2,0,0,0,0,0,0,1110,88,203,e036020006010002000000000000000000000000560458cb00
1,3629,0,145160,6,1,0,2,0,0,0,0,0,0,1110,88,203,0837020006010002000000000000000000000000560458cb00
1,3630,0,145200,6,1,0,2,0,0,0,0,0,0,1110,88,203,3037020006010002000000000000000000000000560458cb00
1,3631,0,145240,6,1,0,2,0,0,0,0,0,0,1110,88,203,5837020006010002000000000000000000000000560458cb00
1,3632,0,145281,6,1,0,2,0,0,0,0,0,0,1110,88,203,8137020006010002000000000000000000000000560458cb00
1,3633,0,145320,6,1,0,2,0,0,0,0,0,0,1110,88,203,a837020006010002000000000000000000000000560458cb00
1,3634,0,145360,6,1,0,2,0,0,0,0,0,0,1110,88,203,d037020006010002000000000000000000000000560458cb00
1,3635,0,145400,6,1,0,2,0,0,0,0,0,0,1110,88,203,f837020006010002000000000000000000000000560458cb00
1,3636,0,145440,6,1,0,2,0,0,0,0,0,0,1110,88,203,2038020006010002000000000000000000000000560458cb00
1,3637,0,145480,6,1,0,2,0,0,0,0,0,0,1110,88,203,4838020006010002000000000000000000000000560458cb00
1,3638,0,145521,6,1,0,2,0,0,0,0,0,0,1110,88,203,7138020006010002000000000000000000000000560458cb00
1,3639,0,145561,6,1,0,2,0,0,0,0,0,0,1110,88,203,9938020006010002000000000000000000000000560458cb00
1,3640,0,145600,6,1,0,2,0,0,0,0,0,0,1110,88,203,c038020006010002000000000000000000000000560458cb00
1,3641,0,145640,6,1,0,2,0,0,0,0,0,0,1110,88,203,e838020006010002000000000000000000000000560458cb00
1,3642,0,145680,6,1,0,2,0,0,0,0,0,0,1110,88,203,1039020006010002000000000000000000000000560458cb00
1,3643,0,145720,6,1,0,2,0,0,0,0,0,0,1110,88,203,3839020006010002000000000000000000000000560458cb00
1,3644,0,145760,6,1,0,2,0,0,0,0,0,0,1110,88,203,6039020006010002000000000000000000000000560458cb00
1,3645,0,145801,6,1,0,2,0,0,0,0,0,0,1110,88,203,8939020006010002000000000000000000000000560458cb00
1,3646,0,145840,6,1,0,2,0,0,0,0,0,0,1110,88,203,b039020006010002000000000000000000000000560458cb00
1,3647,0,145880,6,1,0,2,0,0,0,0,0,0,1110,88,203,d839020006010002000000000000000000000000560458cb00
1,3648,0,145920,6,1,0,2,0,0,0,0,0,0,1110,88,203,003a020006010002000000000000000000000000560458cb00
1,3649,0,145960,6,1,0,2,0,0,0,0,0,0,1110,88,203,283a020006010002000000000000000000000000560458cb00
1,3650,0,146000,6,1,0,2,0,0,0,0,0,0,1110,88,203,503a020006010002000000000000000000000000560458cb00
1,3651,0,146040,6,1,0,2,0,0,0,0,0,0,1110,88,203,783a020006010002000000000000000000000000560458cb00
1,3652,0,146080,6,1,0,2,0,0,0,0,0,0,1110,88,203,a03a020006010002000000000000000000000000560458cb00
1,3653,0,146121,6,1,0,2,0,0,0,0,0,0,1110,88,203,c93a020006010002000000000000000000000000560458cb00
1,3654,0,146161,6,1,0,2,0,0,0,0,0,0,1110,88,203,f13a020006010002000000000000000000000000560458cb00
1,3655,0,146200,6,1,0,2,0,0,0,0,0,0,1110,88,203,183b020006010002000000000000000000000000560458cb00
1,3656,0,146240,6,1,0,2,0,0,0,0,0,0,1110,88,203,403b020006010002000000000000000000000000560458cb00
1,3657,0,146281,6,1,0,2,0,0,0,0,0,0,1110,88,203,693b020006010002000000000000000000000000560458cb00
1,3658,0,146320,6,1,0,2,0,0,0,0,0,0,1110,88,203,903b020006010002000000000000000000000000560458cb00
1,3659,0,146360,6,1,0,2,0,0,0,0,0,0,1110,88,203,b83b020006010002000000000000000000000000560458cb00
1,3660,0,146400,6,1,0,2,0,0,0,0,0,0,1110,88,203,e03b020006010002000000000000000000000000560458cb00
1,3661,0,146440,6,1,0,2,0,0,0,0,0,0,1110,88,203,083c020006010002000000000000000000000000560458cb00
1,3662,0,146480,6,1,0,2,0,0,0,0,0,0,1110,88,203,303c020006010002000000000000000000000000560458cb00
1,3663,0,146520,6,1,0,2,0,0,0,0,0,0,1110,88,203,583c020006010002000000000000000000000000560458cb00
1,3664,0,146560,6,1,0,2,0,0,0,0,0,0,1110,88,203,803c020006010002000000000000000000000000560458cb00
1,3665,0,146600,6,1,0,2,0,0,0,0,0,0,1110,88,203,a83c020006010002000000000000000000000000560458cb00
1,3666,0,146640,6,1,0,2,0,0,0,0,0,0,1110,88,203,d03c020006010002000000000000000000000000560458cb00
1,3667,0,146680,6,1,0,2,0,0,0,0,0,0,1110,88,203,f83c020006010002000000000000000000000000560458cb00
1,3668,0,146721,6,1,0,2,0,0,0,0,0,0,1110,88,203,213d020006010002000000000000000000000000560458cb00
1,3669,0,146760,6,1,0,2,0,0,0,0,0,0,1110,88,203,483d020006010002000000000000000000000000560458cb00
1,3670,0,146800,6,1,0,2,0,0,0,0,0,0,1110,88,203,703d020006010002000000000000000000000000560458cb00
1,3671,0,146840,6,1,0,2,0,0,0,0,0,0,1110,88,203,983d020006010002000000000000000000000000560458cb00
1,3672,0,146881,6,1,0,2,0,0,0,0,0,0,1110,88,203,c13d020006010002000000000000000000000000560458cb00
1,3673,0,146920,6,1,0,2,0,0,0,0,0,0,1110,88,203,e83d020006010002000000000000000000000000560458cb00
1,3674,0,146960,6,1,0,2,0,0,0,0,0,0,1110,88,203,103e020006010002000000000000000000000000560458cb00
1,3675,0,147000,6,1,0,2,0,0,0,0,0,0,1110,88,203,383e020006010002000000000000000000000000560458cb00
1,3676,0,147041,6,1,0,2,0,0,0,0,0,0,1110,88,203,613e020006010002000000000000000000000000560458cb00
1,3677,0,147081,6,1,0,2,0,0,0,0,0,0,1110,88,203,893e020006010002000000000000000000000000560458cb00
1,3678,0,147120,6,1,0,2,0,0,0,0,0,0,1110,88,203,b03e020006010002000000000000000000000000560458cb00
1,3679,0,147160,6,1,0,2,0,0,0,0,0,0,1110,88,203,d83e020006010002000000000000000000000000560458cb00
1,3680,0,147200,6,1,0,2,0,0,0,0,0,0,1110,88,203,003f020006010002000000000000000000000000560458cb00
1,3681,0,147240,6,1,0,2,0,0,0,0,0,0,1110,88,203,283f020006010002000000000000000000000000560458cb00
1,3682,0,147281,6,1,0,2,0,0,0,0,0,0,1110,88,203,513f020006010002000000000000000000000000560458cb00
1,3683,0,147320,6,1,0,2,0,0,0,0,0,0,1110,88,203,783f020006010002000000000000000000000000560458cb00
1,3684,0,147360,6,1,0,2,0,0,0,0,0,0,1110,88,203,a03f020006010002000000000000000000000000560458cb00
1,3685,0,147400,6,1,0,2,0,0,0,0,0,0,1110,88,203,c83f020006010002000000000000000000000000560458cb00
1,3686,0,147440,6,1,0,2,0,0,0,0,0,0,1110,88,203,f03f020006010002000000000000000000000000560458cb00
1,3687,0,147480,6,1,0,2,0,0,0,0,0,0,1110,88,203,1840020006010002000000000000000000000000560458cb00
1,3688,0,147520,6,1,0,2,0,0,0,0,0,0,1110,88,203,4040020006010002000000000000000000000000560458cb00
1,3689,0,147561,6,1,0,2,0,0,0,0,0,0,1110,88,203,6940020006010002000000000000000000000000560458cb00
1,3690,0,147601,6,1,0,2,0,0,0,0,0,0,1110,88,203,9140020006010002000000000000000000000000560458cb00
1,3691,0,147641,6,1,0,2,0,0,0,0,0,0,1110,88,203,b940020006010002000000000000000000000000560458cb00
1,3692,0,147680,6,1,0,2,0,0,0,0,0,0,1110,88,203,e040020006010002000000000000000000000000560458cb00
1,3693,0,147720,6,1,0,2,0,0,0,0,0,0,1110,88,203,0841020006010002000000000000000000000000560458cb00
1,3694,0,147760,6,1,0,2,0,0,0,0,0,0,1110,88,203,3041020006010002000000000000000000000000560458cb00
1,3695,0,147801,6,1,0,2,0,0,0,0,0,0,1110,88,203,5941020006010002000000000000000000000000560458cb00
1,3696,0,147840,6,1,0,2,0,0,0,0,0,0,1110,88,203,8041020006010002000000000000000000000000560458cb00
1,3697,0,147880,6,1,0,2,0,0,0,0,0,0,1110,88,203,a841020006010002000000000000000000000000560458cb00
1,3698,0,147920,6,1,0,2,0,0,0,0,0,0,1110,88,203,d041020006010002000000000000000000000000560458cb00
1,3699,0,147961,6,1,0,2,0,0,0,0,0,0,1110,88,203,f941020006010002000000000000000000000000560458cb00
1,3700,0,148000,6,1,0,2,0,0,0,0,0,0,1110,88,203,2042020006010002000000000000000000000000560458cb00
1,3701,0,148040,6,1,0,2,0,0,0,0,0,0,1110,88,203,4842020006010002000000000000000000000000560458cb00
1,3702,0,148080,6,1,0,2,0,0,0,0,0,0,1110,88,203,7042020006010002000000000000000000000000560458cb00
1,3703,0,148120,6,1,0,2,0,0,0,0,0,0,1110,88,203,9842020006010002000000000000000000000000560458cb00
1,3704,0,148160,6,1,0,2,0,0,0,0,0,0,1110,88,203,c042020006010002000000000000000000000000560458cb00
1,3705,0,148201,6,1,0,2,0,0,0,0,0,0,1110,88,203,e942020006010002000000000000000000000000560458cb00
1,3706,0,148240,6,1,0,2,0,0,0,0,0,0,1110,88,203,1043020006010002000000000000000000000000560458cb00
1,3707,0,148280,6,1,0,2,0,0,0,0,0,0,1110,88,203,3843020006010002000000000000000000000000560458cb00
1,3708,0,148321,6,1,0,2,0,0,0,0,0,0,1110,88,203,6143020006010002000000000000000000000000560458cb00
1,3709,0,148360,6,1,0,2,0,0,0,0,0,0,1110,88,203,8843020006010002000000000000000000000000560458cb00
1,3710,0,148400,6,1,0,2,0,0,0,0,0,0,1110,88,203,b043020006010002000000000000000000000000560458cb00
1,3711,0,148440,6,1,0,2,0,0,0,0,0,0,1110,88,203,d843020006010002000000000000000000000000560458cb00
1,3712,0,148480,6,1,0,2,0,0,0,0,0,0,1110,88,203,0044020006010002000000000000000000000000560458cb00
1,3713,0,148521,6,1,0,2,0,0,0,0,0,0,1110,88,203,2944020006010002000000000000000000000000560458cb00
1,3714,0,148560,6,1,0,2,0,0,0,0,0,0,1110,88,203,5044020006010002000000000000000000000000560458cb00
1,3715,0,148600,6,1,0,2,0,0,0,0,0,0,1110,88,203,7844020006010002000000000000000000000000560458cb00
1,3716,0,148640,6,1,0,2,0,0,0,0,0,0,1110,88,203,a044020006010002000000000000000000000000560458cb00
1,3717,0,148680,6,1,0,2,0,0,0,0,0,0,1110,88,203,c844020006010002000000000000000000000000560458cb00
1,3718,0,148721,6,1,0,2,0,0,0,0,0,0,1110,88,203,f144020006010002000000000000000000000000560458cb00
1,3719,0,148760,6,1,0,2,0,0,0,0,0,0,1110,88,203,1845020006010002000000000000000000000000560458cb00
1,3720,0,148800,6,1,0,2,0,0,0,0,0,0,1110,88,203,4045020006010002000000000000000000000000560458cb00
1,3721,0,148840,6,1,0,2,0,0,0,0,0,0,1110,88,203,6845020006010002000000000000000000000000560458cb00
1,3722,0,148881,6,1,0,2,0,0,0,0,0,0,1110,88,203,9145020006010002000000000000000000000000560458cb00
1,3723,0,148920,6,1,0,2,0,0,0,0,0,0,1110,88,203,b845020006010002000000000000000000000000560458cb00
1,3724,0,148960,6,1,0,2,0,0,0,0,0,0,1110,88,203,e045020006010002000000000000000000000000560458cb00
1,3725,0,149000,6,1,0,2,0,0,0,0,0,0,1110,88,203,0846020006010002000000000000000000000000560458cb00
1,3726,0,149040,6,1,0,2,0,0,0,0,0,0,1110,88,203,3046020006010002000000000000000000000000560458cb00
1,3727,0,149080,6,1,0,2,0,0,0,0,0,0,1110,88,203,5846020006010002000000000000000000000000560458cb00
1,3728,0,149120,6,1,0,2,0,0,0,0,0,0,1110,88,203,8046020006010002000000000000000000000000560458cb00
1,3729,0,149160,6,1,0,2,0,0,0,0,0,0,1110,88,203,a846020006010002000000000000000000000000560458cb00
1,3730,0,149200,6,1,0,2,0,0,0,0,0,0,1110,88,203,d046020006010002000000000000000000000000560458cb00
1,3731,0,149241,6,1,0,2,0,0,0,0,0,0,1110,88,203,f946020006010002000000000000000000000000560458cb00
1,3732,0,149280,6,1,0,2,0,0,0,0,0,0,1110,88,203,2047020006010002000000000000000000000000560458cb00
1,3733,0,149320,6,1,0,2,0,0,0,0,0,0,1110,88,203,4847020006010002000000000000000000000000560458cb00
1,3734,0,149360,6,1,0,2,0,0,0,0,0,0,1110,88,203,7047020006010002000000000000000000000000560458cb00
1,3735,0,149401,6,1,0,2,0,0,0,0,0,0,1110,88,203,9947020006010002000000000000000000000000560458cb00
1,3736,0,149441,6,1,0,2,0,0,0,0,0,0,1110,88,203,c147020006010002000000000000000000000000560458cb00
1,3737,0,149480,6,1,0,2,0,0,0,0,0,0,1110,88,203,e847020006010002000000000000000000000000560458cb00
1,3738,0,149520,6,1,0,2,0,0,0,0,0,0,1110,88,203,1048020006010002000000000000000000000000560458cb00
1,3739,0,149560,6,1,0,2,0,0,0,0,0,0,1110,88,203,3848020006010002000000000000000000000000560458cb00
1,3740,0,149600,6,1,0,2,0,0,0,0,0,0,1110,88,203,6048020006010002000000000000000000000000560458cb00
1,3741,0,149640,6,1,0,2,0,0,0,0,0,0,1110,88,203,8848020006010002000000000000000000000000560458cb00
1,3742,0,149680,6,1,0,2,0,0,0,0,0,0,1110,88,203,b048020006010002000000000000000000000000560458cb00
1,3743,0,149721,6,1,0,2,0,0,0,0,0,0,1110,88,203,d948020006010002000000000000000000000000560458cb00
1,3744,0,149760,6,1,0,2,0,0,0,0,0,0,1110,88,203,0049020006010002000000000000000000000000560458cb00
1,3745,0,149801,6,1,0,2,0,0,0,0,0,0,1110,88,203,2949020006010002000000000000000000000000560458cb00
1,3746,0,149840,6,1,0,2,0,0,0,0,0,0,1110,88,203,5049020006010002000000000000000000000000560458cb00
1,3747,0,149880,6,1,0,2,0,0,0,0,0,0,1110,88,203,7849020006010002000000000000000000000000560458cb00
1,3748,0,149920,6,1,0,2,0,0,0,0,0,0,1110,88,203,a049020006010002000000000000000000000000560458cb00
1,3749,0,149961,6,1,0,2,0,0,0,0,0,0,1110,88,203,c949020006010002000000000000000000000000560458cb00
1,3750,0,150000,6,1,0,2,0,0,0,0,0,0,1110,88,203,f049020006010002000000000000000000000000560458cb00
1,3751,0,150041,6,1,0,2,0,0,0,0,0,0,1110,88,203,194a020006010002000000000000000000000000560458cb00
1,3752,0,150080,6,1,0,2,0,0,0,0,0,0,1110,88,203,404a020006010002000000000000000000000000560458cb00
1,3753,0,150120,6,1,0,2,0,0,0,0,0,0,1110,88,203,684a020006010002000000000000000000000000560458cb00
1,3754,0,150160,6,1,0,2,0,0,0,0,0,0,1110,88,203,904a020006010002000000000000000000000000560458cb00
1,3755,0,150200,6,1,0,2,0,0,0,0,0,0,1110,88,203,b84a020006010002000000000000000000000000560458cb00
1,3756,0,150240,6,1,0,2,0,0,0,0,0,0,1110,88,203,e04a020006010002000000000000000000000000560458cb00
1,3757,0,150280,6,1,0,2,0,0,0,0,0,0,1110,88,203,084b020006010002000000000000000000000000560458cb00
1,3758,0,150321,6,1,0,2,0,0,0,0,0,0,1110,88,203,314b020006010002000000000000000000000000560458cb00
1,3759,0,150360,6,1,0,2,0,0,0,0,0,0,1110,88,203,584b020006010002000000000000000000000000560458cb00
1,3760,0,150400,6,1,0,2,0,0,0,0,0,0,1110,88,203,804b020006010002000000000000000000000000560458cb00
1,3761,0,150440,6,1,0,2,0,0,0,0,0,0,1110,88,203,a84b020006010002000000000000000000000000560458cb00
1,3762,0,150480,6,1,0,2,0,0,0,0,0,0,1110,88,203,d04b020006010002000000000000000000000000560458cb00
1,3763,0,150520,6,1,0,2,0,0,0,0,0,0,1110,88,203,f84b020006010002000000000000000000000000560458cb00
1,3764,0,150560,6,1,0,2,0,0,0,0,0,0,1110,88,203,204c020006010002000000000000000000000000560458cb00
1,3765,0,150600,6,1,0,2,0,0,0,0,0,0,1110,88,203,484c020006010002000000000000000000000000560458cb00
1,3766,0,150641,6,1,0,2,0,0,0,0,0,0,1110,88,203,714c020006010002000000000000000000000000560458cb00
1,3767,0,150681,6,1,0,2,0,0,0,0,0,0,1110,88,203,994c020006010002000000000000000000000000560458cb00
1,3768,0,150721,6,1,0,2,0,0,0,0,0,0,1110,88,203,c14c020006010002000000000000000000000000560458cb00
1,3769,0,150760,6,1,0,2,0,0,0,0,0,0,1110,88,203,e84c020006010002000000000000000000000000560458cb00
1,3770,0,150800,6,1,0,2,0,0,0,0,0,0,1110,88,203,104d020006010002000000000000000000000000560458cb00
1,3771,0,150840,6,1,0,2,0,0,0,0,0,0,1110,88,203,384d020006010002000000000000000000000000560458cb00
1,3772,0,150880,6,1,0,2,0,0,0,0,0,0,1110,88,203,604d020006010002000000000000000000000000560458cb00
1,3773,0,150920,6,1,0,2,0,0,0,0,0,0,1110,88,203,884d020006010002000000000000000000000000560458cb00
1,3774,0,150960,6,1,0,2,0,0,0,0,0,0,1110,88,203,b04d020006010002000000000000000000000000560458cb00
1,3775,0,151000,6,1,0,2,0,0,0,0,0,0,1110,88,203,d84d020006010002000000000000000000000000560458cb00
1,3776,0,151040,6,1,0,2,0,0,0,0,0,0,1110,88,203,004e020006010002000000000000000000000000560458cb00
1,3777,0,151080,6,1,0,2,0,0,0,0,0,0,1110,88,203,284e020006010002000000000000000000000000560458cb00
1,3778,0,151120,6,1,0,2,0,0,0,0,0,0,1110,88,203,504e020006010002000000000000000000000000560458cb00
1,3779,0,151160,6,1,0,2,0,0,0,0,0,0,1110,88,203,784e020006010002000000000000000000000000560458cb00
1,3780,0,151200,6,1,0,2,0,0,0,0,0,0,1110,88,203,a04e020006010002000000000000000000000000560458cb00
1,3781,0,151240,6,1,0,2,0,0,0,0,0,0,1110,88,203,c84e020006010002000000000000000000000000560458cb00
1,3782,0,151280,6,1,0,2,0,0,0,0,0,0,1110,88,203,f04e020006010002000000000000000000000000560458cb00
1,3783,0,151320,6,1,0,2,0,0,0,0,0,0,1110,88,203,184f020006010002000000000000000000000000560458cb00
1,3784,0,151360,6,1,0,2,0,0,0,0,0,0,1110,88,203,404f020006010002000000000000000000000000560458cb00
1,3785,0,151401,6,1,0,2,0,0,0,0,0,0,1110,88,203,694f020006010002000000000000000000000000560458cb00
1,3786,0,151440,6,1,0,2,0,0,0,0,0,0,1110,88,203,904f020006010002000000000000000000000000560458cb00
1,3787,0,151480,6,1,0,2,0,0,0,0,0,0,1110,88,203,b84f020006010002000000000000000000000000560458cb00
1,3788,0,151520,6,1,0,2,0,0,0,0,0,0,1110,88,203,e04f020006010002000000000000000000000000560458cb00
1,3789,0,151561,6,1,0,2,0,0,0,0,0,0,1110,88,203,0950020006010002000000000000000000000000560458cb00
1,3790,0,151600,6,1,0,2,0,0,0,0,0,0,1110,88,203,3050020006010002000000000000000000000000560458cb00
1,3791,0,151640,6,1,0,2,0,0,0,0,0,0,1110,88,203,5850020006010002000000000000000000000000560458cb00
1,3792,0,151680,6,1,0,2,0,0,0,0,0,0,1110,88,203,8050020006010002000000000000000000000000560458cb00
1,3793,0,151720,6,1,0,2,0,0,0,0,0,0,1110,88,203,a850020006010002000000000000000000000000560458cb00
1,3794,0,151760,6,1,0,2,0,0,0,0,0,0,1110,88,203,d050020006010002000000000000000000000000560458cb00
1,3795,0,151801,6,1,0,2,0,0,0,0,0,0,1110,88,203,f950020006010002000000000000000000000000560458cb00
1,3796,0,151840,6,1,0,2,0,0,0,0,0,0,1110,88,203,2051020006010002000000000000000000000000560458cb00
1,3797,0,151880,6,1,0,2,0,0,0,0,0,0,1110,88,203,4851020006010002000000000000000000000000560458cb00
1,3798,0,151920,6,1,0,2,0,0,0,0,0,0,1110,88,203,7051020006010002000000000000000000000000560458cb00
1,3799,0,151960,6,1,0,2,0,0,0,0,0,0,1110,88,203,9851020006010002000000000000000000000000560458cb00
1,3800,0,152000,6,1,0,2,0,0,0,0,0,0,1110,88,203,c051020006010002000000000000000000000000560458cb00
1,3801,0,152040,6,1,0,2,0,0,0,0,0,0,1110,88,203,e851020006010002000000000000000000000000560458cb00
1,3802,0,152081,6,1,0,2,0,0,0,0,0,0,1110,88,203,1152020006010002000000000000000000000000560458cb00
1,3803,0,152121,6,1,0,2,0,0,0,0,0,0,1110,88,203,3952020006010002000000000000000000000000560458cb00
1,3804,0,152161,6,1,0,2,0,0,0,0,0,0,1110,88,203,6152020006010002000000000000000000000000560458cb00
1,3805,0,152200,6,1,0,2,0,0,0,0,0,0,1110,88,203,8852020006010002000000000000000000000000560458cb00
1,3806,0,152240,6,1,0,2,0,0,0,0,0,0,1110,88,203,b052020006010002000000000000000000000000560458cb00
1,3807,0,152280,6,1,0,2,0,0,0,0,0,0,1110,88,203,d852020006010002000000000000000000000000560458cb00
1,3808,0,152320,6,1,0,2,0,0,0,0,0,0,1110,88,203,0053020006010002000000000000000000000000560458cb00
1,3809,0,152360,6,1,0,2,0,0,0,0,0,0,1110,88,203,2853020006010002000000000000000000000000560458cb00
1,3810,0,152400,6,1,0,2,0,0,0,0,0,0,1110,88,203,5053020006010002000000000000000000000000560458cb00
1,3811,0,152440,6,1,0,2,0,0,0,0,0,0,1110,88,203,7853020006010002000000000000000000000000560458cb00
1,3812,0,152481,6,1,0,2,0,0,0,0,0,0,1110,88,203,a153020006010002000000000000000000000000560458cb00
1,3813,0,152521,6,1,0,2,0,0,0,0,0,0,1110,88,203,c953020006010002000000000000000000000000560458cb00
1,3814,0,152560,6,1,0,2,0,0,0,0,0,0,1110,88,203,f053020006010002000000000000000000000000560458cb00
1,3815,0,152600,6,1,0,2,0,0,0,0,0,0,1110,88,203,1854020006010002000000000000000000000000560458cb00
1,3816,0,152640,6,1,0,2,0,0,0,0,0,0,1110,88,203,4054020006010002000000000000000000000000560458cb00
1,3817,0,152680,6,1,0,2,0,0,0,0,0,0,1110,88,203,6854020006010002000000000000000000000000560458cb00
1,3818,0,152721,6,1,0,2,0,0,0,0,0,0,1110,88,203,9154020006010002000000000000000000000000560458cb00
1,3819,0,152760,6,1,0,2,0,0,0,0,0,0,1110,88,203,b854020006010002000000000000000000000000560458cb00
1,3820,0,152800,6,1,0,2,0,0,0,0,0,0,1110,88,203,e054020006010002000000000000000000000000560458cb00
1,3821,0,152841,6,1,0,2,0,0,0,0,0,0,1110,88,203,0955020006010002000000000000000000000000560458cb00
1,3822,0,152880,6,1,0,2,0,0,0,0,0,0,1110,88,203,3055020006010002000000000000000000000000560458cb00
1,3823,0,152920,6,1,0,2,0,0,0,0,0,0,1110,88,203,5855020006010002000000000000000000000000560458cb00
1,3824,0,152960,6,1,0,2,0,0,0,0,0,0,1110,88,203,8055020006010002000000000000000000000000560458cb00
1,3825,0,153000,6,1,0,2,0,0,0,0,0,0,1110,88,203,a855020006010002000000000000000000000000560458cb00
1,3826,0,153041,6,1,0,2,0,0,0,0,0,0,1110,88,203,d155020006010002000000000000000000000000560458cb00
1,3827,0,153081,6,1,0,2,0,0,0,0,0,0,1110,88,203,f955020006010002000000000000000000000000560458cb00
1,3828,0,153120,6,1,0,2,0,0,0,0,0,0,1110,88,203,2056020006010002000000000000000000000000560458cb00
1,3829,0,153160,6,1,0,2,0,0,0,0,0,0,1110,88,203,4856020006010002000000000000000000000000560458cb00
1,3830,0,153200,6,1,0,2,0,0,0,0,0,0,1110,88,203,7056020006010002000000000000000000000000560458cb00
1,3831,0,153241,6,1,0,2,0,0,0,0,0,0,1110,88,203,9956020006010002000000000000000000000000560458cb00
1,3832,0,153280,6,1,0,2,0,0,0,0,0,0,1110,88,203,c056020006010002000000000000000000000000560458cb00
1,3833,0,153320,6,1,0,2,0,0,0,0,0,0,1110,88,203,e856020006010002000000000000000000000000560458cb00
1,3834,0,153360,6,1,0,2,0,0,0,0,0,0,1110,88,203,1057020006010002000000000000000000000000560458cb00
1,3835,0,153401,6,1,0,2,0,0,0,0,0,0,1110,88,203,3957020006010002000000000000000000000000560458cb00
1,3836,0,153440,6,1,0,2,0,0,0,0,0,0,1110,88,203,6057020006010002000000000000000000000000560458cb00
1,3837,0,153481,6,1,0,2,0,0,0,0,0,0,1110,88,203,8957020006010002000000000000000000000000560458cb00
1,3838,0,153520,6,1,0,2,0,0,0,0,0,0,1110,88,203,b057020006010002000000000000000000000000560458cb00
1,3839,0,153560,6,1,0,2,0,0,0,0,0,0,1110,88,203,d857020006010002000000000000000000000000560458cb00
1,3840,0,153600,6,1,0,2,0,0,0,0,0,0,1110,88,203,0058020006010002000000000000000000000000560458cb00
1,3841,0,153641,6,1,0,2,0,0,0,0,0,0,1110,88,203,2958020006010002000000000000000000000000560458cb00
1,3842,0,153680,6,1,0,2,0,0,0,0,0,0,1110,88,203,5058020006010002000000000000000000000000560458cb00
1,3843,0,153720,6,1,0,2,0,0,0,0,0,0,1110,88,203,7858020006010002000000000000000000000000560458cb00
1,3844,0,153761,6,1,0,2,0,0,0,0,0,0,1110,88,203,a158020006010002000000000000000000000000560458cb00
1,3845,0,153800,6,1,0,2,0,0,0,0,0,0,1110,88,203,c858020006010002000000000000000000000000560458cb00
1,3846,0,153840,6,1,0,2,0,0,0,0,0,0,1110,88,203,f058020006010002000000000000000000000000560458cb00
1,3847,0,153880,6,1,0,2,0,0,0,0,0,0,1110,88,203,1859020006010002000000000000000000000000560458cb00
1,3848,0,153920,6,1,0,2,0,0,0,0,0,0,1110,88,203,4059020006010002000000000000000000000000560458cb00
1,3849,0,153960,6,1,0,2,0,0,0,0,0,0,1110,88,203,6859020006010002000000000000000000000000560458cb00
1,3850,0,154001,6,1,0,2,0,0,0,0,0,0,1110,88,203,9159020006010002000000000000000000000000560458cb00
1,3851,0,154040,6,1,0,2,0,0,0,0,0,0,1110,88,203,b859020006010002000000000000000000000000560458cb00
1,3852,0,154080,6,1,0,2,0,0,0,0,0,0,1110,88,203,e059020006010002000000000000000000000000560458cb00
1,3853,0,154120,6,1,0,2,0,0,0,0,0,0,1110,88,203,085a020006010002000000000000000000000000560458cb00
1,3854,0,154161,6,1,0,2,0,0,0,0,0,0,1110,88,203,315a020006010002000000000000000000000000560458cb00
1,3855,0,154200,6,1,0,2,0,0,0,0,0,0,1110,88,203,585a020006010002000000000000000000000000560458cb00
1,3856,0,154240,6,1,0,2,0,0,0,0,0,0,1110,88,203,805a020006010002000000000000000000000000560458cb00
1,3857,0,154280,6,1,0,2,0,0,0,0,0,0,1110,88,203,a85a020006010002000000000000000000000000560458cb00
1,3858,0,154321,6,1,0,2,0,0,0,0,0,0,1110,88,203,d15a020006010002000000000000000000000000560458cb00
1,3859,0,154360,6,1,0,2,0,0,0,0,0,0,1110,88,203,f85a020006010002000000000000000000000000560458cb00
1,3860,0,154400,6,1,0,2,0,0,0,0,0,0,1110,88,203,205b020006010002000000000000000000000000560458cb00
1,3861,0,154440,6,1,0,2,0,0,0,0,0,0,1110,88,203,485b020006010002000000000000000000000000560458cb00
1,3862,0,154481,6,1,0,2,0,0,0,0,0,0,1110,88,203,715b020006010002000000000000000000000000560458cb00
1,3863,0,154520,6,1,0,2,0,0,0,0,0,0,1110,88,203,985b020006010002000000000000000000000000560458cb00
1,3864,0,154561,6,1,0,2,0,0,0,0,0,0,1110,88,203,c15b020006010002000000000000000000000000560458cb00
1,3865,0,154600,6,1,0,2,0,0,0,0,0,0,1110,88,203,e85b020006010002000000000000000000000000560458cb00
1,3866,0,154640,6,1,0,2,0,0,0,0,0,0,1110,88,203,105c020006010002000000000000000000000000560458cb00
1,3867,0,154680,6,1,0,2,0,0,0,0,0,0,1110,88,203,385c020006010002000000000000000000000000560458cb00
1,3868,0,154720,6,1,0,2,0,0,0,0,0,0,1110,88,203,605c020006010002000000000000000000000000560458cb00
1,3869,0,154760,6,1,0,2,0,0,0,0,0,0,1110,88,203,885c020006010002000000000000000000000000560458cb00
1,3870,0,154800,6,1,0,2,0,0,0,0,0,0,1110,88,203,b05c020006010002000000000000000000000000560458cb00
1,3871,0,154840,6,1,0,2,0,0,0,0,0,0,1110,88,203,d85c020006010002000000000000000000000000560458cb00
1,3872,0,154880,6,1,0,2,0,0,0,0,0,0,1110,88,203,005d020006010002000000000000000000000000560458cb00
1,3873,0,154921,6,1,0,2,0,0,0,0,0,0,1110,88,203,295d020006010002000000000000000000000000560458cb00
1,3874,0,154960,6,1,0,2,0,0,0,0,0,0,1110,88,203,505d020006010002000000000000000000000000560458cb00
1,3875,0,155000,6,1,0,2,0,0,0,0,0,0,1110,88,203,785d020006010002000000000000000000000000560458cb00
1,3876,0,155040,6,1,0,2,0,0,0,0,0,0,1110,88,203,a05d020006010002000000000000000000000000560458cb00
1,3877,0,155080,6,1,0,2,0,0,0,0,0,0,1110,88,203,c85d020006010002000000000000000000000000560458cb00
1,3878,0,155120,6,1,0,2,0,0,0,0,0,0,1110,88,203,f05d020006010002000000000000000000000000560458cb00
1,3879,0,155160,6,1,0,2,0,0,0,0,0,0,1110,88,203,185e020006010002000000000000000000000000560458cb00
1,3880,0,155201,6,1,0,2,0,0,0,0,0,0,1110,88,203,415e020006010002000000000000000000000000560458cb00
1,3881,0,155241,6,1,0,2,0,0,0,0,0,0,1110,88,203,695e020006010002000000000000000000000000560458cb00
1,3882,0,155280,6,1,0,2,0,0,0,0,0,0,1110,88,203,905e020006010002000000000000000000000000560458cb00
1,3883,0,155321,6,1,0,2,0,0,0,0,0,0,1110,88,203,b95e020006010002000000000000000000000000560458cb00
1,3884,0,155360,6,1,0,2,0,0,0,0,0,0,1110,88,203,e05e020006010002000000000000000000000000560458cb00
1,3885,0,155401,6,1,0,2,0,0,0,0,0,0,1110,88,203,095f020006010002000000000000000000000000560458cb00
1,3886,0,155440,6,1,0,2,0,0,0,0,0,0,1110,88,203,305f020006010002000000000000000000000000560458cb00
1,3887,0,155481,6,1,0,2,0,0,0,0,0,0,1110,88,203,595f020006010002000000000000000000000000560458cb00
1,3888,0,155520,6,1,0,2,0,0,0,0,0,0,1110,88,203,805f020006010002000000000000000000000000560458cb00
1,3889,0,155560,6,1,0,2,0,0,0,0,0,0,1110,88,203,a85f020006010002000000000000000000000000560458cb00
1,3890,0,155600,6,1,0,2,0,0,0,0,0,0,1110,88,203,d05f020006010002000000000000000000000000560458cb00
1,3891,0,155640,6,1,0,2,0,0,0,0,0,0,1110,88,203,f85f020006010002000000000000000000000000560458cb00
1,3892,0,155680,6,1,0,2,0,0,0,0,0,0,1110,88,203,2060020006010002000000000000000000000000560458cb00
1,3893,0,155720,6,1,0,2,0,0,0,0,0,0,1110,88,203,4860020006010002000000000000000000000000560458cb00
1,3894,0,155761,6,1,0,2,0,0,0,0,0,0,1110,88,203,7160020006010002000000000000000000000000560458cb00
1,3895,0,155800,6,1,0,2,0,0,0,0,0,0,1110,88,203,9860020006010002000000000000000000000000560458cb00
1,3896,0,155841,6,1,0,2,0,0,0,0,0,0,1110,88,203,c160020006010002000000000000000000000000560458cb00
1,3897,0,155880,6,1,0,2,0,0,0,0,0,0,1110,88,203,e860020006010002000000000000000000000000560458cb00
1,3898,0,155921,6,1,0,2,0,0,0,0,0,0,1110,88,203,1161020006010002000000000000000000000000560458cb00
1,3899,0,155960,6,1,0,2,0,0,0,0,0,0,1110,88,203,3861020006010002000000000000000000000000560458cb00
1,3900,0,156000,6,1,0,2,0,0,0,0,0,0,1110,88,203,6061020006010002000000000000000000000000560458cb00
1,3901,0,156040,6,1,0,2,0,0,0,0,0,0,1110,88,203,8861020006010002000000000000000000000000560458cb00
1,3902,0,156080,6,1,0,2,0,0,0,0,0,0,1110,88,203,b061020006010002000000000000000000000000560458cb00
1,3903,0,156121,6,1,0,2,0,0,0,0,0,0,1110,88,203,d961020006010002000000000000000000000000560458cb00
1,3904,0,156161,6,1,0,2,0,0,0,0,0,0,1110,88,203,0162020006010002000000000000000000000000560458cb00
1,3905,0,156200,6,1,0,2,0,0,0,0,0,0,1110,88,203,2862020006010002000000000000000000000000560458cb00
1,3906,0,156240,6,1,0,2,0,0,0,0,0,0,1110,88,203,5062020006010002000000000000000000000000560458cb00
1,3907,0,156280,6,1,0,2,0,0,0,0,0,0,1110,88,203,7862020006010002000000000000000000000000560458cb00
1,3908,0,156321,6,1,0,2,0,0,0,0,0,0,1110,88,203,a162020006010002000000000000000000000000560458cb00
1,3909,0,156360,6,1,0,2,0,0,0,0,0,0,1110,88,203,c862020006010002000000000000000000000000560458cb00
1,3910,0,156401,6,1,0,2,0,0,0,0,0,0,1110,88,203,f162020006010002000000000000000000000000560458cb00
1,3911,0,156440,6,1,0,2,0,0,0,0,0,0,1110,88,203,1863020006010002000000000000000000000000560458cb00
1,3912,0,156480,6,1,0,2,0,0,0,0,0,0,1110,88,203,4063020006010002000000000000000000000000560458cb00
1,3913,0,156520,6,1,0,2,0,0,0,0,0,0,1110,88,203,6863020006010002000000000000000000000000560458cb00
1,3914,0,156560,6,1,0,2,0,0,0,0,0,0,1110,88,203,9063020006010002000000000000000000000000560458cb00
1,3915,0,156600,6,1,0,2,0,0,0,0,0,0,1110,88,203,b863020006010002000000000000000000000000560458cb00
1,3916,0,156641,6,1,0,2,0,0,0,0,0,0,1110,88,203,e163020006010002000000000000000000000000560458cb00
1,3917,0,156680,6,1,0,2,0,0,0,0,0,0,1110,88,203,0864020006010002000000000000000000000000560458cb00
1,3918,0,156720,6,1,0,2,0,0,0,0,0,0,1110,88,203,3064020006010002000000000000000000000000560458cb00
1,3919,0,156760,6,1,0,2,0,0,0,0,0,0,1110,88,203,5864020006010002000000000000000000000000560458cb00
1,3920,0,156800,6,1,0,2,0,0,0,0,0,0,1110,88,203,8064020006010002000000000000000000000000560458cb00
1,3921,0,156841,6,1,0,2,0,0,0,0,0,0,1110,88,203,a964020006010002000000000000000000000000560458cb00
1,3922,0,156880,6,1,0,2,0,0,0,0,0,0,1110,88,203,d064020006010002000000000000000000000000560458cb00
1,3923,0,156920,6,1,0,2,0,0,0,0,0,0,1110,88,203,f864020006010002000000000000000000000000560458cb00
1,3924,0,156960,6,1,0,2,0,0,0,0,0,0,1110,88,203,2065020006010002000000000000000000000000560458cb00
1,3925,0,157000,6,1,0,2,0,0,0,0,0,0,1110,88,203,4865020006010002000000000000000000000000560458cb00
1,3926,0,157040,6,1,0,2,0,0,0,0,0,0,1110,88,203,7065020006010002000000000000000000000000560458cb00
1,3927,0,157081,6,1,0,2,0,0,0,0,0,0,1110,88,203,9965020006010002000000000000000000000000560458cb00
1,3928,0,157120,6,1,0,2,0,0,0,0,0,0,1110,88,203,c065020006010002000000000000000000000000560458cb00
1,3929,0,157160,6,1,0,2,0,0,0,0,0,0,1110,88,203,e865020006010002000000000000000000000000560458cb00
1,3930,0,157200,6,1,0,2,0,0,0,0,0,0,1110,88,203,1066020006010002000000000000000000000000560458cb00
1,3931,0,157241,6,1,0,2,0,0,0,0,0,0,1110,88,203,3966020006010002000000000000000000000000560458cb00
1,3932,0,157280,6,1,0,2,0,0,0,0,0,0,1110,88,203,6066020006010002000000000000000000000000560458cb00
1,3933,0,157320,6,1,0,2,0,0,0,0,0,0,1110,88,203,8866020006010002000000000000000000000000560458cb00
1,3934,0,157360,6,1,0,2,0,0,0,0,0,0,1110,88,203,b066020006010002000000000000000000000000560458cb00
1,3935,0,157400,6,1,0,2,0,0,0,0,0,0,1110,88,203,d866020006010002000000000000000000000000560458cb00
1,3936,0,157440,6,1,0,2,0,0,0,0,0,0,1110,88,203,0067020006010002000000000000000000000000560458cb00
1,3937,0,157480,6,1,0,2,0,0,0,0,0,0,1110,88,203,2867020006010002000000000000000000000000560458cb00
1,3938,0,157520,6,1,0,2,0,0,0,0,0,0,1110,88,203,5067020006010002000000000000000000000000560458cb00
1,3939,0,157561,6,1,0,2,0,0,0,0,0,0,1110,88,203,7967020006010002000000000000000000000000560458cb00
1,3940,0,157601,6,1,0,2,0,0,0,0,0,0,1110,88,203,a167020006010002000000000000000000000000560458cb00
1,3941,0,157640,6,1,0,2,0,0,0,0,0,0,1110,88,203,c867020006010002000000000000000000000000560458cb00
1,3942,0,157680,6,1,0,2,0,0,0,0,0,0,1110,88,203,f067020006010002000000000000000000000000560458cb00
1,3943,0,157720,6,1,0,2,0,0,0,0,0,0,1110,88,203,1868020006010002000000000000000000000000560458cb00
1,3944,0,157760,6,1,0,2,0,0,0,0,0,0,1110,88,203,4068020006010002000000000000000000000000560458cb00
1,3945,0,157800,6,1,0,2,0,0,0,0,0,0,1110,88,203,6868020006010002000000000000000000000000560458cb00
1,3946,0,157840,6,1,0,2,0,0,0,0,0,0,1110,88,203,9068020006010002000000000000000000000000560458cb00
1,3947,0,157880,6,1,0,2,0,0,0,0,0,0,1110,88,203,b868020006010002000000000000000000000000560458cb00
1,3948,0,157920,6,1,0,2,0,0,0,0,0,0,1110,88,203,e068020006010002000000000000000000000000560458cb00
1,3949,0,157960,6,1,0,2,0,0,0,0,0,0,1110,88,203,0869020006010002000000000000000000000000560458cb00
1,3950,0,158001,6,1,0,2,0,0,0,0,0,0,1110,88,203,3169020006010002000000000000000000000000560458cb00
1,3951,0,158040,6,1,0,2,0,0,0,0,0,0,1110,88,203,5869020006010002000000000000000000000000560458cb00
1,3952,0,158080,6,1,0,2,0,0,0,0,0,0,1110,88,203,8069020006010002000000000000000000000000560458cb00
1,3953,0,158120,6,1,0,2,0,0,0,0,0,0,1110,88,203,a869020006010002000000000000000000000000560458cb00
1,3954,0,158160,6,1,0,2,0,0,0,0,0,0,1110,88,203,d069020006010002000000000000000000000000560458cb00
1,3955,0,158200,6,1,0,2,0,0,0,0,0,0,1110,88,203,f869020006010002000000000000000000000000560458cb00
1,3956,0,158241,6,1,0,2,0,0,0,0,0,0,1110,88,203,216a020006010002000000000000000000000000560458cb00
1,3957,0,158281,6,1,0,2,0,0,0,0,0,0,1110,88,203,496a020006010002000000000000000000000000560458cb00
1,3958,0,158320,6,1,0,2,0,0,0,0,0,0,1110,88,203,706a020006010002000000000000000000000000560458cb00
1,3959,0,158360,6,1,0,2,0,0,0,0,0,0,1110,88,203,986a020006010002000000000000000000000000560458cb00
1,3960,0,158400,6,1,0,2,0,0,0,0,0,0,1110,88,203,c06a020006010002000000000000000000000000560458cb00
1,3961,0,158440,6,1,0,2,0,0,0,0,0,0,1110,88,203,e86a020006010002000000000000000000000000560458cb00
1,3962,0,158480,6,1,0,2,0,0,0,0,0,0,1110,88,203,106b020006010002000000000000000000000000560458cb00
1,3963,0,158521,6,1,0,2,0,0,0,0,0,0,1110,88,203,396b020006010002000000000000000000000000560458cb00
1,3964,0,158560,6,1,0,2,0,0,0,0,0,0,1110,88,203,606b020006010002000000000000000000000000560458cb00
1,3965,0,158600,6,1,0,2,0,0,0,0,0,0,1110,88,203,886b020006010002000000000000000000000000560458cb00
1,3966,0,158640,6,1,0,2,0,0,0,0,0,0,1110,88,203,b06b020006010002000000000000000000000000560458cb00
1,3967,0,158680,6,1,0,2,0,0,0,0,0,0,1110,88,203,d86b020006010002000000000000000000000000560458cb00
1,3968,0,158720,6,1,0,2,0,0,0,0,0,0,1110,88,203,006c020006010002000000000000000000000000560458cb00
1,3969,0,158760,6,1,0,2,0,0,0,0,0,0,1110,88,203,286c020006010002000000000000000000000000560458cb00
1,3970,0,158800,6,1,0,2,0,0,0,0,0,0,1110,88,203,506c020006010002000000000000000000000000560458cb00
1,3971,0,158840,6,1,0,2,0,0,0,0,0,0,1110,88,203,786c020006010002000000000000000000000000560458cb00
1,3972,0,158880,6,1,0,2,0,0,0,0,0,0,1110,88,203,a06c020006010002000000000000000000000000560458cb00
1,3973,0,158921,6,1,0,2,0,0,0,0,0,0,1110,88,203,c96c020006010002000000000000000000000000560458cb00
1,3974,0,158960,6,1,0,2,0,0,0,0,0,0,1110,88,203,f06c020006010002000000000000000000000000560458cb00
1,3975,0,159001,6,1,0,2,0,0,0,0,0,0,1110,88,203,196d020006010002000000000000000000000000560458cb00
1,3976,0,159040,6,1,0,2,0,0,0,0,0,0,1110,88,203,406d020006010002000000000000000000000000560458cb00
1,3977,0,159080,6,1,0,2,0,0,0,0,0,0,1110,88,203,686d020006010002000000000000000000000000560458cb00
1,3978,0,159120,6,1,0,2,0,0,0,0,0,0,1110,88,203,906d020006010002000000000000000000000000560458cb00
1,3979,0,159160,6,1,0,2,0,0,0,0,0,0,1110,88,203,b86d020006010002000000000000000000000000560458cb00
1,3980,0,159200,6,1,0,2,0,0,0,0,0,0,1110,88,203,e06d020006010002000000000000000000000000560458cb00
1,3981,0,159240,6,1,0,2,0,0,0,0,0,0,1110,88,203,086e020006010002000000000000000000000000560458cb00
1,3982,0,159280,6,1,0,2,0,0,0,0,0,0,1110,88,203,306e020006010002000000000000000000000000560458cb00
1,3983,0,159320,6,1,0,2,0,0,0,0,0,0,1110,88,203,586e020006010002000000000000000000000000560458cb00
1,3984,0,159360,6,1,0,2,0,0,0,0,0,0,1110,88,203,806e020006010002000000000000000000000000560458cb00
1,3985,0,159400,6,1,0,2,0,0,0,0,0,0,1110,88,203,a86e020006010002000000000000000000000000560458cb00
1,3986,0,159441,6,1,0,2,0,0,0,0,0,0,1110,88,203,d16e020006010002000000000000000000000000560458cb00
1,3987,0,159480,6,1,0,2,0,0,0,0,0,0,1110,88,203,f86e020006010002000000000000000000000000560458cb00
1,3988,0,159520,6,1,0,2,0,0,0,0,0,0,1110,88,203,206f020006010002000000000000000000000000560458cb00
1,3989,0,159560,6,1,0,2,0,0,0,0,0,0,1110,88,203,486f020006010002000000000000000000000000560458cb00
1,3990,0,159600,6,1,0,2,0,0,0,0,0,0,1110,88,203,706f020006010002000000000000000000000000560458cb00
1,3991,0,159640,6,1,0,2,0,0,0,0,0,0,1110,88,203,986f020006010002000000000000000000000000560458cb00
1,3992,0,159680,6,1,0,2,0,0,0,0,0,0,1110,88,203,c06f020006010002000000000000000000000000560458cb00
1,3993,0,159721,6,1,0,2,0,0,0,0,0,0,1110,88,203,e96f020006010002000000000000000000000000560458cb00
1,3994,0,159761,6,1,0,2,0,0,0,0,0,0,1110,88,203,1170020006010002000000000000000000000000560458cb00
1,3995,0,159800,6,1,0,2,0,0,0,0,0,0,1110,88,203,3870020006010002000000000000000000000000560458cb00
1,3996,0,159841,6,1,0,2,0,0,0,0,0,0,1110,88,203,6170020006010002000000000000000000000000560458cb00
1,3997,0,159880,6,1,0,2,0,0,0,0,0,0,1110,88,203,8870020006010002000000000000000000000000560458cb00
1,3998,0,159921,6,1,0,2,0,0,0,0,0,0,1110,88,203,b170020006010002000000000000000000000000560458cb00
1,3999,0,159960,6,1,0,2,0,0,0,0,0,0,1110,88,203,d870020006010002000000000000000000000000560458cb00
1,4000,0,160001,6,1,0,2,0,0,0,0,0,0,1110,88,203,0171020006010002000000000000000000000000560458cb00
1,4001,0,160040,6,1,0,2,0,0,0,0,0,0,1110,88,203,2871020006010002000000000000000000000000560458cb00
1,4002,0,160080,6,1,0,2,0,0,0,0,0,0,1110,88,203,5071020006010002000000000000000000000000560458cb00
1,4003,0,160120,6,1,0,2,0,0,0,0,0,0,1110,88,203,7871020006010002000000000000000000000000560458cb00
1,4004,0,160160,6,1,0,2,0,0,0,0,0,0,1110,88,203,a071020006010002000000000000000000000000560458cb00
1,4005,0,160200,6,1,0,2,0,0,0,0,0,0,1110,88,203,c871020006010002000000000000000000000000560458cb00
1,4006,0,160240,6,1,0,2,0,0,0,0,0,0,1110,88,203,f071020006010002000000000000000000000000560458cb00
1,4007,0,160281,6,1,0,2,0,0,0,0,0,0,1110,88,203,1972020006010002000000000000000000000000560458cb00
1,4008,0,160320,6,1,0,2,0,0,0,0,0,0,1110,88,203,4072020006010002000000000000000000000000560458cb00
1,4009,0,160361,6,1,0,2,0,0,0,0,0,0,1110,88,203,6972020006010002000000000000000000000000560458cb00
1,4010,0,160400,6,1,0,2,0,0,0,0,0,0,1110,88,203,9072020006010002000000000000000000000000560458cb00
1,4011,0,160441,6,1,0,2,0,0,0,0,0,0,1110,88,203,b972020006010002000000000000000000000000560458cb00
1,4012,0,160480,6,1,0,2,0,0,0,0,0,0,1110,88,203,e072020006010002000000000000000000000000560458cb00
1,4013,0,160520,6,1,0,2,0,0,0,0,0,0,1110,88,203,0873020006010002000000000000000000000000560458cb00
1,4014,0,160560,6,1,0,2,0,0,0,0,0,0,1110,88,203,3073020006010002000000000000000000000000560458cb00
1,4015,0,160600,6,1,0,2,0,0,0,0,0,0,1110,88,203,5873020006010002000000000000000000000000560458cb00
1,4016,0,160641,6,1,0,2,0,0,0,0,0,0,1110,88,203,8173020006010002000000000000000000000000560458cb00
1,4017,0,160681,6,1,0,2,0,0,0,0,0,0,1110,88,203,a973020006010002000000000000000000000000560458cb00
1,4018,0,160720,6,1,0,2,0,0,0,0,0,0,1110,88,203,d073020006010002000000000000000000000000560458cb00
1,4019,0,160760,6,1,0,2,0,0,0,0,0,0,1110,88,203,f873020006010002000000000000000000000000560458cb00
1,4020,0,160800,6,1,0,2,0,0,0,0,0,0,1110,88,203,2074020006010002000000000000000000000000560458cb00
1,4021,0,160840,6,1,0,2,0,0,0,0,0,0,1110,88,203,4874020006010002000000000000000000000000560458cb00
1,4022,0,160880,6,1,0,2,0,0,0,0,0,0,1110,88,203,7074020006010002000000000000000000000000560458cb00
1,4023,0,160921,6,1,0,2,0,0,0,0,0,0,1110,88,203,9974020006010002000000000000000000000000560458cb00
1,4024,0,160960,6,1,0,2,0,0,0,0,0,0,1110,88,203,c074020006010002000000000000000000000000560458cb00
1,4025,0,161000,6,1,0,2,0,0,0,0,0,0,1110,88,203,e874020006010002000000000000000000000000560458cb00
1,4026,0,161041,6,1,0,2,0,0,0,0,0,0,1110,88,203,1175020006010002000000000000000000000000560458cb00
1,4027,0,161080,6,1,0,2,0,0,0,0,0,0,1110,88,203,3875020006010002000000000000000000000000560458cb00
1,4028,0,161120,6,1,0,2,0,0,0,0,0,0,1110,88,203,6075020006010002000000000000000000000000560458cb00
1,4029,0,161161,6,1,0,2,0,0,0,0,0,0,1110,88,203,8975020006010002000000000000000000000000560458cb00
1,4030,0,161200,6,1,0,2,0,0,0,0,0,0,1110,88,203,b075020006010002000000000000000000000000560458cb00
1,4031,0,161240,6,1,0,2,0,0,0,0,0,0,1110,88,203,d875020006010002000000000000000000000000560458cb00
1,4032,0,161280,6,1,0,2,0,0,0,0,0,0,1110,88,203,0076020006010002000000000000000000000000560458cb00
1,4033,0,161320,6,1,0,2,0,0,0,0,0,0,1110,88,203,2876020006010002000000000000000000000000560458cb00
1,4034,0,161360,6,1,0,2,0,0,0,0,0,0,1110,88,203,5076020006010002000000000000000000000000560458cb00
1,4035,0,161400,6,1,0,2,0,0,0,0,0,0,1110,88,203,7876020006010002000000000000000000000000560458cb00
1,4036,0,161440,6,1,0,2,0,0,0,0,0,0,1110,88,203,a076020006010002000000000000000000000000560458cb00
1,4037,0,161480,6,1,0,2,0,0,0,0,0,0,1110,88,203,c876020006010002000000000000000000000000560458cb00
1,4038,0,161520,6,1,0,2,0,0,0,0,0,0,1110,88,203,f076020006010002000000000000000000000000560458cb00
1,4039,0,161560,6,1,0,2,0,0,0,0,0,0,1110,88,203,1877020006010002000000000000000000000000560458cb00
1,4040,0,161601,6,1,0,2,0,0,0,0,0,0,1110,88,203,4177020006010002000000000000000000000000560458cb00
1,4041,0,161640,6,1,0,2,0,0,0,0,0,0,1110,88,203,6877020006010002000000000000000000000000560458cb00
1,4042,0,161680,6,1,0,2,0,0,0,0,0,0,1110,88,203,9077020006010002000000000000000000000000560458cb00
1,4043,0,161720,6,1,0,2,0,0,0,0,0,0,1110,88,203,b877020006010002000000000000000000000000560458cb00
1,4044,0,161760,6,1,0,2,0,0,0,0,0,0,1110,88,203,e077020006010002000000000000000000000000560458cb00
1,4045,0,161800,6,1,0,2,0,0,0,0,0,0,1110,88,203,0878020006010002000000000000000000000000560458cb00
1,4046,0,161841,6,1,0,2,0,0,0,0,0,0,1110,88,203,3178020006010002000000000000000000000000560458cb00
1,4047,0,161880,6,1,0,2,0,0,0,0,0,0,1110,88,203,5878020006010002000000000000000000000000560458cb00
1,4048,0,161920,6,1,0,2,0,0,0,0,0,0,1110,88,203,8078020006010002000000000000000000000000560458cb00
1,4049,0,161960,6,1,0,2,0,0,0,0,0,0,1110,88,203,a878020006010002000000000000000000000000560458cb00
1,4050,0,162000,6,1,0,2,0,0,0,0,0,0,1110,88,203,d078020006010002000000000000000000000000560458cb00
1,4051,0,162040,6,1,0,2,0,0,0,0,0,0,1110,88,203,f878020006010002000000000000000000000000560458cb00
1,4052,0,162081,6,1,0,2,0,0,0,0,0,0,1110,88,203,2179020006010002000000000000000000000000560458cb00
1,4053,0,162121,6,1,0,2,0,0,0,0,0,0,1110,88,203,4979020006010002000000000000000000000000560458cb00
1,4054,0,162160,6,1,0,2,0,0,0,0,0,0,1110,88,203,7079020006010002000000000000000000000000560458cb00
1,4055,0,162201,6,1,0,2,0,0,0,0,0,0,1110,88,203,9979020006010002000000000000000000000000560458cb00
1,4056,0,162240,6,1,0,2,0,0,0,0,0,0,1110,88,203,c079020006010002000000000000000000000000560458cb00
1,4057,0,162280,6,1,0,2,0,0,0,0,0,0,1110,88,203,e879020006010002000000000000000000000000560458cb00
1,4058,0,162320,6,1,0,2,0,0,0,0,0,0,1110,88,203,107a020006010002000000000000000000000000560458cb00
1,4059,0,162360,6,1,0,2,0,0,0,0,0,0,1110,88,203,387a020006010002000000000000000000000000560458cb00
1,4060,0,162400,6,1,0,2,0,0,0,0,0,0,1110,88,203,607a020006010002000000000000000000000000560458cb00
1,4061,0,162440,6,1,0,2,0,0,0,0,0,0,1110,88,203,887a020006010002000000000000000000000000560458cb00
1,4062,0,162480,6,1,0,2,0,0,0,0,0,0,1110,88,203,b07a020006010002000000000000000000000000560458cb00
1,4063,0,162521,6,1,0,2,0,0,0,0,0,0,1110,88,203,d97a020006010002000000000000000000000000560458cb00
1,4064,0,162560,6,1,0,2,0,0,0,0,0,0,1110,88,203,007b020006010002000000000000000000000000560458cb00
1,4065,0,162600,6,1,0,2,0,0,0,0,0,0,1110,88,203,287b020006010002000000000000000000000000560458cb00
1,4066,0,162640,6,1,0,2,0,0,0,0,0,0,1110,88,203,507b020006010002000000000000000000000000560458cb00
1,4067,0,162680,6,1,0,2,0,0,0,0,0,0,1110,88,203,787b020006010002000000000000000000000000560458cb00
1,4068,0,162720,6,1,0,2,0,0,0,0,0,0,1110,88,203,a07b020006010002000000000000000000000000560458cb00
1,4069,0,162761,6,1,0,2,0,0,0,0,0,0,1110,88,203,c97b020006010002000000000000000000000000560458cb00
1,4070,0,162801,6,1,0,2,0,0,0,0,0,0,1110,88,203,f17b020006010002000000000000000000000000560458cb00
1,4071,0,162840,6,1,0,2,0,0,0,0,0,0,1110,88,203,187c020006010002000000000000000000000000560458cb00
1,4072,0,162880,6,1,0,2,0,0,0,0,0,0,1110,88,203,407c020006010002000000000000000000000000560458cb00
1,4073,0,162920,6,1,0,2,0,0,0,0,0,0,1110,88,203,687c020006010002000000000000000000000000560458cb00
1,4074,0,162960,6,1,0,2,0,0,0,0,0,0,1110,88,203,907c020006010002000000000000000000000000560458cb00
1,4075,0,163000,6,1,0,2,0,0,0,0,0,0,1110,88,203,b87c020006010002000000000000000000000000560458cb00
1,4076,0,163040,6,1,0,2,0,0,0,0,0,0,1110,88,203,e07c020006010002000000000000000000000000560458cb00
1,4077,0,163080,6,1,0,2,0,0,0,0,0,0,1110,88,203,087d020006010002000000000000000000000000560458cb00
1,4078,0,163121,6,1,0,2,0,0,0,0,0,0,1110,88,203,317d020006010002000000000000000000000000560458cb00
1,4079,0,163160,6,1,0,2,0,0,0,0,0,0,1110,88,203,587d020006010002000000000000000000000000560458cb00
1,4080,0,163200,6,1,0,2,0,0,0,0,0,0,1110,88,203,807d020006010002000000000000000000000000560458cb00
1,4081,0,163240,6,1,0,2,0,0,0,0,0,0,1110,88,203,a87d020006010002000000000000000000000000560458cb00
1,4082,0,163280,6,1,0,2,0,0,0,0,0,0,1110,88,203,d07d020006010002000000000000000000000000560458cb00
1,4083,0,163320,6,1,0,2,0,0,0,0,0,0,1110,88,203,f87d020006010002000000000000000000000000560458cb00
1,4084,0,163360,6,1,0,2,0,0,0,0,0,0,1110,88,203,207e020006010002000000000000000000000000560458cb00
1,4085,0,163400,6,1,0,2,0,0,0,0,0,0,1110,88,203,487e020006010002000000000000000000000000560458cb00
1,4086,0,163441,6,1,0,2,0,0,0,0,0,0,1110,88,203,717e020006010002000000000000000000000000560458cb00
1,4087,0,163480,6,1,0,2,0,0,0,0,0,0,1110,88,203,987e020006010002000000000000000000000000560458cb00
1,4088,0,163521,6,1,0,2,0,0,0,0,0,0,1110,88,203,c17e020006010002000000000000000000000000560458cb00
1,4089,0,163560,6,1,0,2,0,0,0,0,0,0,1110,88,203,e87e020006010002000000000000000000000000560458cb00
1,4090,0,163600,6,1,0,2,0,0,0,0,0,0,1110,88,203,107f020006010002000000000000000000000000560458cb00
1,4091,0,163640,6,1,0,2,0,0,0,0,0,0,1110,88,203,387f020006010002000000000000000000000000560458cb00
1,4092,0,163680,6,1,0,2,0,0,0,0,0,0,1110,88,203,607f020006010002000000000000000000000000560458cb00
1,4093,0,163720,6,1,0,2,0,0,0,0,0,0,1110,88,203,887f020006010002000000000000000000000000560458cb00
1,4094,0,163760,6,1,0,2,0,0,0,0,0,0,1110,88,203,b07f020006010002000000000000000000000000560458cb00
1,4095,0,163800,6,1,0,2,0,0,0,0,0,0,1110,88,203,d87f020006010002000000000000000000000000560458cb00
1,4096,0,163840,6,1,0,2,0,0,0,0,0,0,1110,88,203,0080020006010002000000000000000000000000560458cb00
1,4097,0,163880,6,1,0,2,0,0,0,0,0,0,1110,88,203,2880020006010002000000000000000000000000560458cb00
1,4098,0,163920,6,1,0,2,0,0,0,0,0,0,1110,88,203,5080020006010002000000000000000000000000560458cb00
1,4099,0,163961,6,1,0,2,0,0,0,0,0,0,1110,88,203,7980020006010002000000000000000000000000560458cb00
1,4100,0,164000,6,1,0,2,0,0,0,0,0,0,1110,88,203,a080020006010002000000000000000000000000560458cb00
1,4101,0,164040,6,1,0,2,0,0,0,0,0,0,1110,88,203,c880020006010002000000000000000000000000560458cb00
1,4102,0,164080,6,1,0,2,0,0,0,0,0,0,1110,88,203,f080020006010002000000000000000000000000560458cb00
1,4103,0,164120,6,1,0,2,0,0,0,0,0,0,1110,88,203,1881020006010002000000000000000000000000560458cb00
1,4104,0,164160,6,1,0,2,0,0,0,0,0,0,1110,88,203,4081020006010002000000000000000000000000560458cb00
1,4105,0,164200,6,1,0,2,0,0,0,0,0,0,1110,88,203,6881020006010002000000000000000000000000560458cb00
1,4106,0,164241,6,1,0,2,0,0,0,0,0,0,1110,88,203,9181020006010002000000000000000000000000560458cb00
1,4107,0,164281,6,1,0,2,0,0,0,0,0,0,1110,88,203,b981020006010002000000000000000000000000560458cb00
1,4108,0,164320,6,1,0,2,0,0,0,0,0,0,1110,88,203,e081020006010002000000000000000000000000560458cb00
1,4109,0,164360,6,1,0,2,0,0,0,0,0,0,1110,88,203,0882020006010002000000000000000000000000560458cb00
1,4110,0,164400,6,1,0,2,0,0,0,0,0,0,1110,88,203,3082020006010002000000000000000000000000560458cb00
1,4111,0,164440,6,1,0,2,0,0,0,0,0,0,1110,88,203,5882020006010002000000000000000000000000560458cb00
1,4112,0,164480,6,1,0,2,0,0,0,0,0,0,1110,88,203,8082020006010002000000000000000000000000560458cb00
1,4113,0,164521,6,1,0,2,0,0,0,0,0,0,1110,88,203,a982020006010002000000000000000000000000560458cb00
1,4114,0,164560,6,1,0,2,0,0,0,0,0,0,1110,88,203,d082020006010002000000000000000000000000560458cb00
1,4115,0,164600,6,1,0,2,0,0,0,0,0,0,1110,88,203,f882020006010002000000000000000000000000560458cb00
1,4116,0,164640,6,1,0,2,0,0,0,0,0,0,1110,88,203,2083020006010002000000000000000000000000560458cb00
1,4117,0,164680,6,1,0,2,0,0,0,0,0,0,1110,88,203,4883020006010002000000000000000000000000560458cb00
1,4118,0,164720,6,1,0,2,0,0,0,0,0,0,1110,88,203,7083020006010002000000000000000000000000560458cb00
1,4119,0,164760,6,1,0,2,0,0,0,0,0,0,1110,88,203,9883020006010002000000000000000000000000560458cb00
1,4120,0,164801,6,1,0,2,0,0,0,0,0,0,1110,88,203,c183020006010002000000000000000000000000560458cb00
1,4121,0,164840,6,1,0,2,0,0,0,0,0,0,1110,88,203,e883020006010002000000000000000000000000560458cb00
1,4122,0,164881,6,1,0,2,0,0,0,0,0,0,1110,88,203,1184020006010002000000000000000000000000560458cb00
1,4123,0,164920,6,1,0,2,0,0,0,0,0,0,1110,88,203,3884020006010002000000000000000000000000560458cb00
1,4124,0,164961,6,1,0,2,0,0,0,0,0,0,1110,88,203,6184020006010002000000000000000000000000560458cb00
1,4125,0,165000,6,1,0,2,0,0,0,0,0,0,1110,88,203,8884020006010002000000000000000000000000560458cb00
1,4126,0,165040,6,1,0,2,0,0,0,0,0,0,1110,88,203,b084020006010002000000000000000000000000560458cb00
1,4127,0,165080,6,1,0,2,0,0,0,0,0,0,1110,88,203,d884020006010002000000000000000000000000560458cb00
1,4128,0,165121,6,1,0,2,0,0,0,0,0,0,1110,88,203,0185020006010002000000000000000000000000560458cb00
1,4129,0,165160,6,1,0,2,0,0,0,0,0,0,1110,88,203,2885020006010002000000000000000000000000560458cb00
1,4130,0,165200,6,1,0,2,0,0,0,0,0,0,1110,88,203,5085020006010002000000000000000000000000560458cb00
1,4131,0,165240,6,1,0,2,0,0,0,0,0,0,1110,88,203,7885020006010002000000000000000000000000560458cb00
1,4132,0,165280,6,1,0,2,0,0,0,0,0,0,1110,88,203,a085020006010002000000000000000000000000560458cb00
1,4133,0,165320,6,1,0,2,0,0,0,0,0,0,1110,88,203,c885020006010002000000000000000000000000560458cb00
1,4134,0,165360,6,1,0,2,0,0,0,0,0,0,1110,88,203,f085020006010002000000000000000000000000560458cb00
1,4135,0,165400,6,1,0,2,0,0,0,0,0,0,1110,88,203,1886020006010002000000000000000000000000560458cb00
1,4136,0,165441,6,1,0,2,0,0,0,0,0,0,1110,88,203,4186020006010002000000000000000000000000560458cb00
1,4137,0,165480,6,1,0,2,0,0,0,0,0,0,1110,88,203,6886020006010002000000000000000000000000560458cb00
1,4138,0,165520,6,1,0,2,0,0,0,0,0,0,1110,88,203,9086020006010002000000000000000000000000560458cb00
1,4139,0,165561,6,1,0,2,0,0,0,0,0,0,1110,88,203,b986020006010002000000000000000000000000560458cb00
1,4140,0,165600,6,1,0,2,0,0,0,0,0,0,1110,88,203,e086020006010002000000000000000000000000560458cb00
1,4141,0,165641,6,1,0,2,0,0,0,0,0,0,1110,88,203,0987020006010002000000000000000000000000560458cb00
1,4142,0,165680,6,1,0,2,0,0,0,0,0,0,1110,88,203,3087020006010002000000000000000000000000560458cb00
1,4143,0,165721,6,1,0,2,0,0,0,0,0,0,1110,88,203,5987020006010002000000000000000000000000560458cb00
1,4144,0,165760,6,1,0,2,0,0,0,0,0,0,1110,88,203,8087020006010002000000000000000000000000560458cb00
1,4145,0,165800,6,1,0,2,0,0,0,0,0,0,1110,88,203,a887020006010002000000000000000000000000560458cb00
1,4146,0,165840,6,1,0,2,0,0,0,0,0,0,1110,88,203,d087020006010002000000000000000000000000560458cb00
1,4147,0,165880,6,1,0,2,0,0,0,0,0,0,1110,88,203,f887020006010002000000000000000000000000560458cb00
1,4148,0,165920,6,1,0,2,0,0,0,0,0,0,1110,88,203,2088020006010002000000000000000000000000560458cb00
1,4149,0,165960,6,1,0,2,0,0,0,0,0,0,1110,88,203,4888020006010002000000000000000000000000560458cb00
1,4150,0,166000,6,1,0,2,0,0,0,0,0,0,1110,88,203,7088020006010002000000000000000000000000560458cb00
1,4151,0,166040,6,1,0,2,0,0,0,0,0,0,1110,88,203,9888020006010002000000000000000000000000560458cb00
1,4152,0,166080,6,1,0,2,0,0,0,0,0,0,1110,88,203,c088020006010002000000000000000000000000560458cb00
1,4153,0,166120,6,1,0,2,0,0,0,0,0,0,1110,88,203,e888020006010002000000000000000000000000560458cb00
1,4154,0,166160,6,1,0,2,0,0,0,0,0,0,1110,88,203,1089020006010002000000000000000000000000560458cb00
1,4155,0,166200,6,1,0,2,0,0,0,0,0,0,1110,88,203,3889020006010002000000000000000000000000560458cb00
1,4156,0,166240,6,1,0,2,0,0,0,0,0,0,1110,88,203,6089020006010002000000000000000000000000560458cb00
1,4157,0,166281,6,1,0,2,0,0,0,0,0,0,1110,88,203,8989020006010002000000000000000000000000560458cb00
1,4158,0,166320,6,1,0,2,0,0,0,0,0,0,1110,88,203,b089020006010002000000000000000000000000560458cb00
1,4159,0,166360,6,1,0,2,0,0,0,0,0,0,1110,88,203,d889020006010002000000000000000000000000560458cb00
1,4160,0,166401,6,1,0,2,0,0,0,0,0,0,1110,88,203,018a020006010002000000000000000000000000560458cb00
1,4161,0,166440,6,1,0,2,0,0,0,0,0,0,1110,88,203,288a020006010002000000000000000000000000560458cb00
1,4162,0,166481,6,1,0,2,0,0,0,0,0,0,1110,88,203,518a020006010002000000000000000000000000560458cb00
1,4163,0,166520,6,1,0,2,0,0,0,0,0,0,1110,88,203,788a020006010002000000000000000000000000560458cb00
1,4164,0,166561,6,1,0,2,0,0,0,0,0,0,1110,88,203,a18a020006010002000000000000000000000000560458cb00
1,4165,0,166600,6,1,0,2,0,0,0,0,0,0,1110,88,203,c88a020006010002000000000000000000000000560458cb00
1,4166,0,166640,6,1,0,2,0,0,0,0,0,0,1110,88,203,f08a020006010002000000000000000000000000560458cb00
1,4167,0,166680,6,1,0,2,0,0,0,0,0,0,1110,88,203,188b020006010002000000000000000000000000560458cb00
1,4168,0,166720,6,1,0,2,0,0,0,0,0,0,1110,88,203,408b020006010002000000000000000000000000560458cb00
1,4169,0,166760,6,1,0,2,0,0,0,0,0,0,1110,88,203,688b020006010002000000000000000000000000560458cb00
1,4170,0,166801,6,1,0,2,0,0,0,0,0,0,1110,88,203,918b020006010002000000000000000000000000560458cb00
1,4171,0,166840,6,1,0,2,0,0,0,0,0,0,1110,88,203,b88b020006010002000000000000000000000000560458cb00
1,4172,0,166880,6,1,0,2,0,0,0,0,0,0,1110,88,203,e08b020006010002000000000000000000000000560458cb00
1,4173,0,166921,6,1,0,2,0,0,0,0,0,0,1110,88,203,098c020006010002000000000000000000000000560458cb00
1,4174,0,166960,6,1,0,2,0,0,0,0,0,0,1110,88,203,308c020006010002000000000000000000000000560458cb00
1,4175,0,167001,6,1,0,2,0,0,0,0,0,0,1110,88,203,598c020006010002000000000000000000000000560458cb00
1,4176,0,167040,6,1,0,2,0,0,0,0,0,0,1110,88,203,808c020006010002000000000000000000000000560458cb00
1,4177,0,167080,6,1,0,2,0,0,0,0,0,0,1110,88,203,a88c020006010002000000000000000000000000560458cb00
1,4178,0,167121,6,1,0,2,0,0,0,0,0,0,1110,88,203,d18c020006010002000000000000000000000000560458cb00
1,4179,0,167160,6,1,0,2,0,0,0,0,0,0,1110,88,203,f88c020006010002000000000000000000000000560458cb00
1,4180,0,167201,6,1,0,2,0,0,0,0,0,0,1110,88,203,218d020006010002000000000000000000000000560458cb00
1,4181,0,167241,6,1,0,2,0,0,0,0,0,0,1110,88,203,498d020006010002000000000000000000000000560458cb00
1,4182,0,167280,6,1,0,2,0,0,0,0,0,0,1110,88,203,708d020006010002000000000000000000000000560458cb00
1,4183,0,167320,6,1,0,2,0,0,0,0,0,0,1110,88,203,988d020006010002000000000000000000000000560458cb00
1,4184,0,167360,6,1,0,2,0,0,0,0,0,0,1110,88,203,c08d020006010002000000000000000000000000560458cb00
1,4185,0,167401,6,1,0,2,0,0,0,0,0,0,1110,88,203,e98d020006010002000000000000000000000000560458cb00
1,4186,0,167440,6,1,0,2,0,0,0,0,0,0,1110,88,203,108e020006010002000000000000000000000000560458cb00
1,4187,0,167480,6,1,0,2,0,0,0,0,0,0,1110,88,203,388e020006010002000000000000000000000000560458cb00
1,4188,0,167521,6,1,0,2,0,0,0,0,0,0,1110,88,203,618e020006010002000000000000000000000000560458cb00
1,4189,0,167560,6,1,0,2,0,0,0,0,0,0,1110,88,203,888e020006010002000000000000000000000000560458cb00
1,4190,0,167600,6,1,0,2,0,0,0,0,0,0,1110,88,203,b08e020006010002000000000000000000000000560458cb00
1,4191,0,167640,6,1,0,2,0,0,0,0,0,0,1110,88,203,d88e020006010002000000000000000000000000560458cb00
1,4192,0,167680,6,1,0,2,0,0,0,0,0,0,1110,88,203,008f020006010002000000000000000000000000560458cb00
1,4193,0,167721,6,1,0,2,0,0,0,0,0,0,1110,88,203,298f020006010002000000000000000000000000560458cb00
1,4194,0,167761,6,1,0,2,0,0,0,0,0,0,1110,88,203,518f020006010002000000000000000000000000560458cb00
1,4195,0,167800,6,1,0,2,0,0,0,0,0,0,1110,88,203,788f020006010002000000000000000000000000560458cb00
1,4196,0,167840,6,1,0,2,0,0,0,0,0,0,1110,88,203,a08f020006010002000000000000000000000000560458cb00
1,4197,0,167880,6,1,0,2,0,0,0,0,0,0,1110,88,203,c88f020006010002000000000000000000000000560458cb00
1,4198,0,167921,6,1,0,2,0,0,0,0,0,0,1110,88,203,f18f020006010002000000000000000000000000560458cb00
1,4199,0,167960,6,1,0,2,0,0,0,0,0,0,1110,88,203,1890020006010002000000000000000000000000560458cb00
1,4200,0,168000,6,1,0,2,0,0,0,0,0,0,1110,88,203,4090020006010002000000000000000000000000560458cb00
1,4201,0,168040,6,1,0,2,0,0,0,0,0,0,1110,88,203,6890020006010002000000000000000000000000560458cb00
1,4202,0,168081,6,1,0,2,0,0,0,0,0,0,1110,88,203,9190020006010002000000000000000000000000560458cb00
1,4203,0,168120,6,1,0,2,0,0,0,0,0,0,1110,88,203,b890020006010002000000000000000000000000560458cb00
1,4204,0,168160,6,1,0,2,0,0,0,0,0,0,1110,88,203,e090020006010002000000000000000000000000560458cb00
1,4205,0,168200,6,1,0,2,0,0,0,0,0,0,1110,88,203,0891020006010002000000000000000000000000560458cb00
1,4206,0,168240,6,1,0,2,0,0,0,0,0,0,1110,88,203,3091020006010002000000000000000000000000560458cb00
1,4207,0,168280,6,1,0,2,0,0,0,0,0,0,1110,88,203,5891020006010002000000000000000000000000560458cb00
1,4208,0,168320,6,1,0,2,0,0,0,0,0,0,1110,88,203,8091020006010002000000000000000000000000560458cb00
1,4209,0,168360,6,1,0,2,0,0,0,0,0,0,1110,88,203,a891020006010002000000000000000000000000560458cb00
1,4210,0,168400,6,1,0,2,0,0,0,0,0,0,1110,88,203,d091020006010002000000000000000000000000560458cb00
1,4211,0,168441,6,1,0,2,0,0,0,0,0,0,1110,88,203,f991020006010002000000000000000000000000560458cb00
1,4212,0,168480,6,1,0,2,0,0,0,0,0,0,1110,88,203,2092020006010002000000000000000000000000560458cb00
1,4213,0,168520,6,1,0,2,0,0,0,0,0,0,1110,88,203,4892020006010002000000000000000000000000560458cb00
1,4214,0,168560,6,1,0,2,0,0,0,0,0,0,1110,88,203,7092020006010002000000000000000000000000560458cb00
1,4215,0,168601,6,1,0,2,0,0,0,0,0,0,1110,88,203,9992020006010002000000000000000000000000560458cb00
1,4216,0,168640,6,1,0,2,0,0,0,0,0,0,1110,88,203,c092020006010002000000000000000000000000560458cb00
1,4217,0,168680,6,1,0,2,0,0,0,0,0,0,1110,88,203,e892020006010002000000000000000000000000560458cb00
1,4218,0,168720,6,1,0,2,0,0,0,0,0,0,1110,88,203,1093020006010002000000000000000000000000560458cb00
1,4219,0,168760,6,1,0,2,0,0,0,0,0,0,1110,88,203,3893020006010002000000000000000000000000560458cb00
1,4220,0,168800,6,1,0,2,0,0,0,0,0,0,1110,88,203,6093020006010002000000000000000000000000560458cb00
1,4221,0,168841,6,1,0,2,0,0,0,0,0,0,1110,88,203,8993020006010002000000000000000000000000560458cb00
1,4222,0,168880,6,1,0,2,0,0,0,0,0,0,1110,88,203,b093020006010002000000000000000000000000560458cb00
1,4223,0,168921,6,1,0,2,0,0,0,0,0,0,1110,88,203,d993020006010002000000000000000000000000560458cb00
1,4224,0,168961,6,1,0,2,0,0,0,0,0,0,1110,88,203,0194020006010002000000000000000000000000560458cb00
1,4225,0,169000,6,1,0,2,0,0,0,0,0,0,1110,88,203,2894020006010002000000000000000000000000560458cb00
1,4226,0,169040,6,1,0,2,0,0,0,0,0,0,1110,88,203,5094020006010002000000000000000000000000560458cb00
1,4227,0,169080,6,1,0,2,0,0,0,0,0,0,1110,88,203,7894020006010002000000000000000000000000560458cb00
1,4228,0,169120,6,1,0,2,0,0,0,0,0,0,1110,88,203,a094020006010002000000000000000000000000560458cb00
1,4229,0,169161,6,1,0,2,0,0,0,0,0,0,1110,88,203,c994020006010002000000000000000000000000560458cb00
1,4230,0,169200,6,1,0,2,0,0,0,0,0,0,1110,88,203,f094020006010002000000000000000000000000560458cb00
1,4231,0,169240,6,1,0,2,0,0,0,0,0,0,1110,88,203,1895020006010002000000000000000000000000560458cb00
1,4232,0,169281,6,1,0,2,0,0,0,0,0,0,1110,88,203,4195020006010002000000000000000000000000560458cb00
1,4233,0,169320,6,1,0,2,0,0,0,0,0,0,1110,88,203,6895020006010002000000000000000000000000560458cb00
1,4234,0,169360,6,1,0,2,0,0,0,0,0,0,1110,88,203,9095020006010002000000000000000000000000560458cb00
1,4235,0,169400,6,1,0,2,0,0,0,0,0,0,1110,88,203,b895020006010002000000000000000000000000560458cb00
1,4236,0,169440,6,1,0,2,0,0,0,0,0,0,1110,88,203,e095020006010002000000000000000000000000560458cb00
1,4237,0,169480,6,1,0,2,0,0,0,0,0,0,1110,88,203,0896020006010002000000000000000000000000560458cb00
1,4238,0,169520,6,1,0,2,0,0,0,0,0,0,1110,88,203,3096020006010002000000000000000000000000560458cb00
1,4239,0,169561,6,1,0,2,0,0,0,0,0,0,1110,88,203,5996020006010002000000000000000000000000560458cb00
1,4240,0,169600,6,1,0,2,0,0,0,0,0,0,1110,88,203,8096020006010002000000000000000000000000560458cb00
1,4241,0,169640,6,1,0,2,0,0,0,0,0,0,1110,88,203,a896020006010002000000000000000000000000560458cb00
1,4242,0,169681,6,1,0,2,0,0,0,0,0,0,1110,88,203,d196020006010002000000000000000000000000560458cb00
1,4243,0,169720,6,1,0,2,0,0,0,0,0,0,1110,88,203,f896020006010002000000000000000000000000560458cb00
1,4244,0,169760,6,1,0,2,0,0,0,0,0,0,1110,88,203,2097020006010002000000000000000000000000560458cb00
1,4245,0,169800,6,1,0,2,0,0,0,0,0,0,1110,88,203,4897020006010002000000000000000000000000560458cb00
1,4246,0,169840,6,1,0,2,0,0,0,0,0,0,1110,88,203,7097020006010002000000000000000000000000560458cb00
1,4247,0,169881,6,1,0,2,0,0,0,0,0,0,1110,88,203,9997020006010002000000000000000000000000560458cb00
1,4248,0,169920,6,1,0,2,0,0,0,0,0,0,1110,88,203,c097020006010002000000000000000000000000560458cb00
1,4249,0,169960,6,1,0,2,0,0,0,0,0,0,1110,88,203,e897020006010002000000000000000000000000560458cb00
1,4250,0,170000,6,1,0,2,0,0,0,0,0,0,1110,88,203,1098020006010002000000000000000000000000560458cb00
1,4251,0,170040,6,1,0,2,0,0,0,0,0,0,1110,88,203,3898020006010002000000000000000000000000560458cb00
1,4252,0,170080,6,1,0,2,0,0,0,0,0,0,1110,88,203,6098020006010002000000000000000000000000560458cb00
1,4253,0,170121,6,1,0,2,0,0,0,0,0,0,1110,88,203,8998020006010002000000000000000000000000560458cb00
1,4254,0,170160,6,1,0,2,0,0,0,0,0,0,1110,88,203,b098020006010002000000000000000000000000560458cb00
1,4255,0,170200,6,1,0,2,0,0,0,0,0,0,1110,88,203,d898020006010002000000000000000000000000560458cb00
1,4256,0,170240,6,1,0,2,0,0,0,0,0,0,1110,88,203,0099020006010002000000000000000000000000560458cb00
1,4257,0,170281,6,1,0,2,0,0,0,0,0,0,1110,88,203,2999020006010002000000000000000000000000560458cb00
1,4258,0,170320,6,1,0,2,0,0,0,0,0,0,1110,88,203,5099020006010002000000000000000000000000560458cb00
1,4259,0,170360,6,1,0,2,0,0,0,0,0,0,1110,88,203,7899020006010002000000000000000000000000560458cb00
1,4260,0,170401,6,1,0,2,0,0,0,0,0,0,1110,88,203,a199020006010002000000000000000000000000560458cb00
1,4261,0,170440,6,1,0,2,0,0,0,0,0,0,1110,88,203,c899020006010002000000000000000000000000560458cb00
1,4262,0,170480,6,1,0,2,0,0,0,0,0,0,1110,88,203,f099020006010002000000000000000000000000560458cb00
1,4263,0,170520,6,1,0,2,0,0,0,0,0,0,1110,88,203,189a020006010002000000000000000000000000560458cb00
1,4264,0,170560,6,1,0,2,0,0,0,0,0,0,1110,88,203,409a020006010002000000000000000000000000560458cb00
1,4265,0,170600,6,1,0,2,0,0,0,0,0,0,1110,88,203,689a020006010002000000000000000000000000560458cb00
1,4266,0,170640,6,1,0,2,0,0,0,0,0,0,1110,88,203,909a020006010002000000000000000000000000560458cb00
1,4267,0,170680,6,1,0,2,0,0,0,0,0,0,1110,88,203,b89a020006010002000000000000000000000000560458cb00
1,4268,0,170721,6,1,0,2,0,0,0,0,0,0,1110,88,203,e19a020006010002000000000000000000000000560458cb00
1,4269,0,170760,6,1,0,2,0,0,0,0,0,0,1110,88,203,089b020006010002000000000000000000000000560458cb00
1,4270,0,170800,6,1,0,2,0,0,0,0,0,0,1110,88,203,309b020006010002000000000000000000000000560458cb00
1,4271,0,170840,6,1,0,2,0,0,0,0,0,0,1110,88,203,589b020006010002000000000000000000000000560458cb00
1,4272,0,170880,6,1,0,2,0,0,0,0,0,0,1110,88,203,809b020006010002000000000000000000000000560458cb00
1,4273,0,170920,6,1,0,2,0,0,0,0,0,0,1110,88,203,a89b020006010002000000000000000000000000560458cb00
1,4274,0,170961,6,1,0,2,0,0,0,0,0,0,1110,88,203,d19b020006010002000000000000000000000000560458cb00
1,4275,0,171000,6,1,0,2,0,0,0,0,0,0,1110,88,203,f89b020006010002000000000000000000000000560458cb00
1,4276,0,171040,6,1,0,2,0,0,0,0,0,0,1110,88,203,209c020006010002000000000000000000000000560458cb00
1,4277,0,171080,6,1,0,2,0,0,0,0,0,0,1110,88,203,489c020006010002000000000000000000000000560458cb00
1,4278,0,171121,6,1,0,2,0,0,0,0,0,0,1110,88,203,719c020006010002000000000000000000000000560458cb00
1,4279,0,171160,6,1,0,2,0,0,0,0,0,0,1110,88,203,989c020006010002000000000000000000000000560458cb00
1,4280,0,171200,6,1,0,2,0,0,0,0,0,0,1110,88,203,c09c020006010002000000000000000000000000560458cb00
1,4281,0,171241,6,1,0,2,0,0,0,0,0,0,1110,88,203,e99c020006010002000000000000000000000000560458cb00
1,4282,0,171280,6,1,0,2,0,0,0,0,0,0,1110,88,203,109d020006010002000000000000000000000000560458cb00
1,4283,0,171320,6,1,0,2,0,0,0,0,0,0,1110,88,203,389d020006010002000000000000000000000000560458cb00
1,4284,0,171360,6,1,0,2,0,0,0,0,0,0,1110,88,203,609d020006010002000000000000000000000000560458cb00
1,4285,0,171400,6,1,0,2,0,0,0,0,0,0,1110,88,203,889d020006010002000000000000000000000000560458cb00
1,4286,0,171440,6,1,0,2,0,0,0,0,0,0,1110,88,203,b09d020006010002000000000000000000000000560458cb00
1,4287,0,171480,6,1,0,2,0,0,0,0,0,0,1110,88,203,d89d020006010002000000000000000000000000560458cb00
1,4288,0,171520,6,1,0,2,0,0,0,0,0,0,1110,88,203,009e020006010002000000000000000000000000560458cb00
1,4289,0,171561,6,1,0,2,0,0,0,0,0,0,1110,88,203,299e020006010002000000000000000000000000560458cb00
1,4290,0,171600,6,1,0,2,0,0,0,0,0,0,1110,88,203,509e020006010002000000000000000000000000560458cb00
1,4291,0,171640,6,1,0,2,0,0,0,0,0,0,1110,88,203,789e020006010002000000000000000000000000560458cb00
1,4292,0,171680,6,1,0,2,0,0,0,0,0,0,1110,88,203,a09e020006010002000000000000000000000000560458cb00
1,4293,0,171720,6,1,0,2,0,0,0,0,0,0,1110,88,203,c89e020006010002000000000000000000000000560458cb00
1,4294,0,171760,6,1,0,2,0,0,0,0,0,0,1110,88,203,f09e020006010002000000000000000000000000560458cb00
1,4295,0,171801,6,1,0,2,0,0,0,0,0,0,1110,88,203,199f020006010002000000000000000000000000560458cb00
1,4296,0,171841,6,1,0,2,0,0,0,0,0,0,1110,88,203,419f020006010002000000000000000000000000560458cb00
1,4297,0,171880,6,1,0,2,0,0,0,0,0,0,1110,88,203,689f020006010002000000000000000000000000560458cb00
1,4298,0,171920,6,1,0,2,0,0,0,0,0,0,1110,88,203,909f020006010002000000000000000000000000560458cb00
1,4299,0,171960,6,1,0,2,0,0,0,0,0,0,1110,88,203,b89f020006010002000000000000000000000000560458cb00
1,4300,0,172000,6,1,0,2,0,0,0,0,0,0,1110,88,203,e09f020006010002000000000000000000000000560458cb00
1,4301,0,172040,6,1,0,2,0,0,0,0,0,0,1110,88,203,08a0020006010002000000000000000000000000560458cb00
1,4302,0,172080,6,1,0,2,0,0,0,0,0,0,1110,88,203,30a0020006010002000000000000000000000000560458cb00
1,4303,0,172120,6,1,0,2,0,0,0,0,0,0,1110,88,203,58a0020006010002000000000000000000000000560458cb00
1,4304,0,172160,6,1,0,2,0,0,0,0,0,0,1110,88,203,80a0020006010002000000000000000000000000560458cb00
1,4305,0,172200,6,1,0,2,0,0,0,0,0,0,1110,88,203,a8a0020006010002000000000000000000000000560458cb00
1,4306,0,172240,6,1,0,2,0,0,0,0,0,0,1110,88,203,d0a0020006010002000000000000000000000000560458cb00
1,4307,0,172280,6,1,0,2,0,0,0,0,0,0,1110,88,203,f8a0020006010002000000000000000000000000560458cb00
1,4308,0,172321,6,1,0,2,0,0,0,0,0,0,1110,88,203,21a1020006010002000000000000000000000000560458cb00
1,4309,0,172360,6,1,0,2,0,0,0,0,0,0,1110,88,203,48a1020006010002000000000000000000000000560458cb00
1,4310,0,172401,6,1,0,2,0,0,0,0,0,0,1110,88,203,71a1020006010002000000000000000000000000560458cb00
1,4311,0,172441,6,1,0,2,0,0,0,0,0,0,1110,88,203,99a1020006010002000000000000000000000000560458cb00
1,4312,0,172480,6,1,0,2,0,0,0,0,0,0,1110,88,203,c0a1020006010002000000000000000000000000560458cb00
1,4313,0,172520,6,1,0,2,0,0,0,0,0,0,1110,88,203,e8a1020006010002000000000000000000000000560458cb00
1,4314,0,172561,6,1,0,2,0,0,0,0,0,0,1110,88,203,11a2020006010002000000000000000000000000560458cb00
1,4315,0,172600,6,1,0,2,0,0,0,0,0,0,1110,88,203,38a2020006010002000000000000000000000000560458cb00
1,4316,0,172640,6,1,0,2,0,0,0,0,0,0,1110,88,203,60a2020006010002000000000000000000000000560458cb00
1,4317,0,172680,6,1,0,2,0,0,0,0,0,0,1110,88,203,88a2020006010002000000000000000000000000560458cb00
1,4318,0,172720,6,1,0,2,0,0,0,0,0,0,1110,88,203,b0a2020006010002000000000000000000000000560458cb00
1,4319,0,172760,6,1,0,2,0,0,0,0,0,0,1110,88,203,d8a2020006010002000000000000000000000000560458cb00
1,4320,0,172800,6,1,0,2,0,0,0,0,0,0,1110,88,203,00a3020006010002000000000000000000000000560458cb00
1,4321,0,172840,6,1,0,2,0,0,0,0,0,0,1110,88,203,28a3020006010002000000000000000000000000560458cb00
1,4322,0,172880,6,1,0,2,0,0,0,0,0,0,1110,88,203,50a3020006010002000000000000000000000000560458cb00
1,4323,0,172920,6,1,0,2,0,0,0,0,0,0,1110,88,203,78a3020006010002000000000000000000000000560458cb00
1,4324,0,172960,6,1,0,2,0,0,0,0,0,0,1110,88,203,a0a3020006010002000000000000000000000000560458cb00
1,4325,0,173000,6,1,0,2,0,0,0,0,0,0,1110,88,203,c8a3020006010002000000000000000000000000560458cb00
1,4326,0,173040,6,1,0,2,0,0,0,0,0,0,1110,88,203,f0a3020006010002000000000000000000000000560458cb00
1,4327,0,173080,6,1,0,2,0,0,0,0,0,0,1110,88,203,18a4020006010002000000000000000000000000560458cb00
1,4328,0,173120,6,1,0,2,0,0,0,0,0,0,1110,88,203,40a4020006010002000000000000000000000000560458cb00
1,4329,0,173160,6,1,0,2,0,0,0,0,0,0,1110,88,203,68a4020006010002000000000000000000000000560458cb00
1,4330,0,173200,6,1,0,2,0,0,0,0,0,0,1110,88,203,90a4020006010002000000000000000000000000560458cb00
1,4331,0,173240,6,1,0,2,0,0,0,0,0,0,1110,88,203,b8a4020006010002000000000000000000000000560458cb00
1,4332,0,173280,6,1,0,2,0,0,0,0,0,0,1110,88,203,e0a4020006010002000000000000000000000000560458cb00
1,4333,0,173320,6,1,0,2,0,0,0,0,0,0,1110,88,203,08a5020006010002000000000000000000000000560458cb00
1,4334,0,173360,6,1,0,2,0,0,0,0,0,0,1110,88,203,30a5020006010002000000000000000000000000560458cb00
1,4335,0,173400,6,1,0,2,0,0,0,0,0,0,1110,88,203,58a5020006010002000000000000000000000000560458cb00
1,4336,0,173440,6,1,0,2,0,0,0,0,0,0,1110,88,203,80a5020006010002000000000000000000000000560458cb00
1,4337,0,173480,6,1,0,2,0,0,0,0,0,0,1110,88,203,a8a5020006010002000000000000000000000000560458cb00
1,4338,0,173520,6,1,0,2,0,0,0,0,0,0,1110,88,203,d0a5020006010002000000000000000000000000560458cb00
1,4339,0,173560,6,1,0,2,0,0,0,0,0,0,1110,88,203,f8a5020006010002000000000000000000000000560458cb00
1,4340,0,173600,6,1,0,2,0,0,0,0,0,0,1110,88,203,20a6020006010002000000000000000000000000560458cb00
1,4341,0,173640,6,1,0,2,0,0,0,0,0,0,1110,88,203,48a6020006010002000000000000000000000000560458cb00
1,4342,0,173680,6,1,0,2,0,0,0,0,0,0,1110,88,203,70a6020006010002000000000000000000000000560458cb00
1,4343,0,173720,6,1,0,2,0,0,0,0,0,0,1110,88,203,98a6020006010002000000000000000000000000560458cb00
1,4344,0,173760,6,1,0,2,0,0,0,0,0,0,1110,88,203,c0a6020006010002000000000000000000000000560458cb00
1,4345,0,173800,6,1,0,2,0,0,0,0,0,0,1110,88,203,e8a6020006010002000000000000000000000000560458cb00
1,4346,0,173840,6,1,0,2,0,0,0,0,0,0,1110,88,203,10a7020006010002000000000000000000000000560458cb00
1,4347,0,173880,6,1,0,2,0,0,0,0,0,0,1110,88,203,38a7020006010002000000000000000000000000560458cb00
1,4348,0,173920,6,1,0,2,0,0,0,0,0,0,1110,88,203,60a7020006010002000000000000000000000000560458cb00
1,4349,0,173960,6,1,0,2,0,0,0,0,0,0,1110,88,203,88a7020006010002000000000000000000000000560458cb00
1,4350,0,174000,6,1,0,2,0,0,0,0,0,0,1110,88,203,b0a7020006010002000000000000000000000000560458cb00
1,4351,0,174040,6,1,0,2,0,0,0,0,0,0,1110,88,203,d8a7020006010002000000000000000000000000560458cb00
1,4352,0,174080,6,1,0,2,0,0,0,0,0,0,1110,88,203,00a8020006010002000000000000000000000000560458cb00
1,4353,0,174120,6,1,0,2,0,0,0,0,0,0,1110,88,203,28a8020006010002000000000000000000000000560458cb00
1,4354,0,174160,6,1,0,2,0,0,0,0,0,0,1110,88,203,50a8020006010002000000000000000000000000560458cb00
1,4355,0,174200,6,1,0,2,0,0,0,0,0,0,1110,88,203,78a8020006010002000000000000000000000000560458cb00
1,4356,0,174240,6,1,0,2,0,0,0,0,0,0,1110,88,203,a0a8020006010002000000000000000000000000560458cb00
1,4357,0,174280,6,1,0,2,0,0,0,0,0,0,1110,88,203,c8a8020006010002000000000000000000000000560458cb00
1,4358,0,174320,6,1,0,2,0,0,0,0,0,0,1110,88,203,f0a8020006010002000000000000000000000000560458cb00
1,4359,0,174360,6,1,0,2,0,0,0,0,0,0,1110,88,203,18a9020006010002000000000000000000000000560458cb00
1,4360,0,174400,6,1,0,2,0,0,0,0,0,0,1110,88,203,40a9020006010002000000000000000000000000560458cb00
1,4361,0,174440,6,1,0,2,0,0,0,0,0,0,1110,88,203,68a9020006010002000000000000000000000000560458cb00
1,4362,0,174480,6,1,0,2,0,0,0,0,0,0,1110,88,203,90a9020006010002000000000000000000000000560458cb00
1,4363,0,174521,6,1,0,2,0,0,0,0,0,0,1110,88,203,b9a9020006010002000000000000000000000000560458cb00
1,4364,0,174560,6,1,0,2,0,0,0,0,0,0,1110,88,203,e0a9020006010002000000000000000000000000560458cb00
1,4365,0,174601,6,1,0,2,0,0,0,0,0,0,1110,88,203,09aa020006010002000000000000000000000000560458cb00
1,4366,0,174640,6,1,0,2,0,0,0,0,0,0,1110,88,203,30aa020006010002000000000000000000000000560458cb00
1,4367,0,174680,6,1,0,2,0,0,0,0,0,0,1110,88,203,58aa020006010002000000000000000000000000560458cb00
1,4368,0,174720,6,1,0,2,0,0,0,0,0,0,1110,88,203,80aa020006010002000000000000000000000000560458cb00
1,4369,0,174760,6,1,0,2,0,0,0,0,0,0,1110,88,203,a8aa020006010002000000000000000000000000560458cb00
1,4370,0,174800,6,1,0,2,0,0,0,0,0,0,1110,88,203,d0aa020006010002000000000000000000000000560458cb00
1,4371,0,174840,6,1,0,2,0,0,0,0,0,0,1110,88,203,f8aa020006010002000000000000000000000000560458cb00
1,4372,0,174880,6,1,0,2,0,0,0,0,0,0,1110,88,203,20ab020006010002000000000000000000000000560458cb00
1,4373,0,174920,6,1,0,2,0,0,0,0,0,0,1110,88,203,48ab020006010002000000000000000000000000560458cb00
1,4374,0,174961,6,1,0,2,0,0,0,0,0,0,1110,88,203,71ab020006010002000000000000000000000000560458cb00
1,4375,0,175000,6,1,0,2,0,0,0,0,0,0,1110,88,203,98ab020006010002000000000000000000000000560458cb00
1,4376,0,175040,6,1,0,2,0,0,0,0,0,0,1110,88,203,c0ab020006010002000000000000000000000000560458cb00
1,4377,0,175080,6,1,0,2,0,0,0,0,0,0,1110,88,203,e8ab020006010002000000000000000000000000560458cb00
1,4378,0,175121,6,1,0,2,0,0,0,0,0,0,1110,88,203,11ac020006010002000000000000000000000000560458cb00
1,4379,0,175160,6,1,0,2,0,0,0,0,0,0,1110,88,203,38ac020006010002000000000000000000000000560458cb00
1,4380,0,175200,6,1,0,2,0,0,0,0,0,0,1110,88,203,60ac020006010002000000000000000000000000560458cb00
1,4381,0,175240,6,1,0,2,0,0,0,0,0,0,1110,88,203,88ac020006010002000000000000000000000000560458cb00
1,4382,0,175281,6,1,0,2,0,0,0,0,0,0,1110,88,203,b1ac020006010002000000000000000000000000560458cb00
1,4383,0,175320,6,1,0,2,0,0,0,0,0,0,1110,88,203,d8ac020006010002000000000000000000000000560458cb00
1,4384,0,175361,6,1,0,2,0,0,0,0,0,0,1110,88,203,01ad020006010002000000000000000000000000560458cb00
1,4385,0,175400,6,1,0,2,0,0,0,0,0,0,1110,88,203,28ad020006010002000000000000000000000000560458cb00
1,4386,0,175440,6,1,0,2,0,0,0,0,0,0,1110,88,203,50ad020006010002000000000000000000000000560458cb00
1,4387,0,175480,6,1,0,2,0,0,0,0,0,0,1110,88,203,78ad020006010002000000000000000000000000560458cb00
1,4388,0,175520,6,1,0,2,0,0,0,0,0,0,1110,88,203,a0ad020006010002000000000000000000000000560458cb00
1,4389,0,175560,6,1,0,2,0,0,0,0,0,0,1110,88,203,c8ad020006010002000000000000000000000000560458cb00
1,4390,0,175600,6,1,0,2,0,0,0,0,0,0,1110,88,203,f0ad020006010002000000000000000000000000560458cb00
1,4391,0,175640,6,1,0,2,0,0,0,0,0,0,1110,88,203,18ae020006010002000000000000000000000000560458cb00
1,4392,0,175680,6,1,0,2,0,0,0,0,0,0,1110,88,203,40ae020006010002000000000000000000000000560458cb00
1,4393,0,175720,6,1,0,2,0,0,0,0,0,0,1110,88,203,68ae020006010002000000000000000000000000560458cb00
1,4394,0,175760,6,1,0,2,0,0,0,0,0,0,1110,88,203,90ae020006010002000000000000000000000000560458cb00
1,4395,0,175801,6,1,0,2,0,0,0,0,0,0,1110,88,203,b9ae020006010002000000000000000000000000560458cb00
1,4396,0,175841,6,1,0,2,0,0,0,0,0,0,1110,88,203,e1ae020006010002000000000000000000000000560458cb00
1,4397,0,175880,6,1,0,2,0,0,0,0,0,0,1110,88,203,08af020006010002000000000000000000000000560458cb00
1,4398,0,175920,6,1,0,2,0,0,0,0,0,0,1110,88,203,30af020006010002000000000000000000000000560458cb00
1,4399,0,175960,6,1,0,2,0,0,0,0,0,0,1110,88,203,58af020006010002000000000000000000000000560458cb00
1,4400,0,176000,6,1,0,2,0,0,0,0,0,0,1110,88,203,80af020006010002000000000000000000000000560458cb00
1,4401,0,176040,6,1,0,2,0,0,0,0,0,0,1110,88,203,a8af020006010002000000000000000000000000560458cb00
1,4402,0,176080,6,1,0,2,0,0,0,0,0,0,1110,88,203,d0af020006010002000000000000000000000000560458cb00
1,4403,0,176121,6,1,0,2,0,0,0,0,0,0,1110,88,203,f9af020006010002000000000000000000000000560458cb00
1,4404,0,176160,6,1,0,2,0,0,0,0,0,0,1110,88,203,20b0020006010002000000000000000000000000560458cb00
1,4405,0,176200,6,1,0,2,0,0,0,0,0,0,1110,88,203,48b0020006010002000000000000000000000000560458cb00
1,4406,0,176240,6,1,0,2,0,0,0,0,0,0,1110,88,203,70b0020006010002000000000000000000000000560458cb00
1,4407,0,176280,6,1,0,2,0,0,0,0,0,0,1110,88,203,98b0020006010002000000000000000000000000560458cb00
1,4408,0,176320,6,1,0,2,0,0,0,0,0,0,1110,88,203,c0b0020006010002000000000000000000000000560458cb00
1,4409,0,176360,6,1,0,2,0,0,0,0,0,0,1110,88,203,e8b0020006010002000000000000000000000000560458cb00
1,4410,0,176400,6,1,0,2,0,0,0,0,0,0,1110,88,203,10b1020006010002000000000000000000000000560458cb00
1,4411,0,176441,6,1,0,2,0,0,0,0,0,0,1110,88,203,39b1020006010002000000000000000000000000560458cb00
1,4412,0,176480,6,1,0,2,0,0,0,0,0,0,1110,88,203,60b1020006010002000000000000000000000000560458cb00
1,4413,0,176520,6,1,0,2,0,0,0,0,0,0,1110,88,203,88b1020006010002000000000000000000000000560458cb00
1,4414,0,176561,6,1,0,2,0,0,0,0,0,0,1110,88,203,b1b1020006010002000000000000000000000000560458cb00
1,4415,0,176600,6,1,0,2,0,0,0,0,0,0,1110,88,203,d8b1020006010002000000000000000000000000560458cb00
1,4416,0,176641,6,1,0,2,0,0,0,0,0,0,1110,88,203,01b2020006010002000000000000000000000000560458cb00
1,4417,0,176680,6,1,0,2,0,0,0,0,0,0,1110,88,203,28b2020006010002000000000000000000000000560458cb00
1,4418,0,176720,6,1,0,2,0,0,0,0,0,0,1110,88,203,50b2020006010002000000000000000000000000560458cb00
1,4419,0,176760,6,1,0,2,0,0,0,0,0,0,1110,88,203,78b2020006010002000000000000000000000000560458cb00
1,4420,0,176800,6,1,0,2,0,0,0,0,0,0,1110,88,203,a0b2020006010002000000000000000000000000560458cb00
1,4421,0,176840,6,1,0,2,0,0,0,0,0,0,1110,88,203,c8b2020006010002000000000000000000000000560458cb00
1,4422,0,176880,6,1,0,2,0,0,0,0,0,0,1110,88,203,f0b2020006010002000000000000000000000000560458cb00
1,4423,0,176920,6,1,0,2,0,0,0,0,0,0,1110,88,203,18b3020006010002000000000000000000000000560458cb00
1,4424,0,176960,6,1,0,2,0,0,0,0,0,0,1110,88,203,40b3020006010002000000000000000000000000560458cb00
1,4425,0,177000,6,1,0,2,0,0,0,0,0,0,1110,88,203,68b3020006010002000000000000000000000000560458cb00
1,4426,0,177040,6,1,0,2,0,0,0,0,0,0,1110,88,203,90b3020006010002000000000000000000000000560458cb00
1,4427,0,177080,6,1,0,2,0,0,0,0,0,0,1110,88,203,b8b3020006010002000000000000000000000000560458cb00
1,4428,0,177120,6,1,0,2,0,0,0,0,0,0,1110,88,203,e0b3020006010002000000000000000000000000560458cb00
1,4429,0,177161,6,1,0,2,0,0,0,0,0,0,1110,88,203,09b4020006010002000000000000000000000000560458cb00
1,4430,0,177200,6,1,0,2,0,0,0,0,0,0,1110,88,203,30b4020006010002000000000000000000000000560458cb00
1,4431,0,177240,6,1,0,2,0,0,0,0,0,0,1110,88,203,58b4020006010002000000000000000000000000560458cb00
1,4432,0,177281,6,1,0,2,0,0,0,0,0,0,1110,88,203,81b4020006010002000000000000000000000000560458cb00
1,4433,0,177320,6,1,0,2,0,0,0,0,0,0,1110,88,203,a8b4020006010002000000000000000000000000560458cb00
1,4434,0,177360,6,1,0,2,0,0,0,0,0,0,1110,88,203,d0b4020006010002000000000000000000000000560458cb00
1,4435,0,177400,6,1,0,2,0,0,0,0,0,0,1110,88,203,f8b4020006010002000000000000000000000000560458cb00
1,4436,0,177440,6,1,0,2,0,0,0,0,0,0,1110,88,203,20b5020006010002000000000000000000000000560458cb00
1,4437,0,177480,6,1,0,2,0,0,0,0,0,0,1110,88,203,48b5020006010002000000000000000000000000560458cb00
1,4438,0,177520,6,1,0,2,0,0,0,0,0,0,1110,88,203,70b5020006010002000000000000000000000000560458cb00
1,4439,0,177560,6,1,0,2,0,0,0,0,0,0,1110,88,203,98b5020006010002000000000000000000000000560458cb00
1,4440,0,177600,6,1,0,2,0,0,0,0,0,0,1110,88,203,c0b5020006010002000000000000000000000000560458cb00
1,4441,0,177640,6,1,0,2,0,0,0,0,0,0,1110,88,203,e8b5020006010002000000000000000000000000560458cb00
1,4442,0,177681,6,1,0,2,0,0,0,0,0,0,1110,88,203,11b6020006010002000000000000000000000000560458cb00
1,4443,0,177720,6,1,0,2,0,0,0,0,0,0,1110,88,203,38b6020006010002000000000000000000000000560458cb00
1,4444,0,177760,6,1,0,2,0,0,0,0,0,0,1110,88,203,60b6020006010002000000000000000000000000560458cb00
1,4445,0,177800,6,1,0,2,0,0,0,0,0,0,1110,88,203,88b6020006010002000000000000000000000000560458cb00
1,4446,0,177840,6,1,0,2,0,0,0,0,0,0,1110,88,203,b0b6020006010002000000000000000000000000560458cb00
1,4447,0,177881,6,1,0,2,0,0,0,0,0,0,1110,88,203,d9b6020006010002000000000000000000000000560458cb00
1,4448,0,177920,6,1,0,2,0,0,0,0,0,0,1110,88,203,00b7020006010002000000000000000000000000560458cb00
1,4449,0,177960,6,1,0,2,0,0,0,0,0,0,1110,88,203,28b7020006010002000000000000000000000000560458cb00
1,4450,0,178001,6,1,0,2,0,0,0,0,0,0,1110,88,203,51b7020006010002000000000000000000000000560458cb00
1,4451,0,178040,6,1,0,2,0,0,0,0,0,0,1110,88,203,78b7020006010002000000000000000000000000560458cb00
1,4452,0,178081,6,1,0,2,0,0,0,0,0,0,1110,88,203,a1b7020006010002000000000000000000000000560458cb00
1,4453,0,178120,6,1,0,2,0,0,0,0,0,0,1110,88,203,c8b7020006010002000000000000000000000000560458cb00
1,4454,0,178160,6,1,0,2,0,0,0,0,0,0,1110,88,203,f0b7020006010002000000000000000000000000560458cb00
1,4455,0,178200,6,1,0,2,0,0,0,0,0,0,1110,88,203,18b8020006010002000000000000000000000000560458cb00
1,4456,0,178240,6,1,0,2,0,0,0,0,0,0,1110,88,203,40b8020006010002000000000000000000000000560458cb00
1,4457,0,178280,6,1,0,2,0,0,0,0,0,0,1110,88,203,68b8020006010002000000000000000000000000560458cb00
1,4458,0,178320,6,1,0,2,0,0,0,0,0,0,1110,88,203,90b8020006010002000000000000000000000000560458cb00
1,4459,0,178360,6,1,0,2,0,0,0,0,0,0,1110,88,203,b8b8020006010002000000000000000000000000560458cb00
1,4460,0,178401,6,1,0,2,0,0,0,0,0,0,1110,88,203,e1b8020006010002000000000000000000000000560458cb00
1,4461,0,178440,6,1,0,2,0,0,0,0,0,0,1110,88,203,08b9020006010002000000000000000000000000560458cb00
1,4462,0,178480,6,1,0,2,0,0,0,0,0,0,1110,88,203,30b9020006010002000000000000000000000000560458cb00
1,4463,0,178521,6,1,0,2,0,0,0,0,0,0,1110,88,203,59b9020006010002000000000000000000000000560458cb00
1,4464,0,178560,6,1,0,2,0,0,0,0,0,0,1110,88,203,80b9020006010002000000000000000000000000560458cb00
1,4465,0,178601,6,1,0,2,0,0,0,0,0,0,1110,88,203,a9b9020006010002000000000000000000000000560458cb00
1,4466,0,178640,6,1,0,2,0,0,0,0,0,0,1110,88,203,d0b9020006010002000000000000000000000000560458cb00
1,4467,0,178681,6,1,0,2,0,0,0,0,0,0,1110,88,203,f9b9020006010002000000000000000000000000560458cb00
1,4468,0,178720,6,1,0,2,0,0,0,0,0,0,1110,88,203,20ba020006010002000000000000000000000000560458cb00
1,4469,0,178761,6,1,0,2,0,0,0,0,0,0,1110,88,203,49ba020006010002000000000000000000000000560458cb00
1,4470,0,178801,6,1,0,2,0,0,0,0,0,0,1110,88,203,71ba020006010002000000000000000000000000560458cb00
1,4471,0,178840,6,1,0,2,0,0,0,0,0,0,1110,88,203,98ba020006010002000000000000000000000000560458cb00
1,4472,0,178880,6,1,0,2,0,0,0,0,0,0,1110,88,203,c0ba020006010002000000000000000000000000560458cb00
1,4473,0,178920,6,1,0,2,0,0,0,0,0,0,1110,88,203,e8ba020006010002000000000000000000000000560458cb00
1,4474,0,178960,6,1,0,2,0,0,0,0,0,0,1110,88,203,10bb020006010002000000000000000000000000560458cb00
1,4475,0,179000,6,1,0,2,0,0,0,0,0,0,1110,88,203,38bb020006010002000000000000000000000000560458cb00
1,4476,0,179040,6,1,0,2,0,0,0,0,0,0,1110,88,203,60bb020006010002000000000000000000000000560458cb00
1,4477,0,179080,6,1,0,2,0,0,0,0,0,0,1110,88,203,88bb020006010002000000000000000000000000560458cb00
1,4478,0,179120,6,1,0,2,0,0,0,0,0,0,1110,88,203,b0bb020006010002000000000000000000000000560458cb00
1,4479,0,179160,6,1,0,2,0,0,0,0,0,0,1110,88,203,d8bb020006010002000000000000000000000000560458cb00
1,4480,0,179200,6,1,0,2,0,0,0,0,0,0,1110,88,203,00bc020006010002000000000000000000000000560458cb00
1,4481,0,179240,6,1,0,2,0,0,0,0,0,0,1110,88,203,28bc020006010002000000000000000000000000560458cb00
1,4482,0,179280,6,1,0,2,0,0,0,0,0,0,1110,88,203,50bc020006010002000000000000000000000000560458cb00
1,4483,0,179321,6,1,0,2,0,0,0,0,0,0,1110,88,203,79bc020006010002000000000000000000000000560458cb00
1,4484,0,179360,6,1,0,2,0,0,0,0,0,0,1110,88,203,a0bc020006010002000000000000000000000000560458cb00
1,4485,0,179400,6,1,0,2,0,0,0,0,0,0,1110,88,203,c8bc020006010002000000000000000000000000560458cb00
1,4486,0,179440,6,1,0,2,0,0,0,0,0,0,1110,88,203,f0bc020006010002000000000000000000000000560458cb00
1,4487,0,179480,6,1,0,2,0,0,0,0,0,0,1110,88,203,18bd020006010002000000000000000000000000560458cb00
1,4488,0,179521,6,1,0,2,0,0,0,0,0,0,1110,88,203,41bd020006010002000000000000000000000000560458cb00
1,4489,0,179560,6,1,0,2,0,0,0,0,0,0,1110,88,203,68bd020006010002000000000000000000000000560458cb00
1,4490,0,179601,6,1,0,2,0,0,0,0,0,0,1110,88,203,91bd020006010002000000000000000000000000560458cb00
1,4491,0,179640,6,1,0,2,0,0,0,0,0,0,1110,88,203,b8bd020006010002000000000000000000000000560458cb00
1,4492,0,179680,6,1,0,2,0,0,0,0,0,0,1110,88,203,e0bd020006010002000000000000000000000000560458cb00
1,4493,0,179720,6,1,0,2,0,0,0,0,0,0,1110,88,203,08be020006010002000000000000000000000000560458cb00
1,4494,0,179760,6,1,0,2,0,0,0,0,0,0,1110,88,203,30be020006010002000000000000000000000000560458cb00
1,4495,0,179800,6,1,0,2,0,0,0,0,0,0,1110,88,203,58be020006010002000000000000000000000000560458cb00
1,4496,0,179841,6,1,0,2,0,0,0,0,0,0,1110,88,203,81be020006010002000000000000000000000000560458cb00
1,4497,0,179880,6,1,0,2,0,0,0,0,0,0,1110,88,203,a8be020006010002000000000000000000000000560458cb00
1,4498,0,179920,6,1,0,2,0,0,0,0,0,0,1110,88,203,d0be020006010002000000000000000000000000560458cb00
1,4499,0,179960,6,1,0,2,0,0,0,0,0,0,1110,88,203,f8be020006010002000000000000000000000000560458cb00
1,4500,0,180000,6,1,0,2,0,0,0,0,0,0,1110,88,203,20bf020006010002000000000000000000000000560458cb00
1,4501,0,180041,6,1,0,2,0,0,0,0,0,0,1110,88,203,49bf020006010002000000000000000000000000560458cb00
1,4502,0,180080,6,1,0,2,0,0,0,0,0,0,1110,88,203,70bf020006010002000000000000000000000000560458cb00
1,4503,0,180120,6,1,0,2,0,0,0,0,0,0,1110,88,203,98bf020006010002000000000000000000000000560458cb00
1,4504,0,180160,6,1,0,2,0,0,0,0,0,0,1110,88,203,c0bf020006010002000000000000000000000000560458cb00
1,4505,0,180201,6,1,0,2,0,0,0,0,0,0,1110,88,203,e9bf020006010002000000000000000000000000560458cb00
1,4506,0,180240,6,1,0,2,0,0,0,0,0,0,1110,88,203,10c0020006010002000000000000000000000000560458cb00
1,4507,0,180280,6,1,0,2,0,0,0,0,0,0,1110,88,203,38c0020006010002000000000000000000000000560458cb00
1,4508,0,180320,6,1,0,2,0,0,0,0,0,0,1110,88,203,60c0020006010002000000000000000000000000560458cb00
1,4509,0,180360,6,1,0,2,0,0,0,0,0,0,1110,88,203,88c0020006010002000000000000000000000000560458cb00
1,4510,0,180400,6,1,0,2,0,0,0,0,0,0,1110,88,203,b0c0020006010002000000000000000000000000560458cb00
1,4511,0,180441,6,1,0,2,0,0,0,0,0,0,1110,88,203,d9c0020006010002000000000000000000000000560458cb00
1,4512,0,180480,6,1,0,2,0,0,0,0,0,0,1110,88,203,00c1020006010002000000000000000000000000560458cb00
1,4513,0,180520,6,1,0,2,0,0,0,0,0,0,1110,88,203,28c1020006010002000000000000000000000000560458cb00
1,4514,0,180561,6,1,0,2,0,0,0,0,0,0,1110,88,203,51c1020006010002000000000000000000000000560458cb00
1,4515,0,180600,6,1,0,2,0,0,0,0,0,0,1110,88,203,78c1020006010002000000000000000000000000560458cb00
1,4516,0,180640,6,1,0,2,0,0,0,0,0,0,1110,88,203,a0c1020006010002000000000000000000000000560458cb00
1,4517,0,180680,6,1,0,2,0,0,0,0,0,0,1110,88,203,c8c1020006010002000000000000000000000000560458cb00
1,4518,0,180720,6,1,0,2,0,0,0,0,0,0,1110,88,203,f0c1020006010002000000000000000000000000560458cb00
1,4519,0,180761,6,1,0,2,0,0,0,0,0,0,1110,88,203,19c2020006010002000000000000000000000000560458cb00
1,4520,0,180800,6,1,0,2,0,0,0,0,0,0,1110,88,203,40c2020006010002000000000000000000000000560458cb00
1,4521,0,180840,6,1,0,2,0,0,0,0,0,0,1110,88,203,68c2020006010002000000000000000000000000560458cb00
1,4522,0,180880,6,1,0,2,0,0,0,0,0,0,1110,88,203,90c2020006010002000000000000000000000000560458cb00
1,4523,0,180920,6,1,0,2,0,0,0,0,0,0,1110,88,203,b8c2020006010002000000000000000000000000560458cb00
1,4524,0,180960,6,1,0,2,0,0,0,0,0,0,1110,88,203,e0c2020006010002000000000000000000000000560458cb00
1,4525,0,181000,6,1,0,2,0,0,0,0,0,0,1110,88,203,08c3020006010002000000000000000000000000560458cb00
1,4526,0,181041,6,1,0,2,0,0,0,0,0,0,1110,88,203,31c3020006010002000000000000000000000000560458cb00
1,4527,0,181080,6,1,0,2,0,0,0,0,0,0,1110,88,203,58c3020006010002000000000000000000000000560458cb00
1,4528,0,181121,6,1,0,2,0,0,0,0,0,0,1110,88,203,81c3020006010002000000000000000000000000560458cb00
1,4529,0,181160,6,1,0,2,0,0,0,0,0,0,1110,88,203,a8c3020006010002000000000000000000000000560458cb00
1,4530,0,181200,6,1,0,2,0,0,0,0,0,0,1110,88,203,d0c3020006010002000000000000000000000000560458cb00
1,4531,0,181240,6,1,0,2,0,0,0,0,0,0,1110,88,203,f8c3020006010002000000000000000000000000560458cb00
1,4532,0,181281,6,1,0,2,0,0,0,0,0,0,1110,88,203,21c4020006010002000000000000000000000000560458cb00
1,4533,0,181320,6,1,0,2,0,0,0,0,0,0,1110,88,203,48c4020006010002000000000000000000000000560458cb00
1,4534,0,181360,6,1,0,2,0,0,0,0,0,0,1110,88,203,70c4020006010002000000000000000000000000560458cb00
1,4535,0,181400,6,1,0,2,0,0,0,0,0,0,1110,88,203,98c4020006010002000000000000000000000000560458cb00
1,4536,0,181440,6,1,0,2,0,0,0,0,0,0,1110,88,203,c0c4020006010002000000000000000000000000560458cb00
1,4537,0,181480,6,1,0,2,0,0,0,0,0,0,1110,88,203,e8c4020006010002000000000000000000000000560458cb00
1,4538,0,181520,6,1,0,2,0,0,0,0,0,0,1110,88,203,10c5020006010002000000000000000000000000560458cb00
1,4539,0,181560,6,1,0,2,0,0,0,0,0,0,1110,88,203,38c5020006010002000000000000000000000000560458cb00
1,4540,0,181600,6,1,0,2,0,0,0,0,0,0,1110,88,203,60c5020006010002000000000000000000000000560458cb00
1,4541,0,181640,6,1,0,2,0,0,0,0,0,0,1110,88,203,88c5020006010002000000000000000000000000560458cb00
1,4542,0,181680,6,1,0,2,0,0,0,0,0,0,1110,88,203,b0c5020006010002000000000000000000000000560458cb00
1,4543,0,181720,6,1,0,2,0,0,0,0,0,0,1110,88,203,d8c5020006010002000000000000000000000000560458cb00
1,4544,0,181760,6,1,0,2,0,0,0,0,0,0,1110,88,203,00c6020006010002000000000000000000000000560458cb00
1,4545,0,181800,6,1,0,2,0,0,0,0,0,0,1110,88,203,28c6020006010002000000000000000000000000560458cb00
1,4546,0,181840,6,1,0,2,0,0,0,0,0,0,1110,88,203,50c6020006010002000000000000000000000000560458cb00
1,4547,0,181880,6,1,0,2,0,0,0,0,0,0,1110,88,203,78c6020006010002000000000000000000000000560458cb00
1,4548,0,181920,6,1,0,2,0,0,0,0,0,0,1110,88,203,a0c6020006010002000000000000000000000000560458cb00
1,4549,0,181961,6,1,0,2,0,0,0,0,0,0,1110,88,203,c9c6020006010002000000000000000000000000560458cb00
1,4550,0,182001,6,1,0,2,0,0,0,0,0,0,1110,88,203,f1c6020006010002000000000000000000000000560458cb00
1,4551,0,182040,6,1,0,2,0,0,0,0,0,0,1110,88,203,18c7020006010002000000000000000000000000560458cb00
1,4552,0,182080,6,1,0,2,0,0,0,0,0,0,1110,88,203,40c7020006010002000000000000000000000000560458cb00
1,4553,0,182120,6,1,0,2,0,0,0,0,0,0,1110,88,203,68c7020006010002000000000000000000000000560458cb00
1,4554,0,182160,6,1,0,2,0,0,0,0,0,0,1110,88,203,90c7020006010002000000000000000000000000560458cb00
1,4555,0,182200,6,1,0,2,0,0,0,0,0,0,1110,88,203,b8c7020006010002000000000000000000000000560458cb00
1,4556,0,182240,6,1,0,2,0,0,0,0,0,0,1110,88,203,e0c7020006010002000000000000000000000000560458cb00
1,4557,0,182280,6,1,0,2,0,0,0,0,0,0,1110,88,203,08c8020006010002000000000000000000000000560458cb00
1,4558,0,182321,6,1,0,2,0,0,0,0,0,0,1110,88,203,31c8020006010002000000000000000000000000560458cb00
1,4559,0,182360,6,1,0,2,0,0,0,0,0,0,1110,88,203,58c8020006010002000000000000000000000000560458cb00
1,4560,0,182400,6,1,0,2,0,0,0,0,0,0,1110,88,203,80c8020006010002000000000000000000000000560458cb00
1,4561,0,182440,6,1,0,2,0,0,0,0,0,0,1110,88,203,a8c8020006010002000000000000000000000000560458cb00
1,4562,0,182480,6,1,0,2,0,0,0,0,0,0,1110,88,203,d0c8020006010002000000000000000000000000560458cb00
1,4563,0,182520,6,1,0,2,0,0,0,0,0,0,1110,88,203,f8c8020006010002000000000000000000000000560458cb00
1,4564,0,182560,6,1,0,2,0,0,0,0,0,0,1110,88,203,20c9020006010002000000000000000000000000560458cb00
1,4565,0,182600,6,1,0,2,0,0,0,0,0,0,1110,88,203,48c9020006010002000000000000000000000000560458cb00
1,4566,0,182641,6,1,0,2,0,0,0,0,0,0,1110,88,203,71c9020006010002000000000000000000000000560458cb00
1,4567,0,182680,6,1,0,2,0,0,0,0,0,0,1110,88,203,98c9020006010002000000000000000000000000560458cb00
1,4568,0,182721,6,1,0,2,0,0,0,0,0,0,1110,88,203,c1c9020006010002000000000000000000000000560458cb00
1,4569,0,182760,6,1,0,2,0,0,0,0,0,0,1110,88,203,e8c9020006010002000000000000000000000000560458cb00
1,4570,0,182800,6,1,0,2,0,0,0,0,0,0,1110,88,203,10ca020006010002000000000000000000000000560458cb00
1,4571,0,182840,6,1,0,2,0,0,0,0,0,0,1110,88,203,38ca020006010002000000000000000000000000560458cb00
1,4572,0,182880,6,1,0,2,0,0,0,0,0,0,1110,88,203,60ca020006010002000000000000000000000000560458cb00
1,4573,0,182920,6,1,0,2,0,0,0,0,0,0,1110,88,203,88ca020006010002000000000000000000000000560458cb00
1,4574,0,182960,6,1,0,2,0,0,0,0,0,0,1110,88,203,b0ca020006010002000000000000000000000000560458cb00
1,4575,0,183000,6,1,0,2,0,0,0,0,0,0,1110,88,203,d8ca020006010002000000000000000000000000560458cb00
1,4576,0,183040,6,1,0,2,0,0,0,0,0,0,1110,88,203,00cb020006010002000000000000000000000000560458cb00
1,4577,0,183080,6,1,0,2,0,0,0,0,0,0,1110,88,203,28cb020006010002000000000000000000000000560458cb00
1,4578,0,183120,6,1,0,2,0,0,0,0,0,0,1110,88,203,50cb020006010002000000000000000000000000560458cb00
1,4579,0,183161,6,1,0,2,0,0,0,0,0,0,1110,88,203,79cb020006010002000000000000000000000000560458cb00
1,4580,0,183200,6,1,0,2,0,0,0,0,0,0,1110,88,203,a0cb020006010002000000000000000000000000560458cb00
1,4581,0,183240,6,1,0,2,0,0,0,0,0,0,1110,88,203,c8cb020006010002000000000000000000000000560458cb00
1,4582,0,183280,6,1,0,2,0,0,0,0,0,0,1110,88,203,f0cb020006010002000000000000000000000000560458cb00
1,4583,0,183320,6,1,0,2,0,0,0,0,0,0,1110,88,203,18cc020006010002000000000000000000000000560458cb00
1,4584,0,183360,6,1,0,2,0,0,0,0,0,0,1110,88,203,40cc020006010002000000000000000000000000560458cb00
1,4585,0,183400,6,1,0,2,0,0,0,0,0,0,1110,88,203,68cc020006010002000000000000000000000000560458cb00
1,4586,0,183441,6,1,0,2,0,0,0,0,0,0,1110,88,203,91cc020006010002000000000000000000000000560458cb00
1,4587,0,183481,6,1,0,2,0,0,0,0,0,0,1110,88,203,b9cc020006010002000000000000000000000000560458cb00
1,4588,0,183520,6,1,0,2,0,0,0,0,0,0,1110,88,203,e0cc020006010002000000000000000000000000560458cb00
1,4589,0,183560,6,1,0,2,0,0,0,0,0,0,1110,88,203,08cd020006010002000000000000000000000000560458cb00
1,4590,0,183600,6,1,0,2,0,0,0,0,0,0,1110,88,203,30cd020006010002000000000000000000000000560458cb00
1,4591,0,183640,6,1,0,2,0,0,0,0,0,0,1110,88,203,58cd020006010002000000000000000000000000560458cb00
1,4592,0,183680,6,1,0,2,0,0,0,0,0,0,1110,88,203,80cd020006010002000000000000000000000000560458cb00
1,4593,0,183720,6,1,0,2,0,0,0,0,0,0,1110,88,203,a8cd020006010002000000000000000000000000560458cb00
1,4594,0,183760,6,1,0,2,0,0,0,0,0,0,1110,88,203,d0cd020006010002000000000000000000000000560458cb00
1,4595,0,183800,6,1,0,2,0,0,0,0,0,0,1110,88,203,f8cd020006010002000000000000000000000000560458cb00
1,4596,0,183840,6,1,0,2,0,0,0,0,0,0,1110,88,203,20ce020006010002000000000000000000000000560458cb00
1,4597,0,183880,6,1,0,2,0,0,0,0,0,0,1110,88,203,48ce020006010002000000000000000000000000560458cb00
1,4598,0,183920,6,1,0,2,0,0,0,0,0,0,1110,88,203,70ce020006010002000000000000000000000000560458cb00
1,4599,0,183960,6,1,0,2,0,0,0,0,0,0,1110,88,203,98ce020006010002000000000000000000000000560458cb00
1,4600,0,184001,6,1,0,2,0,0,0,0,0,0,1110,88,203,c1ce020006010002000000000000000000000000560458cb00
1,4601,0,184041,6,1,0,2,0,0,0,0,0,0,1110,88,203,e9ce020006010002000000000000000000000000560458cb00
1,4602,0,184080,6,1,0,2,0,0,0,0,0,0,1110,88,203,10cf020006010002000000000000000000000000560458cb00
1,4603,0,184120,6,1,0,2,0,0,0,0,0,0,1110,88,203,38cf020006010002000000000000000000000000560458cb00
1,4604,0,184161,6,1,0,2,0,0,0,0,0,0,1110,88,203,61cf020006010002000000000000000000000000560458cb00
1,4605,0,184200,6,1,0,2,0,0,0,0,0,0,1110,88,203,88cf020006010002000000000000000000000000560458cb00
1,4606,0,184240,6,1,0,2,0,0,0,0,0,0,1110,88,203,b0cf020006010002000000000000000000000000560458cb00
1,4607,0,184280,6,1,0,2,0,0,0,0,0,0,1110,88,203,d8cf020006010002000000000000000000000000560458cb00
1,4608,0,184321,6,1,0,2,0,0,0,0,0,0,1110,88,203,01d0020006010002000000000000000000000000560458cb00
1,4609,0,184360,6,1,0,2,0,0,0,0,0,0,1110,88,203,28d0020006010002000000000000000000000000560458cb00
1,4610,0,184400,6,1,0,2,0,0,0,0,0,0,1110,88,203,50d0020006010002000000000000000000000000560458cb00
1,4611,0,184440,6,1,0,2,0,0,0,0,0,0,1110,88,203,78d0020006010002000000000000000000000000560458cb00
1,4612,0,184480,6,1,0,2,0,0,0,0,0,0,1110,88,203,a0d0020006010002000000000000000000000000560458cb00
1,4613,0,184520,6,1,0,2,0,0,0,0,0,0,1110,88,203,c8d0020006010002000000000000000000000000560458cb00
1,4614,0,184560,6,1,0,2,0,0,0,0,0,0,1110,88,203,f0d0020006010002000000000000000000000000560458cb00
1,4615,0,184600,6,1,0,2,0,0,0,0,0,0,1110,88,203,18d1020006010002000000000000000000000000560458cb00
1,4616,0,184640,6,1,0,2,0,0,0,0,0,0,1110,88,203,40d1020006010002000000000000000000000000560458cb00
1,4617,0,184680,6,1,0,2,0,0,0,0,0,0,1110,88,203,68d1020006010002000000000000000000000000560458cb00
1,4618,0,184720,6,1,0,2,0,0,0,0,0,0,1110,88,203,90d1020006010002000000000000000000000000560458cb00
1,4619,0,184761,6,1,0,2,0,0,0,0,0,0,1110,88,203,b9d1020006010002000000000000000000000000560458cb00
1,4620,0,184800,6,1,0,2,0,0,0,0,0,0,1110,88,203,e0d1020006010002000000000000000000000000560458cb00
1,4621,0,184841,6,1,0,2,0,0,0,0,0,0,1110,88,203,09d2020006010002000000000000000000000000560458cb00
1,4622,0,184880,6,1,0,2,0,0,0,0,0,0,1110,88,203,30d2020006010002000000000000000000000000560458cb00
1,4623,0,184920,6,1,0,2,0,0,0,0,0,0,1110,88,203,58d2020006010002000000000000000000000000560458cb00
1,4624,0,184960,6,1,0,2,0,0,0,0,0,0,1110,88,203,80d2020006010002000000000000000000000000560458cb00
1,4625,0,185000,6,1,0,2,0,0,0,0,0,0,1110,88,203,a8d2020006010002000000000000000000000000560458cb00
1,4626,0,185040,6,1,0,2,0,0,0,0,0,0,1110,88,203,d0d2020006010002000000000000000000000000560458cb00
1,4627,0,185080,6,1,0,2,0,0,0,0,0,0,1110,88,203,f8d2020006010002000000000000000000000000560458cb00
1,4628,0,185120,6,1,0,2,0,0,0,0,0,0,1110,88,203,20d3020006010002000000000000000000000000560458cb00
1,4629,0,185161,6,1,0,2,0,0,0,0,0,0,1110,88,203,49d3020006010002000000000000000000000000560458cb00
1,4630,0,185200,6,1,0,2,0,0,0,0,0,0,1110,88,203,70d3020006010002000000000000000000000000560458cb00
1,4631,0,185240,6,1,0,2,0,0,0,0,0,0,1110,88,203,98d3020006010002000000000000000000000000560458cb00
1,4632,0,185280,6,1,0,2,0,0,0,0,0,0,1110,88,203,c0d3020006010002000000000000000000000000560458cb00
1,4633,0,185320,6,1,0,2,0,0,0,0,0,0,1110,88,203,e8d3020006010002000000000000000000000000560458cb00
1,4634,0,185360,6,1,0,2,0,0,0,0,0,0,1110,88,203,10d4020006010002000000000000000000000000560458cb00
1,4635,0,185400,6,1,0,2,0,0,0,0,0,0,1110,88,203,38d4020006010002000000000000000000000000560458cb00
1,4636,0,185440,6,1,0,2,0,0,0,0,0,0,1110,88,203,60d4020006010002000000000000000000000000560458cb00
1,4637,0,185481,6,1,0,2,0,0,0,0,0,0,1110,88,203,89d4020006010002000000000000000000000000560458cb00
1,4638,0,185520,6,1,0,2,0,0,0,0,0,0,1110,88,203,b0d4020006010002000000000000000000000000560458cb00
1,4639,0,185560,6,1,0,2,0,0,0,0,0,0,1110,88,203,d8d4020006010002000000000000000000000000560458cb00
1,4640,0,185600,6,1,0,2,0,0,0,0,0,0,1110,88,203,00d5020006010002000000000000000000000000560458cb00
1,4641,0,185640,6,1,0,2,0,0,0,0,0,0,1110,88,203,28d5020006010002000000000000000000000000560458cb00
1,4642,0,185681,6,1,0,2,0,0,0,0,0,0,1110,88,203,51d5020006010002000000000000000000000000560458cb00
1,4643,0,185720,6,1,0,2,0,0,0,0,0,0,1110,88,203,78d5020006010002000000000000000000000000560458cb00
1,4644,0,185760,6,1,0,2,0,0,0,0,0,0,1110,88,203,a0d5020006010002000000000000000000000000560458cb00
1,4645,0,185800,6,1,0,2,0,0,0,0,0,0,1110,88,203,c8d5020006010002000000000000000000000000560458cb00
1,4646,0,185840,6,1,0,2,0,0,0,0,0,0,1110,88,203,f0d5020006010002000000000000000000000000560458cb00
1,4647,0,185880,6,1,0,2,0,0,0,0,0,0,1110,88,203,18d6020006010002000000000000000000000000560458cb00
1,4648,0,185920,6,1,0,2,0,0,0,0,0,0,1110,88,203,40d6020006010002000000000000000000000000560458cb00
1,4649,0,185960,6,1,0,2,0,0,0,0,0,0,1110,88,203,68d6020006010002000000000000000000000000560458cb00
1,4650,0,186000,6,1,0,2,0,0,0,0,0,0,1110,88,203,90d6020006010002000000000000000000000000560458cb00
1,4651,0,186040,6,1,0,2,0,0,0,0,0,0,1110,88,203,b8d6020006010002000000000000000000000000560458cb00
1,4652,0,186080,6,1,0,2,0,0,0,0,0,0,1110,88,203,e0d6020006010002000000000000000000000000560458cb00
1,4653,0,186120,6,1,0,2,0,0,0,0,0,0,1110,88,203,08d7020006010002000000000000000000000000560458cb00
1,4654,0,186160,6,1,0,2,0,0,0,0,0,0,1110,88,203,30d7020006010002000000000000000000000000560458cb00
1,4655,0,186201,6,1,0,2,0,0,0,0,0,0,1110,88,203,59d7020006010002000000000000000000000000560458cb00
1,4656,0,186240,6,1,0,2,0,0,0,0,0,0,1110,88,203,80d7020006010002000000000000000000000000560458cb00
1,4657,0,186280,6,1,0,2,0,0,0,0,0,0,1110,88,203,a8d7020006010002000000000000000000000000560458cb00
1,4658,0,186320,6,1,0,2,0,0,0,0,0,0,1110,88,203,d0d7020006010002000000000000000000000000560458cb00
1,4659,0,186360,6,1,0,2,0,0,0,0,0,0,1110,88,203,f8d7020006010002000000000000000000000000560458cb00
1,4660,0,186400,6,1,0,2,0,0,0,0,0,0,1110,88,203,20d8020006010002000000000000000000000000560458cb00
1,4661,0,186440,6,1,0,2,0,0,0,0,0,0,1110,88,203,48d8020006010002000000000000000000000000560458cb00
1,4662,0,186480,6,1,0,2,0,0,0,0,0,0,1110,88,203,70d8020006010002000000000000000000000000560458cb00
1,4663,0,186520,6,1,0,2,0,0,0,0,0,0,1110,88,203,98d8020006010002000000000000000000000000560458cb00
1,4664,0,186560,6,1,0,2,0,0,0,0,0,0,1110,88,203,c0d8020006010002000000000000000000000000560458cb00
1,4665,0,186600,6,1,0,2,0,0,0,0,0,0,1110,88,203,e8d8020006010002000000000000000000000000560458cb00
1,4666,0,186640,6,1,0,2,0,0,0,0,0,0,1110,88,203,10d9020006010002000000000000000000000000560458cb00
1,4667,0,186680,6,1,0,2,0,0,0,0,0,0,1110,88,203,38d9020006010002000000000000000000000000560458cb00
1,4668,0,186721,6,1,0,2,0,0,0,0,0,0,1110,88,203,61d9020006010002000000000000000000000000560458cb00
1,4669,0,186760,6,1,0,2,0,0,0,0,0,0,1110,88,203,88d9020006010002000000000000000000000000560458cb00
1,4670,0,186800,6,1,0,2,0,0,0,0,0,0,1110,88,203,b0d9020006010002000000000000000000000000560458cb00
1,4671,0,186840,6,1,0,2,0,0,0,0,0,0,1110,88,203,d8d9020006010002000000000000000000000000560458cb00
1,4672,0,186880,6,1,0,2,0,0,0,0,0,0,1110,88,203,00da020006010002000000000000000000000000560458cb00
1,4673,0,186921,6,1,0,2,0,0,0,0,0,0,1110,88,203,29da020006010002000000000000000000000000560458cb00
1,4674,0,186961,6,1,0,2,0,0,0,0,0,0,1110,88,203,51da020006010002000000000000000000000000560458cb00
1,4675,0,187000,6,1,0,2,0,0,0,0,0,0,1110,88,203,78da020006010002000000000000000000000000560458cb00
1,4676,0,187041,6,1,0,2,0,0,0,0,0,0,1110,88,203,a1da020006010002000000000000000000000000560458cb00
1,4677,0,187080,6,1,0,2,0,0,0,0,0,0,1110,88,203,c8da020006010002000000000000000000000000560458cb00
1,4678,0,187120,6,1,0,2,0,0,0,0,0,0,1110,88,203,f0da020006010002000000000000000000000000560458cb00
1,4679,0,187160,6,1,0,2,0,0,0,0,0,0,1110,88,203,18db020006010002000000000000000000000000560458cb00
1,4680,0,187200,6,1,0,2,0,0,0,0,0,0,1110,88,203,40db020006010002000000000000000000000000560458cb00
1,4681,0,187240,6,1,0,2,0,0,0,0,0,0,1110,88,203,68db020006010002000000000000000000000000560458cb00
1,4682,0,187281,6,1,0,2,0,0,0,0,0,0,1110,88,203,91db020006010002000000000000000000000000560458cb00
1,4683,0,187321,6,1,0,2,0,0,0,0,0,0,1110,88,203,b9db020006010002000000000000000000000000560458cb00
1,4684,0,187360,6,1,0,2,0,0,0,0,0,0,1110,88,203,e0db020006010002000000000000000000000000560458cb00
1,4685,0,187400,6,1,0,2,0,0,0,0,0,0,1110,88,203,08dc020006010002000000000000000000000000560458cb00
1,4686,0,187441,6,1,0,2,0,0,0,0,0,0,1110,88,203,31dc020006010002000000000000000000000000560458cb00
1,4687,0,187480,6,1,0,2,0,0,0,0,0,0,1110,88,203,58dc020006010002000000000000000000000000560458cb00
1,4688,0,187520,6,1,0,2,0,0,0,0,0,0,1110,88,203,80dc020006010002000000000000000000000000560458cb00
1,4689,0,187561,6,1,0,2,0,0,0,0,0,0,1110,88,203,a9dc020006010002000000000000000000000000560458cb00
1,4690,0,187600,6,1,0,2,0,0,0,0,0,0,1110,88,203,d0dc020006010002000000000000000000000000560458cb00
1,4691,0,187641,6,1,0,2,0,0,0,0,0,0,1110,88,203,f9dc020006010002000000000000000000000000560458cb00
1,4692,0,187680,6,1,0,2,0,0,0,0,0,0,1110,88,203,20dd020006010002000000000000000000000000560458cb00
1,4693,0,187720,6,1,0,2,0,0,0,0,0,0,1110,88,203,48dd020006010002000000000000000000000000560458cb00
1,4694,0,187760,6,1,0,2,0,0,0,0,0,0,1110,88,203,70dd020006010002000000000000000000000000560458cb00
1,4695,0,187801,6,1,0,2,0,0,0,0,0,0,1110,88,203,99dd020006010002000000000000000000000000560458cb00
1,4696,0,187840,6,1,0,2,0,0,0,0,0,0,1110,88,203,c0dd020006010002000000000000000000000000560458cb00
1,4697,0,187881,6,1,0,2,0,0,0,0,0,0,1110,88,203,e9dd020006010002000000000000000000000000560458cb00
1,4698,0,187920,6,1,0,2,0,0,0,0,0,0,1110,88,203,10de020006010002000000000000000000000000560458cb00
1,4699,0,187960,6,1,0,2,0,0,0,0,0,0,1110,88,203,38de020006010002000000000000000000000000560458cb00
1,4700,0,188000,6,1,0,2,0,0,0,0,0,0,1110,88,203,60de020006010002000000000000000000000000560458cb00
1,4701,0,188040,6,1,0,2,0,0,0,0,0,0,1110,88,203,88de020006010002000000000000000000000000560458cb00
1,4702,0,188080,6,1,0,2,0,0,0,0,0,0,1110,88,203,b0de020006010002000000000000000000000000560458cb00
1,4703,0,188121,6,1,0,2,0,0,0,0,0,0,1110,88,203,d9de020006010002000000000000000000000000560458cb00
1,4704,0,188160,6,1,0,2,0,0,0,0,0,0,1110,88,203,00df020006010002000000000000000000000000560458cb00
1,4705,0,188200,6,1,0,2,0,0,0,0,0,0,1110,88,203,28df020006010002000000000000000000000000560458cb00
1,4706,0,188240,6,1,0,2,0,0,0,0,0,0,1110,88,203,50df020006010002000000000000000000000000560458cb00
1,4707,0,188280,6,1,0,2,0,0,0,0,0,0,1110,88,203,78df020006010002000000000000000000000000560458cb00
1,4708,0,188320,6,1,0,2,0,0,0,0,0,0,1110,88,203,a0df020006010002000000000000000000000000560458cb00
1,4709,0,188361,6,1,0,2,0,0,0,0,0,0,1110,88,203,c9df020006010002000000000000000000000000560458cb00
1,4710,0,188400,6,1,0,2,0,0,0,0,0,0,1110,88,203,f0df020006010002000000000000000000000000560458cb00
1,4711,0,188440,6,1,0,2,0,0,0,0,0,0,1110,88,203,18e0020006010002000000000000000000000000560458cb00
1,4712,0,188481,6,1,0,2,0,0,0,0,0,0,1110,88,203,41e0020006010002000000000000000000000000560458cb00
1,4713,0,188520,6,1,0,2,0,0,0,0,0,0,1110,88,203,68e0020006010002000000000000000000000000560458cb00
1,4714,0,188560,6,1,0,2,0,0,0,0,0,0,1110,88,203,90e0020006010002000000000000000000000000560458cb00
1,4715,0,188600,6,1,0,2,0,0,0,0,0,0,1110,88,203,b8e0020006010002000000000000000000000000560458cb00
1,4716,0,188641,6,1,0,2,0,0,0,0,0,0,1110,88,203,e1e0020006010002000000000000000000000000560458cb00
1,4717,0,188680,6,1,0,2,0,0,0,0,0,0,1110,88,203,08e1020006010002000000000000000000000000560458cb00
1,4718,0,188720,6,1,0,2,0,0,0,0,0,0,1110,88,203,30e1020006010002000000000000000000000000560458cb00
1,4719,0,188760,6,1,0,2,0,0,0,0,0,0,1110,88,203,58e1020006010002000000000000000000000000560458cb00
1,4720,0,188800,6,1,0,2,0,0,0,0,0,0,1110,88,203,80e1020006010002000000000000000000000000560458cb00
1,4721,0,188840,6,1,0,2,0,0,0,0,0,0,1110,88,203,a8e1020006010002000000000000000000000000560458cb00
1,4722,0,188881,6,1,0,2,0,0,0,0,0,0,1110,88,203,d1e1020006010002000000000000000000000000560458cb00
1,4723,0,188920,6,1,0,2,0,0,0,0,0,0,1110,88,203,f8e1020006010002000000000000000000000000560458cb00
1,4724,0,188961,6,1,0,2,0,0,0,0,0,0,1110,88,203,21e2020006010002000000000000000000000000560458cb00
1,4725,0,189000,6,1,0,2,0,0,0,0,0,0,1110,88,203,48e2020006010002000000000000000000000000560458cb00
1,4726,0,189040,6,1,0,2,0,0,0,0,0,0,1110,88,203,70e2020006010002000000000000000000000000560458cb00
1,4727,0,189081,6,1,0,2,0,0,0,0,0,0,1110,88,203,99e2020006010002000000000000000000000000560458cb00
1,4728,0,189120,6,1,0,2,0,0,0,0,0,0,1110,88,203,c0e2020006010002000000000000000000000000560458cb00
1,4729,0,189160,6,1,0,2,0,0,0,0,0,0,1110,88,203,e8e2020006010002000000000000000000000000560458cb00
1,4730,0,189200,6,1,0,2,0,0,0,0,0,0,1110,88,203,10e3020006010002000000000000000000000000560458cb00
1,4731,0,189240,6,1,0,2,0,0,0,0,0,0,1110,88,203,38e3020006010002000000000000000000000000560458cb00
1,4732,0,189280,6,1,0,2,0,0,0,0,0,0,1110,88,203,60e3020006010002000000000000000000000000560458cb00
1,4733,0,189321,6,1,0,2,0,0,0,0,0,0,1110,88,203,89e3020006010002000000000000000000000000560458cb00
1,4734,0,189360,6,1,0,2,0,0,0,0,0,0,1110,88,203,b0e3020006010002000000000000000000000000560458cb00
1,4735,0,189400,6,1,0,2,0,0,0,0,0,0,1110,88,203,d8e3020006010002000000000000000000000000560458cb00
1,4736,0,189440,6,1,0,2,0,0,0,0,0,0,1110,88,203,00e4020006010002000000000000000000000000560458cb00
1,4737,0,189480,6,1,0,2,0,0,0,0,0,0,1110,88,203,28e4020006010002000000000000000000000000560458cb00
1,4738,0,189520,6,1,0,2,0,0,0,0,0,0,1110,88,203,50e4020006010002000000000000000000000000560458cb00
1,4739,0,189560,6,1,0,2,0,0,0,0,0,0,1110,88,203,78e4020006010002000000000000000000000000560458cb00
1,4740,0,189601,6,1,0,2,0,0,0,0,0,0,1110,88,203,a1e4020006010002000000000000000000000000560458cb00
1,4741,0,189640,6,1,0,2,0,0,0,0,0,0,1110,88,203,c8e4020006010002000000000000000000000000560458cb00
1,4742,0,189680,6,1,0,2,0,0,0,0,0,0,1110,88,203,f0e4020006010002000000000000000000000000560458cb00
1,4743,0,189720,6,1,0,2,0,0,0,0,0,0,1110,88,203,18e5020006010002000000000000000000000000560458cb00
1,4744,0,189760,6,1,0,2,0,0,0,0,0,0,1110,88,203,40e5020006010002000000000000000000000000560458cb00
1,4745,0,189801,6,1,0,2,0,0,0,0,0,0,1110,88,203,69e5020006010002000000000000000000000000560458cb00
1,4746,0,189840,6,1,0,2,0,0,0,0,0,0,1110,88,203,90e5020006010002000000000000000000000000560458cb00
1,4747,0,189880,6,1,0,2,0,0,0,0,0,0,1110,88,203,b8e5020006010002000000000000000000000000560458cb00
1,4748,0,189920,6,1,0,2,0,0,0,0,0,0,1110,88,203,e0e5020006010002000000000000000000000000560458cb00
1,4749,0,189960,6,1,0,2,0,0,0,0,0,0,1110,88,203,08e6020006010002000000000000000000000000560458cb00
1,4750,0,190000,6,1,0,2,0,0,0,0,0,0,1110,88,203,30e6020006010002000000000000000000000000560458cb00
1,4751,0,190040,6,1,0,2,0,0,0,0,0,0,1110,88,203,58e6020006010002000000000000000000000000560458cb00
1,4752,0,190080,6,1,0,2,0,0,0,0,0,0,1110,88,203,80e6020006010002000000000000000000000000560458cb00
1,4753,0,190120,6,1,0,2,0,0,0,0,0,0,1110,88,203,a8e6020006010002000000000000000000000000560458cb00
1,4754,0,190161,6,1,0,2,0,0,0,0,0,0,1110,88,203,d1e6020006010002000000000000000000000000560458cb00
1,4755,0,190200,6,1,0,2,0,0,0,0,0,0,1110,88,203,f8e6020006010002000000000000000000000000560458cb00
1,4756,0,190240,6,1,0,2,0,0,0,0,0,0,1110,88,203,20e7020006010002000000000000000000000000560458cb00
1,4757,0,190280,6,1,0,2,0,0,0,0,0,0,1110,88,203,48e7020006010002000000000000000000000000560458cb00
1,4758,0,190321,6,1,0,2,0,0,0,0,0,0,1110,88,203,71e7020006010002000000000000000000000000560458cb00
1,4759,0,190360,6,1,0,2,0,0,0,0,0,0,1110,88,203,98e7020006010002000000000000000000000000560458cb00
1,4760,0,190400,6,1,0,2,0,0,0,0,0,0,1110,88,203,c0e7020006010002000000000000000000000000560458cb00
1,4761,0,190440,6,1,0,2,0,0,0,0,0,0,1110,88,203,e8e7020006010002000000000000000000000000560458cb00
1,4762,0,190480,6,1,0,2,0,0,0,0,0,0,1110,88,203,10e8020006010002000000000000000000000000560458cb00
1,4763,0,190520,6,1,0,2,0,0,0,0,0,0,1110,88,203,38e8020006010002000000000000000000000000560458cb00
1,4764,0,190560,6,1,0,2,0,0,0,0,0,0,1110,88,203,60e8020006010002000000000000000000000000560458cb00
1,4765,0,190600,6,1,0,2,0,0,0,0,0,0,1110,88,203,88e8020006010002000000000000000000000000560458cb00
1,4766,0,190640,6,1,0,2,0,0,0,0,0,0,1110,88,203,b0e8020006010002000000000000000000000000560458cb00
1,4767,0,190680,6,1,0,2,0,0,0,0,0,0,1110,88,203,d8e8020006010002000000000000000000000000560458cb00
1,4768,0,190720,6,1,0,2,0,0,0,0,0,0,1110,88,203,00e9020006010002000000000000000000000000560458cb00
1,4769,0,190760,6,1,0,2,0,0,0,0,0,0,1110,88,203,28e9020006010002000000000000000000000000560458cb00
1,4770,0,190800,6,1,0,2,0,0,0,0,0,0,1110,88,203,50e9020006010002000000000000000000000000560458cb00
1,4771,0,190841,6,1,0,2,0,0,0,0,0,0,1110,88,203,79e9020006010002000000000000000000000000560458cb00
1,4772,0,190880,6,1,0,2,0,0,0,0,0,0,1110,88,203,a0e9020006010002000000000000000000000000560458cb00
1,4773,0,190920,6,1,0,2,0,0,0,0,0,0,1110,88,203,c8e9020006010002000000000000000000000000560458cb00
1,4774,0,190960,6,1,0,2,0,0,0,0,0,0,1110,88,203,f0e9020006010002000000000000000000000000560458cb00
1,4775,0,191000,6,1,0,2,0,0,0,0,0,0,1110,88,203,18ea020006010002000000000000000000000000560458cb00
1,4776,0,191040,6,1,0,2,0,0,0,0,0,0,1110,88,203,40ea020006010002000000000000000000000000560458cb00
1,4777,0,191080,6,1,0,2,0,0,0,0,0,0,1110,88,203,68ea020006010002000000000000000000000000560458cb00
1,4778,0,191120,6,1,0,2,0,0,0,0,0,0,1110,88,203,90ea020006010002000000000000000000000000560458cb00
1,4779,0,191160,6,1,0,2,0,0,0,0,0,0,1110,88,203,b8ea020006010002000000000000000000000000560458cb00
1,4780,0,191200,6,1,0,2,0,0,0,0,0,0,1110,88,203,e0ea020006010002000000000000000000000000560458cb00
1,4781,0,191240,6,1,0,2,0,0,0,0,0,0,1110,88,203,08eb020006010002000000000000000000000000560458cb00
1,4782,0,191280,6,1,0,2,0,0,0,0,0,0,1110,88,203,30eb020006010002000000000000000000000000560458cb00
1,4783,0,191320,6,1,0,2,0,0,0,0,0,0,1110,88,203,58eb020006010002000000000000000000000000560458cb00
1,4784,0,191361,6,1,0,2,0,0,0,0,0,0,1110,88,203,81eb020006010002000000000000000000000000560458cb00
1,4785,0,191400,6,1,0,2,0,0,0,0,0,0,1110,88,203,a8eb020006010002000000000000000000000000560458cb00
1,4786,0,191440,6,1,0,2,0,0,0,0,0,0,1110,88,203,d0eb020006010002000000000000000000000000560458cb00
1,4787,0,191480,6,1,0,2,0,0,0,0,0,0,1110,88,203,f8eb020006010002000000000000000000000000560458cb00
1,4788,0,191520,6,1,0,2,0,0,0,0,0,0,1110,88,203,20ec020006010002000000000000000000000000560458cb00
1,4789,0,191560,6,1,0,2,0,0,0,0,0,0,1110,88,203,48ec020006010002000000000000000000000000560458cb00
1,4790,0,191600,6,1,0,2,0,0,0,0,0,0,1110,88,203,70ec020006010002000000000000000000000000560458cb00
1,4791,0,191641,6,1,0,2,0,0,0,0,0,0,1110,88,203,99ec020006010002000000000000000000000000560458cb00
1,4792,0,191681,6,1,0,2,0,0,0,0,0,0,1110,88,203,c1ec020006010002000000000000000000000000560458cb00
1,4793,0,191720,6,1,0,2,0,0,0,0,0,0,1110,88,203,e8ec020006010002000000000000000000000000560458cb00
1,4794,0,191760,6,1,0,2,0,0,0,0,0,0,1110,88,203,10ed020006010002000000000000000000000000560458cb00
1,4795,0,191800,6,1,0,2,0,0,0,0,0,0,1110,88,203,38ed020006010002000000000000000000000000560458cb00
1,4796,0,191840,6,1,0,2,0,0,0,0,0,0,1110,88,203,60ed020006010002000000000000000000000000560458cb00
1,4797,0,191880,6,1,0,2,0,0,0,0,0,0,1110,88,203,88ed020006010002000000000000000000000000560458cb00
1,4798,0,191920,6,1,0,2,0,0,0,0,0,0,1110,88,203,b0ed020006010002000000000000000000000000560458cb00
1,4799,0,191960,6,1,0,2,0,0,0,0,0,0,1110,88,203,d8ed020006010002000000000000000000000000560458cb00
1,4800,0,192000,6,1,0,2,0,0,0,0,0,0,1110,88,203,00ee020006010002000000000000000000000000560458cb00
1,4801,0,192040,6,1,0,2,0,0,0,0,0,0,1110,88,203,28ee020006010002000000000000000000000000560458cb00
1,4802,0,192080,6,1,0,2,0,0,0,0,0,0,1110,88,203,50ee020006010002000000000000000000000000560458cb00
1,4803,0,192120,6,1,0,2,0,0,0,0,0,0,1110,88,203,78ee020006010002000000000000000000000000560458cb00
1,4804,0,192160,6,1,0,2,0,0,0,0,0,0,1110,88,203,a0ee020006010002000000000000000000000000560458cb00
1,4805,0,192201,6,1,0,2,0,0,0,0,0,0,1110,88,203,c9ee020006010002000000000000000000000000560458cb00
1,4806,0,192240,6,1,0,2,0,0,0,0,0,0,1110,88,203,f0ee020006010002000000000000000000000000560458cb00
1,4807,0,192280,6,1,0,2,0,0,0,0,0,0,1110,88,203,18ef020006010002000000000000000000000000560458cb00
1,4808,0,192320,6,1,0,2,0,0,0,0,0,0,1110,88,203,40ef020006010002000000000000000000000000560458cb00
1,4809,0,192361,6,1,0,2,0,0,0,0,0,0,1110,88,203,69ef020006010002000000000000000000000000560458cb00
1,4810,0,192400,6,1,0,2,0,0,0,0,0,0,1110,88,203,90ef020006010002000000000000000000000000560458cb00
1,4811,0,192440,6,1,0,2,0,0,0,0,0,0,1110,88,203,b8ef020006010002000000000000000000000000560458cb00
1,4812,0,192480,6,1,0,2,0,0,0,0,0,0,1110,88,203,e0ef020006010002000000000000000000000000560458cb00
1,4813,0,192521,6,1,0,2,0,0,0,0,0,0,1110,88,203,09f0020006010002000000000000000000000000560458cb00
1,4814,0,192560,6,1,0,2,0,0,0,0,0,0,1110,88,203,30f0020006010002000000000000000000000000560458cb00
1,4815,0,192600,6,1,0,2,0,0,0,0,0,0,1110,88,203,58f0020006010002000000000000000000000000560458cb00
1,4816,0,192640,6,1,0,2,0,0,0,0,0,0,1110,88,203,80f0020006010002000000000000000000000000560458cb00
1,4817,0,192680,6,1,0,2,0,0,0,0,0,0,1110,88,203,a8f0020006010002000000000000000000000000560458cb00
1,4818,0,192720,6,1,0,2,0,0,0,0,0,0,1110,88,203,d0f0020006010002000000000000000000000000560458cb00
1,4819,0,192760,6,1,0,2,0,0,0,0,0,0,1110,88,203,f8f0020006010002000000000000000000000000560458cb00
1,4820,0,192800,6,1,0,2,0,0,0,0,0,0,1110,88,203,20f1020006010002000000000000000000000000560458cb00
1,4821,0,192840,6,1,0,2,0,0,0,0,0,0,1110,88,203,48f1020006010002000000000000000000000000560458cb00
1,4822,0,192880,6,1,0,2,0,0,0,0,0,0,1110,88,203,70f1020006010002000000000000000000000000560458cb00
1,4823,0,192920,6,1,0,2,0,0,0,0,0,0,1110,88,203,98f1020006010002000000000000000000000000560458cb00
1,4824,0,192960,6,1,0,2,0,0,0,0,0,0,1110,88,203,c0f1020006010002000000000000000000000000560458cb00
1,4825,0,193000,6,1,0,2,0,0,0,0,0,0,1110,88,203,e8f1020006010002000000000000000000000000560458cb00
1,4826,0,193041,6,1,0,2,0,0,0,0,0,0,1110,88,203,11f2020006010002000000000000000000000000560458cb00
1,4827,0,193081,6,1,0,2,0,0,0,0,0,0,1110,88,203,39f2020006010002000000000000000000000000560458cb00
1,4828,0,193120,6,1,0,2,0,0,0,0,0,0,1110,88,203,60f2020006010002000000000000000000000000560458cb00
1,4829,0,193160,6,1,0,2,0,0,0,0,0,0,1110,88,203,88f2020006010002000000000000000000000000560458cb00
1,4830,0,193200,6,1,0,2,0,0,0,0,0,0,1110,88,203,b0f2020006010002000000000000000000000000560458cb00
1,4831,0,193240,6,1,0,2,0,0,0,0,0,0,1110,88,203,d8f2020006010002000000000000000000000000560458cb00
1,4832,0,193280,6,1,0,2,0,0,0,0,0,0,1110,88,203,00f3020006010002000000000000000000000000560458cb00
1,4833,0,193320,6,1,0,2,0,0,0,0,0,0,1110,88,203,28f3020006010002000000000000000000000000560458cb00
1,4834,0,193361,6,1,0,2,0,0,0,0,0,0,1110,88,203,51f3020006010002000000000000000000000000560458cb00
1,4835,0,193400,6,1,0,2,0,0,0,0,0,0,1110,88,203,78f3020006010002000000000000000000000000560458cb00
1,4836,0,193440,6,1,0,2,0,0,0,0,0,0,1110,88,203,a0f3020006010002000000000000000000000000560458cb00
1,4837,0,193481,6,1,0,2,0,0,0,0,0,0,1110,88,203,c9f3020006010002000000000000000000000000560458cb00
1,4838,0,193520,6,1,0,2,0,0,0,0,0,0,1110,88,203,f0f3020006010002000000000000000000000000560458cb00
1,4839,0,193560,6,1,0,2,0,0,0,0,0,0,1110,88,203,18f4020006010002000000000000000000000000560458cb00
1,4840,0,193600,6,1,0,2,0,0,0,0,0,0,1110,88,203,40f4020006010002000000000000000000000000560458cb00
1,4841,0,193640,6,1,0,2,0,0,0,0,0,0,1110,88,203,68f4020006010002000000000000000000000000560458cb00
1,4842,0,193680,6,1,0,2,0,0,0,0,0,0,1110,88,203,90f4020006010002000000000000000000000000560458cb00
1,4843,0,193720,6,1,0,2,0,0,0,0,0,0,1110,88,203,b8f4020006010002000000000000000000000000560458cb00
1,4844,0,193760,6,1,0,2,0,0,0,0,0,0,1110,88,203,e0f4020006010002000000000000000000000000560458cb00
1,4845,0,193801,6,1,0,2,0,0,0,0,0,0,1110,88,203,09f5020006010002000000000000000000000000560458cb00
1,4846,0,193840,6,1,0,2,0,0,0,0,0,0,1110,88,203,30f5020006010002000000000000000000000000560458cb00
1,4847,0,193881,6,1,0,2,0,0,0,0,0,0,1110,88,203,59f5020006010002000000000000000000000000560458cb00
1,4848,0,193920,6,1,0,2,0,0,0,0,0,0,1110,88,203,80f5020006010002000000000000000000000000560458cb00
1,4849,0,193960,6,1,0,2,0,0,0,0,0,0,1110,88,203,a8f5020006010002000000000000000000000000560458cb00
1,4850,0,194000,6,1,0,2,0,0,0,0,0,0,1110,88,203,d0f5020006010002000000000000000000000000560458cb00
1,4851,0,194040,6,1,0,2,0,0,0,0,0,0,1110,88,203,f8f5020006010002000000000000000000000000560458cb00
1,4852,0,194080,6,1,0,2,0,0,0,0,0,0,1110,88,203,20f6020006010002000000000000000000000000560458cb00
1,4853,0,194120,6,1,0,2,0,0,0,0,0,0,1110,88,203,48f6020006010002000000000000000000000000560458cb00
1,4854,0,194160,6,1,0,2,0,0,0,0,0,0,1110,88,203,70f6020006010002000000000000000000000000560458cb00
1,4855,0,194201,6,1,0,2,0,0,0,0,0,0,1110,88,203,99f6020006010002000000000000000000000000560458cb00
1,4856,0,194240,6,1,0,2,0,0,0,0,0,0,1110,88,203,c0f6020006010002000000000000000000000000560458cb00
1,4857,0,194280,6,1,0,2,0,0,0,0,0,0,1110,88,203,e8f6020006010002000000000000000000000000560458cb00
1,4858,0,194320,6,1,0,2,0,0,0,0,0,0,1110,88,203,10f7020006010002000000000000000000000000560458cb00
1,4859,0,194360,6,1,0,2,0,0,0,0,0,0,1110,88,203,38f7020006010002000000000000000000000000560458cb00
1,4860,0,194400,6,1,0,2,0,0,0,0,0,0,1110,88,203,60f7020006010002000000000000000000000000560458cb00
1,4861,0,194440,6,1,0,2,0,0,0,0,0,0,1110,88,203,88f7020006010002000000000000000000000000560458cb00
1,4862,0,194480,6,1,0,2,0,0,0,0,0,0,1110,88,203,b0f7020006010002000000000000000000000000560458cb00
1,4863,0,194521,6,1,0,2,0,0,0,0,0,0,1110,88,203,d9f7020006010002000000000000000000000000560458cb00
1,4864,0,194560,6,1,0,2,0,0,0,0,0,0,1110,88,203,00f8020006010002000000000000000000000000560458cb00
1,4865,0,194600,6,1,0,2,0,0,0,0,0,0,1110,88,203,28f8020006010002000000000000000000000000560458cb00
1,4866,0,194641,6,1,0,2,0,0,0,0,0,0,1110,88,203,51f8020006010002000000000000000000000000560458cb00
1,4867,0,194680,6,1,0,2,0,0,0,0,0,0,1110,88,203,78f8020006010002000000000000000000000000560458cb00
1,4868,0,194720,6,1,0,2,0,0,0,0,0,0,1110,88,203,a0f8020006010002000000000000000000000000560458cb00
1,4869,0,194760,6,1,0,2,0,0,0,0,0,0,1110,88,203,c8f8020006010002000000000000000000000000560458cb00
1,4870,0,194801,6,1,0,2,0,0,0,0,0,0,1110,88,203,f1f8020006010002000000000000000000000000560458cb00
1,4871,0,194840,6,1,0,2,0,0,0,0,0,0,1110,88,203,18f9020006010002000000000000000000000000560458cb00
1,4872,0,194880,6,1,0,2,0,0,0,0,0,0,1110,88,203,40f9020006010002000000000000000000000000560458cb00
1,4873,0,194921,6,1,0,2,0,0,0,0,0,0,1110,88,203,69f9020006010002000000000000000000000000560458cb00
1,4874,0,194960,6,1,0,2,0,0,0,0,0,0,1110,88,203,90f9020006010002000000000000000000000000560458cb00
1,4875,0,195000,6,1,0,2,0,0,0,0,0,0,1110,88,203,b8f9020006010002000000000000000000000000560458cb00
1,4876,0,195041,6,1,0,2,0,0,0,0,0,0,1110,88,203,e1f9020006010002000000000000000000000000560458cb00
1,4877,0,195080,6,1,0,2,0,0,0,0,0,0,1110,88,203,08fa020006010002000000000000000000000000560458cb00
1,4878,0,195120,6,1,0,2,0,0,0,0,0,0,1110,88,203,30fa020006010002000000000000000000000000560458cb00
1,4879,0,195160,6,1,0,2,0,0,0,0,0,0,1110,88,203,58fa020006010002000000000000000000000000560458cb00
1,4880,0,195200,6,1,0,2,0,0,0,0,0,0,1110,88,203,80fa020006010002000000000000000000000000560458cb00
1,4881,0,195241,6,1,0,2,0,0,0,0,0,0,1110,88,203,a9fa020006010002000000000000000000000000560458cb00
1,4882,0,195280,6,1,0,2,0,0,0,0,0,0,1110,88,203,d0fa020006010002000000000000000000000000560458cb00
1,4883,0,195320,6,1,0,2,0,0,0,0,0,0,1110,88,203,f8fa020006010002000000000000000000000000560458cb00
1,4884,0,195360,6,1,0,2,0,0,0,0,0,0,1110,88,203,20fb020006010002000000000000000000000000560458cb00
1,4885,0,195400,6,1,0,2,0,0,0,0,0,0,1110,88,203,48fb020006010002000000000000000000000000560458cb00
1,4886,0,195440,6,1,0,2,0,0,0,0,0,0,1110,88,203,70fb020006010002000000000000000000000000560458cb00
1,4887,0,195481,6,1,0,2,0,0,0,0,0,0,1110,88,203,99fb020006010002000000000000000000000000560458cb00
1,4888,0,195520,6,1,0,2,0,0,0,0,0,0,1110,88,203,c0fb020006010002000000000000000000000000560458cb00
1,4889,0,195560,6,1,0,2,0,0,0,0,0,0,1110,88,203,e8fb020006010002000000000000000000000000560458cb00
1,4890,0,195600,6,1,0,2,0,0,0,0,0,0,1110,88,203,10fc020006010002000000000000000000000000560458cb00
1,4891,0,195640,6,1,0,2,0,0,0,0,0,0,1110,88,203,38fc020006010002000000000000000000000000560458cb00
1,4892,0,195680,6,1,0,2,0,0,0,0,0,0,1110,88,203,60fc020006010002000000000000000000000000560458cb00
1,4893,0,195720,6,1,0,2,0,0,0,0,0,0,1110,88,203,88fc020006010002000000000000000000000000560458cb00
1,4894,0,195761,6,1,0,2,0,0,0,0,0,0,1110,88,203,b1fc020006010002000000000000000000000000560458cb00
1,4895,0,195800,6,1,0,2,0,0,0,0,0,0,1110,88,203,d8fc020006010002000000000000000000000000560458cb00
1,4896,0,195841,6,1,0,2,0,0,0,0,0,0,1110,88,203,01fd020006010002000000000000000000000000560458cb00
1,4897,0,195880,6,1,0,2,0,0,0,0,0,0,1110,88,203,28fd020006010002000000000000000000000000560458cb00
1,4898,0,195920,6,1,0,2,0,0,0,0,0,0,1110,88,203,50fd020006010002000000000000000000000000560458cb00
1,4899,0,195960,6,1,0,2,0,0,0,0,0,0,1110,88,203,78fd020006010002000000000000000000000000560458cb00
1,4900,0,196001,6,1,0,2,0,0,0,0,0,0,1110,88,203,a1fd020006010002000000000000000000000000560458cb00
1,4901,0,196040,6,1,0,2,0,0,0,0,0,0,1110,88,203,c8fd020006010002000000000000000000000000560458cb00
1,4902,0,196081,6,1,0,2,0,0,0,0,0,0,1110,88,203,f1fd020006010002000000000000000000000000560458cb00
1,4903,0,196120,6,1,0,2,0,0,0,0,0,0,1110,88,203,18fe020006010002000000000000000000000000560458cb00
1,4904,0,196160,6,1,0,2,0,0,0,0,0,0,1110,88,203,40fe020006010002000000000000000000000000560458cb00
1,4905,0,196200,6,1,0,2,0,0,0,0,0,0,1110,88,203,68fe020006010002000000000000000000000000560458cb00
1,4906,0,196240,6,1,0,2,0,0,0,0,0,0,1110,88,203,90fe020006010002000000000000000000000000560458cb00
1,4907,0,196280,6,1,0,2,0,0,0,0,0,0,1110,88,203,b8fe020006010002000000000000000000000000560458cb00
1,4908,0,196321,6,1,0,2,0,0,0,0,0,0,1110,88,203,e1fe020006010002000000000000000000000000560458cb00
1,4909,0,196360,6,1,0,2,0,0,0,0,0,0,1110,88,203,08ff020006010002000000000000000000000000560458cb00
1,4910,0,196401,6,1,0,2,0,0,0,0,0,0,1110,88,203,31ff020006010002000000000000000000000000560458cb00
1,4911,0,196440,6,1,0,2,0,0,0,0,0,0,1110,88,203,58ff020006010002000000000000000000000000560458cb00
1,4912,0,196481,6,1,0,2,0,0,0,0,0,0,1110,88,203,81ff020006010002000000000000000000000000560458cb00
1,4913,0,196520,6,1,0,2,0,0,0,0,0,0,1110,88,203,a8ff020006010002000000000000000000000000560458cb00
1,4914,0,196561,6,1,0,2,0,0,0,0,0,0,1110,88,203,d1ff020006010002000000000000000000000000560458cb00
1,4915,0,196600,6,1,0,2,0,0,0,0,0,0,1110,88,203,f8ff020006010002000000000000000000000000560458cb00
1,4916,0,196640,6,1,0,2,0,0,0,0,0,0,1110,88,203,2000030006010002000000000000000000000000560458cb00
1,4917,0,196681,6,1,0,2,0,0,0,0,0,0,1110,88,203,4900030006010002000000000000000000000000560458cb00
1,4918,0,196720,6,1,0,2,0,0,0,0,0,0,1110,88,203,7000030006010002000000000000000000000000560458cb00
1,4919,0,196760,6,1,0,2,0,0,0,0,0,0,1110,88,203,9800030006010002000000000000000000000000560458cb00
1,4920,0,196800,6,1,0,2,0,0,0,0,0,0,1110,88,203,c000030006010002000000000000000000000000560458cb00
1,4921,0,196840,6,1,0,2,0,0,0,0,0,0,1110,88,203,e800030006010002000000000000000000000000560458cb00
1,4922,0,196880,6,1,0,2,0,0,0,0,0,0,1110,88,203,1001030006010002000000000000000000000000560458cb00
1,4923,0,196921,6,1,0,2,0,0,0,0,0,0,1110,88,203,3901030006010002000000000000000000000000560458cb00
1,4924,0,196960,6,1,0,2,0,0,0,0,0,0,1110,88,203,6001030006010002000000000000000000000000560458cb00
1,4925,0,197001,6,1,0,2,0,0,0,0,0,0,1110,88,203,8901030006010002000000000000000000000000560458cb00
1,4926,0,197040,6,1,0,2,0,0,0,0,0,0,1110,88,203,b001030006010002000000000000000000000000560458cb00
1,4927,0,197080,6,1,0,2,0,0,0,0,0,0,1110,88,203,d801030006010002000000000000000000000000560458cb00
1,4928,0,197120,6,1,0,2,0,0,0,0,0,0,1110,88,203,0002030006010002000000000000000000000000560458cb00
1,4929,0,197160,6,1,0,2,0,0,0,0,0,0,1110,88,203,2802030006010002000000000000000000000000560458cb00
1,4930,0,197200,6,1,0,2,0,0,0,0,0,0,1110,88,203,5002030006010002000000000000000000000000560458cb00
1,4931,0,197241,6,1,0,2,0,0,0,0,0,0,1110,88,203,7902030006010002000000000000000000000000560458cb00
1,4932,0,197280,6,1,0,2,0,0,0,0,0,0,1110,88,203,a002030006010002000000000000000000000000560458cb00
1,4933,0,197320,6,1,0,2,0,0,0,0,0,0,1110,88,203,c802030006010002000000000000000000000000560458cb00
1,4934,0,197360,6,1,0,2,0,0,0,0,0,0,1110,88,203,f002030006010002000000000000000000000000560458cb00
1,4935,0,197401,6,1,0,2,0,0,0,0,0,0,1110,88,203,1903030006010002000000000000000000000000560458cb00
1,4936,0,197440,6,1,0,2,0,0,0,0,0,0,1110,88,203,4003030006010002000000000000000000000000560458cb00
1,4937,0,197480,6,1,0,2,0,0,0,0,0,0,1110,88,203,6803030006010002000000000000000000000000560458cb00
1,4938,0,197520,6,1,0,2,0,0,0,0,0,0,1110,88,203,9003030006010002000000000000000000000000560458cb00
1,4939,0,197560,6,1,0,2,0,0,0,0,0,0,1110,88,203,b803030006010002000000000000000000000000560458cb00
1,4940,0,197600,6,1,0,2,0,0,0,0,0,0,1110,88,203,e003030006010002000000000000000000000000560458cb00
1,4941,0,197640,6,1,0,2,0,0,0,0,0,0,1110,88,203,0804030006010002000000000000000000000000560458cb00
1,4942,0,197680,6,1,0,2,0,0,0,0,0,0,1110,88,203,3004030006010002000000000000000000000000560458cb00
1,4943,0,197720,6,1,0,2,0,0,0,0,0,0,1110,88,203,5804030006010002000000000000000000000000560458cb00
1,4944,0,197761,6,1,0,2,0,0,0,0,0,0,1110,88,203,8104030006010002000000000000000000000000560458cb00
1,4945,0,197800,6,1,0,2,0,0,0,0,0,0,1110,88,203,a804030006010002000000000000000000000000560458cb00
1,4946,0,197841,6,1,0,2,0,0,0,0,0,0,1110,88,203,d104030006010002000000000000000000000000560458cb00
1,4947,0,197880,6,1,0,2,0,0,0,0,0,0,1110,88,203,f804030006010002000000000000000000000000560458cb00
1,4948,0,197920,6,1,0,2,0,0,0,0,0,0,1110,88,203,2005030006010002000000000000000000000000560458cb00
1,4949,0,197960,6,1,0,2,0,0,0,0,0,0,1110,88,203,4805030006010002000000000000000000000000560458cb00
1,4950,0,198000,6,1,0,2,0,0,0,0,0,0,1110,88,203,7005030006010002000000000000000000000000560458cb00
1,4951,0,198040,6,1,0,2,0,0,0,0,0,0,1110,88,203,9805030006010002000000000000000000000000560458cb00
1,4952,0,198080,6,1,0,2,0,0,0,0,0,0,1110,88,203,c005030006010002000000000000000000000000560458cb00
1,4953,0,198121,6,1,0,2,0,0,0,0,0,0,1110,88,203,e905030006010002000000000000000000000000560458cb00
1,4954,0,198161,6,1,0,2,0,0,0,0,0,0,1110,88,203,1106030006010002000000000000000000000000560458cb00
1,4955,0,198200,6,1,0,2,0,0,0,0,0,0,1110,88,203,3806030006010002000000000000000000000000560458cb00
1,4956,0,198240,6,1,0,2,0,0,0,0,0,0,1110,88,203,6006030006010002000000000000000000000000560458cb00
1,4957,0,198280,6,1,0,2,0,0,0,0,0,0,1110,88,203,8806030006010002000000000000000000000000560458cb00
1,4958,0,198320,6,1,0,2,0,0,0,0,0,0,1110,88,203,b006030006010002000000000000000000000000560458cb00
1,4959,0,198360,6,1,0,2,0,0,0,0,0,0,1110,88,203,d806030006010002000000000000000000000000560458cb00
1,4960,0,198400,6,1,0,2,0,0,0,0,0,0,1110,88,203,0007030006010002000000000000000000000000560458cb00
1,4961,0,198441,6,1,0,2,0,0,0,0,0,0,1110,88,203,2907030006010002000000000000000000000000560458cb00
1,4962,0,198480,6,1,0,2,0,0,0,0,0,0,1110,88,203,5007030006010002000000000000000000000000560458cb00
1,4963,0,198520,6,1,0,2,0,0,0,0,0,0,1110,88,203,7807030006010002000000000000000000000000560458cb00
1,4964,0,198560,6,1,0,2,0,0,0,0,0,0,1110,88,203,a007030006010002000000000000000000000000560458cb00
1,4965,0,198600,6,1,0,2,0,0,0,0,0,0,1110,88,203,c807030006010002000000000000000000000000560458cb00
1,4966,0,198640,6,1,0,2,0,0,0,0,0,0,1110,88,203,f007030006010002000000000000000000000000560458cb00
1,4967,0,198681,6,1,0,2,0,0,0,0,0,0,1110,88,203,1908030006010002000000000000000000000000560458cb00
1,4968,0,198721,6,1,0,2,0,0,0,0,0,0,1110,88,203,4108030006010002000000000000000000000000560458cb00
1,4969,0,198761,6,1,0,2,0,0,0,0,0,0,1110,88,203,6908030006010002000000000000000000000000560458cb00
1,4970,0,198800,6,1,0,2,0,0,0,0,0,0,1110,88,203,9008030006010002000000000000000000000000560458cb00
1,4971,0,198841,6,1,0,2,0,0,0,0,0,0,1110,88,203,b908030006010002000000000000000000000000560458cb00
1,4972,0,198880,6,1,0,2,0,0,0,0,0,0,1110,88,203,e008030006010002000000000000000000000000560458cb00
1,4973,0,198921,6,1,0,2,0,0,0,0,0,0,1110,88,203,0909030006010002000000000000000000000000560458cb00
1,4974,0,198960,6,1,0,2,0,0,0,0,0,0,1110,88,203,3009030006010002000000000000000000000000560458cb00
1,4975,0,199001,6,1,0,2,0,0,0,0,0,0,1110,88,203,5909030006010002000000000000000000000000560458cb00
1,4976,0,199040,6,1,0,2,0,0,0,0,0,0,1110,88,203,8009030006010002000000000000000000000000560458cb00
1,4977,0,199081,6,1,0,2,0,0,0,0,0,0,1110,88,203,a909030006010002000000000000000000000000560458cb00
1,4978,0,199120,6,1,0,2,0,0,0,0,0,0,1110,88,203,d009030006010002000000000000000000000000560458cb00
1,4979,0,199160,6,1,0,2,0,0,0,0,0,0,1110,88,203,f809030006010002000000000000000000000000560458cb00
1,4980,0,199200,6,1,0,2,0,0,0,0,0,0,1110,88,203,200a030006010002000000000000000000000000560458cb00
1,4981,0,199240,6,1,0,2,0,0,0,0,0,0,1110,88,203,480a030006010002000000000000000000000000560458cb00
1,4982,0,199280,6,1,0,2,0,0,0,0,0,0,1110,88,203,700a030006010002000000000000000000000000560458cb00
1,4983,0,199320,6,1,0,2,0,0,0,0,0,0,1110,88,203,980a030006010002000000000000000000000000560458cb00
1,4984,0,199360,6,1,0,2,0,0,0,0,0,0,1110,88,203,c00a030006010002000000000000000000000000560458cb00
1,4985,0,199400,6,1,0,2,0,0,0,0,0,0,1110,88,203,e80a030006010002000000000000000000000000560458cb00
1,4986,0,199441,6,1,0,2,0,0,0,0,0,0,1110,88,203,110b030006010002000000000000000000000000560458cb00
1,4987,0,199480,6,1,0,2,0,0,0,0,0,0,1110,88,203,380b030006010002000000000000000000000000560458cb00
1,4988,0,199520,6,1,0,2,0,0,0,0,0,0,1110,88,203,600b030006010002000000000000000000000000560458cb00
1,4989,0,199560,6,1,0,2,0,0,0,0,0,0,1110,88,203,880b030006010002000000000000000000000000560458cb00
1,4990,0,199601,6,1,0,2,0,0,0,0,0,0,1110,88,203,b10b030006010002000000000000000000000000560458cb00
1,4991,0,199641,6,1,0,2,0,0,0,0,0,0,1110,88,203,d90b030006010002000000000000000000000000560458cb00
1,4992,0,199680,6,1,0,2,0,0,0,0,0,0,1110,88,203,000c030006010002000000000000000000000000560458cb00
1,4993,0,199720,6,1,0,2,0,0,0,0,0,0,1110,88,203,280c030006010002000000000000000000000000560458cb00
1,4994,0,199760,6,1,0,2,0,0,0,0,0,0,1110,88,203,500c030006010002000000000000000000000000560458cb00
1,4995,0,199800,6,1,0,2,0,0,0,0,0,0,1110,88,203,780c030006010002000000000000000000000000560458cb00
1,4996,0,199840,6,1,0,2,0,0,0,0,0,0,1110,88,203,a00c030006010002000000000000000000000000560458cb00
1,4997,0,199880,6,1,0,2,0,0,0,0,0,0,1110,88,203,c80c030006010002000000000000000000000000560458cb00
1,4998,0,199921,6,1,0,2,0,0,0,0,0,0,1110,88,203,f10c030006010002000000000000000000000000560458cb00
1,4999,0,199960,6,1,0,2,0,0,0,0,0,0,1110,88,203,180d030006010002000000000000000000000000560458cb00
1,5000,0,200000,10,1,0,2,0,0,0,0,0,0,1110,88,203,400d03000a010002000000000000000000000000560458cb00
