
Symbol table '.symtab' contains 2230 entries:
   Num:    Value  Size Type    Bind   Vis      Ndx Name
     0: 00000000     0 NOTYPE  LOCAL  DEFAULT  UND 
     1: 00000000     0 SECTION LOCAL  DEFAULT    1 .rodata
     2: 00000000     0 SECTION LOCAL  DEFAULT    3 .llext.rodata.noreloc
     3: 00000000     0 SECTION LOCAL  DEFAULT    4 .text
     4: 00000000     0 SECTION LOCAL  DEFAULT    7 .data
     5: 00000000     0 SECTION LOCAL  DEFAULT    8 .bss
     6: 000003a4     0 NOTYPE  LOCAL  DEFAULT    4 $t
     7: 000003b8     0 NOTYPE  LOCAL  DEFAULT    4 $d
     8: 000003bc     0 NOTYPE  LOCAL  DEFAULT    4 $t
     9: 000003ec     0 NOTYPE  LOCAL  DEFAULT    4 $d
    10: 000003f4     0 NOTYPE  LOCAL  DEFAULT    4 $t
    11: 00000440     0 NOTYPE  LOCAL  DEFAULT    4 $d
    12: 00000448     0 NOTYPE  LOCAL  DEFAULT    4 $t
    13: 00000840     0 NOTYPE  LOCAL  DEFAULT    4 $d
    14: 00000868     0 NOTYPE  LOCAL  DEFAULT    4 $t
    15: 00000960     0 NOTYPE  LOCAL  DEFAULT    4 $t
    16: 000009e0     0 NOTYPE  LOCAL  DEFAULT    4 $t
    17: 00000a18     0 NOTYPE  LOCAL  DEFAULT    4 $t
    18: 00000a74     0 NOTYPE  LOCAL  DEFAULT    4 $d
    19: 00000a78     0 NOTYPE  LOCAL  DEFAULT    4 $t
    20: 00000ac8     0 NOTYPE  LOCAL  DEFAULT    4 $d
    21: 00000acc     0 NOTYPE  LOCAL  DEFAULT    4 $t
    22: 00000af0     0 NOTYPE  LOCAL  DEFAULT    4 $d
    23: 00000af8     0 NOTYPE  LOCAL  DEFAULT    4 $t
    24: 00000b34     0 NOTYPE  LOCAL  DEFAULT    4 $d
    25: 00000b38     0 NOTYPE  LOCAL  DEFAULT    4 $t
    26: 00000ba8     0 NOTYPE  LOCAL  DEFAULT    4 $t
    27: 00000c24     0 NOTYPE  LOCAL  DEFAULT    4 $d
    28: 00000c28     0 NOTYPE  LOCAL  DEFAULT    4 $t
    29: 00000c9c     0 NOTYPE  LOCAL  DEFAULT    4 $d
    30: 00000cac     0 NOTYPE  LOCAL  DEFAULT    4 $t
    31: 00000cd4     0 NOTYPE  LOCAL  DEFAULT    4 $d
    32: 00000cdc     0 NOTYPE  LOCAL  DEFAULT    4 $t
    33: 00000e14     0 NOTYPE  LOCAL  DEFAULT    4 $d
    34: 00000e2c     0 NOTYPE  LOCAL  DEFAULT    4 $t
    35: 00000ec8     0 NOTYPE  LOCAL  DEFAULT    4 $d
    36: 00000ed4     0 NOTYPE  LOCAL  DEFAULT    4 $t
    37: 00000f70     0 NOTYPE  LOCAL  DEFAULT    4 $d
    38: 00000f88     0 NOTYPE  LOCAL  DEFAULT    4 $t
    39: 00000fbc     0 NOTYPE  LOCAL  DEFAULT    4 $d
    40: 00000fc0     0 NOTYPE  LOCAL  DEFAULT    4 $t
    41: 00001024     0 NOTYPE  LOCAL  DEFAULT    4 $d
    42: 00001034     0 NOTYPE  LOCAL  DEFAULT    4 $t
    43: 00001098     0 NOTYPE  LOCAL  DEFAULT    4 $d
    44: 000010a8     0 NOTYPE  LOCAL  DEFAULT    4 $t
    45: 00001130     0 NOTYPE  LOCAL  DEFAULT    4 $d
    46: 00001140     0 NOTYPE  LOCAL  DEFAULT    4 $t
    47: 00001248     0 NOTYPE  LOCAL  DEFAULT    4 $d
    48: 00001268     0 NOTYPE  LOCAL  DEFAULT    4 $t
    49: 000012a4     0 NOTYPE  LOCAL  DEFAULT    4 $t
    50: 00001370     0 NOTYPE  LOCAL  DEFAULT    4 $d
    51: 00001384     0 NOTYPE  LOCAL  DEFAULT    4 $t
    52: 0000148c     0 NOTYPE  LOCAL  DEFAULT    4 $d
    53: 00000000     0 NOTYPE  LOCAL  DEFAULT    1 $d
    54: 00001c28     0 NOTYPE  LOCAL  DEFAULT    4 $t
    55: 00001c5e     0 NOTYPE  LOCAL  DEFAULT    4 $t
    56: 00001c90     0 NOTYPE  LOCAL  DEFAULT    4 $t
    57: 00001d08     0 NOTYPE  LOCAL  DEFAULT    4 $d
    58: 00001d0c     0 NOTYPE  LOCAL  DEFAULT    4 $t
    59: 00001e04     0 NOTYPE  LOCAL  DEFAULT    4 $d
    60: 00001e0c     0 NOTYPE  LOCAL  DEFAULT    4 $t
    61: 00001ef4     0 NOTYPE  LOCAL  DEFAULT    4 $d
    62: 00001f08     0 NOTYPE  LOCAL  DEFAULT    4 $t
    63: 00001f18     0 NOTYPE  LOCAL  DEFAULT    4 $t
    64: 000020d4     0 NOTYPE  LOCAL  DEFAULT    4 $d
    65: 00002104     0 NOTYPE  LOCAL  DEFAULT    4 $t
    66: 00002110     0 NOTYPE  LOCAL  DEFAULT    4 $d
    67: 00002114     0 NOTYPE  LOCAL  DEFAULT    4 $t
    68: 000021a8     0 NOTYPE  LOCAL  DEFAULT    4 $d
    69: 000021bc     0 NOTYPE  LOCAL  DEFAULT    4 $t
    70: 000022ec     0 NOTYPE  LOCAL  DEFAULT    4 $d
    71: 00000010     0 NOTYPE  LOCAL  DEFAULT    1 $d
    72: 00003728     0 NOTYPE  LOCAL  DEFAULT    4 $t
    73: 00003790     0 NOTYPE  LOCAL  DEFAULT    4 $d
    74: 00003794     0 NOTYPE  LOCAL  DEFAULT    4 $t
    75: 00003808     0 NOTYPE  LOCAL  DEFAULT    4 $t
    76: 00003814     0 NOTYPE  LOCAL  DEFAULT    4 $t
    77: 0000388c     0 NOTYPE  LOCAL  DEFAULT    4 $d
    78: 00003890     0 NOTYPE  LOCAL  DEFAULT    4 $t
    79: 0000389c     0 NOTYPE  LOCAL  DEFAULT    4 $d
    80: 000038a0     0 NOTYPE  LOCAL  DEFAULT    4 $t
    81: 000038ac     0 NOTYPE  LOCAL  DEFAULT    4 $d
    82: 000038b0     0 NOTYPE  LOCAL  DEFAULT    4 $t
    83: 00003960     0 NOTYPE  LOCAL  DEFAULT    4 $d
    84: 00003974     0 NOTYPE  LOCAL  DEFAULT    4 $t
    85: 00003a0c     0 NOTYPE  LOCAL  DEFAULT    4 $d
    86: 00003a18     0 NOTYPE  LOCAL  DEFAULT    4 $t
    87: 00003a7c     0 NOTYPE  LOCAL  DEFAULT    4 $d
    88: 00003a84     0 NOTYPE  LOCAL  DEFAULT    4 $t
    89: 00003af8     0 NOTYPE  LOCAL  DEFAULT    4 $d
    90: 00003b0c     0 NOTYPE  LOCAL  DEFAULT    4 $t
    91: 00003b5c     0 NOTYPE  LOCAL  DEFAULT    4 $d
    92: 00003b70     0 NOTYPE  LOCAL  DEFAULT    4 $t
    93: 00003c54     0 NOTYPE  LOCAL  DEFAULT    4 $d
    94: 00003c74     0 NOTYPE  LOCAL  DEFAULT    4 $t
    95: 00003c80     0 NOTYPE  LOCAL  DEFAULT    4 $d
    96: 00003c84     0 NOTYPE  LOCAL  DEFAULT    4 $t
    97: 00003cc0     0 NOTYPE  LOCAL  DEFAULT    4 $d
    98: 00003cc8     0 NOTYPE  LOCAL  DEFAULT    4 $t
    99: 00003cd8     0 NOTYPE  LOCAL  DEFAULT    4 $d
   100: 00003cdc     0 NOTYPE  LOCAL  DEFAULT    4 $t
   101: 00003d9c     0 NOTYPE  LOCAL  DEFAULT    4 $d
   102: 00003db0     0 NOTYPE  LOCAL  DEFAULT    4 $t
   103: 00003dbe     0 NOTYPE  LOCAL  DEFAULT    4 $t
   104: 00003dd6     0 NOTYPE  LOCAL  DEFAULT    4 $t
   105: 00003dfe     0 NOTYPE  LOCAL  DEFAULT    4 $t
   106: 00003e14     0 NOTYPE  LOCAL  DEFAULT    4 $t
   107: 00003e26     0 NOTYPE  LOCAL  DEFAULT    4 $d
   108: 00003e70     0 NOTYPE  LOCAL  DEFAULT    4 $d
   109: 00003e7c     0 NOTYPE  LOCAL  DEFAULT    4 $t
   110: 00003e8e     0 NOTYPE  LOCAL  DEFAULT    4 $d
   111: 00003ee4     0 NOTYPE  LOCAL  DEFAULT    4 $d
   112: 00003ef4     0 NOTYPE  LOCAL  DEFAULT    4 $t
   113: 00003fe0     0 NOTYPE  LOCAL  DEFAULT    4 $d
   114: 00003fec     0 NOTYPE  LOCAL  DEFAULT    4 $t
   115: 00003e2b     0 NOTYPE  LOCAL  DEFAULT    4 $d
   116: 00003e2c     0 NOTYPE  LOCAL  DEFAULT    4 $t
   117: 00003e93     0 NOTYPE  LOCAL  DEFAULT    4 $d
   118: 00003e94     0 NOTYPE  LOCAL  DEFAULT    4 $t
   119: 0000400c     0 NOTYPE  LOCAL  DEFAULT    4 $t
   120: 0000400d    94 FUNC    LOCAL  DEFAULT    4 _ZN4edge5Guard4stepEhbb.part.0
   121: 0000406a     0 NOTYPE  LOCAL  DEFAULT    4 $t
   122: 000040a0     0 NOTYPE  LOCAL  DEFAULT    4 $t
   123: 000040d8     0 NOTYPE  LOCAL  DEFAULT    4 $d
   124: 000040dc     0 NOTYPE  LOCAL  DEFAULT    4 $t
   125: 000040e8     0 NOTYPE  LOCAL  DEFAULT    4 $t
   126: 000040fe     0 NOTYPE  LOCAL  DEFAULT    4 $d
   127: 00004174     0 NOTYPE  LOCAL  DEFAULT    4 $d
   128: 00004190     0 NOTYPE  LOCAL  DEFAULT    4 $t
   129: 000041a2     0 NOTYPE  LOCAL  DEFAULT    4 $d
   130: 000041a6     0 NOTYPE  LOCAL  DEFAULT    4 $t
   131: 000041d8     0 NOTYPE  LOCAL  DEFAULT    4 $d
   132: 000041dc     0 NOTYPE  LOCAL  DEFAULT    4 $t
   133: 000041f0     0 NOTYPE  LOCAL  DEFAULT    4 $d
   134: 000041f4     0 NOTYPE  LOCAL  DEFAULT    4 $t
   135: 00004250     0 NOTYPE  LOCAL  DEFAULT    4 $d
   136: 00004260     0 NOTYPE  LOCAL  DEFAULT    4 $t
   137: 000042c8     0 NOTYPE  LOCAL  DEFAULT    4 $d
   138: 000042cc     0 NOTYPE  LOCAL  DEFAULT    4 $t
   139: 000043c4     0 NOTYPE  LOCAL  DEFAULT    4 $d
   140: 000043d4     0 NOTYPE  LOCAL  DEFAULT    4 $t
   141: 000043f8     0 NOTYPE  LOCAL  DEFAULT    4 $d
   142: 00004400     0 NOTYPE  LOCAL  DEFAULT    4 $t
   143: 00004426     0 NOTYPE  LOCAL  DEFAULT    4 $d
   144: 00004432     0 NOTYPE  LOCAL  DEFAULT    4 $t
   145: 000044d8     0 NOTYPE  LOCAL  DEFAULT    4 $d
   146: 000044ec     0 NOTYPE  LOCAL  DEFAULT    4 $t
   147: 0000455c     0 NOTYPE  LOCAL  DEFAULT    4 $d
   148: 0000456c     0 NOTYPE  LOCAL  DEFAULT    4 $t
   149: 000045dc     0 NOTYPE  LOCAL  DEFAULT    4 $d
   150: 000045ec     0 NOTYPE  LOCAL  DEFAULT    4 $t
   151: 0000461c     0 NOTYPE  LOCAL  DEFAULT    4 $t
   152: 00004684     0 NOTYPE  LOCAL  DEFAULT    4 $d
   153: 00004688     0 NOTYPE  LOCAL  DEFAULT    4 $t
   154: 00004854     0 NOTYPE  LOCAL  DEFAULT    4 $d
   155: 0000486c     0 NOTYPE  LOCAL  DEFAULT    4 $t
   156: 00004918     0 NOTYPE  LOCAL  DEFAULT    4 $d
   157: 0000492c     0 NOTYPE  LOCAL  DEFAULT    4 $t
   158: 000049c4     0 NOTYPE  LOCAL  DEFAULT    4 $d
   159: 000049d0     0 NOTYPE  LOCAL  DEFAULT    4 $t
   160: 00004b84     0 NOTYPE  LOCAL  DEFAULT    4 $d
   161: 0000002c     0 NOTYPE  LOCAL  DEFAULT    1 $d
   162: 00004103     0 NOTYPE  LOCAL  DEFAULT    4 $d
   163: 00004104     0 NOTYPE  LOCAL  DEFAULT    4 $t
   164: 00004ba0     0 NOTYPE  LOCAL  DEFAULT    4 $t
   165: 00004ba1   120 FUNC    LOCAL  DEFAULT    4 _ZN3fsm12_GLOBAL__N_115wrapHeadingViewEd
   166: 00004bf0     0 NOTYPE  LOCAL  DEFAULT    4 $d
   167: 00004c18     0 NOTYPE  LOCAL  DEFAULT    4 $t
   168: 00004c19   196 FUNC    LOCAL  DEFAULT    4 _ZN3fsm12_GLOBAL__N_117normalizedHeadingEf
   169: 00004ca0     0 NOTYPE  LOCAL  DEFAULT    4 $d
   170: 00004cdc     0 NOTYPE  LOCAL  DEFAULT    4 $t
   171: 00004d2c     0 NOTYPE  LOCAL  DEFAULT    4 $d
   172: 00004d30     0 NOTYPE  LOCAL  DEFAULT    4 $t
   173: 00004d84     0 NOTYPE  LOCAL  DEFAULT    4 $d
   174: 00004d88     0 NOTYPE  LOCAL  DEFAULT    4 $t
   175: 00004d90     0 NOTYPE  LOCAL  DEFAULT    4 $t
   176: 00004e94     0 NOTYPE  LOCAL  DEFAULT    4 $d
   177: 00004ea4     0 NOTYPE  LOCAL  DEFAULT    4 $t
   178: 00004ef0     0 NOTYPE  LOCAL  DEFAULT    4 $d
   179: 00004efc     0 NOTYPE  LOCAL  DEFAULT    4 $t
   180: 00004f00     0 NOTYPE  LOCAL  DEFAULT    4 $t
   181: 00004f40     0 NOTYPE  LOCAL  DEFAULT    4 $d
   182: 00004f50     0 NOTYPE  LOCAL  DEFAULT    4 $t
   183: 00004f88     0 NOTYPE  LOCAL  DEFAULT    4 $d
   184: 00004f90     0 NOTYPE  LOCAL  DEFAULT    4 $t
   185: 000050c4     0 NOTYPE  LOCAL  DEFAULT    4 $d
   186: 00005108     0 NOTYPE  LOCAL  DEFAULT    4 $t
   187: 0000515c     0 NOTYPE  LOCAL  DEFAULT    4 $d
   188: 00005170     0 NOTYPE  LOCAL  DEFAULT    4 $t
   189: 000051b0     0 NOTYPE  LOCAL  DEFAULT    4 $d
   190: 000051b8     0 NOTYPE  LOCAL  DEFAULT    4 $t
   191: 00005220     0 NOTYPE  LOCAL  DEFAULT    4 $d
   192: 00005224     0 NOTYPE  LOCAL  DEFAULT    4 $t
   193: 00005344     0 NOTYPE  LOCAL  DEFAULT    4 $d
   194: 00005354     0 NOTYPE  LOCAL  DEFAULT    4 $t
   195: 00005378     0 NOTYPE  LOCAL  DEFAULT    4 $d
   196: 00005380     0 NOTYPE  LOCAL  DEFAULT    4 $t
   197: 00005540     0 NOTYPE  LOCAL  DEFAULT    4 $d
   198: 0000559c     0 NOTYPE  LOCAL  DEFAULT    4 $t
   199: 00005624     0 NOTYPE  LOCAL  DEFAULT    4 $d
   200: 00005628     0 NOTYPE  LOCAL  DEFAULT    4 $t
   201: 00005664     0 NOTYPE  LOCAL  DEFAULT    4 $d
   202: 00005670     0 NOTYPE  LOCAL  DEFAULT    4 $t
   203: 000056c8     0 NOTYPE  LOCAL  DEFAULT    4 $d
   204: 000056dc     0 NOTYPE  LOCAL  DEFAULT    4 $t
   205: 000056ee     0 NOTYPE  LOCAL  DEFAULT    4 $d
   206: 000056f2     0 NOTYPE  LOCAL  DEFAULT    4 $t
   207: 00005718     0 NOTYPE  LOCAL  DEFAULT    4 $d
   208: 00005724     0 NOTYPE  LOCAL  DEFAULT    4 $t
   209: 0000577c     0 NOTYPE  LOCAL  DEFAULT    4 $d
   210: 0000578c     0 NOTYPE  LOCAL  DEFAULT    4 $t
   211: 000057c0     0 NOTYPE  LOCAL  DEFAULT    4 $d
   212: 000057c6     0 NOTYPE  LOCAL  DEFAULT    4 $t
   213: 0000580c     0 NOTYPE  LOCAL  DEFAULT    4 $d
   214: 00005810     0 NOTYPE  LOCAL  DEFAULT    4 $t
   215: 000059b4     0 NOTYPE  LOCAL  DEFAULT    4 $d
   216: 000059cc     0 NOTYPE  LOCAL  DEFAULT    4 $t
   217: 000059f4     0 NOTYPE  LOCAL  DEFAULT    4 $d
   218: 000059fc     0 NOTYPE  LOCAL  DEFAULT    4 $t
   219: 00005a5c     0 NOTYPE  LOCAL  DEFAULT    4 $d
   220: 00005a6c     0 NOTYPE  LOCAL  DEFAULT    4 $t
   221: 00005a9c     0 NOTYPE  LOCAL  DEFAULT    4 $d
   222: 00005aa0     0 NOTYPE  LOCAL  DEFAULT    4 $t
   223: 00005bac     0 NOTYPE  LOCAL  DEFAULT    4 $d
   224: 00005bc8     0 NOTYPE  LOCAL  DEFAULT    4 $t
   225: 00005bd4     0 NOTYPE  LOCAL  DEFAULT    4 $d
   226: 00005bd8     0 NOTYPE  LOCAL  DEFAULT    4 $t
   227: 00005c80     0 NOTYPE  LOCAL  DEFAULT    4 $d
   228: 00005ca0     0 NOTYPE  LOCAL  DEFAULT    4 $t
   229: 00005cb8     0 NOTYPE  LOCAL  DEFAULT    4 $t
   230: 00005cf8     0 NOTYPE  LOCAL  DEFAULT    4 $d
   231: 00005cfc     0 NOTYPE  LOCAL  DEFAULT    4 $t
   232: 00005d60     0 NOTYPE  LOCAL  DEFAULT    4 $t
   233: 00005e08     0 NOTYPE  LOCAL  DEFAULT    4 $d
   234: 00005e30     0 NOTYPE  LOCAL  DEFAULT    4 $t
   235: 00005ed8     0 NOTYPE  LOCAL  DEFAULT    4 $d
   236: 00005f04     0 NOTYPE  LOCAL  DEFAULT    4 $t
   237: 00006028     0 NOTYPE  LOCAL  DEFAULT    4 $d
   238: 0000603c     0 NOTYPE  LOCAL  DEFAULT    4 $t
   239: 00006068     0 NOTYPE  LOCAL  DEFAULT    4 $d
   240: 0000606c     0 NOTYPE  LOCAL  DEFAULT    4 $t
   241: 00006080     0 NOTYPE  LOCAL  DEFAULT    4 $d
   242: 00000064     0 NOTYPE  LOCAL  DEFAULT    1 $d
   243: 00006328     0 NOTYPE  LOCAL  DEFAULT    4 $t
   244: 00006350     0 NOTYPE  LOCAL  DEFAULT    4 $d
   245: 00006358     0 NOTYPE  LOCAL  DEFAULT    4 $t
   246: 000063ce     0 NOTYPE  LOCAL  DEFAULT    4 $t
   247: 0000642c     0 NOTYPE  LOCAL  DEFAULT    4 $t
   248: 00006564     0 NOTYPE  LOCAL  DEFAULT    4 $d
   249: 00006574     0 NOTYPE  LOCAL  DEFAULT    4 $t
   250: 00006624     0 NOTYPE  LOCAL  DEFAULT    4 $d
   251: 0000662c     0 NOTYPE  LOCAL  DEFAULT    4 $t
   252: 00006694     0 NOTYPE  LOCAL  DEFAULT    4 $d
   253: 00000098     0 NOTYPE  LOCAL  DEFAULT    1 $d
   254: 00006d10     0 NOTYPE  LOCAL  DEFAULT    4 $t
   255: 00006d11    60 FUNC    LOCAL  DEFAULT    4 _ZN3fsm12_GLOBAL__N_19validDutyEf
   256: 00006d48     0 NOTYPE  LOCAL  DEFAULT    4 $d
   257: 00006d4c     0 NOTYPE  LOCAL  DEFAULT    4 $t
   258: 00006d4d    92 FUNC    LOCAL  DEFAULT    4 _ZN3fsm12_GLOBAL__N_112allowedWheelEff
   259: 00006da4     0 NOTYPE  LOCAL  DEFAULT    4 $d
   260: 00006da8     0 NOTYPE  LOCAL  DEFAULT    4 $t
   261: 00006ea0     0 NOTYPE  LOCAL  DEFAULT    4 $d
   262: 00006ea4     0 NOTYPE  LOCAL  DEFAULT    4 $t
   263: 00006ed0     0 NOTYPE  LOCAL  DEFAULT    4 $d
   264: 00006ed4     0 NOTYPE  LOCAL  DEFAULT    4 $t
   265: 00006ef4     0 NOTYPE  LOCAL  DEFAULT    4 $t
   266: 00006f20     0 NOTYPE  LOCAL  DEFAULT    4 $t
   267: 00006f8c     0 NOTYPE  LOCAL  DEFAULT    4 $d
   268: 00006f90     0 NOTYPE  LOCAL  DEFAULT    4 $t
   269: 0000702c     0 NOTYPE  LOCAL  DEFAULT    4 $d
   270: 0000703c     0 NOTYPE  LOCAL  DEFAULT    4 $t
   271: 000070a4     0 NOTYPE  LOCAL  DEFAULT    4 $d
   272: 000070a8     0 NOTYPE  LOCAL  DEFAULT    4 $t
   273: 00007248     0 NOTYPE  LOCAL  DEFAULT    4 $d
   274: 00007270     0 NOTYPE  LOCAL  DEFAULT    4 $t
   275: 00007350     0 NOTYPE  LOCAL  DEFAULT    4 $d
   276: 00007364     0 NOTYPE  LOCAL  DEFAULT    4 $t
   277: 00007424     0 NOTYPE  LOCAL  DEFAULT    4 $d
   278: 0000742c     0 NOTYPE  LOCAL  DEFAULT    4 $t
   279: 000074c0     0 NOTYPE  LOCAL  DEFAULT    4 $d
   280: 000074c4     0 NOTYPE  LOCAL  DEFAULT    4 $t
   281: 000075b8     0 NOTYPE  LOCAL  DEFAULT    4 $d
   282: 000075c0     0 NOTYPE  LOCAL  DEFAULT    4 $t
   283: 00007614     0 NOTYPE  LOCAL  DEFAULT    4 $d
   284: 0000761c     0 NOTYPE  LOCAL  DEFAULT    4 $t
   285: 0000787c     0 NOTYPE  LOCAL  DEFAULT    4 $d
   286: 00007898     0 NOTYPE  LOCAL  DEFAULT    4 $t
   287: 0000793c     0 NOTYPE  LOCAL  DEFAULT    4 $d
   288: 00007940     0 NOTYPE  LOCAL  DEFAULT    4 $t
   289: 00007a18     0 NOTYPE  LOCAL  DEFAULT    4 $d
   290: 00007a24     0 NOTYPE  LOCAL  DEFAULT    4 $t
   291: 00007a74     0 NOTYPE  LOCAL  DEFAULT    4 $d
   292: 00007a90     0 NOTYPE  LOCAL  DEFAULT    4 $t
   293: 00007afc     0 NOTYPE  LOCAL  DEFAULT    4 $d
   294: 00007b00     0 NOTYPE  LOCAL  DEFAULT    4 $t
   295: 00007b60     0 NOTYPE  LOCAL  DEFAULT    4 $d
   296: 00007b70     0 NOTYPE  LOCAL  DEFAULT    4 $t
   297: 00007c08     0 NOTYPE  LOCAL  DEFAULT    4 $d
   298: 00007c1c     0 NOTYPE  LOCAL  DEFAULT    4 $t
   299: 00007c80     0 NOTYPE  LOCAL  DEFAULT    4 $d
   300: 00007c84     0 NOTYPE  LOCAL  DEFAULT    4 $t
   301: 00007d58     0 NOTYPE  LOCAL  DEFAULT    4 $d
   302: 00007d68     0 NOTYPE  LOCAL  DEFAULT    4 $t
   303: 00007d98     0 NOTYPE  LOCAL  DEFAULT    4 $d
   304: 00007da4     0 NOTYPE  LOCAL  DEFAULT    4 $t
   305: 00007ea4     0 NOTYPE  LOCAL  DEFAULT    4 $d
   306: 00007ebc     0 NOTYPE  LOCAL  DEFAULT    4 $t
   307: 00007ed4     0 NOTYPE  LOCAL  DEFAULT    4 $d
   308: 00007edc     0 NOTYPE  LOCAL  DEFAULT    4 $t
   309: 00007fb8     0 NOTYPE  LOCAL  DEFAULT    4 $d
   310: 00007fcc     0 NOTYPE  LOCAL  DEFAULT    4 $t
   311: 00008034     0 NOTYPE  LOCAL  DEFAULT    4 $d
   312: 0000803c     0 NOTYPE  LOCAL  DEFAULT    4 $t
   313: 00008110     0 NOTYPE  LOCAL  DEFAULT    4 $d
   314: 00008128     0 NOTYPE  LOCAL  DEFAULT    4 $t
   315: 000081fc     0 NOTYPE  LOCAL  DEFAULT    4 $d
   316: 00008208     0 NOTYPE  LOCAL  DEFAULT    4 $t
   317: 000082c0     0 NOTYPE  LOCAL  DEFAULT    4 $d
   318: 000082d8     0 NOTYPE  LOCAL  DEFAULT    4 $t
   319: 00008464     0 NOTYPE  LOCAL  DEFAULT    4 $d
   320: 0000848c     0 NOTYPE  LOCAL  DEFAULT    4 $t
   321: 00008578     0 NOTYPE  LOCAL  DEFAULT    4 $d
   322: 00008584     0 NOTYPE  LOCAL  DEFAULT    4 $t
   323: 000086a4     0 NOTYPE  LOCAL  DEFAULT    4 $d
   324: 000086bc     0 NOTYPE  LOCAL  DEFAULT    4 $t
   325: 000087c0     0 NOTYPE  LOCAL  DEFAULT    4 $d
   326: 000087c8     0 NOTYPE  LOCAL  DEFAULT    4 $t
   327: 00008850     0 NOTYPE  LOCAL  DEFAULT    4 $d
   328: 0000885c     0 NOTYPE  LOCAL  DEFAULT    4 $t
   329: 000088b8     0 NOTYPE  LOCAL  DEFAULT    4 $d
   330: 000088bc     0 NOTYPE  LOCAL  DEFAULT    4 $t
   331: 0000893c     0 NOTYPE  LOCAL  DEFAULT    4 $d
   332: 0000895c     0 NOTYPE  LOCAL  DEFAULT    4 $t
   333: 00008aa4     0 NOTYPE  LOCAL  DEFAULT    4 $d
   334: 00008ab4     0 NOTYPE  LOCAL  DEFAULT    4 $t
   335: 00008c58     0 NOTYPE  LOCAL  DEFAULT    4 $d
   336: 00008c64     0 NOTYPE  LOCAL  DEFAULT    4 $t
   337: 00008cf0     0 NOTYPE  LOCAL  DEFAULT    4 $d
   338: 00008d00     0 NOTYPE  LOCAL  DEFAULT    4 $t
   339: 00008e10     0 NOTYPE  LOCAL  DEFAULT    4 $d
   340: 00008e20     0 NOTYPE  LOCAL  DEFAULT    4 $t
   341: 00008f30     0 NOTYPE  LOCAL  DEFAULT    4 $d
   342: 00008f44     0 NOTYPE  LOCAL  DEFAULT    4 $t
   343: 00009058     0 NOTYPE  LOCAL  DEFAULT    4 $d
   344: 000090a8     0 NOTYPE  LOCAL  DEFAULT    4 $t
   345: 000091b4     0 NOTYPE  LOCAL  DEFAULT    4 $d
   346: 000000b0     0 NOTYPE  LOCAL  DEFAULT    1 $d
   347: 0000aeb0     0 NOTYPE  LOCAL  DEFAULT    4 $t
   348: 0000aeb1   192 FUNC    LOCAL  DEFAULT    4 _ZN10opp_fusion12_GLOBAL__N_112worldBearingEff
   349: 0000af38     0 NOTYPE  LOCAL  DEFAULT    4 $d
   350: 0000af70     0 NOTYPE  LOCAL  DEFAULT    4 $t
   351: 0000af80     0 NOTYPE  LOCAL  DEFAULT    4 $d
   352: 0000afb4     0 NOTYPE  LOCAL  DEFAULT    4 $d
   353: 0000afcc     0 NOTYPE  LOCAL  DEFAULT    4 $t
   354: 0000b050     0 NOTYPE  LOCAL  DEFAULT    4 $t
   355: 0000b08c     0 NOTYPE  LOCAL  DEFAULT    4 $t
   356: 0000b1b0     0 NOTYPE  LOCAL  DEFAULT    4 $d
   357: 0000b1d8     0 NOTYPE  LOCAL  DEFAULT    4 $t
   358: 0000b2c4     0 NOTYPE  LOCAL  DEFAULT    4 $d
   359: 0000b2e0     0 NOTYPE  LOCAL  DEFAULT    4 $t
   360: 0000b328     0 NOTYPE  LOCAL  DEFAULT    4 $d
   361: 0000b32c     0 NOTYPE  LOCAL  DEFAULT    4 $t
   362: 0000b344     0 NOTYPE  LOCAL  DEFAULT    4 $d
   363: 0000b348     0 NOTYPE  LOCAL  DEFAULT    4 $t
   364: 0000b3bc     0 NOTYPE  LOCAL  DEFAULT    4 $d
   365: 0000b3cc     0 NOTYPE  LOCAL  DEFAULT    4 $t
   366: 0000b518     0 NOTYPE  LOCAL  DEFAULT    4 $d
   367: 0000b530     0 NOTYPE  LOCAL  DEFAULT    4 $t
   368: 0000b674     0 NOTYPE  LOCAL  DEFAULT    4 $d
   369: 0000b694     0 NOTYPE  LOCAL  DEFAULT    4 $t
   370: 0000b81c     0 NOTYPE  LOCAL  DEFAULT    4 $d
   371: 0000b838     0 NOTYPE  LOCAL  DEFAULT    4 $t
   372: 0000b864     0 NOTYPE  LOCAL  DEFAULT    4 $d
   373: 0000b868     0 NOTYPE  LOCAL  DEFAULT    4 $t
   374: 0000b8b0     0 NOTYPE  LOCAL  DEFAULT    4 $d
   375: 0000b8b4     0 NOTYPE  LOCAL  DEFAULT    4 $t
   376: 00000100     0 NOTYPE  LOCAL  DEFAULT    1 $d
   377: 0000af87     0 NOTYPE  LOCAL  DEFAULT    4 $d
   378: 0000af88     0 NOTYPE  LOCAL  DEFAULT    4 $t
   379: 0000c630     0 NOTYPE  LOCAL  DEFAULT    4 $t
   380: 0000c631    18 FUNC    LOCAL  DEFAULT    4 _ZN3imu12_GLOBAL__N_110signedWordEPKh
   381: 0000c644     0 NOTYPE  LOCAL  DEFAULT    4 $t
   382: 0000c6a0     0 NOTYPE  LOCAL  DEFAULT    4 $d
   383: 0000c6a8     0 NOTYPE  LOCAL  DEFAULT    4 $t
   384: 0000c6d0     0 NOTYPE  LOCAL  DEFAULT    4 $d
   385: 0000c6d4     0 NOTYPE  LOCAL  DEFAULT    4 $t
   386: 0000c72c     0 NOTYPE  LOCAL  DEFAULT    4 $d
   387: 0000c730     0 NOTYPE  LOCAL  DEFAULT    4 $t
   388: 0000c890     0 NOTYPE  LOCAL  DEFAULT    4 $d
   389: 000000b0   576 OBJECT  LOCAL  DEFAULT    3 _ZN3imu12_GLOBAL__N_1L5STEPSE
   390: 0000c8ac     0 NOTYPE  LOCAL  DEFAULT    4 $t
   391: 0000c9cc     0 NOTYPE  LOCAL  DEFAULT    4 $d
   392: 000000b0     0 NOTYPE  LOCAL  DEFAULT    3 $d
   393: 00000130     0 NOTYPE  LOCAL  DEFAULT    1 $d
   394: 0000d1d4     0 NOTYPE  LOCAL  DEFAULT    4 $t
   395: 0000d1d5   102 FUNC    LOCAL  DEFAULT    4 _ZN3imu12_GLOBAL__N_111zeroHeadingERKNS_8EstimateE
   396: 0000d23c     0 NOTYPE  LOCAL  DEFAULT    4 $t
   397: 0000d23d    40 FUNC    LOCAL  DEFAULT    4 _ZN3imu12_GLOBAL__N_15emptyERKNS_8EstimateE
   398: 0000d260     0 NOTYPE  LOCAL  DEFAULT    4 $d
   399: 0000d264     0 NOTYPE  LOCAL  DEFAULT    4 $t
   400: 0000d2b2     0 NOTYPE  LOCAL  DEFAULT    4 $d
   401: 0000d2b6     0 NOTYPE  LOCAL  DEFAULT    4 $t
   402: 0000d4c0     0 NOTYPE  LOCAL  DEFAULT    4 $d
   403: 00000144     0 NOTYPE  LOCAL  DEFAULT    1 $d
   404: 0000dac8     0 NOTYPE  LOCAL  DEFAULT    4 $t
   405: 0000dac9    62 FUNC    LOCAL  DEFAULT    4 _ZN3imu12_GLOBAL__N_115registerAllowedENS_8RegisterEb
   406: 0000db08     0 NOTYPE  LOCAL  DEFAULT    4 $t
   407: 0000db09    36 FUNC    LOCAL  DEFAULT    4 _ZN3imu12_GLOBAL__N_112padsPristineEv
   408: 0000db28     0 NOTYPE  LOCAL  DEFAULT    4 $d
   409: 0000db2c     0 NOTYPE  LOCAL  DEFAULT    4 $t
   410: 0000db2d    44 FUNC    LOCAL  DEFAULT    4 _ZN3imu12_GLOBAL__N_111errorStatusEj
   411: 0000db58     0 NOTYPE  LOCAL  DEFAULT    4 $t
   412: 0000db59   368 FUNC    LOCAL  DEFAULT    4 _ZN3imu12_GLOBAL__N_116environmentValidEv
   413: 0000dcac     0 NOTYPE  LOCAL  DEFAULT    4 $d
   414: 0000dcc8     0 NOTYPE  LOCAL  DEFAULT    4 $t
   415: 0000dd6c     0 NOTYPE  LOCAL  DEFAULT    4 $d
   416: 0000dd78     0 NOTYPE  LOCAL  DEFAULT    4 $t
   417: 0000ddac     0 NOTYPE  LOCAL  DEFAULT    4 $d
   418: 0000ddb8     0 NOTYPE  LOCAL  DEFAULT    4 $t
   419: 0000ddf4     0 NOTYPE  LOCAL  DEFAULT    4 $d
   420: 0000ddfc     0 NOTYPE  LOCAL  DEFAULT    4 $t
   421: 0000df8c     0 NOTYPE  LOCAL  DEFAULT    4 $d
   422: 0000df98     0 NOTYPE  LOCAL  DEFAULT    4 $t
   423: 0000e054     0 NOTYPE  LOCAL  DEFAULT    4 $d
   424: 0000e06c     0 NOTYPE  LOCAL  DEFAULT    4 $t
   425: 0000e10c     0 NOTYPE  LOCAL  DEFAULT    4 $d
   426: 0000e118     0 NOTYPE  LOCAL  DEFAULT    4 $t
   427: 0000e248     0 NOTYPE  LOCAL  DEFAULT    4 $d
   428: 00028d64     1 OBJECT  LOCAL  DEFAULT    8 _ZN3imu12_GLOBAL__N_111bus_claimedE
   429: 0000e26c     0 NOTYPE  LOCAL  DEFAULT    4 $t
   430: 0000e2dc     0 NOTYPE  LOCAL  DEFAULT    4 $d
   431: 0000e2ec     0 NOTYPE  LOCAL  DEFAULT    4 $t
   432: 0000e318     0 NOTYPE  LOCAL  DEFAULT    4 $d
   433: 0000e320     0 NOTYPE  LOCAL  DEFAULT    4 $t
   434: 0000e3b8     0 NOTYPE  LOCAL  DEFAULT    4 $d
   435: 0000e3c8     0 NOTYPE  LOCAL  DEFAULT    4 $t
   436: 0000e450     0 NOTYPE  LOCAL  DEFAULT    4 $d
   437: 0000e458     0 NOTYPE  LOCAL  DEFAULT    4 $t
   438: 0000e4dc     0 NOTYPE  LOCAL  DEFAULT    4 $d
   439: 0000e4f0     0 NOTYPE  LOCAL  DEFAULT    4 $t
   440: 0000e504     0 NOTYPE  LOCAL  DEFAULT    4 $d
   441: 0000e50c     0 NOTYPE  LOCAL  DEFAULT    4 $t
   442: 0000e550     0 NOTYPE  LOCAL  DEFAULT    4 $d
   443: 0000e558     0 NOTYPE  LOCAL  DEFAULT    4 $t
   444: 0000e5dc     0 NOTYPE  LOCAL  DEFAULT    4 $d
   445: 0000e5f4     0 NOTYPE  LOCAL  DEFAULT    4 $t
   446: 0000e664     0 NOTYPE  LOCAL  DEFAULT    4 $d
   447: 0000e684     0 NOTYPE  LOCAL  DEFAULT    4 $t
   448: 0000e784     0 NOTYPE  LOCAL  DEFAULT    4 $d
   449: 0000e7a4     0 NOTYPE  LOCAL  DEFAULT    4 $t
   450: 0000e828     0 NOTYPE  LOCAL  DEFAULT    4 $d
   451: 0000e830     0 NOTYPE  LOCAL  DEFAULT    4 $t
   452: 0000e84a     0 NOTYPE  LOCAL  DEFAULT    4 $d
   453: 0000e84e     0 NOTYPE  LOCAL  DEFAULT    4 $t
   454: 0000e8b8     0 NOTYPE  LOCAL  DEFAULT    4 $d
   455: 0000e8cc     0 NOTYPE  LOCAL  DEFAULT    4 $t
   456: 0000e96c     0 NOTYPE  LOCAL  DEFAULT    4 $d
   457: 0000e97c     0 NOTYPE  LOCAL  DEFAULT    4 $t
   458: 0000e9b8     0 NOTYPE  LOCAL  DEFAULT    4 $d
   459: 0000e9c4     0 NOTYPE  LOCAL  DEFAULT    4 $t
   460: 0000ea00     0 NOTYPE  LOCAL  DEFAULT    4 $d
   461: 0000ea0c     0 NOTYPE  LOCAL  DEFAULT    4 $t
   462: 0000ea24     0 NOTYPE  LOCAL  DEFAULT    4 $d
   463: 00028d64     0 NOTYPE  LOCAL  DEFAULT    8 $d
   464: 00000158     0 NOTYPE  LOCAL  DEFAULT    1 $d
   465: 0000f0c0     0 NOTYPE  LOCAL  DEFAULT    4 $t
   466: 0000f0c1    42 FUNC    LOCAL  DEFAULT    4 gpio_pin_configure_dt
   467: 0000f0ea     0 NOTYPE  LOCAL  DEFAULT    4 $t
   468: 0000f0eb    32 FUNC    LOCAL  DEFAULT    4 gpio_pin_get_raw
   469: 0000f10c     0 NOTYPE  LOCAL  DEFAULT    4 $t
   470: 0000f10d    24 FUNC    LOCAL  DEFAULT    4 _ZN8line_qtr12_GLOBAL__N_13padEj
   471: 0000f11c     0 NOTYPE  LOCAL  DEFAULT    4 $d
   472: 0000f124     0 NOTYPE  LOCAL  DEFAULT    4 $t
   473: 0000f125    70 FUNC    LOCAL  DEFAULT    4 _ZN8line_qtr12_GLOBAL__N_19validSpecERK12gpio_dt_spec
   474: 0000f16c     0 NOTYPE  LOCAL  DEFAULT    4 $t
   475: 0000f16d   116 FUNC    LOCAL  DEFAULT    4 _ZN8line_qtr12_GLOBAL__N_111separatePinEj
   476: 0000f1c4     0 NOTYPE  LOCAL  DEFAULT    4 $d
   477: 0000f1e0     0 NOTYPE  LOCAL  DEFAULT    4 $t
   478: 0000f1e1   204 FUNC    LOCAL  DEFAULT    4 _ZN8line_qtr12_GLOBAL__N_113metadataValidEv
   479: 0000f280     0 NOTYPE  LOCAL  DEFAULT    4 $d
   480: 00000520    16 OBJECT  LOCAL  DEFAULT    3 _ZN8line_qtr12_GLOBAL__N_1L11PIN_INDICESE
   481: 00000530    16 OBJECT  LOCAL  DEFAULT    3 _ZN8line_qtr12_GLOBAL__N_1L8PAD_BITSE
   482: 0000f2ac     0 NOTYPE  LOCAL  DEFAULT    4 $t
   483: 0000f2ad   124 FUNC    LOCAL  DEFAULT    4 _ZN8line_qtr12_GLOBAL__N_18padStateEj
   484: 0000f31c     0 NOTYPE  LOCAL  DEFAULT    4 $d
   485: 0000f328     0 NOTYPE  LOCAL  DEFAULT    4 $t
   486: 0000f329   204 FUNC    LOCAL  DEFAULT    4 _ZN8line_qtr12_GLOBAL__N_117hardwareAvailableEv
   487: 0000f3d4     0 NOTYPE  LOCAL  DEFAULT    4 $d
   488: 00000540     4 OBJECT  LOCAL  DEFAULT    3 _ZN8line_qtr12_GLOBAL__N_1L8PAD_IRQSE
   489: 0000f3f4     0 NOTYPE  LOCAL  DEFAULT    4 $t
   490: 0000f454     0 NOTYPE  LOCAL  DEFAULT    4 $d
   491: 0000f468     0 NOTYPE  LOCAL  DEFAULT    4 $t
   492: 0000f4a4     0 NOTYPE  LOCAL  DEFAULT    4 $d
   493: 0000f4a8     0 NOTYPE  LOCAL  DEFAULT    4 $t
   494: 0000f4cc     0 NOTYPE  LOCAL  DEFAULT    4 $d
   495: 0000f4d4     0 NOTYPE  LOCAL  DEFAULT    4 $t
   496: 0000f510     0 NOTYPE  LOCAL  DEFAULT    4 $t
   497: 0000f568     0 NOTYPE  LOCAL  DEFAULT    4 $d
   498: 0000f56c     0 NOTYPE  LOCAL  DEFAULT    4 $t
   499: 0000f688     0 NOTYPE  LOCAL  DEFAULT    4 $d
   500: 0000f6a4     0 NOTYPE  LOCAL  DEFAULT    4 $t
   501: 0000f6d8     0 NOTYPE  LOCAL  DEFAULT    4 $d
   502: 0000f6e8     0 NOTYPE  LOCAL  DEFAULT    4 $t
   503: 0000f730     0 NOTYPE  LOCAL  DEFAULT    4 $d
   504: 0000f740     0 NOTYPE  LOCAL  DEFAULT    4 $t
   505: 0000f7c4     0 NOTYPE  LOCAL  DEFAULT    4 $d
   506: 0000f7dc     0 NOTYPE  LOCAL  DEFAULT    4 $t
   507: 0000f80c     0 NOTYPE  LOCAL  DEFAULT    4 $d
   508: 0000f814     0 NOTYPE  LOCAL  DEFAULT    4 $t
   509: 0000f8f8     0 NOTYPE  LOCAL  DEFAULT    4 $d
   510: 0000f910     0 NOTYPE  LOCAL  DEFAULT    4 $t
   511: 0000f95c     0 NOTYPE  LOCAL  DEFAULT    4 $d
   512: 0000f96c     0 NOTYPE  LOCAL  DEFAULT    4 $t
   513: 0000f9b4     0 NOTYPE  LOCAL  DEFAULT    4 $d
   514: 0000f9c8     0 NOTYPE  LOCAL  DEFAULT    4 $t
   515: 0000faa0     0 NOTYPE  LOCAL  DEFAULT    4 $d
   516: 0000fabc     0 NOTYPE  LOCAL  DEFAULT    4 $t
   517: 0000fb80     0 NOTYPE  LOCAL  DEFAULT    4 $d
   518: 0000fb98     0 NOTYPE  LOCAL  DEFAULT    4 $t
   519: 0000fbc0     0 NOTYPE  LOCAL  DEFAULT    4 $d
   520: 0000fbc4     0 NOTYPE  LOCAL  DEFAULT    4 $t
   521: 0000fcd4     0 NOTYPE  LOCAL  DEFAULT    4 $d
   522: 00028d65     1 OBJECT  LOCAL  DEFAULT    8 _ZN8line_qtr12_GLOBAL__N_111qtr_claimedE
   523: 0000fd08     0 NOTYPE  LOCAL  DEFAULT    4 $t
   524: 0000fdb8     0 NOTYPE  LOCAL  DEFAULT    4 $d
   525: 0000fdcc     0 NOTYPE  LOCAL  DEFAULT    4 $t
   526: 0000fe30     0 NOTYPE  LOCAL  DEFAULT    4 $d
   527: 0000fe34     0 NOTYPE  LOCAL  DEFAULT    4 $t
   528: 0000feb0     0 NOTYPE  LOCAL  DEFAULT    4 $d
   529: 0000fec8     0 NOTYPE  LOCAL  DEFAULT    4 $t
   530: 0000feec     0 NOTYPE  LOCAL  DEFAULT    4 $d
   531: 00028d65     0 NOTYPE  LOCAL  DEFAULT    8 $d
   532: 00000520     0 NOTYPE  LOCAL  DEFAULT    3 $d
   533: 00000530     0 NOTYPE  LOCAL  DEFAULT    3 $d
   534: 0000032c     0 NOTYPE  LOCAL  DEFAULT    3 $d
   535: 00000300     0 NOTYPE  LOCAL  DEFAULT    3 $d
   536: 00000310     0 NOTYPE  LOCAL  DEFAULT    3 $d
   537: 0000017c     0 NOTYPE  LOCAL  DEFAULT    1 $d
   538: 0000fef4     0 NOTYPE  LOCAL  DEFAULT    4 $t
   539: 0000fef5    40 FUNC    LOCAL  DEFAULT    4 _ZN8line_qtr12_GLOBAL__N_18emptyPadERKNS_3PadE
   540: 0000ff1c     0 NOTYPE  LOCAL  DEFAULT    4 $t
   541: 0000ff1d    36 FUNC    LOCAL  DEFAULT    4 _ZN8line_qtr12_GLOBAL__N_17orderedERKNS_8SnapshotEjj
   542: 0000ff40     0 NOTYPE  LOCAL  DEFAULT    4 $t
   543: 0000ff41    44 FUNC    LOCAL  DEFAULT    4 _ZN8line_qtr12_GLOBAL__N_112emptyCleanupERKNS_7CleanupE
   544: 0000ff6c     0 NOTYPE  LOCAL  DEFAULT    4 $t
   545: 0000ff6d    96 FUNC    LOCAL  DEFAULT    4 _ZN8line_qtr12_GLOBAL__N_110emptyFrameERKNS_8SnapshotE
   546: 0000ffc4     0 NOTYPE  LOCAL  DEFAULT    4 $d
   547: 0000ffcc     0 NOTYPE  LOCAL  DEFAULT    4 $t
   548: 0000ffcd    44 FUNC    LOCAL  DEFAULT    4 _ZN8line_qtr12_GLOBAL__N_110masksValidERKNS_8SnapshotE.isra.0
   549: 0000fff8     0 NOTYPE  LOCAL  DEFAULT    4 $t
   550: 000102b0     0 NOTYPE  LOCAL  DEFAULT    4 $d
   551: 000102c0     0 NOTYPE  LOCAL  DEFAULT    4 $t
   552: 000102c1   180 FUNC    LOCAL  DEFAULT    4 _ZN8line_qtr12_GLOBAL__N_112applyControlERN3fsm10RobotInputERKNS_8SnapshotEPKjj
   553: 0001036c     0 NOTYPE  LOCAL  DEFAULT    4 $d
   554: 00010374     0 NOTYPE  LOCAL  DEFAULT    4 $t
   555: 00010394     0 NOTYPE  LOCAL  DEFAULT    4 $t
   556: 000103e0     0 NOTYPE  LOCAL  DEFAULT    4 $d
   557: 000103ec     0 NOTYPE  LOCAL  DEFAULT    4 $t
   558: 0001044c     0 NOTYPE  LOCAL  DEFAULT    4 $d
   559: 000001a0     0 NOTYPE  LOCAL  DEFAULT    1 $d
   560: 00010456     0 NOTYPE  LOCAL  DEFAULT    4 $t
   561: 00010457    32 FUNC    LOCAL  DEFAULT    4 gpio_pin_get_raw
   562: 00010478     0 NOTYPE  LOCAL  DEFAULT    4 $t
   563: 00010479    40 FUNC    LOCAL  DEFAULT    4 _ZN6motors12_GLOBAL__N_111timerDeviceEj
   564: 0001049c     0 NOTYPE  LOCAL  DEFAULT    4 $d
   565: 000104a0     0 NOTYPE  LOCAL  DEFAULT    4 $t
   566: 000104a1    40 FUNC    LOCAL  DEFAULT    4 _ZN6motors12_GLOBAL__N_114timerRegistersEj
   567: 000104c4     0 NOTYPE  LOCAL  DEFAULT    4 $d
   568: 000104c8     0 NOTYPE  LOCAL  DEFAULT    4 $t
   569: 000104c9   104 FUNC    LOCAL  DEFAULT    4 _ZN6motors12_GLOBAL__N_113candidateRateEj
   570: 0001051c     0 NOTYPE  LOCAL  DEFAULT    4 $d
   571: 0000033c    12 OBJECT  LOCAL  DEFAULT    3 _ZN6motors12_GLOBAL__N_1L10PRESCALERSE
   572: 00000368    12 OBJECT  LOCAL  DEFAULT    3 _ZN6motors12_GLOBAL__N_1L7DOMAINSE
   573: 00000374    12 OBJECT  LOCAL  DEFAULT    3 _ZN6motors12_GLOBAL__N_1L9SELECTORSE
   574: 00010530     0 NOTYPE  LOCAL  DEFAULT    4 $t
   575: 00010531    56 FUNC    LOCAL  DEFAULT    4 _ZN6motors12_GLOBAL__N_115candidatePeriodEj
   576: 00010560     0 NOTYPE  LOCAL  DEFAULT    4 $d
   577: 00010568     0 NOTYPE  LOCAL  DEFAULT    4 $t
   578: 00010569    40 FUNC    LOCAL  DEFAULT    4 _ZN6motors12_GLOBAL__N_18validPadERK12gpio_dt_spec
   579: 00010590     0 NOTYPE  LOCAL  DEFAULT    4 $t
   580: 00010594     0 NOTYPE  LOCAL  DEFAULT    4 $d
   581: 00010598     0 NOTYPE  LOCAL  DEFAULT    4 $t
   582: 00010599   144 FUNC    LOCAL  DEFAULT    4 _ZN6motors12_GLOBAL__N_120validInputSeparationERK12gpio_dt_spec
   583: 00010614     0 NOTYPE  LOCAL  DEFAULT    4 $d
   584: 00010628     0 NOTYPE  LOCAL  DEFAULT    4 $t
   585: 00010629   264 FUNC    LOCAL  DEFAULT    4 _ZN6motors12_GLOBAL__N_110mapChannelEjRj
   586: 00010704     0 NOTYPE  LOCAL  DEFAULT    4 $d
   587: 0000029c   128 OBJECT  LOCAL  DEFAULT    1 _ZN6motors12_GLOBAL__N_1L8PWM_PADSE
   588: 0000031c   256 OBJECT  LOCAL  DEFAULT    1 _ZN6motors12_GLOBAL__N_1L9PWM_SPECSE
   589: 00000348    16 OBJECT  LOCAL  DEFAULT    3 _ZN6motors12_GLOBAL__N_1L14CHANNEL_TIMERSE
   590: 00000358    16 OBJECT  LOCAL  DEFAULT    3 _ZN6motors12_GLOBAL__N_1L15NATIVE_CHANNELSE
   591: 00010730     0 NOTYPE  LOCAL  DEFAULT    4 $t
   592: 00010798     0 NOTYPE  LOCAL  DEFAULT    4 $d
   593: 000107bc     0 NOTYPE  LOCAL  DEFAULT    4 $t
   594: 00010850     0 NOTYPE  LOCAL  DEFAULT    4 $d
   595: 00010868     0 NOTYPE  LOCAL  DEFAULT    4 $t
   596: 00010974     0 NOTYPE  LOCAL  DEFAULT    4 $d
   597: 0001099c     0 NOTYPE  LOCAL  DEFAULT    4 $t
   598: 000109f4     0 NOTYPE  LOCAL  DEFAULT    4 $d
   599: 00010a00     0 NOTYPE  LOCAL  DEFAULT    4 $t
   600: 00010a28     0 NOTYPE  LOCAL  DEFAULT    4 $d
   601: 00010a34     0 NOTYPE  LOCAL  DEFAULT    4 $t
   602: 00010b84     0 NOTYPE  LOCAL  DEFAULT    4 $d
   603: 00010ba4     0 NOTYPE  LOCAL  DEFAULT    4 $t
   604: 00010c74     0 NOTYPE  LOCAL  DEFAULT    4 $d
   605: 00010c90     0 NOTYPE  LOCAL  DEFAULT    4 $t
   606: 00010d5c     0 NOTYPE  LOCAL  DEFAULT    4 $d
   607: 00010d74     0 NOTYPE  LOCAL  DEFAULT    4 $t
   608: 00010dac     0 NOTYPE  LOCAL  DEFAULT    4 $d
   609: 00010db8     0 NOTYPE  LOCAL  DEFAULT    4 $t
   610: 00010e68     0 NOTYPE  LOCAL  DEFAULT    4 $d
   611: 00000374     0 NOTYPE  LOCAL  DEFAULT    3 $d
   612: 00000368     0 NOTYPE  LOCAL  DEFAULT    3 $d
   613: 0000033c     0 NOTYPE  LOCAL  DEFAULT    3 $d
   614: 00000358     0 NOTYPE  LOCAL  DEFAULT    3 $d
   615: 00000348     0 NOTYPE  LOCAL  DEFAULT    3 $d
   616: 0000029c     0 NOTYPE  LOCAL  DEFAULT    1 $d
   617: 0000031c     0 NOTYPE  LOCAL  DEFAULT    1 $d
   618: 000002f0     0 NOTYPE  LOCAL  DEFAULT    3 $d
   619: 000001b8     0 NOTYPE  LOCAL  DEFAULT    1 $d
   620: 00011600     0 NOTYPE  LOCAL  DEFAULT    4 $t
   621: 00011601    34 FUNC    LOCAL  DEFAULT    4 _ZN5power12_GLOBAL__N_18validPadERK12gpio_dt_spec
   622: 00011624     0 NOTYPE  LOCAL  DEFAULT    4 $t
   623: 00011625   196 FUNC    LOCAL  DEFAULT    4 _ZN5power12_GLOBAL__N_110fixedModesEhbj
   624: 000116e4     0 NOTYPE  LOCAL  DEFAULT    4 $d
   625: 000116e8     0 NOTYPE  LOCAL  DEFAULT    4 $t
   626: 000116e9   100 FUNC    LOCAL  DEFAULT    4 _ZN5power12_GLOBAL__N_111separatePinEjRK12gpio_dt_specb
   627: 00011734     0 NOTYPE  LOCAL  DEFAULT    4 $d
   628: 0001174c     0 NOTYPE  LOCAL  DEFAULT    4 $t
   629: 0001174d    40 FUNC    LOCAL  DEFAULT    4 LL_GPIO_GetPinPull.constprop.0
   630: 00011770     0 NOTYPE  LOCAL  DEFAULT    4 $d
   631: 00011774     0 NOTYPE  LOCAL  DEFAULT    4 $t
   632: 00011775    40 FUNC    LOCAL  DEFAULT    4 LL_GPIO_GetPinMode.constprop.0
   633: 00011798     0 NOTYPE  LOCAL  DEFAULT    4 $d
   634: 0001179c     0 NOTYPE  LOCAL  DEFAULT    4 $t
   635: 0001179d   552 FUNC    LOCAL  DEFAULT    4 _ZN5power12_GLOBAL__N_116environmentOwnedEb
   636: 00011980     0 NOTYPE  LOCAL  DEFAULT    4 $d
   637: 000119c4     0 NOTYPE  LOCAL  DEFAULT    4 $t
   638: 00011a60     0 NOTYPE  LOCAL  DEFAULT    4 $d
   639: 00011a70     0 NOTYPE  LOCAL  DEFAULT    4 $t
   640: 00011ae8     0 NOTYPE  LOCAL  DEFAULT    4 $d
   641: 00011af4     0 NOTYPE  LOCAL  DEFAULT    4 $t
   642: 00011b34     0 NOTYPE  LOCAL  DEFAULT    4 $d
   643: 00011b3c     0 NOTYPE  LOCAL  DEFAULT    4 $t
   644: 00011b46     0 NOTYPE  LOCAL  DEFAULT    4 $d
   645: 00011b9c     0 NOTYPE  LOCAL  DEFAULT    4 $d
   646: 00011ba0     0 NOTYPE  LOCAL  DEFAULT    4 $t
   647: 00011bf4     0 NOTYPE  LOCAL  DEFAULT    4 $d
   648: 00011c00     0 NOTYPE  LOCAL  DEFAULT    4 $t
   649: 00011db4     0 NOTYPE  LOCAL  DEFAULT    4 $d
   650: 00011dd4     0 NOTYPE  LOCAL  DEFAULT    4 $t
   651: 00011ea8     0 NOTYPE  LOCAL  DEFAULT    4 $d
   652: 00011ec0     0 NOTYPE  LOCAL  DEFAULT    4 $t
   653: 00011ee4     0 NOTYPE  LOCAL  DEFAULT    4 $d
   654: 00011ee8     0 NOTYPE  LOCAL  DEFAULT    4 $t
   655: 00012150     0 NOTYPE  LOCAL  DEFAULT    4 $d
   656: 00028d66     1 OBJECT  LOCAL  DEFAULT    8 _ZN5power12_GLOBAL__N_111adc_claimedE
   657: 00012198     0 NOTYPE  LOCAL  DEFAULT    4 $t
   658: 000121a4     0 NOTYPE  LOCAL  DEFAULT    4 $d
   659: 000121a8     0 NOTYPE  LOCAL  DEFAULT    4 $t
   660: 000121dc     0 NOTYPE  LOCAL  DEFAULT    4 $d
   661: 000121e8     0 NOTYPE  LOCAL  DEFAULT    4 $t
   662: 00012278     0 NOTYPE  LOCAL  DEFAULT    4 $d
   663: 00012288     0 NOTYPE  LOCAL  DEFAULT    4 $t
   664: 0001234c     0 NOTYPE  LOCAL  DEFAULT    4 $d
   665: 00012370     0 NOTYPE  LOCAL  DEFAULT    4 $t
   666: 00012450     0 NOTYPE  LOCAL  DEFAULT    4 $d
   667: 00012468     0 NOTYPE  LOCAL  DEFAULT    4 $t
   668: 00012478     0 NOTYPE  LOCAL  DEFAULT    4 $d
   669: 0001247c     0 NOTYPE  LOCAL  DEFAULT    4 $t
   670: 000124dc     0 NOTYPE  LOCAL  DEFAULT    4 $d
   671: 00028d66     0 NOTYPE  LOCAL  DEFAULT    8 $d
   672: 000001d0     0 NOTYPE  LOCAL  DEFAULT    1 $d
   673: 00011b4b     0 NOTYPE  LOCAL  DEFAULT    4 $d
   674: 00011b4c     0 NOTYPE  LOCAL  DEFAULT    4 $t
   675: 00013e38     0 NOTYPE  LOCAL  DEFAULT    4 $t
   676: 00013e94     0 NOTYPE  LOCAL  DEFAULT    4 $t
   677: 00013ec0     0 NOTYPE  LOCAL  DEFAULT    4 $t
   678: 00013ed8     0 NOTYPE  LOCAL  DEFAULT    4 $d
   679: 00013edc     0 NOTYPE  LOCAL  DEFAULT    4 $t
   680: 00013f6c     0 NOTYPE  LOCAL  DEFAULT    4 $d
   681: 00013f70     0 NOTYPE  LOCAL  DEFAULT    4 $t
   682: 00014084     0 NOTYPE  LOCAL  DEFAULT    4 $d
   683: 0001409c     0 NOTYPE  LOCAL  DEFAULT    4 $t
   684: 00014168     0 NOTYPE  LOCAL  DEFAULT    4 $d
   685: 00014178     0 NOTYPE  LOCAL  DEFAULT    4 $t
   686: 000142e0     0 NOTYPE  LOCAL  DEFAULT    4 $d
   687: 000142e4     0 NOTYPE  LOCAL  DEFAULT    4 $t
   688: 00014320     0 NOTYPE  LOCAL  DEFAULT    4 $t
   689: 000143bc     0 NOTYPE  LOCAL  DEFAULT    4 $d
   690: 000143c0     0 NOTYPE  LOCAL  DEFAULT    4 $t
   691: 000143dc     0 NOTYPE  LOCAL  DEFAULT    4 $d
   692: 000143e4     0 NOTYPE  LOCAL  DEFAULT    4 $t
   693: 000144b8     0 NOTYPE  LOCAL  DEFAULT    4 $d
   694: 000144cc     0 NOTYPE  LOCAL  DEFAULT    4 $t
   695: 000144e6     0 NOTYPE  LOCAL  DEFAULT    4 $d
   696: 000144ec     0 NOTYPE  LOCAL  DEFAULT    4 $t
   697: 0001459c     0 NOTYPE  LOCAL  DEFAULT    4 $d
   698: 000145c8     0 NOTYPE  LOCAL  DEFAULT    4 $t
   699: 00014644     0 NOTYPE  LOCAL  DEFAULT    4 $d
   700: 00000280    24 OBJECT  LOCAL  DEFAULT    1 CSWTCH.50
   701: 00014654     0 NOTYPE  LOCAL  DEFAULT    4 $t
   702: 0001466a     0 NOTYPE  LOCAL  DEFAULT    4 $d
   703: 00014672     0 NOTYPE  LOCAL  DEFAULT    4 $t
   704: 000146f0     0 NOTYPE  LOCAL  DEFAULT    4 $t
   705: 000147b8     0 NOTYPE  LOCAL  DEFAULT    4 $d
   706: 000147c8     0 NOTYPE  LOCAL  DEFAULT    4 $t
   707: 00014884     0 NOTYPE  LOCAL  DEFAULT    4 $d
   708: 0001489c     0 NOTYPE  LOCAL  DEFAULT    4 $t
   709: 000148d0     0 NOTYPE  LOCAL  DEFAULT    4 $d
   710: 000148d4     0 NOTYPE  LOCAL  DEFAULT    4 $t
   711: 000148e4     0 NOTYPE  LOCAL  DEFAULT    4 $d
   712: 00000280     0 NOTYPE  LOCAL  DEFAULT    1 $d
   713: 000001f1     0 NOTYPE  LOCAL  DEFAULT    1 $d
   714: 00014ad8     0 NOTYPE  LOCAL  DEFAULT    4 $t
   715: 00014b64     0 NOTYPE  LOCAL  DEFAULT    4 $d
   716: 00014b68     0 NOTYPE  LOCAL  DEFAULT    4 $t
   717: 00014b88     0 NOTYPE  LOCAL  DEFAULT    4 $d
   718: 0000020c     0 NOTYPE  LOCAL  DEFAULT    1 $d
   719: 00014b8c     0 NOTYPE  LOCAL  DEFAULT    4 $t
   720: 00014b8d    76 FUNC    LOCAL  DEFAULT    4 _ZN2ui12_GLOBAL__N_15glyphERNS_5FrameEjPKhjb
   721: 00014bd8     0 NOTYPE  LOCAL  DEFAULT    4 $t
   722: 00014bd9   128 FUNC    LOCAL  DEFAULT    4 _ZN2ui12_GLOBAL__N_17invalidERNS_5FrameE.isra.0
   723: 00014c48     0 NOTYPE  LOCAL  DEFAULT    4 $d
   724: 00000013     5 OBJECT  LOCAL  DEFAULT    3 _ZN2ui12_GLOBAL__N_1L1EE
   725: 00000031     5 OBJECT  LOCAL  DEFAULT    3 _ZN2ui12_GLOBAL__N_1L5CROSSE
   726: 00014c58     0 NOTYPE  LOCAL  DEFAULT    4 $t
   727: 00014ce2     0 NOTYPE  LOCAL  DEFAULT    4 $d
   728: 00014cfa     0 NOTYPE  LOCAL  DEFAULT    4 $t
   729: 00014e5a     0 NOTYPE  LOCAL  DEFAULT    4 $d
   730: 00014e62     0 NOTYPE  LOCAL  DEFAULT    4 $t
   731: 00014f50     0 NOTYPE  LOCAL  DEFAULT    4 $d
   732: 00000004     5 OBJECT  LOCAL  DEFAULT    3 _ZN2ui12_GLOBAL__N_1L1BE
   733: 0000009a     5 OBJECT  LOCAL  DEFAULT    3 _ZN2ui12_GLOBAL__N_1L9HOURGLASSE
   734: 0000001d     5 OBJECT  LOCAL  DEFAULT    3 _ZN2ui12_GLOBAL__N_1L1SE
   735: 0000000e     5 OBJECT  LOCAL  DEFAULT    3 _ZN2ui12_GLOBAL__N_1L1DE
   736: 00000072    35 OBJECT  LOCAL  DEFAULT    3 _ZN2ui12_GLOBAL__N_1L6FAULTSE
   737: 00000040    50 OBJECT  LOCAL  DEFAULT    3 _ZN2ui12_GLOBAL__N_1L6DIGITSE
   738: 00000009     5 OBJECT  LOCAL  DEFAULT    3 _ZN2ui12_GLOBAL__N_1L1CE
   739: 00014fbc     0 NOTYPE  LOCAL  DEFAULT    4 $t
   740: 000150fa     0 NOTYPE  LOCAL  DEFAULT    4 $d
   741: 00015148     0 NOTYPE  LOCAL  DEFAULT    4 $d
   742: 00000095     5 OBJECT  LOCAL  DEFAULT    3 _ZN2ui12_GLOBAL__N_1L7CHECKERE
   743: 00000018     5 OBJECT  LOCAL  DEFAULT    3 _ZN2ui12_GLOBAL__N_1L1LE
   744: 0000002c     5 OBJECT  LOCAL  DEFAULT    3 _ZN2ui12_GLOBAL__N_1L4DOWNE
   745: 0000003b     5 OBJECT  LOCAL  DEFAULT    3 _ZN2ui12_GLOBAL__N_1L5RIGHTE
   746: 00000022     5 OBJECT  LOCAL  DEFAULT    3 _ZN2ui12_GLOBAL__N_1L2UPE
   747: 00000027     5 OBJECT  LOCAL  DEFAULT    3 _ZN2ui12_GLOBAL__N_1L3ARCE
   748: 00000036     5 OBJECT  LOCAL  DEFAULT    3 _ZN2ui12_GLOBAL__N_1L5PAUSEE
   749: 00015188     0 NOTYPE  LOCAL  DEFAULT    4 $t
   750: 00015264     0 NOTYPE  LOCAL  DEFAULT    4 $d
   751: 00015268     0 NOTYPE  LOCAL  DEFAULT    4 $t
   752: 00015272     0 NOTYPE  LOCAL  DEFAULT    4 $d
   753: 00015278     0 NOTYPE  LOCAL  DEFAULT    4 $t
   754: 00000228     0 NOTYPE  LOCAL  DEFAULT    1 $d
   755: 000150ff     0 NOTYPE  LOCAL  DEFAULT    4 $d
   756: 00015100     0 NOTYPE  LOCAL  DEFAULT    4 $t
   757: 00000000     0 NOTYPE  LOCAL  DEFAULT    3 $d
   758: 00000298     0 NOTYPE  LOCAL  DEFAULT    1 $d
   759: 000004a4   560 OBJECT  LOCAL  DEFAULT    1 _ZN6zephyr7arduinoL12arduino_pinsE
   760: 000004a4     0 NOTYPE  LOCAL  DEFAULT    1 $d
   761: 0000041c   136 OBJECT  LOCAL  DEFAULT    1 _ZN6zephyr7arduinoL11pinctrl_mapE
   762: 00015554     0 NOTYPE  LOCAL  DEFAULT    4 $t
   763: 000155c0     0 NOTYPE  LOCAL  DEFAULT    4 $d
   764: 0000041c     0 NOTYPE  LOCAL  DEFAULT    1 $d
   765: 000007fc     8 OBJECT  LOCAL  DEFAULT    1 _ZN6zephyr7arduinoL39__pinctrl_dev_config__device_dts_ord_73E
   766: 000007f4     8 OBJECT  LOCAL  DEFAULT    1 _ZN6zephyr7arduinoL39__pinctrl_dev_config__device_dts_ord_70E
   767: 00000804     8 OBJECT  LOCAL  DEFAULT    1 _ZN6zephyr7arduinoL39__pinctrl_dev_config__device_dts_ord_78E
   768: 0000080c     8 OBJECT  LOCAL  DEFAULT    1 _ZN6zephyr7arduinoL39__pinctrl_dev_config__device_dts_ord_83E
   769: 00000814     8 OBJECT  LOCAL  DEFAULT    1 _ZN6zephyr7arduinoL39__pinctrl_dev_config__device_dts_ord_88E
   770: 000007d4     8 OBJECT  LOCAL  DEFAULT    1 _ZN6zephyr7arduinoL39__pinctrl_dev_config__device_dts_ord_30E
   771: 000007dc     8 OBJECT  LOCAL  DEFAULT    1 _ZN6zephyr7arduinoL39__pinctrl_dev_config__device_dts_ord_34E
   772: 000007e4     8 OBJECT  LOCAL  DEFAULT    1 _ZN6zephyr7arduinoL39__pinctrl_dev_config__device_dts_ord_40E
   773: 0000083c     8 OBJECT  LOCAL  DEFAULT    1 _ZN6zephyr7arduinoL40__pinctrl_dev_config__device_dts_ord_120E
   774: 0000081c     8 OBJECT  LOCAL  DEFAULT    1 _ZN6zephyr7arduinoL40__pinctrl_dev_config__device_dts_ord_100E
   775: 00000824     8 OBJECT  LOCAL  DEFAULT    1 _ZN6zephyr7arduinoL40__pinctrl_dev_config__device_dts_ord_105E
   776: 0000082c     8 OBJECT  LOCAL  DEFAULT    1 _ZN6zephyr7arduinoL40__pinctrl_dev_config__device_dts_ord_109E
   777: 00000834     8 OBJECT  LOCAL  DEFAULT    1 _ZN6zephyr7arduinoL40__pinctrl_dev_config__device_dts_ord_114E
   778: 00000844     8 OBJECT  LOCAL  DEFAULT    1 _ZN6zephyr7arduinoL40__pinctrl_dev_config__device_dts_ord_123E
   779: 000007cc     8 OBJECT  LOCAL  DEFAULT    1 _ZN6zephyr7arduinoL39__pinctrl_dev_config__device_dts_ord_17E
   780: 000007ec     8 OBJECT  LOCAL  DEFAULT    1 _ZN6zephyr7arduinoL39__pinctrl_dev_config__device_dts_ord_61E
   781: 000007ec     0 NOTYPE  LOCAL  DEFAULT    1 $d
   782: 0000070c     8 OBJECT  LOCAL  DEFAULT    1 _ZN6zephyr7arduinoL35__pinctrl_states__device_dts_ord_61E
   783: 0000070c     0 NOTYPE  LOCAL  DEFAULT    1 $d
   784: 000003b0    16 OBJECT  LOCAL  DEFAULT    3 _ZN6zephyr7arduinoL41__pinctrl_state_pins_0__device_dts_ord_61E
   785: 000003b0     0 NOTYPE  LOCAL  DEFAULT    3 $d
   786: 000007cc     0 NOTYPE  LOCAL  DEFAULT    1 $d
   787: 000006d4    24 OBJECT  LOCAL  DEFAULT    1 _ZN6zephyr7arduinoL35__pinctrl_states__device_dts_ord_17E
   788: 000006d4     0 NOTYPE  LOCAL  DEFAULT    1 $d
   789: 00000380     0 OBJECT  LOCAL  DEFAULT    3 _ZN6zephyr7arduinoL41__pinctrl_state_pins_0__device_dts_ord_17E
   790: 00000440     0 OBJECT  LOCAL  DEFAULT    3 _ZN6zephyr7arduinoL41__pinctrl_state_pins_1__device_dts_ord_17E
   791: 00000450    48 OBJECT  LOCAL  DEFAULT    3 _ZN6zephyr7arduinoL41__pinctrl_state_pins_2__device_dts_ord_17E
   792: 00000450     0 NOTYPE  LOCAL  DEFAULT    3 $d
   793: 00000844     0 NOTYPE  LOCAL  DEFAULT    1 $d
   794: 000007b4    24 OBJECT  LOCAL  DEFAULT    1 _ZN6zephyr7arduinoL36__pinctrl_states__device_dts_ord_123E
   795: 000007b4     0 NOTYPE  LOCAL  DEFAULT    1 $d
   796: 00000480     0 OBJECT  LOCAL  DEFAULT    3 _ZN6zephyr7arduinoL42__pinctrl_state_pins_0__device_dts_ord_123E
   797: 00000480     0 OBJECT  LOCAL  DEFAULT    3 _ZN6zephyr7arduinoL42__pinctrl_state_pins_1__device_dts_ord_123E
   798: 000004f8     8 OBJECT  LOCAL  DEFAULT    3 _ZN6zephyr7arduinoL42__pinctrl_state_pins_2__device_dts_ord_123E
   799: 000004f8     0 NOTYPE  LOCAL  DEFAULT    3 $d
   800: 00000834     0 NOTYPE  LOCAL  DEFAULT    1 $d
   801: 00000784    24 OBJECT  LOCAL  DEFAULT    1 _ZN6zephyr7arduinoL36__pinctrl_states__device_dts_ord_114E
   802: 00000784     0 NOTYPE  LOCAL  DEFAULT    1 $d
   803: 00000480     0 OBJECT  LOCAL  DEFAULT    3 _ZN6zephyr7arduinoL42__pinctrl_state_pins_0__device_dts_ord_114E
   804: 00000480     0 OBJECT  LOCAL  DEFAULT    3 _ZN6zephyr7arduinoL42__pinctrl_state_pins_1__device_dts_ord_114E
   805: 000004c0    24 OBJECT  LOCAL  DEFAULT    3 _ZN6zephyr7arduinoL42__pinctrl_state_pins_2__device_dts_ord_114E
   806: 000004c0     0 NOTYPE  LOCAL  DEFAULT    3 $d
   807: 0000082c     0 NOTYPE  LOCAL  DEFAULT    1 $d
   808: 0000076c    24 OBJECT  LOCAL  DEFAULT    1 _ZN6zephyr7arduinoL36__pinctrl_states__device_dts_ord_109E
   809: 0000076c     0 NOTYPE  LOCAL  DEFAULT    1 $d
   810: 00000480     0 OBJECT  LOCAL  DEFAULT    3 _ZN6zephyr7arduinoL42__pinctrl_state_pins_0__device_dts_ord_109E
   811: 00000480     0 OBJECT  LOCAL  DEFAULT    3 _ZN6zephyr7arduinoL42__pinctrl_state_pins_1__device_dts_ord_109E
   812: 000004b0    16 OBJECT  LOCAL  DEFAULT    3 _ZN6zephyr7arduinoL42__pinctrl_state_pins_2__device_dts_ord_109E
   813: 000004b0     0 NOTYPE  LOCAL  DEFAULT    3 $d
   814: 00000824     0 NOTYPE  LOCAL  DEFAULT    1 $d
   815: 00000754    24 OBJECT  LOCAL  DEFAULT    1 _ZN6zephyr7arduinoL36__pinctrl_states__device_dts_ord_105E
   816: 00000754     0 NOTYPE  LOCAL  DEFAULT    1 $d
   817: 00000480     0 OBJECT  LOCAL  DEFAULT    3 _ZN6zephyr7arduinoL42__pinctrl_state_pins_0__device_dts_ord_105E
   818: 00000480     0 OBJECT  LOCAL  DEFAULT    3 _ZN6zephyr7arduinoL42__pinctrl_state_pins_1__device_dts_ord_105E
   819: 00000498    24 OBJECT  LOCAL  DEFAULT    3 _ZN6zephyr7arduinoL42__pinctrl_state_pins_2__device_dts_ord_105E
   820: 00000498     0 NOTYPE  LOCAL  DEFAULT    3 $d
   821: 0000081c     0 NOTYPE  LOCAL  DEFAULT    1 $d
   822: 0000073c    24 OBJECT  LOCAL  DEFAULT    1 _ZN6zephyr7arduinoL36__pinctrl_states__device_dts_ord_100E
   823: 0000073c     0 NOTYPE  LOCAL  DEFAULT    1 $d
   824: 00000480     0 OBJECT  LOCAL  DEFAULT    3 _ZN6zephyr7arduinoL42__pinctrl_state_pins_0__device_dts_ord_100E
   825: 00000480     0 OBJECT  LOCAL  DEFAULT    3 _ZN6zephyr7arduinoL42__pinctrl_state_pins_1__device_dts_ord_100E
   826: 00000480    24 OBJECT  LOCAL  DEFAULT    3 _ZN6zephyr7arduinoL42__pinctrl_state_pins_2__device_dts_ord_100E
   827: 00000480     0 NOTYPE  LOCAL  DEFAULT    3 $d
   828: 0000083c     0 NOTYPE  LOCAL  DEFAULT    1 $d
   829: 0000079c    24 OBJECT  LOCAL  DEFAULT    1 _ZN6zephyr7arduinoL36__pinctrl_states__device_dts_ord_120E
   830: 0000079c     0 NOTYPE  LOCAL  DEFAULT    1 $d
   831: 00000480     0 OBJECT  LOCAL  DEFAULT    3 _ZN6zephyr7arduinoL42__pinctrl_state_pins_0__device_dts_ord_120E
   832: 00000480     0 OBJECT  LOCAL  DEFAULT    3 _ZN6zephyr7arduinoL42__pinctrl_state_pins_1__device_dts_ord_120E
   833: 000004d8    32 OBJECT  LOCAL  DEFAULT    3 _ZN6zephyr7arduinoL42__pinctrl_state_pins_2__device_dts_ord_120E
   834: 000004d8     0 NOTYPE  LOCAL  DEFAULT    3 $d
   835: 000007e4     0 NOTYPE  LOCAL  DEFAULT    1 $d
   836: 000006fc    16 OBJECT  LOCAL  DEFAULT    1 _ZN6zephyr7arduinoL35__pinctrl_states__device_dts_ord_40E
   837: 000006fc     0 NOTYPE  LOCAL  DEFAULT    1 $d
   838: 000003a0    16 OBJECT  LOCAL  DEFAULT    3 _ZN6zephyr7arduinoL41__pinctrl_state_pins_0__device_dts_ord_40E
   839: 00000440    16 OBJECT  LOCAL  DEFAULT    3 _ZN6zephyr7arduinoL41__pinctrl_state_pins_1__device_dts_ord_40E
   840: 00000440     0 NOTYPE  LOCAL  DEFAULT    3 $d
   841: 000003a0     0 NOTYPE  LOCAL  DEFAULT    3 $d
   842: 000007dc     0 NOTYPE  LOCAL  DEFAULT    1 $d
   843: 000006f4     8 OBJECT  LOCAL  DEFAULT    1 _ZN6zephyr7arduinoL35__pinctrl_states__device_dts_ord_34E
   844: 000006f4     0 NOTYPE  LOCAL  DEFAULT    1 $d
   845: 00000390    16 OBJECT  LOCAL  DEFAULT    3 _ZN6zephyr7arduinoL41__pinctrl_state_pins_0__device_dts_ord_34E
   846: 00000390     0 NOTYPE  LOCAL  DEFAULT    3 $d
   847: 000007d4     0 NOTYPE  LOCAL  DEFAULT    1 $d
   848: 000006ec     8 OBJECT  LOCAL  DEFAULT    1 _ZN6zephyr7arduinoL35__pinctrl_states__device_dts_ord_30E
   849: 000006ec     0 NOTYPE  LOCAL  DEFAULT    1 $d
   850: 00000380    16 OBJECT  LOCAL  DEFAULT    3 _ZN6zephyr7arduinoL41__pinctrl_state_pins_0__device_dts_ord_30E
   851: 00000380     0 NOTYPE  LOCAL  DEFAULT    3 $d
   852: 00000814     0 NOTYPE  LOCAL  DEFAULT    1 $d
   853: 00000734     8 OBJECT  LOCAL  DEFAULT    1 _ZN6zephyr7arduinoL35__pinctrl_states__device_dts_ord_88E
   854: 00000734     0 NOTYPE  LOCAL  DEFAULT    1 $d
   855: 00000420    32 OBJECT  LOCAL  DEFAULT    3 _ZN6zephyr7arduinoL41__pinctrl_state_pins_0__device_dts_ord_88E
   856: 00000420     0 NOTYPE  LOCAL  DEFAULT    3 $d
   857: 0000080c     0 NOTYPE  LOCAL  DEFAULT    1 $d
   858: 0000072c     8 OBJECT  LOCAL  DEFAULT    1 _ZN6zephyr7arduinoL35__pinctrl_states__device_dts_ord_83E
   859: 0000072c     0 NOTYPE  LOCAL  DEFAULT    1 $d
   860: 00000400    32 OBJECT  LOCAL  DEFAULT    3 _ZN6zephyr7arduinoL41__pinctrl_state_pins_0__device_dts_ord_83E
   861: 00000400     0 NOTYPE  LOCAL  DEFAULT    3 $d
   862: 00000804     0 NOTYPE  LOCAL  DEFAULT    1 $d
   863: 00000724     8 OBJECT  LOCAL  DEFAULT    1 _ZN6zephyr7arduinoL35__pinctrl_states__device_dts_ord_78E
   864: 00000724     0 NOTYPE  LOCAL  DEFAULT    1 $d
   865: 000003e0    32 OBJECT  LOCAL  DEFAULT    3 _ZN6zephyr7arduinoL41__pinctrl_state_pins_0__device_dts_ord_78E
   866: 000003e0     0 NOTYPE  LOCAL  DEFAULT    3 $d
   867: 000007f4     0 NOTYPE  LOCAL  DEFAULT    1 $d
   868: 00000714     8 OBJECT  LOCAL  DEFAULT    1 _ZN6zephyr7arduinoL35__pinctrl_states__device_dts_ord_70E
   869: 00000714     0 NOTYPE  LOCAL  DEFAULT    1 $d
   870: 000003c0    16 OBJECT  LOCAL  DEFAULT    3 _ZN6zephyr7arduinoL41__pinctrl_state_pins_0__device_dts_ord_70E
   871: 000003c0     0 NOTYPE  LOCAL  DEFAULT    3 $d
   872: 000007fc     0 NOTYPE  LOCAL  DEFAULT    1 $d
   873: 0000071c     8 OBJECT  LOCAL  DEFAULT    1 _ZN6zephyr7arduinoL35__pinctrl_states__device_dts_ord_73E
   874: 0000071c     0 NOTYPE  LOCAL  DEFAULT    1 $d
   875: 000003d0    16 OBJECT  LOCAL  DEFAULT    3 _ZN6zephyr7arduinoL41__pinctrl_state_pins_0__device_dts_ord_73E
   876: 000003d0     0 NOTYPE  LOCAL  DEFAULT    3 $d
   877: 0001302c     0 NOTYPE  LOCAL  DEFAULT    4 $t
   878: 00013190     0 NOTYPE  LOCAL  DEFAULT    4 $d
   879: 000137d4     0 NOTYPE  LOCAL  DEFAULT    4 $t
   880: 000137d5    30 FUNC    LOCAL  DEFAULT    4 _ZN8recorder3csv12_GLOBAL__N_14Line3putEc
   881: 000137f4     0 NOTYPE  LOCAL  DEFAULT    4 $t
   882: 000137f5   108 FUNC    LOCAL  DEFAULT    4 _ZN8recorder3csv12_GLOBAL__N_14Line6digitsEy
   883: 00013858     0 NOTYPE  LOCAL  DEFAULT    4 $d
   884: 00013860     0 NOTYPE  LOCAL  DEFAULT    4 $t
   885: 00013861     4 FUNC    LOCAL  DEFAULT    4 _ZN8recorder3csv12_GLOBAL__N_16read32EPKh
   886: 00013864     0 NOTYPE  LOCAL  DEFAULT    4 $t
   887: 00013865    58 FUNC    LOCAL  DEFAULT    4 _ZN8recorder3csv12_GLOBAL__N_17publishEPKcjPcj
   888: 000138a0     0 NOTYPE  LOCAL  DEFAULT    4 $t
   889: 000138a1    68 FUNC    LOCAL  DEFAULT    4 _ZN8recorder3csv12_GLOBAL__N_14Line6finishEPcj
   890: 000138dc     0 NOTYPE  LOCAL  DEFAULT    4 $d
   891: 000138e4     0 NOTYPE  LOCAL  DEFAULT    4 $t
   892: 000138e5    20 FUNC    LOCAL  DEFAULT    4 _ZN8recorder3csv12_GLOBAL__N_14Line9separatorEv
   893: 000138f4     0 NOTYPE  LOCAL  DEFAULT    4 $d
   894: 000138f8     0 NOTYPE  LOCAL  DEFAULT    4 $t
   895: 000138f9   104 FUNC    LOCAL  DEFAULT    4 _ZN8recorder3csv12_GLOBAL__N_14Line6rawHexEPKhj
   896: 00013954     0 NOTYPE  LOCAL  DEFAULT    4 $d
   897: 00013960     0 NOTYPE  LOCAL  DEFAULT    4 $t
   898: 00013961    32 FUNC    LOCAL  DEFAULT    4 _ZN8recorder3csv12_GLOBAL__N_14Line6numberEy
   899: 00013978     0 NOTYPE  LOCAL  DEFAULT    4 $d
   900: 00013980     0 NOTYPE  LOCAL  DEFAULT    4 $t
   901: 00013981    56 FUNC    LOCAL  DEFAULT    4 _ZN8recorder3csv12_GLOBAL__N_14Line12signedNumberEx
   902: 000139ac     0 NOTYPE  LOCAL  DEFAULT    4 $d
   903: 000139b8     0 NOTYPE  LOCAL  DEFAULT    4 $t
   904: 00013a48     0 NOTYPE  LOCAL  DEFAULT    4 $d
   905: 00013a84     0 NOTYPE  LOCAL  DEFAULT    4 $t
   906: 00013a98     0 NOTYPE  LOCAL  DEFAULT    4 $d
   907: 0000058c   165 OBJECT  LOCAL  DEFAULT    3 _ZN8recorder3csv12_GLOBAL__N_1L12FRAME_HEADERE
   908: 00013aa0     0 NOTYPE  LOCAL  DEFAULT    4 $t
   909: 00013bf0     0 NOTYPE  LOCAL  DEFAULT    4 $d
   910: 00013c04     0 NOTYPE  LOCAL  DEFAULT    4 $t
   911: 00013c18     0 NOTYPE  LOCAL  DEFAULT    4 $d
   912: 00000555    55 OBJECT  LOCAL  DEFAULT    3 _ZN8recorder3csv12_GLOBAL__N_1L12EVENT_HEADERE
   913: 00013c20     0 NOTYPE  LOCAL  DEFAULT    4 $t
   914: 00013c98     0 NOTYPE  LOCAL  DEFAULT    4 $d
   915: 00013ca8     0 NOTYPE  LOCAL  DEFAULT    4 $t
   916: 00013cbc     0 NOTYPE  LOCAL  DEFAULT    4 $d
   917: 00000631   556 OBJECT  LOCAL  DEFAULT    3 _ZN8recorder3csv12_GLOBAL__N_1L14SUMMARY_HEADERE
   918: 00013cc4     0 NOTYPE  LOCAL  DEFAULT    4 $t
   919: 00013e30     0 NOTYPE  LOCAL  DEFAULT    4 $d
   920: 0000bb94     0 NOTYPE  LOCAL  DEFAULT    4 $t
   921: 0000bb95    24 FUNC    LOCAL  DEFAULT    4 _ZN8recorder4dump12_GLOBAL__N_113threadContextEv
   922: 0000bbac     0 NOTYPE  LOCAL  DEFAULT    4 $t
   923: 0000bbad   216 FUNC    LOCAL  DEFAULT    4 _ZN8recorder4dump12_GLOBAL__N_18metadataEv
   924: 0000bc70     0 NOTYPE  LOCAL  DEFAULT    4 $d
   925: 0000bc84     0 NOTYPE  LOCAL  DEFAULT    4 $t
   926: 0000bc85   168 FUNC    LOCAL  DEFAULT    4 _ZN8recorder4dump12_GLOBAL__N_112nominalClockEv
   927: 0000bd28     0 NOTYPE  LOCAL  DEFAULT    4 $d
   928: 0000bd2c     0 NOTYPE  LOCAL  DEFAULT    4 $t
   929: 0000bd2d    60 FUNC    LOCAL  DEFAULT    4 _ZN8recorder4dump12_GLOBAL__N_113clockRegisterEj
   930: 0000bd36     0 NOTYPE  LOCAL  DEFAULT    4 $d
   931: 0000bd64     0 NOTYPE  LOCAL  DEFAULT    4 $d
   932: 0000bd68     0 NOTYPE  LOCAL  DEFAULT    4 $t
   933: 0000bd69    44 FUNC    LOCAL  DEFAULT    4 _ZN8recorder4dump12_GLOBAL__N_17irqIdleEv
   934: 0000bd90     0 NOTYPE  LOCAL  DEFAULT    4 $d
   935: 0000bd94     0 NOTYPE  LOCAL  DEFAULT    4 $t
   936: 0000bd95    80 FUNC    LOCAL  DEFAULT    4 _ZN8recorder4dump12_GLOBAL__N_115clocksAvailableEv
   937: 0000bdd4     0 NOTYPE  LOCAL  DEFAULT    4 $d
   938: 0000bde4     0 NOTYPE  LOCAL  DEFAULT    4 $t
   939: 0000bedc     0 NOTYPE  LOCAL  DEFAULT    4 $d
   940: 00028d60     4 OBJECT  LOCAL  DEFAULT    8 _ZN8recorder4dump12_GLOBAL__N_110uart_ownerE
   941: 0000bf08     0 NOTYPE  LOCAL  DEFAULT    4 $t
   942: 0000bf24     0 NOTYPE  LOCAL  DEFAULT    4 $d
   943: 0000bf2c     0 NOTYPE  LOCAL  DEFAULT    4 $t
   944: 0000bf5c     0 NOTYPE  LOCAL  DEFAULT    4 $d
   945: 0000bf60     0 NOTYPE  LOCAL  DEFAULT    4 $t
   946: 0000bfac     0 NOTYPE  LOCAL  DEFAULT    4 $d
   947: 0000bfb8     0 NOTYPE  LOCAL  DEFAULT    4 $t
   948: 0000bfc4     0 NOTYPE  LOCAL  DEFAULT    4 $d
   949: 0000bfcc     0 NOTYPE  LOCAL  DEFAULT    4 $t
   950: 0000c06c     0 NOTYPE  LOCAL  DEFAULT    4 $d
   951: 0000c074     0 NOTYPE  LOCAL  DEFAULT    4 $t
   952: 0000c09c     0 NOTYPE  LOCAL  DEFAULT    4 $d
   953: 0000c0a4     0 NOTYPE  LOCAL  DEFAULT    4 $t
   954: 0000c0c0     0 NOTYPE  LOCAL  DEFAULT    4 $t
   955: 0000c0f8     0 NOTYPE  LOCAL  DEFAULT    4 $d
   956: 0000c104     0 NOTYPE  LOCAL  DEFAULT    4 $t
   957: 0000c1ac     0 NOTYPE  LOCAL  DEFAULT    4 $d
   958: 0000c1d0     0 NOTYPE  LOCAL  DEFAULT    4 $t
   959: 0000c21c     0 NOTYPE  LOCAL  DEFAULT    4 $d
   960: 0000c22c     0 NOTYPE  LOCAL  DEFAULT    4 $t
   961: 0000c3e8     0 NOTYPE  LOCAL  DEFAULT    4 $d
   962: 0000c438     0 NOTYPE  LOCAL  DEFAULT    4 $t
   963: 0000c440     0 NOTYPE  LOCAL  DEFAULT    4 $d
   964: 0000c444     0 NOTYPE  LOCAL  DEFAULT    4 $t
   965: 0000c53c     0 NOTYPE  LOCAL  DEFAULT    4 $d
   966: 0000c550     0 NOTYPE  LOCAL  DEFAULT    4 $t
   967: 0000c5fc     0 NOTYPE  LOCAL  DEFAULT    4 $d
   968: 0000c614     0 NOTYPE  LOCAL  DEFAULT    4 $t
   969: 0000c62c     0 NOTYPE  LOCAL  DEFAULT    4 $d
   970: 00028d60     0 NOTYPE  LOCAL  DEFAULT    8 $d
   971: 0000bd3d     0 NOTYPE  LOCAL  DEFAULT    4 $d
   972: 0000bd3e     0 NOTYPE  LOCAL  DEFAULT    4 $t
   973: 0000a5f8     0 NOTYPE  LOCAL  DEFAULT    4 $t
   974: 0000a624     0 NOTYPE  LOCAL  DEFAULT    4 $d
   975: 0000a62c     0 NOTYPE  LOCAL  DEFAULT    4 $t
   976: 0000a6ec     0 NOTYPE  LOCAL  DEFAULT    4 $d
   977: 0000a6f4     0 NOTYPE  LOCAL  DEFAULT    4 $t
   978: 0000a700     0 NOTYPE  LOCAL  DEFAULT    4 $d
   979: 00000884    40 OBJECT  LOCAL  DEFAULT    3 _ZZNK7openers5Flank10definitionEvE11definitions
   980: 0000a704     0 NOTYPE  LOCAL  DEFAULT    4 $t
   981: 0000a714     0 NOTYPE  LOCAL  DEFAULT    4 $d
   982: 0000a71c     0 NOTYPE  LOCAL  DEFAULT    4 $t
   983: 0000a778     0 NOTYPE  LOCAL  DEFAULT    4 $d
   984: 0000a78c     0 NOTYPE  LOCAL  DEFAULT    4 $t
   985: 0000a7f4     0 NOTYPE  LOCAL  DEFAULT    4 $d
   986: 0000a808     0 NOTYPE  LOCAL  DEFAULT    4 $t
   987: 0000a842     0 NOTYPE  LOCAL  DEFAULT    4 $t
   988: 0000a858     0 NOTYPE  LOCAL  DEFAULT    4 $t
   989: 0000a894     0 NOTYPE  LOCAL  DEFAULT    4 $d
   990: 0000a8a0     0 NOTYPE  LOCAL  DEFAULT    4 $t
   991: 0000a8ec     0 NOTYPE  LOCAL  DEFAULT    4 $d
   992: 0000a8f8     0 NOTYPE  LOCAL  DEFAULT    4 $t
   993: 0000a97c     0 NOTYPE  LOCAL  DEFAULT    4 $d
   994: 0000a980     0 NOTYPE  LOCAL  DEFAULT    4 $t
   995: 0000aac4     0 NOTYPE  LOCAL  DEFAULT    4 $d
   996: 0000aadc     0 NOTYPE  LOCAL  DEFAULT    4 $t
   997: 0000ab08     0 NOTYPE  LOCAL  DEFAULT    4 $d
   998: 0000ab10     0 NOTYPE  LOCAL  DEFAULT    4 $t
   999: 0000aba8     0 NOTYPE  LOCAL  DEFAULT    4 $d
  1000: 0000abb8     0 NOTYPE  LOCAL  DEFAULT    4 $t
  1001: 0000ac0c     0 NOTYPE  LOCAL  DEFAULT    4 $d
  1002: 0000ac18     0 NOTYPE  LOCAL  DEFAULT    4 $t
  1003: 0000ac88     0 NOTYPE  LOCAL  DEFAULT    4 $d
  1004: 0000ac8c     0 NOTYPE  LOCAL  DEFAULT    4 $t
  1005: 0000acd4     0 NOTYPE  LOCAL  DEFAULT    4 $d
  1006: 0000acd8     0 NOTYPE  LOCAL  DEFAULT    4 $t
  1007: 0000ad28     0 NOTYPE  LOCAL  DEFAULT    4 $t
  1008: 0000adf8     0 NOTYPE  LOCAL  DEFAULT    4 $d
  1009: 0000ae18     0 NOTYPE  LOCAL  DEFAULT    4 $t
  1010: 0000ae48     0 NOTYPE  LOCAL  DEFAULT    4 $d
  1011: 0000ae50     0 NOTYPE  LOCAL  DEFAULT    4 $t
  1012: 0000ae9c     0 NOTYPE  LOCAL  DEFAULT    4 $d
  1013: 00000884     0 NOTYPE  LOCAL  DEFAULT    3 $d
  1014: 0001549c     0 NOTYPE  LOCAL  DEFAULT    4 $t
  1015: 000154a0     0 NOTYPE  LOCAL  DEFAULT    4 $t
  1016: 000154b8     0 NOTYPE  LOCAL  DEFAULT    4 $d
  1017: 00000000     0 NOTYPE  LOCAL  DEFAULT    9 $d
  1018: 00000000     8 OBJECT  LOCAL  DEFAULT    9 _ZL16__llext_sym_main
  1019: 00000000     0 NOTYPE  LOCAL  DEFAULT    4 $t
  1020: 0000001c     0 NOTYPE  LOCAL  DEFAULT    4 $d
  1021: 00000000 0x289e8 OBJECT  LOCAL  DEFAULT    8 _ZN12_GLOBAL__N_17runtimeE
  1022: 00000028     0 NOTYPE  LOCAL  DEFAULT    4 $t
  1023: 00000030     0 NOTYPE  LOCAL  DEFAULT    4 $d
  1024: 00000038     0 NOTYPE  LOCAL  DEFAULT    4 $t
  1025: 00000039   404 FUNC    LOCAL  DEFAULT    4 _GLOBAL__sub_I_setup
  1026: 000001a4     0 NOTYPE  LOCAL  DEFAULT    4 $d
  1027: 00028a10   848 OBJECT  LOCAL  DEFAULT    8 _ZN12_GLOBAL__N_17sourcesE
  1028: 000289e8    40 OBJECT  LOCAL  DEFAULT    8 _ZN12_GLOBAL__N_110motor_portE
  1029: 00000000   208 OBJECT  LOCAL  DEFAULT    7 _ZN12_GLOBAL__N_19dump_portE
  1030: 00000000     0 NOTYPE  LOCAL  DEFAULT   11 $d
  1031: 00000000     0 NOTYPE  LOCAL  DEFAULT    8 $d
  1032: 00000000     0 NOTYPE  LOCAL  DEFAULT    7 $d
  1033: 000289e8     0 NOTYPE  LOCAL  DEFAULT    8 $d
  1034: 00028a10     0 NOTYPE  LOCAL  DEFAULT    8 $d
  1035: 000001cc     0 NOTYPE  LOCAL  DEFAULT    4 $t
  1036: 000001cd     8 FUNC    LOCAL  DEFAULT    4 _ZN3app12_GLOBAL__N_15readyEPv
  1037: 000001d0     0 NOTYPE  LOCAL  DEFAULT    4 $d
  1038: 000001d4     0 NOTYPE  LOCAL  DEFAULT    4 $t
  1039: 000001d5     8 FUNC    LOCAL  DEFAULT    4 _ZN3app12_GLOBAL__N_15beginEPvRKN8recorder4dump10SetupGrantE
  1040: 000001d8     0 NOTYPE  LOCAL  DEFAULT    4 $d
  1041: 000001dc     0 NOTYPE  LOCAL  DEFAULT    4 $t
  1042: 000001f8     0 NOTYPE  LOCAL  DEFAULT    4 $d
  1043: 00000204     0 NOTYPE  LOCAL  DEFAULT    4 $t
  1044: 00000214     0 NOTYPE  LOCAL  DEFAULT    4 $d
  1045: 00000218     0 NOTYPE  LOCAL  DEFAULT    4 $t
  1046: 00000224     0 NOTYPE  LOCAL  DEFAULT    4 $d
  1047: 00000228     0 NOTYPE  LOCAL  DEFAULT    4 $t
  1048: 00000234     0 NOTYPE  LOCAL  DEFAULT    4 $d
  1049: 00000238     0 NOTYPE  LOCAL  DEFAULT    4 $t
  1050: 00000240     0 NOTYPE  LOCAL  DEFAULT    4 $d
  1051: 00000244     0 NOTYPE  LOCAL  DEFAULT    4 $t
  1052: 0000024c     0 NOTYPE  LOCAL  DEFAULT    4 $d
  1053: 00000250     0 NOTYPE  LOCAL  DEFAULT    4 $t
  1054: 00000260     0 NOTYPE  LOCAL  DEFAULT    4 $d
  1055: 00000264     0 NOTYPE  LOCAL  DEFAULT    4 $t
  1056: 00000274     0 NOTYPE  LOCAL  DEFAULT    4 $d
  1057: 00000278     0 NOTYPE  LOCAL  DEFAULT    4 $t
  1058: 00000288     0 NOTYPE  LOCAL  DEFAULT    4 $d
  1059: 0000028c     0 NOTYPE  LOCAL  DEFAULT    4 $t
  1060: 0000029c     0 NOTYPE  LOCAL  DEFAULT    4 $d
  1061: 000002a0     0 NOTYPE  LOCAL  DEFAULT    4 $t
  1062: 000002b0     0 NOTYPE  LOCAL  DEFAULT    4 $d
  1063: 000002b4     0 NOTYPE  LOCAL  DEFAULT    4 $t
  1064: 000002c4     0 NOTYPE  LOCAL  DEFAULT    4 $d
  1065: 000002c8     0 NOTYPE  LOCAL  DEFAULT    4 $t
  1066: 000002d8     0 NOTYPE  LOCAL  DEFAULT    4 $d
  1067: 000002dc     0 NOTYPE  LOCAL  DEFAULT    4 $t
  1068: 000002ec     0 NOTYPE  LOCAL  DEFAULT    4 $d
  1069: 000002f0     0 NOTYPE  LOCAL  DEFAULT    4 $t
  1070: 00000304     0 NOTYPE  LOCAL  DEFAULT    4 $d
  1071: 00000308     0 NOTYPE  LOCAL  DEFAULT    4 $t
  1072: 00000310     0 NOTYPE  LOCAL  DEFAULT    4 $d
  1073: 00000314     0 NOTYPE  LOCAL  DEFAULT    4 $t
  1074: 00000354     0 NOTYPE  LOCAL  DEFAULT    4 $d
  1075: 00000390     0 NOTYPE  LOCAL  DEFAULT    4 $t
  1076: 000003a0     0 NOTYPE  LOCAL  DEFAULT    4 $d
  1077: 000014c0     0 NOTYPE  LOCAL  DEFAULT    4 $t
  1078: 00001520     0 NOTYPE  LOCAL  DEFAULT    4 $t
  1079: 00001610     0 NOTYPE  LOCAL  DEFAULT    4 $d
  1080: 0000161c     0 NOTYPE  LOCAL  DEFAULT    4 $t
  1081: 000016e0     0 NOTYPE  LOCAL  DEFAULT    4 $d
  1082: 000016f0     0 NOTYPE  LOCAL  DEFAULT    4 $t
  1083: 000017bc     0 NOTYPE  LOCAL  DEFAULT    4 $d
  1084: 000017cc     0 NOTYPE  LOCAL  DEFAULT    4 $t
  1085: 00001914     0 NOTYPE  LOCAL  DEFAULT    4 $d
  1086: 00001924     0 NOTYPE  LOCAL  DEFAULT    4 $t
  1087: 000019f4     0 NOTYPE  LOCAL  DEFAULT    4 $d
  1088: 00001a04     0 NOTYPE  LOCAL  DEFAULT    4 $t
  1089: 00001a40     0 NOTYPE  LOCAL  DEFAULT    4 $t
  1090: 00001a9c     0 NOTYPE  LOCAL  DEFAULT    4 $t
  1091: 00001b30     0 NOTYPE  LOCAL  DEFAULT    4 $t
  1092: 00001b6c     0 NOTYPE  LOCAL  DEFAULT    4 $d
  1093: 00001b74     0 NOTYPE  LOCAL  DEFAULT    4 $t
  1094: 00001c18     0 NOTYPE  LOCAL  DEFAULT    4 $d
  1095: 00002314     0 NOTYPE  LOCAL  DEFAULT    4 $t
  1096: 000023b8     0 NOTYPE  LOCAL  DEFAULT    4 $d
  1097: 000023bc     0 NOTYPE  LOCAL  DEFAULT    4 $t
  1098: 00002474     0 NOTYPE  LOCAL  DEFAULT    4 $d
  1099: 00002490     0 NOTYPE  LOCAL  DEFAULT    4 $t
  1100: 00002570     0 NOTYPE  LOCAL  DEFAULT    4 $d
  1101: 0000257c     0 NOTYPE  LOCAL  DEFAULT    4 $t
  1102: 000025d4     0 NOTYPE  LOCAL  DEFAULT    4 $t
  1103: 000025e6     0 NOTYPE  LOCAL  DEFAULT    4 $d
  1104: 00002634     0 NOTYPE  LOCAL  DEFAULT    4 $d
  1105: 00002638     0 NOTYPE  LOCAL  DEFAULT    4 $t
  1106: 0000264a     0 NOTYPE  LOCAL  DEFAULT    4 $d
  1107: 0000264e     0 NOTYPE  LOCAL  DEFAULT    4 $t
  1108: 00002698     0 NOTYPE  LOCAL  DEFAULT    4 $d
  1109: 0000269c     0 NOTYPE  LOCAL  DEFAULT    4 $t
  1110: 000026f0     0 NOTYPE  LOCAL  DEFAULT    4 $d
  1111: 000026fc     0 NOTYPE  LOCAL  DEFAULT    4 $t
  1112: 000027d0     0 NOTYPE  LOCAL  DEFAULT    4 $d
  1113: 000027e4     0 NOTYPE  LOCAL  DEFAULT    4 $t
  1114: 00002856     0 NOTYPE  LOCAL  DEFAULT    4 $t
  1115: 000025ed     0 NOTYPE  LOCAL  DEFAULT    4 $d
  1116: 000025ee     0 NOTYPE  LOCAL  DEFAULT    4 $t
  1117: 000028a4     0 NOTYPE  LOCAL  DEFAULT    4 $t
  1118: 000028d2     0 NOTYPE  LOCAL  DEFAULT    4 $t
  1119: 000028ec     0 NOTYPE  LOCAL  DEFAULT    4 $t
  1120: 00002910     0 NOTYPE  LOCAL  DEFAULT    4 $t
  1121: 00002958     0 NOTYPE  LOCAL  DEFAULT    4 $d
  1122: 00002960     0 NOTYPE  LOCAL  DEFAULT    4 $t
  1123: 00002a14     0 NOTYPE  LOCAL  DEFAULT    4 $d
  1124: 00002a20     0 NOTYPE  LOCAL  DEFAULT    4 $t
  1125: 00002dd8     0 NOTYPE  LOCAL  DEFAULT    4 $d
  1126: 00002e08     0 NOTYPE  LOCAL  DEFAULT    4 $t
  1127: 00002fb8     0 NOTYPE  LOCAL  DEFAULT    4 $d
  1128: 00002fc0     0 NOTYPE  LOCAL  DEFAULT    4 $t
  1129: 0000315c     0 NOTYPE  LOCAL  DEFAULT    4 $d
  1130: 00003170     0 NOTYPE  LOCAL  DEFAULT    4 $t
  1131: 000031a8     0 NOTYPE  LOCAL  DEFAULT    4 $d
  1132: 000031ac     0 NOTYPE  LOCAL  DEFAULT    4 $t
  1133: 000031e0     0 NOTYPE  LOCAL  DEFAULT    4 $t
  1134: 0000324c     0 NOTYPE  LOCAL  DEFAULT    4 $d
  1135: 00003254     0 NOTYPE  LOCAL  DEFAULT    4 $t
  1136: 000032cc     0 NOTYPE  LOCAL  DEFAULT    4 $d
  1137: 000032e0     0 NOTYPE  LOCAL  DEFAULT    4 $t
  1138: 0000332c     0 NOTYPE  LOCAL  DEFAULT    4 $d
  1139: 00003334     0 NOTYPE  LOCAL  DEFAULT    4 $t
  1140: 00003440     0 NOTYPE  LOCAL  DEFAULT    4 $d
  1141: 00003454     0 NOTYPE  LOCAL  DEFAULT    4 $t
  1142: 000034b8     0 NOTYPE  LOCAL  DEFAULT    4 $d
  1143: 000034c8     0 NOTYPE  LOCAL  DEFAULT    4 $t
  1144: 00003584     0 NOTYPE  LOCAL  DEFAULT    4 $d
  1145: 00003590     0 NOTYPE  LOCAL  DEFAULT    4 $t
  1146: 00003598     0 NOTYPE  LOCAL  DEFAULT    4 $d
  1147: 0000359c     0 NOTYPE  LOCAL  DEFAULT    4 $t
  1148: 000035a4     0 NOTYPE  LOCAL  DEFAULT    4 $d
  1149: 000035a8     0 NOTYPE  LOCAL  DEFAULT    4 $t
  1150: 00003698     0 NOTYPE  LOCAL  DEFAULT    4 $t
  1151: 00003710     0 NOTYPE  LOCAL  DEFAULT    4 $d
  1152: 00006084     0 NOTYPE  LOCAL  DEFAULT    4 $t
  1153: 0000618a     0 NOTYPE  LOCAL  DEFAULT    4 $t
  1154: 000061d0     0 NOTYPE  LOCAL  DEFAULT    4 $t
  1155: 00006320     0 NOTYPE  LOCAL  DEFAULT    4 $d
  1156: 0000669c     0 NOTYPE  LOCAL  DEFAULT    4 $t
  1157: 000066c4     0 NOTYPE  LOCAL  DEFAULT    4 $d
  1158: 000066c8     0 NOTYPE  LOCAL  DEFAULT    4 $t
  1159: 000067a0     0 NOTYPE  LOCAL  DEFAULT    4 $d
  1160: 000067a8     0 NOTYPE  LOCAL  DEFAULT    4 $t
  1161: 0000680c     0 NOTYPE  LOCAL  DEFAULT    4 $t
  1162: 00006970     0 NOTYPE  LOCAL  DEFAULT    4 $d
  1163: 00006984     0 NOTYPE  LOCAL  DEFAULT    4 $t
  1164: 000069b0     0 NOTYPE  LOCAL  DEFAULT    4 $d
  1165: 000069b4     0 NOTYPE  LOCAL  DEFAULT    4 $t
  1166: 00006b0c     0 NOTYPE  LOCAL  DEFAULT    4 $d
  1167: 00006b10     0 NOTYPE  LOCAL  DEFAULT    4 $t
  1168: 00006b90     0 NOTYPE  LOCAL  DEFAULT    4 $d
  1169: 00006b98     0 NOTYPE  LOCAL  DEFAULT    4 $t
  1170: 00006c8c     0 NOTYPE  LOCAL  DEFAULT    4 $d
  1171: 00006c98     0 NOTYPE  LOCAL  DEFAULT    4 $t
  1172: 000091c8     0 NOTYPE  LOCAL  DEFAULT    4 $t
  1173: 000091c9   232 FUNC    LOCAL  DEFAULT    4 _ZN8governor12_GLOBAL__N_15shapeEfffdf
  1174: 0000929c     0 NOTYPE  LOCAL  DEFAULT    4 $d
  1175: 000092b0     0 NOTYPE  LOCAL  DEFAULT    4 $t
  1176: 0000934c     0 NOTYPE  LOCAL  DEFAULT    4 $d
  1177: 00009354     0 NOTYPE  LOCAL  DEFAULT    4 $t
  1178: 00009488     0 NOTYPE  LOCAL  DEFAULT    4 $d
  1179: 000094d8     0 NOTYPE  LOCAL  DEFAULT    4 $t
  1180: 000094d9   136 FUNC    LOCAL  DEFAULT    4 _ZN8logframe12_GLOBAL__N_18quantizeEfdiiRb
  1181: 00009544     0 NOTYPE  LOCAL  DEFAULT    4 $d
  1182: 00009560     0 NOTYPE  LOCAL  DEFAULT    4 $t
  1183: 000095a0     0 NOTYPE  LOCAL  DEFAULT    4 $t
  1184: 000095cc     0 NOTYPE  LOCAL  DEFAULT    4 $d
  1185: 000095d0     0 NOTYPE  LOCAL  DEFAULT    4 $t
  1186: 000097f0     0 NOTYPE  LOCAL  DEFAULT    4 $d
  1187: 00009820     0 NOTYPE  LOCAL  DEFAULT    4 $t
  1188: 00009854     0 NOTYPE  LOCAL  DEFAULT    4 $t
  1189: 00009886     0 NOTYPE  LOCAL  DEFAULT    4 $t
  1190: 0000988e     0 NOTYPE  LOCAL  DEFAULT    4 $t
  1191: 000098a0     0 NOTYPE  LOCAL  DEFAULT    4 $t
  1192: 000098a8     0 NOTYPE  LOCAL  DEFAULT    4 $t
  1193: 000098b0     0 NOTYPE  LOCAL  DEFAULT    4 $t
  1194: 000098c0     0 NOTYPE  LOCAL  DEFAULT    4 $t
  1195: 000098ce     0 NOTYPE  LOCAL  DEFAULT    4 $d
  1196: 000098d8     0 NOTYPE  LOCAL  DEFAULT    4 $t
  1197: 00009a30     0 NOTYPE  LOCAL  DEFAULT    4 $d
  1198: 00009a5c     0 NOTYPE  LOCAL  DEFAULT    4 $t
  1199: 00009aa0     0 NOTYPE  LOCAL  DEFAULT    4 $t
  1200: 00009af8     0 NOTYPE  LOCAL  DEFAULT    4 $d
  1201: 00009b00     0 NOTYPE  LOCAL  DEFAULT    4 $t
  1202: 00009b01   136 FUNC    LOCAL  DEFAULT    4 _ZN6motion12_GLOBAL__N_112headingErrorEdd
  1203: 00009b60     0 NOTYPE  LOCAL  DEFAULT    4 $d
  1204: 00009b88     0 NOTYPE  LOCAL  DEFAULT    4 $t
  1205: 00009b94     0 NOTYPE  LOCAL  DEFAULT    4 $t
  1206: 00009bac     0 NOTYPE  LOCAL  DEFAULT    4 $t
  1207: 00009bdc     0 NOTYPE  LOCAL  DEFAULT    4 $d
  1208: 00009be8     0 NOTYPE  LOCAL  DEFAULT    4 $t
  1209: 00009db8     0 NOTYPE  LOCAL  DEFAULT    4 $d
  1210: 00009e08     0 NOTYPE  LOCAL  DEFAULT    4 $t
  1211: 00009e14     0 NOTYPE  LOCAL  DEFAULT    4 $d
  1212: 00009e18     0 NOTYPE  LOCAL  DEFAULT    4 $t
  1213: 00009ed8     0 NOTYPE  LOCAL  DEFAULT    4 $d
  1214: 00009eec     0 NOTYPE  LOCAL  DEFAULT    4 $t
  1215: 00009f78     0 NOTYPE  LOCAL  DEFAULT    4 $d
  1216: 00009f90     0 NOTYPE  LOCAL  DEFAULT    4 $t
  1217: 0000a170     0 NOTYPE  LOCAL  DEFAULT    4 $d
  1218: 0000a1b0     0 NOTYPE  LOCAL  DEFAULT    4 $t
  1219: 0000a1bc     0 NOTYPE  LOCAL  DEFAULT    4 $d
  1220: 0000a1c0     0 NOTYPE  LOCAL  DEFAULT    4 $t
  1221: 0000a248     0 NOTYPE  LOCAL  DEFAULT    4 $d
  1222: 0000a254     0 NOTYPE  LOCAL  DEFAULT    4 $t
  1223: 0000a35c     0 NOTYPE  LOCAL  DEFAULT    4 $d
  1224: 0000a380     0 NOTYPE  LOCAL  DEFAULT    4 $t
  1225: 0000a3bc     0 NOTYPE  LOCAL  DEFAULT    4 $d
  1226: 0000a3c0     0 NOTYPE  LOCAL  DEFAULT    4 $t
  1227: 0000a498     0 NOTYPE  LOCAL  DEFAULT    4 $d
  1228: 0000a4a4     0 NOTYPE  LOCAL  DEFAULT    4 $t
  1229: 0000a500     0 NOTYPE  LOCAL  DEFAULT    4 $d
  1230: 0000a508     0 NOTYPE  LOCAL  DEFAULT    4 $t
  1231: 0000a544     0 NOTYPE  LOCAL  DEFAULT    4 $d
  1232: 0000a548     0 NOTYPE  LOCAL  DEFAULT    4 $t
  1233: 0000a5ec     0 NOTYPE  LOCAL  DEFAULT    4 $d
  1234: 0000b8b8     0 NOTYPE  LOCAL  DEFAULT    4 $t
  1235: 0000b8c4     0 NOTYPE  LOCAL  DEFAULT    4 $d
  1236: 0000b8c8     0 NOTYPE  LOCAL  DEFAULT    4 $t
  1237: 0000ba88     0 NOTYPE  LOCAL  DEFAULT    4 $d
  1238: 0000baa8     0 NOTYPE  LOCAL  DEFAULT    4 $t
  1239: 0000bb18     0 NOTYPE  LOCAL  DEFAULT    4 $d
  1240: 0000bb24     0 NOTYPE  LOCAL  DEFAULT    4 $t
  1241: 0000bb6c     0 NOTYPE  LOCAL  DEFAULT    4 $d
  1242: 0000bb74     0 NOTYPE  LOCAL  DEFAULT    4 $t
  1243: 0000bb90     0 NOTYPE  LOCAL  DEFAULT    4 $d
  1244: 0000c9dc     0 NOTYPE  LOCAL  DEFAULT    4 $t
  1245: 0000ca3c     0 NOTYPE  LOCAL  DEFAULT    4 $d
  1246: 0000ca44     0 NOTYPE  LOCAL  DEFAULT    4 $t
  1247: 0000ca74     0 NOTYPE  LOCAL  DEFAULT    4 $d
  1248: 0000ca7c     0 NOTYPE  LOCAL  DEFAULT    4 $t
  1249: 0000cad0     0 NOTYPE  LOCAL  DEFAULT    4 $d
  1250: 0000cad8     0 NOTYPE  LOCAL  DEFAULT    4 $t
  1251: 0000cb2c     0 NOTYPE  LOCAL  DEFAULT    4 $d
  1252: 0000cb34     0 NOTYPE  LOCAL  DEFAULT    4 $t
  1253: 0000cb74     0 NOTYPE  LOCAL  DEFAULT    4 $d
  1254: 0000cb78     0 NOTYPE  LOCAL  DEFAULT    4 $t
  1255: 0000cc78     0 NOTYPE  LOCAL  DEFAULT    4 $d
  1256: 0000cc80     0 NOTYPE  LOCAL  DEFAULT    4 $t
  1257: 0000cd2c     0 NOTYPE  LOCAL  DEFAULT    4 $d
  1258: 0000cd38     0 NOTYPE  LOCAL  DEFAULT    4 $t
  1259: 0000cd39   108 FUNC    LOCAL  DEFAULT    4 _ZN3imu12_GLOBAL__N_116emptyAcquisitionERKNS_14BusAcquisitionE
  1260: 0000cda4     0 NOTYPE  LOCAL  DEFAULT    4 $t
  1261: 0000cde4     0 NOTYPE  LOCAL  DEFAULT    4 $d
  1262: 0000cdec     0 NOTYPE  LOCAL  DEFAULT    4 $t
  1263: 0000ce2c     0 NOTYPE  LOCAL  DEFAULT    4 $d
  1264: 0000ce38     0 NOTYPE  LOCAL  DEFAULT    4 $t
  1265: 0000ce90     0 NOTYPE  LOCAL  DEFAULT    4 $d
  1266: 0000ce94     0 NOTYPE  LOCAL  DEFAULT    4 $t
  1267: 0000d018     0 NOTYPE  LOCAL  DEFAULT    4 $d
  1268: 0000d038     0 NOTYPE  LOCAL  DEFAULT    4 $t
  1269: 0000d164     0 NOTYPE  LOCAL  DEFAULT    4 $d
  1270: 0000d18c     0 NOTYPE  LOCAL  DEFAULT    4 $t
  1271: 0000d1c8     0 NOTYPE  LOCAL  DEFAULT    4 $d
  1272: 0000d4d8     0 NOTYPE  LOCAL  DEFAULT    4 $t
  1273: 0000d610     0 NOTYPE  LOCAL  DEFAULT    4 $d
  1274: 0000d61c     0 NOTYPE  LOCAL  DEFAULT    4 $t
  1275: 0000d63c     0 NOTYPE  LOCAL  DEFAULT    4 $d
  1276: 0000d644     0 NOTYPE  LOCAL  DEFAULT    4 $t
  1277: 0000d6b0     0 NOTYPE  LOCAL  DEFAULT    4 $d
  1278: 0000d6b8     0 NOTYPE  LOCAL  DEFAULT    4 $t
  1279: 0000d774     0 NOTYPE  LOCAL  DEFAULT    4 $d
  1280: 0000d790     0 NOTYPE  LOCAL  DEFAULT    4 $t
  1281: 0000d814     0 NOTYPE  LOCAL  DEFAULT    4 $d
  1282: 0000d82c     0 NOTYPE  LOCAL  DEFAULT    4 $t
  1283: 0000d87c     0 NOTYPE  LOCAL  DEFAULT    4 $d
  1284: 0000d884     0 NOTYPE  LOCAL  DEFAULT    4 $t
  1285: 0000d8b0     0 NOTYPE  LOCAL  DEFAULT    4 $d
  1286: 0000d8b8     0 NOTYPE  LOCAL  DEFAULT    4 $t
  1287: 0000d920     0 NOTYPE  LOCAL  DEFAULT    4 $d
  1288: 0000d934     0 NOTYPE  LOCAL  DEFAULT    4 $t
  1289: 0000d9f8     0 NOTYPE  LOCAL  DEFAULT    4 $d
  1290: 0000da00     0 NOTYPE  LOCAL  DEFAULT    4 $t
  1291: 0000da28     0 NOTYPE  LOCAL  DEFAULT    4 $d
  1292: 0000daa4     0 NOTYPE  LOCAL  DEFAULT    4 $d
  1293: 0000da2f     0 NOTYPE  LOCAL  DEFAULT    4 $d
  1294: 0000da30     0 NOTYPE  LOCAL  DEFAULT    4 $t
  1295: 0000ea28     0 NOTYPE  LOCAL  DEFAULT    4 $t
  1296: 0000ea29    28 FUNC    LOCAL  DEFAULT    4 _ZN3imu12_GLOBAL__N_16mappedEPKfa
  1297: 0000ea44     0 NOTYPE  LOCAL  DEFAULT    4 $t
  1298: 0000ea64     0 NOTYPE  LOCAL  DEFAULT    4 $d
  1299: 0000ea68     0 NOTYPE  LOCAL  DEFAULT    4 $t
  1300: 0000ea9c     0 NOTYPE  LOCAL  DEFAULT    4 $d
  1301: 0000eaa0     0 NOTYPE  LOCAL  DEFAULT    4 $t
  1302: 0000eb88     0 NOTYPE  LOCAL  DEFAULT    4 $d
  1303: 0000eb98     0 NOTYPE  LOCAL  DEFAULT    4 $t
  1304: 0000ebe4     0 NOTYPE  LOCAL  DEFAULT    4 $d
  1305: 0000ebe8     0 NOTYPE  LOCAL  DEFAULT    4 $t
  1306: 0000ecdc     0 NOTYPE  LOCAL  DEFAULT    4 $d
  1307: 0000ece8     0 NOTYPE  LOCAL  DEFAULT    4 $t
  1308: 0000ef10     0 NOTYPE  LOCAL  DEFAULT    4 $d
  1309: 0000ef5c     0 NOTYPE  LOCAL  DEFAULT    4 $t
  1310: 0000f050     0 NOTYPE  LOCAL  DEFAULT    4 $d
  1311: 0000f068     0 NOTYPE  LOCAL  DEFAULT    4 $t
  1312: 0000f0b4     0 NOTYPE  LOCAL  DEFAULT    4 $d
  1313: 00010454     0 NOTYPE  LOCAL  DEFAULT    4 $t
  1314: 00010e78     0 NOTYPE  LOCAL  DEFAULT    4 $t
  1315: 00010eb4     0 NOTYPE  LOCAL  DEFAULT    4 $t
  1316: 00010eec     0 NOTYPE  LOCAL  DEFAULT    4 $t
  1317: 00010f0e     0 NOTYPE  LOCAL  DEFAULT    4 $t
  1318: 00010fac     0 NOTYPE  LOCAL  DEFAULT    4 $t
  1319: 00011028     0 NOTYPE  LOCAL  DEFAULT    4 $d
  1320: 00011034     0 NOTYPE  LOCAL  DEFAULT    4 $t
  1321: 000111c8     0 NOTYPE  LOCAL  DEFAULT    4 $d
  1322: 000111d4     0 NOTYPE  LOCAL  DEFAULT    4 $t
  1323: 00011238     0 NOTYPE  LOCAL  DEFAULT    4 $d
  1324: 0001123c     0 NOTYPE  LOCAL  DEFAULT    4 $t
  1325: 00011324     0 NOTYPE  LOCAL  DEFAULT    4 $d
  1326: 00011334     0 NOTYPE  LOCAL  DEFAULT    4 $t
  1327: 000113d0     0 NOTYPE  LOCAL  DEFAULT    4 $d
  1328: 000113d4     0 NOTYPE  LOCAL  DEFAULT    4 $t
  1329: 000113dc     0 NOTYPE  LOCAL  DEFAULT    4 $t
  1330: 0001150c     0 NOTYPE  LOCAL  DEFAULT    4 $d
  1331: 00011520     0 NOTYPE  LOCAL  DEFAULT    4 $t
  1332: 000115ec     0 NOTYPE  LOCAL  DEFAULT    4 $d
  1333: 000124e0     0 NOTYPE  LOCAL  DEFAULT    4 $t
  1334: 00012532     0 NOTYPE  LOCAL  DEFAULT    4 $t
  1335: 0001254a     0 NOTYPE  LOCAL  DEFAULT    4 $t
  1336: 00012584     0 NOTYPE  LOCAL  DEFAULT    4 $t
  1337: 000125d0     0 NOTYPE  LOCAL  DEFAULT    4 $d
  1338: 000125d4     0 NOTYPE  LOCAL  DEFAULT    4 $t
  1339: 000125f8     0 NOTYPE  LOCAL  DEFAULT    4 $t
  1340: 000126c4     0 NOTYPE  LOCAL  DEFAULT    4 $d
  1341: 000126d4     0 NOTYPE  LOCAL  DEFAULT    4 $t
  1342: 00012870     0 NOTYPE  LOCAL  DEFAULT    4 $d
  1343: 00012890     0 NOTYPE  LOCAL  DEFAULT    4 $t
  1344: 000129ac     0 NOTYPE  LOCAL  DEFAULT    4 $d
  1345: 000129b8     0 NOTYPE  LOCAL  DEFAULT    4 $t
  1346: 000129ec     0 NOTYPE  LOCAL  DEFAULT    4 $d
  1347: 000129f0     0 NOTYPE  LOCAL  DEFAULT    4 $t
  1348: 000129f4     0 NOTYPE  LOCAL  DEFAULT    4 $t
  1349: 00012a1c     0 NOTYPE  LOCAL  DEFAULT    4 $d
  1350: 00012a20     0 NOTYPE  LOCAL  DEFAULT    4 $t
  1351: 00012a88     0 NOTYPE  LOCAL  DEFAULT    4 $d
  1352: 00012a90     0 NOTYPE  LOCAL  DEFAULT    4 $t
  1353: 00012a91     8 FUNC    LOCAL  DEFAULT    4 _ZN5power12_GLOBAL__N_17clockUsEPv
  1354: 00012a94     0 NOTYPE  LOCAL  DEFAULT    4 $d
  1355: 00012a98     0 NOTYPE  LOCAL  DEFAULT    4 $t
  1356: 00012a99    16 FUNC    LOCAL  DEFAULT    4 _ZN5power12_GLOBAL__N_111readButtonsEPv
  1357: 00012aa4     0 NOTYPE  LOCAL  DEFAULT    4 $d
  1358: 00012aa8     0 NOTYPE  LOCAL  DEFAULT    4 $t
  1359: 00012aa9    16 FUNC    LOCAL  DEFAULT    4 _ZN5power12_GLOBAL__N_111readBatteryEPv
  1360: 00012ab4     0 NOTYPE  LOCAL  DEFAULT    4 $d
  1361: 00012ab8     0 NOTYPE  LOCAL  DEFAULT    4 $t
  1362: 00012ab9    12 FUNC    LOCAL  DEFAULT    4 _ZN5power12_GLOBAL__N_19beginPairEPv
  1363: 00012ac0     0 NOTYPE  LOCAL  DEFAULT    4 $d
  1364: 00012ac4     0 NOTYPE  LOCAL  DEFAULT    4 $t
  1365: 00012ad8     0 NOTYPE  LOCAL  DEFAULT    4 $d
  1366: 00012ae8     0 NOTYPE  LOCAL  DEFAULT    4 $t
  1367: 00012b30     0 NOTYPE  LOCAL  DEFAULT    4 $t
  1368: 00012bcc     0 NOTYPE  LOCAL  DEFAULT    4 $d
  1369: 00012bd8     0 NOTYPE  LOCAL  DEFAULT    4 $t
  1370: 00012ddc     0 NOTYPE  LOCAL  DEFAULT    4 $d
  1371: 00012de8     0 NOTYPE  LOCAL  DEFAULT    4 $t
  1372: 00012e6c     0 NOTYPE  LOCAL  DEFAULT    4 $t
  1373: 00012f08     0 NOTYPE  LOCAL  DEFAULT    4 $d
  1374: 00012f0c     0 NOTYPE  LOCAL  DEFAULT    4 $t
  1375: 00013014     0 NOTYPE  LOCAL  DEFAULT    4 $d
  1376: 0001319c     0 NOTYPE  LOCAL  DEFAULT    4 $t
  1377: 000131bc     0 NOTYPE  LOCAL  DEFAULT    4 $t
  1378: 0001322c     0 NOTYPE  LOCAL  DEFAULT    4 $d
  1379: 00013230     0 NOTYPE  LOCAL  DEFAULT    4 $t
  1380: 00013294     0 NOTYPE  LOCAL  DEFAULT    4 $d
  1381: 000132a4     0 NOTYPE  LOCAL  DEFAULT    4 $t
  1382: 00013354     0 NOTYPE  LOCAL  DEFAULT    4 $d
  1383: 00013360     0 NOTYPE  LOCAL  DEFAULT    4 $t
  1384: 000133d4     0 NOTYPE  LOCAL  DEFAULT    4 $d
  1385: 000133d8     0 NOTYPE  LOCAL  DEFAULT    4 $t
  1386: 000134b2     0 NOTYPE  LOCAL  DEFAULT    4 $t
  1387: 000134dc     0 NOTYPE  LOCAL  DEFAULT    4 $t
  1388: 00013580     0 NOTYPE  LOCAL  DEFAULT    4 $d
  1389: 00013594     0 NOTYPE  LOCAL  DEFAULT    4 $t
  1390: 000136e0     0 NOTYPE  LOCAL  DEFAULT    4 $d
  1391: 000136fc     0 NOTYPE  LOCAL  DEFAULT    4 $t
  1392: 00013706     0 NOTYPE  LOCAL  DEFAULT    4 $t
  1393: 00013708     0 NOTYPE  LOCAL  DEFAULT    4 $t
  1394: 00013712     0 NOTYPE  LOCAL  DEFAULT    4 $t
  1395: 0001371c     0 NOTYPE  LOCAL  DEFAULT    4 $t
  1396: 000137c8     0 NOTYPE  LOCAL  DEFAULT    4 $d
  1397: 000148e8     0 NOTYPE  LOCAL  DEFAULT    4 $t
  1398: 000149f0     0 NOTYPE  LOCAL  DEFAULT    4 $d
  1399: 000149f4     0 NOTYPE  LOCAL  DEFAULT    4 $t
  1400: 00014a00     0 NOTYPE  LOCAL  DEFAULT    4 $t
  1401: 00014a64     0 NOTYPE  LOCAL  DEFAULT    4 $d
  1402: 00014a68     0 NOTYPE  LOCAL  DEFAULT    4 $t
  1403: 00014a72     0 NOTYPE  LOCAL  DEFAULT    4 $t
  1404: 00014a7c     0 NOTYPE  LOCAL  DEFAULT    4 $t
  1405: 00014a86     0 NOTYPE  LOCAL  DEFAULT    4 $t
  1406: 00014a90     0 NOTYPE  LOCAL  DEFAULT    4 $t
  1407: 00014ab6     0 NOTYPE  LOCAL  DEFAULT    4 $t
  1408: 00015288     0 NOTYPE  LOCAL  DEFAULT    4 $t
  1409: 00015318     0 NOTYPE  LOCAL  DEFAULT    4 $d
  1410: 00028d67     1 OBJECT  LOCAL  DEFAULT    8 _ZN2ui12_GLOBAL__N_114matrix_claimedE
  1411: 00015334     0 NOTYPE  LOCAL  DEFAULT    4 $t
  1412: 000153b4     0 NOTYPE  LOCAL  DEFAULT    4 $d
  1413: 00028d67     0 NOTYPE  LOCAL  DEFAULT    8 $d
  1414: 000153b8     0 NOTYPE  LOCAL  DEFAULT    4 $t
  1415: 000153c0     0 NOTYPE  LOCAL  DEFAULT    4 $d
  1416: 000153c4     0 NOTYPE  LOCAL  DEFAULT    4 $t
  1417: 000153c8     0 NOTYPE  LOCAL  DEFAULT    4 $d
  1418: 000153cc     0 NOTYPE  LOCAL  DEFAULT    4 $t
  1419: 000153d0     0 NOTYPE  LOCAL  DEFAULT    4 $d
  1420: 000153d4     0 NOTYPE  LOCAL  DEFAULT    4 $t
  1421: 000153d8     0 NOTYPE  LOCAL  DEFAULT    4 $d
  1422: 000153dc     0 NOTYPE  LOCAL  DEFAULT    4 $t
  1423: 000153e0     0 NOTYPE  LOCAL  DEFAULT    4 $d
  1424: 000153e4     0 NOTYPE  LOCAL  DEFAULT    4 $t
  1425: 000153ee     0 NOTYPE  LOCAL  DEFAULT    4 $t
  1426: 000153f8     0 NOTYPE  LOCAL  DEFAULT    4 $t
  1427: 00015402     0 NOTYPE  LOCAL  DEFAULT    4 $t
  1428: 0001540c     0 NOTYPE  LOCAL  DEFAULT    4 $t
  1429: 00015416     0 NOTYPE  LOCAL  DEFAULT    4 $t
  1430: 00015420     0 NOTYPE  LOCAL  DEFAULT    4 $t
  1431: 0001542a     0 NOTYPE  LOCAL  DEFAULT    4 $t
  1432: 00015434     0 NOTYPE  LOCAL  DEFAULT    4 $t
  1433: 0001543e     0 NOTYPE  LOCAL  DEFAULT    4 $t
  1434: 00015448     0 NOTYPE  LOCAL  DEFAULT    4 $t
  1435: 00015452     0 NOTYPE  LOCAL  DEFAULT    4 $t
  1436: 0001545c     0 NOTYPE  LOCAL  DEFAULT    4 $t
  1437: 00015466     0 NOTYPE  LOCAL  DEFAULT    4 $t
  1438: 00015470     0 NOTYPE  LOCAL  DEFAULT    4 $t
  1439: 0001547a     0 NOTYPE  LOCAL  DEFAULT    4 $t
  1440: 00015484     0 NOTYPE  LOCAL  DEFAULT    4 $t
  1441: 00015490     0 NOTYPE  LOCAL  DEFAULT    4 $t
  1442: 00015498     0 NOTYPE  LOCAL  DEFAULT    4 $d
  1443: 000154cc     0 NOTYPE  LOCAL  DEFAULT    4 $t
  1444: 00015528     0 NOTYPE  LOCAL  DEFAULT    4 $d
  1445: 00015538     0 NOTYPE  LOCAL  DEFAULT    4 $t
  1446: 0001554c     0 NOTYPE  LOCAL  DEFAULT    4 $d
  1447: 000155d4     0 NOTYPE  LOCAL  DEFAULT    4 $t
  1448: 0001566c     0 NOTYPE  LOCAL  DEFAULT    4 $d
  1449: 00000024     0 NOTYPE  LOCAL  DEFAULT    1 $d
  1450: 000010a9     0 NOTYPE  LOCAL  DEFAULT    3 $d
  1451: 00000d8c     0 NOTYPE  LOCAL  DEFAULT    3 $d
  1452: 00000d4c     0 NOTYPE  LOCAL  DEFAULT    3 $d
  1453: 00000d90     0 NOTYPE  LOCAL  DEFAULT    3 $d
  1454: 00000e7d     0 NOTYPE  LOCAL  DEFAULT    3 $d
  1455: 00000da1     0 NOTYPE  LOCAL  DEFAULT    3 $d
  1456: 00000dd8     0 NOTYPE  LOCAL  DEFAULT    3 $d
  1457: 000010b8     0 NOTYPE  LOCAL  DEFAULT    3 $d
  1458: 000010f8     0 NOTYPE  LOCAL  DEFAULT    3 $d
  1459: 000008eb     0 NOTYPE  LOCAL  DEFAULT    3 $d
  1460: 00000878     0 NOTYPE  LOCAL  DEFAULT    3 $d
  1461: 000008e1     0 NOTYPE  LOCAL  DEFAULT    3 $d
  1462: 0000087d     0 NOTYPE  LOCAL  DEFAULT    3 $d
  1463: 000008e6     0 NOTYPE  LOCAL  DEFAULT    3 $d
  1464: 00000882     0 NOTYPE  LOCAL  DEFAULT    3 $d
  1465: 00000873     0 NOTYPE  LOCAL  DEFAULT    3 $d
  1466: 0000086e     0 NOTYPE  LOCAL  DEFAULT    3 $d
  1467: 00000887     0 NOTYPE  LOCAL  DEFAULT    3 $d
  1468: 000008be     0 NOTYPE  LOCAL  DEFAULT    3 $d
  1469: 00000864     0 NOTYPE  LOCAL  DEFAULT    3 $d
  1470: 00000855     0 NOTYPE  LOCAL  DEFAULT    3 $d
  1471: 0000085a     0 NOTYPE  LOCAL  DEFAULT    3 $d
  1472: 0000085f     0 NOTYPE  LOCAL  DEFAULT    3 $d
  1473: 00000869     0 NOTYPE  LOCAL  DEFAULT    3 $d
  1474: 00000850     0 NOTYPE  LOCAL  DEFAULT    3 $d
  1475: 0000088c     0 NOTYPE  LOCAL  DEFAULT    3 $d
  1476: 00001110     0 NOTYPE  LOCAL  DEFAULT    3 $d
  1477: 00000000     0 NOTYPE  GLOBAL DEFAULT  UND __real_cos
  1478: 00000000     0 NOTYPE  GLOBAL DEFAULT  UND __real_iscntrl
  1479: 00000000     0 NOTYPE  GLOBAL DEFAULT  UND __real_ldexp
  1480: 00000000     0 NOTYPE  GLOBAL DEFAULT  UND __real_puts
  1481: 00000000     0 NOTYPE  GLOBAL DEFAULT  UND __real_isxdigit
  1482: 00000000     0 NOTYPE  GLOBAL DEFAULT  UND __real_sinf
  1483: 00000000     0 NOTYPE  GLOBAL DEFAULT  UND __real___aeabi_uidivmod
  1484: 00000000     0 NOTYPE  GLOBAL DEFAULT  UND __real___aeabi_f2uiz
  1485: 00000000     0 NOTYPE  GLOBAL DEFAULT  UND _sidata
  1486: 00000000     0 NOTYPE  GLOBAL DEFAULT  UND __real_log10
  1487: 00000000     0 NOTYPE  GLOBAL DEFAULT  UND __real___aeabi_idivmod
  1488: 00000000     0 NOTYPE  GLOBAL DEFAULT  UND __real_isprint
  1489: 00000000     0 NOTYPE  GLOBAL DEFAULT  UND __real_memmove
  1490: 00000000     0 NOTYPE  GLOBAL DEFAULT  UND __real_exp2
  1491: 00000000     0 NOTYPE  GLOBAL DEFAULT  UND __real_atan2
  1492: 00000000     0 NOTYPE  GLOBAL DEFAULT  UND z_impl_k_yield
  1493: 00000000     0 NOTYPE  GLOBAL DEFAULT  UND __real_log
  1494: 00000000     0 NOTYPE  GLOBAL DEFAULT  UND __real_malloc
  1495: 00000000     0 NOTYPE  GLOBAL DEFAULT  UND __real_islower
  1496: 00000000     0 NOTYPE  GLOBAL DEFAULT  UND _sbss
  1497: 00000000     0 NOTYPE  GLOBAL DEFAULT  UND __real___aeabi_l2f
  1498: 00000000     0 NOTYPE  GLOBAL DEFAULT  UND __real___aeabi_ldivmod
  1499: 00000000     0 NOTYPE  GLOBAL DEFAULT  UND __real_atoi
  1500: 00000000     0 NOTYPE  GLOBAL DEFAULT  UND __real___aeabi_uidiv
  1501: 00000000     0 NOTYPE  GLOBAL DEFAULT  UND __real___aeabi_idiv
  1502: 00000000     0 NOTYPE  GLOBAL DEFAULT  UND __real_exit
  1503: 00000000     0 NOTYPE  GLOBAL DEFAULT  UND __real_strchr
  1504: 00000000     0 NOTYPE  GLOBAL DEFAULT  UND __real___aeabi_read_tp
  1505: 00000000     0 NOTYPE  GLOBAL DEFAULT  UND __real___aeabi_ui2f
  1506: 00000000     0 NOTYPE  GLOBAL DEFAULT  UND __real_strstr
  1507: 00000000     0 NOTYPE  GLOBAL DEFAULT  UND _sdata
  1508: 00000000     0 NOTYPE  GLOBAL DEFAULT  UND __real___aeabi_l2d
  1509: 00000000     0 NOTYPE  GLOBAL DEFAULT  UND __real_sqrtf
  1510: 00000000     0 NOTYPE  GLOBAL DEFAULT  UND __real_strncpy
  1511: 00000000     0 NOTYPE  GLOBAL DEFAULT  UND __real_srand
  1512: 00000000     0 NOTYPE  GLOBAL DEFAULT  UND __real___aeabi_i2f
  1513: 00000000     0 NOTYPE  GLOBAL DEFAULT  UND __real___aeabi_fcmpun
  1514: 00000000     0 NOTYPE  GLOBAL DEFAULT  UND __real_strdup
  1515: 00000000     0 NOTYPE  GLOBAL DEFAULT  UND __real_gettimeofday
  1516: 00000000     0 NOTYPE  GLOBAL DEFAULT  UND __real_toupper
  1517: 00000000     0 NOTYPE  GLOBAL DEFAULT  UND __real_strrchr
  1518: 00000000     0 NOTYPE  GLOBAL DEFAULT  UND _device_list_end
  1519: 00000000     0 NOTYPE  GLOBAL DEFAULT  UND __real_tolower
  1520: 00000000     0 NOTYPE  GLOBAL DEFAULT  UND __real_isgraph
  1521: 00000000     0 NOTYPE  GLOBAL DEFAULT  UND __real_atan
  1522: 00000000     0 NOTYPE  GLOBAL DEFAULT  UND _ebss
  1523: 00000000     0 NOTYPE  GLOBAL DEFAULT  UND __real_pow
  1524: 00000000     0 NOTYPE  GLOBAL DEFAULT  UND __real_strtok
  1525: 00000000     0 NOTYPE  GLOBAL DEFAULT  UND __real_vsprintf
  1526: 00000000     0 NOTYPE  GLOBAL DEFAULT  UND kheap_llext_heap
  1527: 00000000     0 NOTYPE  GLOBAL DEFAULT  UND analog_reference
  1528: 00000000     0 NOTYPE  GLOBAL DEFAULT  UND __real_strtod
  1529: 00000000     0 NOTYPE  GLOBAL DEFAULT  UND __real_isalnum
  1530: 00000000     0 NOTYPE  GLOBAL DEFAULT  UND __real___aeabi_fdiv
  1531: 00000000     0 NOTYPE  GLOBAL DEFAULT  UND __real_sin
  1532: 00000000     0 NOTYPE  GLOBAL DEFAULT  UND __real___aeabi_fcmple
  1533: 00000000     0 NOTYPE  GLOBAL DEFAULT  UND __real___aeabi_f2iz
  1534: 00000000     0 NOTYPE  GLOBAL DEFAULT  UND z_impl_k_uptime_ticks
  1535: 00000000     0 NOTYPE  GLOBAL DEFAULT  UND __real_tan
  1536: 00000000     0 NOTYPE  GLOBAL DEFAULT  UND __real_strtoul
  1537: 00000000     0 NOTYPE  GLOBAL DEFAULT  UND __real_strnlen
  1538: 00000000     0 NOTYPE  GLOBAL DEFAULT  UND __real___xpg_strerror_r
  1539: 00000000     0 NOTYPE  GLOBAL DEFAULT  UND __real_exp
  1540: 00000000     0 NOTYPE  GLOBAL DEFAULT  UND __real_logf
  1541: 00000000     0 NOTYPE  GLOBAL DEFAULT  UND __real_atexit
  1542: 00000000     0 NOTYPE  GLOBAL DEFAULT  UND __real_memmem
  1543: 00000000     0 NOTYPE  GLOBAL DEFAULT  UND __real_isupper
  1544: 00000000     0 NOTYPE  GLOBAL DEFAULT  UND __real___aeabi_d2uiz
  1545: 00000000     0 NOTYPE  GLOBAL DEFAULT  UND printk
  1546: 00000000     0 NOTYPE  GLOBAL DEFAULT  UND __real_strncmp
  1547: 00000000     0 NOTYPE  GLOBAL DEFAULT  UND __real_realloc
  1548: 00000000     0 NOTYPE  GLOBAL DEFAULT  UND __real_asinf
  1549: 00000000     0 NOTYPE  GLOBAL DEFAULT  UND __real___aeabi_fadd
  1550: 00000000     0 NOTYPE  GLOBAL DEFAULT  UND __real_isspace
  1551: 00000000     0 NOTYPE  GLOBAL DEFAULT  UND __real_free
  1552: 00000000     0 NOTYPE  GLOBAL DEFAULT  UND __heap_end
  1553: 00000000     0 NOTYPE  GLOBAL DEFAULT  UND __real_strcat
  1554: 00000000     0 NOTYPE  GLOBAL DEFAULT  UND __real_putchar
  1555: 00000000     0 NOTYPE  GLOBAL DEFAULT  UND __real___aeabi_fcmplt
  1556: 00000000     0 NOTYPE  GLOBAL DEFAULT  UND __real_vsnprintf
  1557: 00000000     0 NOTYPE  GLOBAL DEFAULT  UND __real_rand
  1558: 00000000     0 NOTYPE  GLOBAL DEFAULT  UND _device_list_start
  1559: 00000000     0 NOTYPE  GLOBAL DEFAULT  UND __real___aeabi_ul2f
  1560: 00000000     0 NOTYPE  GLOBAL DEFAULT  UND __real_acos
  1561: 00000000     0 NOTYPE  GLOBAL DEFAULT  UND __heap_start
  1562: 00000000     0 NOTYPE  GLOBAL DEFAULT  UND __real_asin
  1563: 00000000     0 NOTYPE  GLOBAL DEFAULT  UND _edata
  1564: 00000000     0 NOTYPE  GLOBAL DEFAULT  UND __real_isdigit
  1565: 00000000     0 NOTYPE  GLOBAL DEFAULT  UND __real_strlen
  1566: 00000000     0 NOTYPE  GLOBAL DEFAULT  UND __real___aeabi_fcmpge
  1567: 00000000     0 NOTYPE  GLOBAL DEFAULT  UND __real_vprintf
  1568: 00000000     0 NOTYPE  GLOBAL DEFAULT  UND __real_vsscanf
  1569: 00000000     0 NOTYPE  GLOBAL DEFAULT  UND __real___aeabi_fcmpeq
  1570: 00000000     0 NOTYPE  GLOBAL DEFAULT  UND __real_strcasecmp
  1571: 00000000     0 NOTYPE  GLOBAL DEFAULT  UND __real_tanf
  1572: 00000000     0 NOTYPE  GLOBAL DEFAULT  UND __real_strcmp
  1573: 00000000     0 NOTYPE  GLOBAL DEFAULT  UND __real_atof
  1574: 00000000     0 NOTYPE  GLOBAL DEFAULT  UND __real_calloc
  1575: 00000000     0 NOTYPE  GLOBAL DEFAULT  UND __real_strtol
  1576: 00000000     0 NOTYPE  GLOBAL DEFAULT  UND __real_acosf
  1577: 00000000     0 NOTYPE  GLOBAL DEFAULT  UND __real_cosf
  1578: 00000000     0 NOTYPE  GLOBAL DEFAULT  UND __real_log2
  1579: 00000000     0 NOTYPE  GLOBAL DEFAULT  UND __real___aeabi_fmul
  1580: 00000000     0 NOTYPE  GLOBAL DEFAULT  UND __real___aeabi_d2lz
  1581: 00000000     0 NOTYPE  GLOBAL DEFAULT  UND __real_atan2f
  1582: 00000000     0 NOTYPE  GLOBAL DEFAULT  UND kheap_llext_heap_size
  1583: 00000000     0 NOTYPE  GLOBAL DEFAULT  UND __real_strcpy
  1584: 00000000     0 NOTYPE  GLOBAL DEFAULT  UND __real__exit
  1585: 00000000     0 NOTYPE  GLOBAL DEFAULT  UND __real_memcmp
  1586: 00000000     0 NOTYPE  GLOBAL DEFAULT  UND __real___aeabi_fsub
  1587: 00000000     0 NOTYPE  GLOBAL DEFAULT  UND __real_memchr
  1588: 00000000     0 NOTYPE  GLOBAL DEFAULT  UND __real___aeabi_fcmpgt
  1589: 00000000     0 NOTYPE  GLOBAL DEFAULT  UND __real_atol
  1590: 00000000     0 NOTYPE  GLOBAL DEFAULT  UND __real_atanf
  1591: 00000000     0 NOTYPE  GLOBAL DEFAULT  UND __real_isalpha
  1592: 00005a6d    52 FUNC    GLOBAL DEFAULT    4 _ZN3fsm10DefendTurn6finishENS_6IntentE
  1593: 00000000     0 NOTYPE  WEAK   DEFAULT  UND __device_dts_ord_70
  1594: 0001302d   368 FUNC    GLOBAL DEFAULT    4 _ZN7qtr_cal12formatConfigERKNS_6ReportEPcjRj
  1595: 00004f51    64 FUNC    GLOBAL DEFAULT    4 _ZN3fsm6Search12beginAdvanceEj
  1596: 0001543f    10 FUNC    GLOBAL DEFAULT    4 __aeabi_dcmpun
  1597: 00015421    10 FUNC    GLOBAL DEFAULT    4 __aeabi_dcmple
  1598: 00000000     0 NOTYPE  GLOBAL DEFAULT  UND __real___aeabi_dcmpgt
  1599: 00000300    16 OBJECT  WEAK   DEFAULT    3 _ZN6config14MOTOR_PWM_PINSE
  1600: 00000000     0 NOTYPE  GLOBAL DEFAULT  UND __device_dts_ord_40
  1601: 00004191    76 FUNC    GLOBAL DEFAULT    4 _ZN4edge11RowExecutor12advancePhaseEjb
  1602: 0000f96d    92 FUNC    GLOBAL DEFAULT    4 _ZN8line_qtr6Reader12serviceFrameEv
  1603: 00000ba9   128 FUNC    GLOBAL DEFAULT    4 _ZN3app7Runtime13cancelSourcesEv
  1604: 000119c5   172 FUNC    GLOBAL DEFAULT    4 _ZNK5power6Reader13controlsOwnedEv
  1605: 000067a9   100 FUNC    GLOBAL DEFAULT    4 _ZN3fsm5Robot20advanceLineHistoriesEv
  1606: 00013231   116 FUNC    GLOBAL DEFAULT    4 _ZN8recorder15AttemptRecorder5beginERKN3fsm11RobotResultE
  1607: 0000d265   628 FUNC    GLOBAL DEFAULT    4 _ZN3imu13applyEstimateERN3fsm10RobotInputERKNS_8EstimateE
  1608: 00001269    58 FUNC    GLOBAL DEFAULT    4 _ZN3app7Runtime10skipBeforeEj
  1609: 000153dd     8 FUNC    GLOBAL DEFAULT    4 sqrt
  1610: 0000bb75    32 FUNC    GLOBAL DEFAULT    4 _ZN5stall14ReflankLimiter4stepEj
  1611: 00005cb9    68 FUNC    GLOBAL DEFAULT    4 _ZN3fsm16HeadingReference13captureOriginERKNS_13HeadingSampleE
  1612: 00000000     0 NOTYPE  GLOBAL DEFAULT  UND z_impl_k_thread_create
  1613: 00009561    62 FUNC    GLOBAL DEFAULT    4 _ZN8logframe11observeTickERNS_14TickStatisticsEj
  1614: 0000a705    24 FUNC    GLOBAL DEFAULT    4 _ZN7openers5Flank9beginTurnEjfb
  1615: 00000f89    56 FUNC    GLOBAL DEFAULT    4 _ZN3app7Runtime9countPassEv
  1616: 00003335   288 FUNC    GLOBAL DEFAULT    4 _ZN3app11Transaction13applyDecisionEN3fsm10RobotInputEj
  1617: 00000e2d   168 FUNC    GLOBAL DEFAULT    4 _ZN3app7Runtime10serviceImuEv
  1618: 000154cd   108 FUNC    GLOBAL DEFAULT    4 _Z20start_static_threadsv
  1619: 00006ea5    48 FUNC    GLOBAL DEFAULT    4 _ZN3fsm5Robot4emitEjN4core5EventEht
  1620: 00007d69    60 FUNC    GLOBAL DEFAULT    4 _ZN3fsm5Robot12finishDefendEv
  1621: 0000a8f9   136 FUNC    GLOBAL DEFAULT    4 _ZNK7openers5Flank6resultEv
  1622: 0000559d   140 FUNC    GLOBAL DEFAULT    4 _ZN3fsm11chooseSwingERKNS_12SwingContextE
  1623: 00002115   168 FUNC    GLOBAL DEFAULT    4 _ZN3app7Runtime7displayEv
  1624: 0000e119   340 FUNC    GLOBAL DEFAULT    4 _ZN3imu3Bus5beginEv
  1625: 000009e1    56 FUNC    GLOBAL DEFAULT    4 _ZN3app7Runtime11acceptClockEj
  1626: 00013cc5   372 FUNC    GLOBAL DEFAULT    4 _ZN8recorder3csv10summaryRowERKNS0_15SummarySnapshotEPcj
  1627: 0000bf2d    52 FUNC    GLOBAL DEFAULT    4 _ZNK8recorder4dump12UnoQDumpPort11sampleReadyEv
  1628: 0000fabd   220 FUNC    GLOBAL DEFAULT    4 _ZN8line_qtr6Reader7cleanupEv
  1629: 000023bd   212 FUNC    GLOBAL DEFAULT    4 _ZN3app7Runtime16admitApplicationEv
  1630: 000043d5    44 FUNC    GLOBAL DEFAULT    4 _ZN4edge11RowExecutor5resetEv
  1631: 00003699   144 FUNC    GLOBAL DEFAULT    4 _ZN3app11Transaction27resetStoppedRobotForServiceEv
  1632: 00013f71   300 FUNC    GLOBAL DEFAULT    4 _ZN8recorder4dump8Transfer5admitERKNS0_7ContextERKN3fsm11RobotResultEb
  1633: 000035a9   238 FUNC    GLOBAL DEFAULT    4 _ZN3app11Transaction25rememberStoppedCompletionEv
  1634: 000002f1    24 FUNC    GLOBAL DEFAULT    4 _ZN3app13NativeSources11beginMatrixEPvN2ui11MatrixGrantE
  1635: 00000000     0 NOTYPE  GLOBAL DEFAULT  UND __device_dts_ord_105
  1636: 00000000     0 NOTYPE  GLOBAL DEFAULT  UND z_impl_device_init
  1637: 0001371d   184 FUNC    GLOBAL DEFAULT    4 _ZNK8recorder15AttemptRecorder10incompleteEv
  1638: 00002a21  1440 FUNC    WEAK   DEFAULT    4 _ZN3fsm5RobotC1Ev
  1639: 0000bf09    36 FUNC    GLOBAL DEFAULT    4 _ZNK8recorder4dump12UnoQDumpPort9ownershipEv
  1640: 000155d5   156 FUNC    GLOBAL DEFAULT    4 round
  1641: 00003975   164 FUNC    GLOBAL DEFAULT    4 _ZN9countdown8Services17admitExplicitGyroERKNS_13ServiceSampleE
  1642: 000034c9   200 FUNC    GLOBAL DEFAULT    4 _ZN3app11Transaction8completeEbj
  1643: 00009b95    24 FUNC    GLOBAL DEFAULT    4 _ZN6motion8Interval7advanceEj
  1644: 0000d18d    72 FUNC    GLOBAL DEFAULT    4 _ZN3imu8Acquirer10cancelReadEj
  1645: 00003cc9    20 FUNC    GLOBAL DEFAULT    4 _ZN9countdown8Services6cancelEv
  1646: 000056dd    72 FUNC    GLOBAL DEFAULT    4 _ZN3fsm7Reflank9runMotionEjfb
  1647: 00005e31   212 FUNC    GLOBAL DEFAULT    4 _ZNK3fsm16HeadingReference14projectHeadingEf
  1648: 00000000     0 NOTYPE  GLOBAL DEFAULT  UND __real_abort
  1649: 00000cdd   336 FUNC    GLOBAL DEFAULT    4 _ZN3app7Runtime17initializeSourcesEv
  1650: 00000000     0 NOTYPE  GLOBAL DEFAULT  UND z_impl_k_thread_name_set
  1651: 0000ab11   168 FUNC    GLOBAL DEFAULT    4 _ZN7openers5Flank5startEjfbN4core4ModeE
  1652: 0000ea69    56 FUNC    GLOBAL DEFAULT    4 _ZN3imu9Estimator4failENS_12HeadingFaultENS_11SampleFaultE
  1653: 0000a981   348 FUNC    GLOBAL DEFAULT    4 _ZN7openers5Flank4stepERKNS_6SampleE
  1654: 00015555   128 FUNC    GLOBAL DEFAULT    4 _ZN6zephyr7arduino30init_dev_apply_channel_pinctrlEPK6devicej
  1655: 00000000     0 NOTYPE  GLOBAL DEFAULT  UND __real___aeabi_dcmpun
  1656: 00002491   236 FUNC    GLOBAL DEFAULT    4 _ZNK3app7Runtime19serviceButtonsValidEv
  1657: 00000008     0 TLS     GLOBAL DEFAULT  ABS _TLS_MODULE_BASE_
  1658: 0000b839    48 FUNC    GLOBAL DEFAULT    4 _ZNK10opp_fusion6Fusion7previewEN4core5StateE
  1659: 00000251    20 FUNC    GLOBAL DEFAULT    4 _ZN3app13NativeSources12advanceLinesEPv
  1660: 00000000     0 NOTYPE  GLOBAL DEFAULT  UND __real___aeabi_dcmplt
  1661: 00004d89     8 FUNC    GLOBAL DEFAULT    4 _ZN3fsm16NormalPerception5resetEv
  1662: 00003e7d   120 FUNC    GLOBAL DEFAULT    4 _ZN9countdown4Menu11observeNoneEjRNS_10MenuResultE
  1663: 000088bd   160 FUNC    GLOBAL DEFAULT    4 _ZN3fsm5Robot14publishPhantomEv
  1664: 0001247d   100 FUNC    GLOBAL DEFAULT    4 _ZN5power6Reader11readButtonsEv
  1665: 00007edd   240 FUNC    GLOBAL DEFAULT    4 _ZN3fsm5Robot11routeNormalEbb
  1666: 000021bd   344 FUNC    GLOBAL DEFAULT    4 _ZN3app7Runtime12postDecisionEv
  1667: 00013edd   148 FUNC    GLOBAL DEFAULT    4 _ZN8recorder4dump8Transfer13admitIdentityERKNS0_7ContextERKN3fsm11RobotResultEb
  1668: 00005f05   312 FUNC    GLOBAL DEFAULT    4 _ZN3fsm16HeadingReference7advanceERKNS_13HeadingSampleEbb
  1669: 000103ed   104 FUNC    GLOBAL DEFAULT    4 _ZN8line_qtr16applyRawSnapshotERN3fsm10RobotInputERKNS_8SnapshotE
  1670: 000126d5   444 FUNC    GLOBAL DEFAULT    4 _ZN5power10InputOwner16readBatteryIfDueEb
  1671: 0000cded    76 FUNC    GLOBAL DEFAULT    4 _ZN3imu8Acquirer9abortReadENS_11SampleFaultE
  1672: 00008e21   292 FUNC    GLOBAL DEFAULT    4 _ZN3fsm5Robot7exhaustERKNS_10RobotInputE
  1673: 0000cb35    68 FUNC    GLOBAL DEFAULT    4 _ZN3imu8Acquirer10acceptTimeEj
  1674: 00010a01    52 FUNC    GLOBAL DEFAULT    4 _ZNK6motors8UnoQPort9enableLowEv
  1675: 00002fc1   432 FUNC    GLOBAL DEFAULT    4 _ZN3app11TransactionC1ERKN6motors4PortE
  1676: 0000c731   380 FUNC    GLOBAL DEFAULT    4 _ZN3imu5Setup7advanceEj
  1677: 00001a41    92 FUNC    GLOBAL DEFAULT    4 _ZNK3app7Runtime16dumpReceiptValidEv
  1678: 00005d61   208 FUNC    GLOBAL DEFAULT    4 _ZNK3fsm16HeadingReference12projectWorldEf
  1679: 0001319d    32 FUNC    GLOBAL DEFAULT    4 _ZN8recorder15AttemptRecorder6rejectEv
  1680: 00009887     8 FUNC    GLOBAL DEFAULT    4 _ZNK8logframe11EventBuffer4sizeEv
  1681: 00008d01   288 FUNC    GLOBAL DEFAULT    4 _ZN3fsm5Robot6finishERKNS_10RobotInputE
  1682: 00004cdd    84 FUNC    GLOBAL DEFAULT    4 _ZN3fsm18FrontQualification7observeEh
  1683: 00014a7d    10 FUNC    GLOBAL DEFAULT    4 _ZNK8recorder11FrameBuffer12clampedCountEv
  1684: 0000b349   132 FUNC    GLOBAL DEFAULT    4 _ZN10opp_fusion13PhantomFilter7advanceEj
  1685: 0000895d   344 FUNC    GLOBAL DEFAULT    4 _ZN3fsm5Robot13publishEventsEv
  1686: 00009f91   544 FUNC    GLOBAL DEFAULT    4 _ZN6motion8Straight4stepEjfb
  1687: 00000014     0 TLS     GLOBAL DEFAULT  ABS errno
  1688: 00010d75    68 FUNC    GLOBAL DEFAULT    4 _ZNK6motors8UnoQPort9bankValidEv
  1689: 0000fd09   196 FUNC    GLOBAL DEFAULT    4 _ZN8line_qtr6Reader5startEv
  1690: 0000b2e1    76 FUNC    GLOBAL DEFAULT    4 _ZNK10opp_fusion7Contact12previewLatchEN4core5StateEhRKNS_10ContactCueE
  1691: 00003e15   104 FUNC    GLOBAL DEFAULT    4 _ZN9countdown4Menu11observeModeEjRNS_10MenuResultE
  1692: 00008ab5   432 FUNC    GLOBAL DEFAULT    4 _ZN3fsm5Robot12prepareFrameERKNS_10RobotInputE
  1693: 00005725   104 FUNC    GLOBAL DEFAULT    4 _ZN3fsm7Reflank12advanceStageEjb
  1694: 00000000     0 NOTYPE  GLOBAL DEFAULT  UND __device_dts_ord_91
  1695: 0000642d   328 FUNC    GLOBAL DEFAULT    4 _ZN3fsm5Robot15admitImuHeadingERNS_10RobotInputE
  1696: 0000d885    52 FUNC    GLOBAL DEFAULT    4 _ZN3imu3Bus15stopMotionPhaseEv
  1697: 00006085   262 FUNC    GLOBAL DEFAULT    4 _ZN3fsm5Robot12admitButtonsERKNS_10RobotInputE
  1698: 0000d645   116 FUNC    GLOBAL DEFAULT    4 _ZN3imu3Bus11motionReadyEjjRb
  1699: 00005aa1   296 FUNC    GLOBAL DEFAULT    4 _ZN3fsm10DefendTurn4stepEjfbh
  1700: 00000b39   112 FUNC    GLOBAL DEFAULT    4 _ZNK3app7Runtime11linesUsefulEj
  1701: 0000001c     0 TLS     GLOBAL DEFAULT  ABS _localtime_buf
  1702: 00001a05    60 FUNC    GLOBAL DEFAULT    4 _ZN3app7Runtime14initializeDumpEv
  1703: 00001f09    14 FUNC    GLOBAL DEFAULT    4 _ZN3app7Runtime18clockAcceptedThunkEPv
  1704: 0000fec9    44 FUNC    GLOBAL DEFAULT    4 _ZN8line_qtr6Reader6cancelEv
  1705: 00011ba1    96 FUNC    GLOBAL DEFAULT    4 _ZN5power6Reader14configureModesEv
  1706: 00000029    16 FUNC    GLOBAL DEFAULT    4 loop
  1707: 0000b869    76 FUNC    GLOBAL DEFAULT    4 _ZN10opp_fusion6Fusion6commitEN4core5StateE
  1708: 00000000     0 NOTYPE  GLOBAL DEFAULT  UND sys_clock_cycle_get_64
  1709: 0001549d     2 FUNC    WEAK   DEFAULT    4 initVariant
  1710: 0000e459   152 FUNC    GLOBAL DEFAULT    4 _ZN3imu3Bus6launchERNS0_9OperationEhbb
  1711: 00007c85   228 FUNC    GLOBAL DEFAULT    4 _ZN3fsm5Robot9runSearchEv
  1712: 00000000     0 NOTYPE  GLOBAL DEFAULT  UND __device_dts_ord_233
  1713: 00000000     0 NOTYPE  GLOBAL DEFAULT  UND __device_dts_ord_120
  1714: 00006985    48 FUNC    GLOBAL DEFAULT    4 _ZN3fsm5Robot18resetLineReadinessEv
  1715: 00000000     0 NOTYPE  GLOBAL DEFAULT  UND __device_dts_ord_65
  1716: 00000000     0 NOTYPE  WEAK   DEFAULT  UND __device_dts_ord_30
  1717: 00010375    30 FUNC    GLOBAL DEFAULT    4 _ZN8line_qtr15validThresholdsERKNS_10ThresholdsE
  1718: 00000af9    64 FUNC    GLOBAL DEFAULT    4 _ZN3app7Runtime13setupImuFaultEj
  1719: 000134dd   184 FUNC    GLOBAL DEFAULT    4 _ZN8recorder15AttemptRecorder8terminalERKN3fsm11RobotResultE
  1720: 0000b3cd   356 FUNC    GLOBAL DEFAULT    4 _ZN10opp_fusion13PhantomFilter4stepERKNS_13PhantomSampleE
  1721: 0000a8a1    88 FUNC    GLOBAL DEFAULT    4 _ZN7openers5Flank12advancePhaseERKNS_6SampleE
  1722: 000153c5     8 FUNC    GLOBAL DEFAULT    4 memcpy
  1723: 00002315   168 FUNC    GLOBAL DEFAULT    4 _ZNK3app7Runtime19serviceReceiptValidEv
  1724: 00000000     0 NOTYPE  WEAK   DEFAULT  UND __device_dts_ord_83
  1725: 000082d9   436 FUNC    GLOBAL DEFAULT    4 _ZN3fsm5Robot10checkStallEv
  1726: 00013e39    92 FUNC    GLOBAL DEFAULT    4 _ZNK8recorder4dump8Transfer8eligibleERKN3fsm11RobotResultE
  1727: 00006ef5    42 FUNC    GLOBAL DEFAULT    4 _ZNK3fsm5Robot16validTimingStartERKNS_10RobotInputE
  1728: 0000c6d5    92 FUNC    GLOBAL DEFAULT    4 _ZN3imu5Setup14acceptTransferERKNS_11BusTransferEhj
  1729: 00000449  1302 FUNC    GLOBAL DEFAULT    4 _ZN3app7RuntimeC1ERKN6motors4PortERKN5power9InputPortERKNS_10SourcePortERKNS_8DumpPortE
  1730: 00015485    10 FUNC    GLOBAL DEFAULT    4 __aeabi_uldivmod
  1731: 00012de9   130 FUNC    GLOBAL DEFAULT    4 _ZN7qtr_cal11Calibration11finishStageEj
  1732: 0000ca7d    92 FUNC    GLOBAL DEFAULT    4 _ZN3imu8Acquirer5startEjb
  1733: 00000000     0 NOTYPE  WEAK   DEFAULT  UND __device_dts_ord_88
  1734: 0000f9c9   244 FUNC    GLOBAL DEFAULT    4 _ZN8line_qtr6Reader10cleanupPadEj
  1735: 00000000     0 NOTYPE  GLOBAL DEFAULT  UND __real___aeabi_ddiv
  1736: 00014655   156 FUNC    GLOBAL DEFAULT    4 _ZN8recorder4dump8Transfer7advanceEv
  1737: 0000da01   200 FUNC    GLOBAL DEFAULT    4 _ZN3imu3Bus13advanceMotionEv
  1738: 000121a9    64 FUNC    GLOBAL DEFAULT    4 _ZNK5power6Reader12sampleStatusEj
  1739: 00011ec1    40 FUNC    GLOBAL DEFAULT    4 _ZN5power6Reader4failENS_6StatusE
  1740: 0000885d    96 FUNC    GLOBAL DEFAULT    4 _ZN3fsm5Robot11publishEdgeEv
  1741: 00000961   128 FUNC    GLOBAL DEFAULT    4 _ZNK3app7Runtime10validPortsEv
  1742: 0000e06d   172 FUNC    GLOBAL DEFAULT    4 _ZN3imu3Bus12disableOwnedEv
  1743: 0000ce39    92 FUNC    GLOBAL DEFAULT    4 _ZN3imu8Acquirer14acceptProgressERKNS_11BusProgressEj
  1744: 00007b71   172 FUNC    GLOBAL DEFAULT    4 _ZNK3fsm5Robot13searchContextEv
  1745: 000044ed   128 FUNC    GLOBAL DEFAULT    4 _ZN4edge11RowExecutor11startHeadOnEjfbN6motion9DirectionE
  1746: 000028ed    36 FUNC    WEAK   DEFAULT    4 _ZN10opp_fusion17FusionObservationC1Ev
  1747: 0000603d    48 FUNC    GLOBAL DEFAULT    4 _ZN3fsm16HeadingReference4stepEjfbb
  1748: 00000205    20 FUNC    GLOBAL DEFAULT    4 _ZN3app13NativeSources5linesEPv
  1749: 00000000     0 NOTYPE  GLOBAL DEFAULT  UND __device_dts_ord_93
  1750: 00003ef5   248 FUNC    GLOBAL DEFAULT    4 _ZN9countdown4Menu12stepObservedERKNS_10MenuSampleERKNS_12ButtonTimingE
  1751: 000031e1   116 FUNC    GLOBAL DEFAULT    4 _ZN3app11Transaction4failENS_5FaultE
  1752: 0000c645   100 FUNC    GLOBAL DEFAULT    4 _ZN3imu5Setup5startEjb
  1753: 00003255   140 FUNC    GLOBAL DEFAULT    4 _ZN3app11Transaction4openEv
  1754: 00010591     8 FUNC    GLOBAL DEFAULT    4 _ZN6motors8UnoQPort7clockUsEPv
  1755: 000026fd   232 FUNC    GLOBAL DEFAULT    4 _ZN3app7Runtime17applyServiceResetEv
  1756: 00000000     0 NOTYPE  GLOBAL DEFAULT  UND matrixGrayscaleWrite
  1757: 0001545d    10 FUNC    GLOBAL DEFAULT    4 __aeabi_ui2d
  1758: 0000257d    88 FUNC    GLOBAL DEFAULT    4 _ZN3app7Runtime16pendServiceResetEv
  1759: 00000245    12 FUNC    GLOBAL DEFAULT    4 _ZN3app13NativeSources10startLinesEPv
  1760: 0000cc81   184 FUNC    GLOBAL DEFAULT    4 _ZN3imu8Acquirer18publishAcquisitionERKNS_14BusAcquisitionE
  1761: 00003c75    16 FUNC    GLOBAL DEFAULT    4 _ZN9countdown8Services5resetEv
  1762: 00006c99   120 FUNC    GLOBAL DEFAULT    4 _ZN3fsm5Robot16prepareLineStartERKNS_10RobotInputE
  1763: 0000848d   248 FUNC    GLOBAL DEFAULT    4 _ZN3fsm5Robot19prepareFinalRequestEv
  1764: 0000669d    44 FUNC    GLOBAL DEFAULT    4 _ZN3fsm5Robot11publishLineEh
  1765: 00002911    80 FUNC    WEAK   DEFAULT    4 _ZN7openers5FlankC1Ev
  1766: 00011ee9   688 FUNC    GLOBAL DEFAULT    4 _ZN5power6Reader12beginProfileEb
  1767: 000031ad    52 FUNC    GLOBAL DEFAULT    4 _ZN3app11Transaction7observeERj
  1768: 000049d1   464 FUNC    GLOBAL DEFAULT    4 _ZN4edge6Escape4stepERKNS_12EscapeSampleE
  1769: 00012469    20 FUNC    GLOBAL DEFAULT    4 _ZN5power6Reader4readEv
  1770: 00005171    72 FUNC    GLOBAL DEFAULT    4 _ZN3fsm6Search12advancePhaseEjb
  1771: 00000cad    48 FUNC    GLOBAL DEFAULT    4 _ZN3app7Runtime5clockERj
  1772: 00001a9d   146 FUNC    GLOBAL DEFAULT    4 _ZNK3app7Runtime13inhibitedIdleEj
  1773: 00010db9   192 FUNC    GLOBAL DEFAULT    4 _ZN6motors8UnoQPort6settleEPv
  1774: 00007b01   112 FUNC    GLOBAL DEFAULT    4 _ZN3fsm5Robot11startOpenerEv
  1775: 000066c9   224 FUNC    GLOBAL DEFAULT    4 _ZN3fsm5Robot9admitLineERKNS_10RobotInputE
  1776: 0000e321   168 FUNC    GLOBAL DEFAULT    4 _ZN3imu3Bus7observeERNS0_9OperationEjRj
  1777: 0000e26d   128 FUNC    GLOBAL DEFAULT    4 _ZN3imu3Bus6failedENS_9BusStatusERNS0_9OperationE
  1778: 000041dd   132 FUNC    GLOBAL DEFAULT    4 _ZN4edge11RowExecutor9runMotionEjfb
  1779: 00014179   364 FUNC    GLOBAL DEFAULT    4 _ZNK8recorder4dump8Transfer9unchangedERKNS_15AttemptRecorderE
  1780: 00015417    10 FUNC    GLOBAL DEFAULT    4 __aeabi_dcmplt
  1781: 00006575   184 FUNC    GLOBAL DEFAULT    4 _ZN3fsm5Robot8admitImuERNS_10RobotInputE
  1782: 0000a78d   124 FUNC    GLOBAL DEFAULT    4 _ZN7openers5Flank11beginTurnInERKNS_6SampleE
  1783: 00015403    10 FUNC    GLOBAL DEFAULT    4 __aeabi_ddiv
  1784: 0001489d    56 FUNC    GLOBAL DEFAULT    4 _ZN8recorder4dump8Transfer12onRobotResetEv
  1785: 000125d5    36 FUNC    GLOBAL DEFAULT    4 _ZNK5power10InputOwner8intervalEjjjj
  1786: 00010f0f   158 FUNC    GLOBAL DEFAULT    4 _ZN6motors9MotorGate7inhibitEv
  1787: 00007a91   112 FUNC    GLOBAL DEFAULT    4 _ZN3fsm5Robot12acceptMotionERKN6motion6ResultEN8governor7ProfileEb
  1788: 0000a71d   112 FUNC    GLOBAL DEFAULT    4 _ZN7openers5Flank13beginTraverseEj
  1789: 0000606d    24 FUNC    GLOBAL DEFAULT    4 _ZN3fsm16HeadingReference4stepERKNS_13HeadingSampleEb
  1790: 000147c9   212 FUNC    GLOBAL DEFAULT    4 _ZN8recorder4dump8Transfer4stepERKNS0_7ContextERKN3fsm11RobotResultERKNS_15AttemptRecorderE
  1791: 0000af71    92 FUNC    GLOBAL DEFAULT    4 _ZN10opp_fusion9frontViewEh
  1792: 000002c9    20 FUNC    GLOBAL DEFAULT    4 _ZN3app13NativeSources9cancelImuEPvj
  1793: 000153f9    10 FUNC    GLOBAL DEFAULT    4 __aeabi_dmul
  1794: 000095d1   592 FUNC    GLOBAL DEFAULT    4 _ZN8logframe9packFrameERKNS_10FrameInputERNS_10FrameBytesE
  1795: 000028a5    46 FUNC    WEAK   DEFAULT    4 _ZN6motion4TurnC2Ev
  1796: 00002105    16 FUNC    GLOBAL DEFAULT    4 _ZN3app7Runtime12projectThunkEPvj
  1797: 00003fed    32 FUNC    GLOBAL DEFAULT    4 _ZNK9countdown4Menu9selectionEv
  1798: 00013a85    28 FUNC    GLOBAL DEFAULT    4 _ZN8recorder3csv11frameHeaderEPcj
  1799: 0000a4a5   100 FUNC    GLOBAL DEFAULT    4 _ZN6motion8TimedArc4stepEj
  1800: 000129f5    44 FUNC    GLOBAL DEFAULT    4 _ZN5power10InputOwner12applyBatteryERN3fsm10RobotInputE
  1801: 00014a87    10 FUNC    GLOBAL DEFAULT    4 _ZNK8recorder11FrameBuffer12invalidCountEv
  1802: 00012533    24 FUNC    GLOBAL DEFAULT    4 _ZNK5power10InputOwner9validPortEv
  1803: 00000000     0 NOTYPE  WEAK   DEFAULT  UND __device_dts_ord_73
  1804: 00015491    12 FUNC    GLOBAL DEFAULT    4 abort
  1805: 00000000     0 NOTYPE  GLOBAL DEFAULT  UND __real_fmod
  1806: 00013ca9    28 FUNC    GLOBAL DEFAULT    4 _ZN8recorder3csv13summaryHeaderEPcj
  1807: 00010c91   228 FUNC    GLOBAL DEFAULT    4 _ZN6motors8UnoQPort8writePwmEPvNS_7ChannelEjj
  1808: 0000c439    12 FUNC    GLOBAL DEFAULT    4 _ZN8recorder4dump12UnoQDumpPort6cancelEPv
  1809: 0000662d   112 FUNC    GLOBAL DEFAULT    4 _ZN3fsm5Robot10prepareImuERNS_10RobotInputE
  1810: 00000000     0 NOTYPE  GLOBAL DEFAULT  UND __device_dts_ord_9
  1811: 00007a25   108 FUNC    GLOBAL DEFAULT    4 _ZN3fsm5Robot12cancelMotionEv
  1812: 00002911    80 FUNC    WEAK   DEFAULT    4 _ZN7openers5FlankC2Ev
  1813: 00013c21   136 FUNC    GLOBAL DEFAULT    4 _ZN8recorder3csv8eventRowERKN8logframe10EventBytesEyPcj
  1814: 00012891   296 FUNC    GLOBAL DEFAULT    4 _ZN5power10InputOwner11readButtonsEb
  1815: 00003591    12 FUNC    GLOBAL DEFAULT    4 _ZN3app11Transaction11finishAfterEj
  1816: 00000c29   132 FUNC    GLOBAL DEFAULT    4 _ZN3app7Runtime4failENS_12RuntimeFaultE
  1817: 0000abb9    96 FUNC    GLOBAL DEFAULT    4 _ZN7openers4Wait15observeApproachEjh
  1818: 00000000     0 NOTYPE  GLOBAL DEFAULT  UND __device_dts_ord_17
  1819: 000051b9   108 FUNC    GLOBAL DEFAULT    4 _ZNK3fsm6Search6resultERKN6motion6ResultE
  1820: 00003cdd   212 FUNC    GLOBAL DEFAULT    4 _ZN9countdown9Lifecycle12stepObservedERKNS_13ServiceSampleEN4core11ButtonLevelERKNS_12ButtonTimingEfbb
  1821: 0000eaa1   248 FUNC    GLOBAL DEFAULT    4 _ZN3imu9Estimator5beginERKNS_8MountingEf
  1822: 000098b1    14 FUNC    GLOBAL DEFAULT    4 _ZN8logframe11EventBuffer5resetEv
  1823: 00014a73    10 FUNC    GLOBAL DEFAULT    4 _ZNK8recorder11FrameBuffer19rejectedStatusCountEv
  1824: 00005811   444 FUNC    GLOBAL DEFAULT    4 _ZN3fsm7Reflank4stepEjfbhbfb
  1825: 00003b0d   100 FUNC    GLOBAL DEFAULT    4 _ZN9countdown8Services17finishCalibrationEv
  1826: 00010869   308 FUNC    GLOBAL DEFAULT    4 _ZN6motors8UnoQPort18configureEnableLowEPv
  1827: 0000bf61    88 FUNC    GLOBAL DEFAULT    4 _ZN8recorder4dump12UnoQDumpPort5readyEv
  1828: 00004401   236 FUNC    GLOBAL DEFAULT    4 _ZN4edge11RowExecutor5startEjhfb
  1829: 00015471    10 FUNC    GLOBAL DEFAULT    4 __aeabi_d2f
  1830: 0000fb99    44 FUNC    GLOBAL DEFAULT    4 _ZN8line_qtr6Reader4failENS_6StatusE
  1831: 00013713    10 FUNC    GLOBAL DEFAULT    4 _ZNK8recorder15AttemptRecorder7summaryEv
  1832: 0000461d   108 FUNC    GLOBAL DEFAULT    4 _ZN4edge6Escape10latchFaultENS_11EscapeFaultE
  1833: 0000803d   236 FUNC    GLOBAL DEFAULT    4 _ZN3fsm5Robot9runOpenerERKNS_10RobotInputE
  1834: 00003a85   136 FUNC    GLOBAL DEFAULT    4 _ZN9countdown8Services18observeCalibrationERKNS_13ServiceSampleE
  1835: 0000cda5    72 FUNC    GLOBAL DEFAULT    4 _ZN3imu8Acquirer10finishReadEv
  1836: 0000ebe9   256 FUNC    GLOBAL DEFAULT    4 _ZN3imu9Estimator19validateObservationERKNS_6SampleE
  1837: 00009821    52 FUNC    GLOBAL DEFAULT    4 _ZN8logframe9packEventERKNS_10EventInputERNS_10EventBytesE
  1838: 00011521   224 FUNC    GLOBAL DEFAULT    4 _ZNK11opp_sensors7Sensors4readEv
  1839: 00008c65   156 FUNC    GLOBAL DEFAULT    4 _ZN3fsm5Robot11savePendingERKNS_10RobotInputE
  1840: 0000a1c1   148 FUNC    GLOBAL DEFAULT    4 _ZN6motion8Straight5startEjffj
  1841: 000070a9   456 FUNC    GLOBAL DEFAULT    4 _ZN3fsm5Robot7receiveERKNS_10RobotInputE
  1842: 000145c9   140 FUNC    GLOBAL DEFAULT    4 _ZN8recorder4dump8Transfer7prepareEv
  1843: 0000359d    12 FUNC    GLOBAL DEFAULT    4 _ZN3app11Transaction5abortEv
  1844: 0000f4d5    60 FUNC    GLOBAL DEFAULT    4 _ZN8line_qtr6Reader11captureTimeEj
  1845: 00000000     0 NOTYPE  GLOBAL DEFAULT  UND __device_dts_ord_109
  1846: 0000c6a9    44 FUNC    GLOBAL DEFAULT    4 _ZN3imu5Setup10acceptTimeEj
  1847: 000003a5    24 FUNC    WEAK   DEFAULT    4 _ZN8line_qtr10ThresholdsC1Ev
  1848: 00010395    88 FUNC    GLOBAL DEFAULT    4 _ZN8line_qtr13applySnapshotERN3fsm10RobotInputERKNS_8SnapshotERKNS_10ThresholdsE
  1849: 0000680d   376 FUNC    GLOBAL DEFAULT    4 _ZN3fsm5Robot11prepareLineERKNS_10RobotInputE
  1850: 0000a859    72 FUNC    GLOBAL DEFAULT    4 _ZN7openers5Flank9runMotionERKNS_6SampleE
  1851: 00004f01    80 FUNC    GLOBAL DEFAULT    4 _ZN3fsm6Search9beginScanEjb
  1852: 0000d4d9   324 FUNC    GLOBAL DEFAULT    4 _ZN3imu3Bus11beginMotionEv
  1853: 00015269    30 FUNC    GLOBAL DEFAULT    4 _ZN2ui16applyCalibrationERNS_13DisplaySampleERKN7qtr_cal6ReportE
  1854: 00000000     0 NOTYPE  GLOBAL DEFAULT  UND __real___aeabi_i2d
  1855: 0001099d   100 FUNC    GLOBAL DEFAULT    4 _ZN6motors8UnoQPort11writeEnableEPvb
  1856: 00010fad   136 FUNC    GLOBAL DEFAULT    4 _ZN6motors9MotorGate5beginEv
  1857: 000028ed    36 FUNC    WEAK   DEFAULT    4 _ZN10opp_fusion17FusionObservationC2Ev
  1858: 00009aa1    92 FUNC    GLOBAL DEFAULT    4 _ZN8logframe11appendEventERNS_10EventBatchERKNS_10EventInputE
  1859: 000143e5   232 FUNC    GLOBAL DEFAULT    4 _ZN8recorder4dump8Transfer15prepareEnvelopeEv
  1860: 0000f3f5   116 FUNC    GLOBAL DEFAULT    4 _ZNK8line_qtr6Reader11globalOwnedEv
  1861: 00006f21   112 FUNC    GLOBAL DEFAULT    4 _ZNK3fsm5Robot18validTimingReceiptERKNS_10RobotInputE
  1862: 000153e5    10 FUNC    GLOBAL DEFAULT    4 __aeabi_dadd
  1863: 0000b1d9   264 FUNC    GLOBAL DEFAULT    4 _ZN10opp_fusion7Contact10observeCueEhffb
  1864: 00015335   132 FUNC    GLOBAL DEFAULT    4 _ZN2ui10UnoQMatrix6submitEjRKNS_5FrameE
  1865: 00000000     0 NOTYPE  GLOBAL DEFAULT  UND __real___aeabi_ui2d
  1866: 00013ec1    28 FUNC    GLOBAL DEFAULT    4 _ZN8recorder4dump8Transfer6rejectENS0_6ReasonEb
  1867: 000028a5    46 FUNC    WEAK   DEFAULT    4 _ZN6motion4TurnC1Ev
  1868: 000069b5   348 FUNC    GLOBAL DEFAULT    4 _ZN3fsm5Robot20admitCalibrationLineERKNS_10RobotInputERb
  1869: 0000b531   356 FUNC    GLOBAL DEFAULT    4 _ZN10opp_fusion11StuckFilter4stepEjhfbb
  1870: 0000a62d   200 FUNC    GLOBAL DEFAULT    4 _ZN7openers6Direct4stepEjfbh
  1871: 00001f19   492 FUNC    GLOBAL DEFAULT    4 _ZN3app7Runtime7projectEj
  1872: 00010eed    34 FUNC    GLOBAL DEFAULT    4 _ZN6motors9MotorGate7zeroPwmEv
  1873: 00015467    10 FUNC    GLOBAL DEFAULT    4 __aeabi_ul2d
  1874: 000155d5   156 FUNC    GLOBAL DEFAULT    4 roundl
  1875: 00000a79    84 FUNC    GLOBAL DEFAULT    4 _ZN3app7Runtime10publishImuERKN3imu6SampleE
  1876: 0001409d   220 FUNC    GLOBAL DEFAULT    4 _ZN8recorder4dump8Transfer5startERKNS0_7ContextERKN3fsm11RobotResultERKNS_15AttemptRecorderE
  1877: 0000578d   132 FUNC    GLOBAL DEFAULT    4 _ZNK3fsm7Reflank6resultERKN6motion6ResultE
  1878: 00000279    20 FUNC    GLOBAL DEFAULT    4 _ZN3app13NativeSources8startImuEPvjb
  1879: 0000a1b1    16 FUNC    GLOBAL DEFAULT    4 _ZN6motion8Straight5resetEv
  1880: 00000391    20 FUNC    GLOBAL DEFAULT    4 _ZN3app13NativeSources7adcPortEv
  1881: 00011b3d   100 FUNC    GLOBAL DEFAULT    4 _ZN5power6Reader14writeSetupModeEv
  1882: 00015289   172 FUNC    GLOBAL DEFAULT    4 _ZN2ui10UnoQMatrix5beginENS_11MatrixGrantE
  1883: 0000e9c5    72 FUNC    GLOBAL DEFAULT    4 _ZN3imu3Bus13writeRegisterENS_8RegisterEh
  1884: 0000e559   156 FUNC    GLOBAL DEFAULT    4 _ZN3imu3Bus6finishERNS0_9OperationE
  1885: 0000ea0d    28 FUNC    GLOBAL DEFAULT    4 _ZN3imu3Bus10readMotionEv
  1886: 00012b31   168 FUNC    GLOBAL DEFAULT    4 _ZN7qtr_cal11Calibration5startEj
  1887: 0000f56d   312 FUNC    GLOBAL DEFAULT    4 _ZN8line_qtr6Reader9configureEjb
  1888: 00009eed   164 FUNC    GLOBAL DEFAULT    4 _ZN6motion4Turn13startRelativeEjfffb
  1889: 000143c1    36 FUNC    GLOBAL DEFAULT    4 _ZN8recorder4dump8Transfer6prefixEPKc
  1890: 0000a3c1   228 FUNC    GLOBAL DEFAULT    4 _ZN6motion3Arc5startEjfNS_9DirectionEfffj
  1891: 0001542b    10 FUNC    GLOBAL DEFAULT    4 __aeabi_dcmpgt
  1892: 00000309    12 FUNC    GLOBAL DEFAULT    4 _ZN3app13NativeSources12submitMatrixEPvjRKN2ui5FrameE
  1893: 000153d5     8 FUNC    GLOBAL DEFAULT    4 fmod
  1894: 000148e9   268 FUNC    GLOBAL DEFAULT    4 _ZN8recorder11FrameBuffer6appendERKN8logframe10FrameBytesENS1_10PackStatusE
  1895: 00004d31    88 FUNC    GLOBAL DEFAULT    4 _ZN3fsm16NormalPerception4stepEh
  1896: 00006329    48 FUNC    GLOBAL DEFAULT    4 _ZN3fsm5Robot13invalidateImuERNS_10RobotInputE
  1897: 00013e95    44 FUNC    GLOBAL DEFAULT    4 _ZN8recorder4dump8Transfer4failENS0_5PhaseENS0_6ReasonE
  1898: 00006b11   136 FUNC    GLOBAL DEFAULT    4 _ZN3fsm5Robot22qualifyCalibrationLineERKNS_10RobotInputEb
  1899: 00003dd7    40 FUNC    GLOBAL DEFAULT    4 _ZN9countdown4Menu5cycleERNS_10MenuResultE
  1900: 0000d6b9   216 FUNC    GLOBAL DEFAULT    4 _ZN3imu3Bus16startMotionPhaseEv
  1901: 00000000     4 OBJECT  GLOBAL DEFAULT    3 _ZN11native_pins5COUNTE
  1902: 00000000     0 NOTYPE  GLOBAL DEFAULT    6 __static_thread_data_list_end
  1903: 0000cb79   264 FUNC    GLOBAL DEFAULT    4 _ZN3imu8Acquirer17acceptAcquisitionERKNS_14BusAcquisitionEj
  1904: 00015435    10 FUNC    GLOBAL DEFAULT    4 __aeabi_dcmpge
  1905: 00012a21   112 FUNC    GLOBAL DEFAULT    4 _ZN5power10InputOwner12applyButtonsERN3fsm10RobotInputERKNS_10ButtonReadE
  1906: 00014a69    10 FUNC    GLOBAL DEFAULT    4 _ZNK8recorder11FrameBuffer16overwrittenCountEv
  1907: 00000000     0 NOTYPE  GLOBAL DEFAULT  UND __real___aeabi_dsub
  1908: 000003f5    80 FUNC    WEAK   DEFAULT    4 _ZN8line_qtr8SnapshotC2Ev
  1909: 0000269d    96 FUNC    GLOBAL DEFAULT    4 _ZN3app7Runtime19observeServiceResetEv
  1910: 000153ef    10 FUNC    GLOBAL DEFAULT    4 __aeabi_dsub
  1911: 000090a9   288 FUNC    GLOBAL DEFAULT    4 _ZN3fsm5Robot5resetEv
  1912: 00004ea5    88 FUNC    GLOBAL DEFAULT    4 _ZN3fsm10SearchSide7observeEfb
  1913: 0000742d   152 FUNC    GLOBAL DEFAULT    4 _ZN3fsm5Robot19rememberObservationEv
  1914: 0000c615    28 FUNC    GLOBAL DEFAULT    4 _ZN8recorder4dump12UnoQDumpPort5writeEPvPKcj
  1915: 00000018     0 TLS     GLOBAL DEFAULT  ABS _strtok_last
  1916: 00003a19   108 FUNC    GLOBAL DEFAULT    4 _ZN9countdown8Services9admitGyroERKNS_13ServiceSampleE
  1917: 00000310    28 OBJECT  WEAK   DEFAULT    3 _ZN6config14OPP_INPUT_PINSE
  1918: 000107bd   172 FUNC    GLOBAL DEFAULT    4 _ZNK6motors8UnoQPort11enableOwnedEv
  1919: 00005629    72 FUNC    GLOBAL DEFAULT    4 _ZN3fsm7Reflank10beginSwingEjb
  1920: 000098c1   478 FUNC    GLOBAL DEFAULT    4 _ZN8logframe18validEventMetadataERKNS_10EventInputE
  1921: 0000cad9    92 FUNC    GLOBAL DEFAULT    4 _ZN3imu8Acquirer12advanceSetupEj
  1922: 0000aadd    52 FUNC    GLOBAL DEFAULT    4 _ZN7openers5Flank5resetEv
  1923: 0000c22d   524 FUNC    GLOBAL DEFAULT    4 _ZN8recorder4dump12UnoQDumpPort5beginERKNS0_10SetupGrantE
  1924: 00001b75   180 FUNC    GLOBAL DEFAULT    4 _ZN3app7Runtime11serviceDumpEv
  1925: 0000e4f1    28 FUNC    GLOBAL DEFAULT    4 _ZN3imu3Bus8sendByteERNS0_9OperationEh
  1926: 000002dd    20 FUNC    GLOBAL DEFAULT    4 _ZN3app13NativeSources15imuSetupFailureEPvj
  1927: 0000fbc5   324 FUNC    GLOBAL DEFAULT    4 _ZN8line_qtr6Reader5beginEb
  1928: 00000000     0 NOTYPE  WEAK   DEFAULT  UND __device_dts_ord_61
  1929: 0000e5f5   144 FUNC    GLOBAL DEFAULT    4 _ZN3imu3Bus12admitRequestERNS0_9OperationEb
  1930: 00000000     0 NOTYPE  GLOBAL DEFAULT  UND z_impl_device_is_ready
  1931: 00000000     0 NOTYPE  GLOBAL DEFAULT  UND __real___aeabi_d2iz
  1932: 0000ca45    56 FUNC    GLOBAL DEFAULT    4 _ZNK3imu8Acquirer12setupFailureEv
  1933: 0000d61d    40 FUNC    GLOBAL DEFAULT    4 _ZN3imu3Bus12cancelMotionEv
  1934: 000121e9   160 FUNC    GLOBAL DEFAULT    4 _ZN5power6Reader10selectRankEjj
  1935: 000146f1   216 FUNC    GLOBAL DEFAULT    4 _ZN8recorder4dump8Transfer12writePendingERKNS_15AttemptRecorderE
  1936: 00010731   140 FUNC    GLOBAL DEFAULT    4 _ZN6motors8UnoQPort4portEv
  1937: 0000a6f5    16 FUNC    GLOBAL DEFAULT    4 _ZN7openers6Direct5resetEv
  1938: 0000161d   212 FUNC    GLOBAL DEFAULT    4 _ZNK3app7Runtime22calibrationOutputIssueEj
  1939: 00005cfd   100 FUNC    GLOBAL DEFAULT    4 _ZN3fsm16HeadingReference12acceptSourceERKNS_13HeadingSampleE
  1940: 000124e1    82 FUNC    GLOBAL DEFAULT    4 _ZN5power10InputOwnerC2ERKNS_9InputPortE
  1941: 00000000     0 NOTYPE  GLOBAL DEFAULT  UND __real___aeabi_uldivmod
  1942: 00001d0d   256 FUNC    GLOBAL DEFAULT    4 _ZN3app7Runtime10projectImuEjj
  1943: 00014ab7    32 FUNC    GLOBAL DEFAULT    4 _ZN8recorder11FrameBuffer5resetEv
  1944: 0000b8b5     4 FUNC    GLOBAL DEFAULT    4 _ZNK10opp_fusion6Fusion6memoryEv
  1945: 000045ed    48 FUNC    GLOBAL DEFAULT    4 _ZNK4edge6Escape11needsReplanEh
  1946: 0000c0a5    26 FUNC    GLOBAL DEFAULT    4 _ZN8recorder4dump12UnoQDumpPort6poisonEv
  1947: 00002961   188 FUNC    WEAK   DEFAULT    4 _ZN3fsm11RobotResultC1Ev
  1948: 00000000     0 NOTYPE  GLOBAL DEFAULT  UND __real_sqrt
  1949: 00000219    16 FUNC    GLOBAL DEFAULT    4 _ZN3app13NativeSources14beginOpponentsEPv
  1950: 00015453    10 FUNC    GLOBAL DEFAULT    4 __aeabi_i2d
  1951: 000038a1    16 FUNC    GLOBAL DEFAULT    4 _ZN9countdown8StopHold9interruptEv
  1952: 000131bd   116 FUNC    GLOBAL DEFAULT    4 _ZNK8recorder15AttemptRecorder11startMarkerERKN3fsm11RobotResultERj
  1953: 0000e831   156 FUNC    GLOBAL DEFAULT    4 _ZN3imu3Bus18cancelActiveMotionEv
  1954: 00000000     0 NOTYPE  GLOBAL DEFAULT  UND __real___aeabi_dcmple
  1955: 00004efd     4 FUNC    GLOBAL DEFAULT    4 _ZNK3fsm10SearchSide9directionEv
  1956: 000124e1    82 FUNC    GLOBAL DEFAULT    4 _ZN5power10InputOwnerC1ERKNS_9InputPortE
  1957: 0000acd9    78 FUNC    GLOBAL DEFAULT    4 _ZNK7openers4Wait6resultEv
  1958: 00000000     0 NOTYPE  GLOBAL DEFAULT  UND __real___aeabi_dcmpge
  1959: 0000b08d   332 FUNC    GLOBAL DEFAULT    4 _ZN10opp_fusion13BearingMemory4stepEjhfj
  1960: 00004261   108 FUNC    GLOBAL DEFAULT    4 _ZNK4edge11RowExecutor6resultERKN6motion6ResultE
  1961: 00000010     0 TLS     GLOBAL DEFAULT  ABS z_tls_current
  1962: 00008129   224 FUNC    GLOBAL DEFAULT    4 _ZN3fsm5Robot10runReflankEv
  1963: 000129f1     4 FUNC    GLOBAL DEFAULT    4 _ZNK5power10InputOwner6reportEv
  1964: 00001b31    68 FUNC    GLOBAL DEFAULT    4 _ZNK3app7Runtime16dumpReadyContextEj
  1965: 0000b32d    28 FUNC    GLOBAL DEFAULT    4 _ZN10opp_fusion7Contact11commitLatchEN4core5StateEhRKNS_10ContactCueE
  1966: 0000fe35   148 FUNC    GLOBAL DEFAULT    4 _ZN8line_qtr6Reader7advanceEv
  1967: 0000e2ed    52 FUNC    GLOBAL DEFAULT    4 _ZN3imu3Bus10checkFlagsERNS0_9OperationEjj
  1968: 00006f91   172 FUNC    GLOBAL DEFAULT    4 _ZN3fsm5Robot13receiveTimingERKNS_10RobotInputEb
  1969: 0000f6a5    68 FUNC    GLOBAL DEFAULT    4 _ZN8line_qtr6Reader9setupBankEv
  1970: 00014c59  1328 FUNC    GLOBAL DEFAULT    4 _ZN2ui6renderERKNS_13DisplaySampleERNS_5FrameE
  1971: 00003dbf    24 FUNC    GLOBAL DEFAULT    4 _ZN9countdown4Menu10advanceAgeEjj
  1972: 00003891    16 FUNC    GLOBAL DEFAULT    4 _ZN9countdown8StopHold5resetEv
  1973: 000074c5   252 FUNC    GLOBAL DEFAULT    4 _ZN3fsm5Robot13sampleSensorsERKNS_10RobotInputE
  1974: 0000ef5d   268 FUNC    GLOBAL DEFAULT    4 _ZN3imu9Estimator7observeERKNS_6SampleE
  1975: 000002a1    20 FUNC    GLOBAL DEFAULT    4 _ZN3app13NativeSources8beginImuEPvj
  1976: 0000c1d1    92 FUNC    GLOBAL DEFAULT    4 _ZN8recorder4dump12UnoQDumpPort5abortEv
  1977: 000134b3    42 FUNC    GLOBAL DEFAULT    4 _ZN8recorder15AttemptRecorder12onRobotResetEv
  1978: 00001385   316 FUNC    GLOBAL DEFAULT    4 _ZN3app7Runtime4stepEv
  1979: 000153cd     8 FUNC    GLOBAL DEFAULT    4 memset
  1980: 000154a1    44 FUNC    WEAK   DEFAULT    4 main
  1981: 00003dff    20 FUNC    GLOBAL DEFAULT    4 _ZN9countdown4Menu6toggleERNS_10MenuResultE
  1982: 00010ba5   236 FUNC    GLOBAL DEFAULT    4 _ZN6motors8UnoQPort12configurePwmEPvNS_7ChannelE
  1983: 0000a809    58 FUNC    GLOBAL DEFAULT    4 _ZNK7openers5Flank10detectExitEh
  1984: 00000a19    96 FUNC    GLOBAL DEFAULT    4 _ZN3app7Runtime13rememberLinesERKN8line_qtr8SnapshotE
  1985: 0000bfb9    20 FUNC    GLOBAL DEFAULT    4 _ZN8recorder4dump12UnoQDumpPort4portEv
  1986: 00001521   252 FUNC    GLOBAL DEFAULT    4 _ZNK3app7Runtime22calibrationOutputOrderEj
  1987: 00004d91   276 FUNC    GLOBAL DEFAULT    4 _ZN3fsm11frontDemandEN4core5StateEhb
  1988: 000063cf    92 FUNC    GLOBAL DEFAULT    4 _ZN3fsm5Robot11rememberImuERKNS_10RobotInputE
  1989: 0000fdcd   104 FUNC    GLOBAL DEFAULT    4 _ZN8line_qtr6Reader6finishEv
  1990: 00006b99   256 FUNC    GLOBAL DEFAULT    4 _ZN3fsm5Robot22prepareCalibrationLineERKNS_10RobotInputE
  1991: 00000000     0 NOTYPE  GLOBAL DEFAULT  UND __device_dts_ord_100
  1992: 00000000     0 NOTYPE  GLOBAL DEFAULT  UND __device_dts_ord_114
  1993: 00009e09    16 FUNC    GLOBAL DEFAULT    4 _ZN6motion4Turn5resetEv
  1994: 0000baa9   124 FUNC    GLOBAL DEFAULT    4 _ZN5stall14ReflankLimiter7advanceEj
  1995: 00000000     0 NOTYPE  GLOBAL DEFAULT  UND __real___aeabi_dcmpeq
  1996: 00001c91   124 FUNC    GLOBAL DEFAULT    4 _ZNK3app7Runtime14opponentsFreshEj
  1997: 00014b69    36 FUNC    GLOBAL DEFAULT    4 _ZN2ui12applyButtonsERN3fsm10RobotInputERKN5power12ButtonSampleE
  1998: 000087c9   148 FUNC    GLOBAL DEFAULT    4 _ZN3fsm5Robot14updateWarningsERKNS_10RobotInputE
  1999: 0000d039   340 FUNC    GLOBAL DEFAULT    4 _ZN3imu8Acquirer11advanceReadEj
  2000: 00015539    28 FUNC    GLOBAL DEFAULT    4 micros
  2001: 00008585   312 FUNC    GLOBAL DEFAULT    4 _ZN3fsm5Robot15commitAndGovernERKNS_10RobotInputE
  2002: 00012f0d   288 FUNC    GLOBAL DEFAULT    4 _ZN7qtr_cal11Calibration4stepEjRKN3fsm11RobotResultERKN8line_qtr8SnapshotE
  2003: 00012ae9    70 FUNC    GLOBAL DEFAULT    4 _ZNK7qtr_cal11Calibration8eligibleERKN3fsm11RobotResultE
  2004: 00000000     0 NOTYPE  GLOBAL DEFAULT  UND __real___aeabi_dmul
  2005: 0000eb99    80 FUNC    GLOBAL DEFAULT    4 _ZN3imu9Estimator10acceptTimeEj
  2006: 00000000     0 NOTYPE  GLOBAL DEFAULT  UND __device_dts_ord_64
  2007: 0000988f    18 FUNC    GLOBAL DEFAULT    4 _ZNK8logframe11EventBuffer2atEj
  2008: 0000a549   176 FUNC    GLOBAL DEFAULT    4 _ZN6motion8TimedArc5startEjNS_9DirectionEffj
  2009: 0000dcc9   176 FUNC    GLOBAL DEFAULT    4 _ZN3imu3Bus13controlsOwnedEb
  2010: 00012ac5    36 FUNC    GLOBAL DEFAULT    4 _ZN5power15readerInputPortERNS_6ReaderE
  2011: 000002b5    20 FUNC    GLOBAL DEFAULT    4 _ZN3app13NativeSources10advanceImuEPvj
  2012: 00003815   124 FUNC    GLOBAL DEFAULT    4 _ZN9countdown8StopHold12stepObservedEjjN4core11ButtonLevelE
  2013: 00001c29    54 FUNC    GLOBAL DEFAULT    4 _ZN3app7Runtime14selectLineModeEv
  2014: 0000c9dd   104 FUNC    GLOBAL DEFAULT    4 _ZN3imu8Acquirer4failENS_11SampleFaultEj
  2015: 00012bd9   528 FUNC    GLOBAL DEFAULT    4 _ZN7qtr_cal11Calibration5admitEjRKN8line_qtr8SnapshotE
  2016: 00010a35   368 FUNC    GLOBAL DEFAULT    4 _ZNK6motors8UnoQPort10timerValidEj
  2017: 0000b695   420 FUNC    GLOBAL DEFAULT    4 _ZN10opp_fusion6Fusion7observeERKNS_12FusionSampleE
  2018: 000003bd    56 FUNC    WEAK   DEFAULT    4 _ZN7qtr_cal6ReportC1Ev
  2019: 00007271   244 FUNC    GLOBAL DEFAULT    4 _ZN3fsm5Robot16advanceHistoriesEv
  2020: 00000000     0 NOTYPE  GLOBAL DEFAULT  UND matrixBegin
  2021: 00000000     0 NOTYPE  GLOBAL DEFAULT  UND pinctrl_lookup_state
  2022: 00007365   200 FUNC    GLOBAL DEFAULT    4 _ZN3fsm5Robot13prepareInputsERKNS_10RobotInputE
  2023: 0000028d    20 FUNC    GLOBAL DEFAULT    4 _ZN3app13NativeSources15advanceImuSetupEPvj
  2024: 00000000     0 NOTYPE  GLOBAL DEFAULT  UND matrixSetGrayscaleBits
  2025: 0000e7a5   140 FUNC    GLOBAL DEFAULT    4 _ZN3imu3Bus9endMotionENS_9BusStatusE
  2026: 000012a5   224 FUNC    GLOBAL DEFAULT    4 _ZN3app7Runtime13completeEpochEv
  2027: 0000f469    64 FUNC    GLOBAL DEFAULT    4 _ZNK8line_qtr6Reader8padOwnedEj
  2028: 00000239    12 FUNC    GLOBAL DEFAULT    4 _ZN3app13NativeSources10beginLinesEPvb
  2029: 0000ac8d    76 FUNC    GLOBAL DEFAULT    4 _ZN7openers4Wait8runFlankERKNS_6SampleE
  2030: 00009bad    60 FUNC    GLOBAL DEFAULT    4 _ZN6motion4Turn13beginFallbackEv
  2031: 00000fc1   116 FUNC    GLOBAL DEFAULT    4 _ZN3app7Runtime11servicePassEv
  2032: 00003171    60 FUNC    GLOBAL DEFAULT    4 _ZN3app11Transaction10initializeEv
  2033: 00008f45   356 FUNC    GLOBAL DEFAULT    4 _ZN3fsm5Robot4stepERKNS_10RobotInputE
  2034: 0000d82d    88 FUNC    GLOBAL DEFAULT    4 _ZN3imu3Bus17receiveMotionByteEv
  2035: 00009855    50 FUNC    GLOBAL DEFAULT    4 _ZN8logframe11EventBuffer6appendERKNS_10EventBytesE
  2036: 000017cd   344 FUNC    GLOBAL DEFAULT    4 _ZN3app7Runtime22writeCalibrationOutputEj
  2037: 000098a1     8 FUNC    GLOBAL DEFAULT    4 _ZNK8logframe11EventBuffer10overflowedEv
  2038: 000010a9   152 FUNC    GLOBAL DEFAULT    4 _ZN3app7Runtime4pumpEv
  2039: 0000ae51    92 FUNC    GLOBAL DEFAULT    4 _ZN7openers4Wait5startEjf
  2040: 0000f6e9    88 FUNC    GLOBAL DEFAULT    4 _ZN8line_qtr6Reader9startBankEv
  2041: 0000c8ad   304 FUNC    GLOBAL DEFAULT    4 _ZN3imu12decodeMotionERKNS_11BusTransferE
  2042: 0000406b    52 FUNC    GLOBAL DEFAULT    4 _ZN4edge10Classifier11observeMaskEh
  2043: 00009be9   544 FUNC    GLOBAL DEFAULT    4 _ZN6motion4Turn4stepEjfb
  2044: 0000c0c1    68 FUNC    GLOBAL DEFAULT    4 _ZN8recorder4dump12UnoQDumpPort8failFifoENS0_12NativeStatusEjj
  2045: 00009e19   212 FUNC    GLOBAL DEFAULT    4 _ZN6motion4Turn5startEjfffb
  2046: 0000ac19   116 FUNC    GLOBAL DEFAULT    4 _ZN7openers4Wait6finishENS_4ExitE
  2047: 00011dd5   236 FUNC    GLOBAL DEFAULT    4 _ZN5power6Reader9stopOwnedEv
  2048: 0000ad29   240 FUNC    GLOBAL DEFAULT    4 _ZN7openers4Wait4stepERKNS_6SampleE
  2049: 00000315   124 FUNC    GLOBAL DEFAULT    4 _ZN3app13NativeSources4portEv
  2050: 00002857    78 FUNC    GLOBAL DEFAULT    4 _ZN3app7Runtime13serviceActionEv
  2051: 000028d3    26 FUNC    WEAK   DEFAULT    4 _ZN6motion8StraightC1Ev
  2052: 00007da5   280 FUNC    GLOBAL DEFAULT    4 _ZN3fsm5Robot9runDefendEv
  2053: 0001123d   248 FUNC    GLOBAL DEFAULT    4 _ZN6motors9MotorGate5applyEjRKN3fsm11RobotResultE
  2054: 000129b9    56 FUNC    GLOBAL DEFAULT    4 _ZN5power10InputOwner7observeEj
  2055: 00013707     2 FUNC    GLOBAL DEFAULT    4 _ZNK8recorder15AttemptRecorder6framesEv
  2056: 000003bd    56 FUNC    WEAK   DEFAULT    4 _ZN7qtr_cal6ReportC2Ev
  2057: 00005109   104 FUNC    GLOBAL DEFAULT    4 _ZN3fsm6Search9runMotionEjfb
  2058: 0000e50d    76 FUNC    GLOBAL DEFAULT    4 _ZN3imu3Bus7receiveERNS0_9OperationERNS_11BusTransferEh
  2059: 00003729   108 FUNC    GLOBAL DEFAULT    4 _ZN9countdown4Gate4stepEjNS_8CommandsE
  2060: 00010eb5    56 FUNC    GLOBAL DEFAULT    4 _ZNK6motors9MotorGate9validPortEv
  2061: 00000001    40 FUNC    GLOBAL DEFAULT    4 setup
  2062: 000025d5   100 FUNC    GLOBAL DEFAULT    4 _ZN3app7Runtime11serviceNoneEj
  2063: 0000bb25    80 FUNC    GLOBAL DEFAULT    4 _ZN5stall14ReflankLimiter7requestEj
  2064: 00010455     2 FUNC    GLOBAL DEFAULT    4 _Z10__loopHookv
  2065: 0000703d   108 FUNC    GLOBAL DEFAULT    4 _ZN3fsm5Robot12receiveFrameERKNS_12PreviousTickEb
  2066: 000032e1    84 FUNC    GLOBAL DEFAULT    4 _ZN3app11Transaction13beginDecisionERj
  2067: 00003455   116 FUNC    GLOBAL DEFAULT    4 _ZN3app11Transaction10decideFromERKNS_14DecisionSourceE
  2068: 00000ed5   180 FUNC    GLOBAL DEFAULT    4 _ZN3app7Runtime5beginERKNS_11SetupGrantsE
  2069: 00007899   168 FUNC    GLOBAL DEFAULT    4 _ZN3fsm5Robot14rememberEscapeERKNS_10RobotInputE
  2070: 00004f91   376 FUNC    GLOBAL DEFAULT    4 _ZN3fsm6Search7runScanEjfb
  2071: 000059cd    48 FUNC    GLOBAL DEFAULT    4 _ZN3fsm7Reflank5resetEv
  2072: 00008209   208 FUNC    GLOBAL DEFAULT    4 _ZN3fsm5Robot11routeMotionERKNS_10RobotInputE
  2073: 00000000     0 NOTYPE  GLOBAL DEFAULT  UND __real___aeabi_ul2d
  2074: 0000c105   204 FUNC    GLOBAL DEFAULT    4 _ZN8recorder4dump12UnoQDumpPort9beginFifoEv
  2075: 000003a5    24 FUNC    WEAK   DEFAULT    4 _ZN8line_qtr10ThresholdsC2Ev
  2076: 00000000     0 NOTYPE  GLOBAL DEFAULT  UND __device_dts_ord_54
  2077: 000095a1    48 FUNC    GLOBAL DEFAULT    4 _ZN8logframe19overrunRateExceededERKNS_14TickStatisticsE
  2078: 00007ebd    32 FUNC    GLOBAL DEFAULT    4 _ZN3fsm5Robot17runNormalExecutorEv
  2079: 0000c551   196 FUNC    GLOBAL DEFAULT    4 _ZN8recorder4dump12UnoQDumpPort7advanceEPKcj
  2080: 00013aa1   356 FUNC    GLOBAL DEFAULT    4 _ZN8recorder3csv8frameRowERKNS_11StoredFrameEyPcj
  2081: 00001c5f    50 FUNC    GLOBAL DEFAULT    4 _ZNK3app7Runtime14opponentsReadyEv
  2082: 00002a21  1440 FUNC    WEAK   DEFAULT    4 _ZN3fsm5RobotC2Ev
  2083: 00007c1d   104 FUNC    GLOBAL DEFAULT    4 _ZNK3fsm5Robot12swingContextEv
  2084: 0000ce95   420 FUNC    GLOBAL DEFAULT    4 _ZN3imu8Acquirer9beginReadEj
  2085: 00005225   304 FUNC    GLOBAL DEFAULT    4 _ZN3fsm6Search4stepEjfbh
  2086: 0000f741   156 FUNC    GLOBAL DEFAULT    4 _ZN8line_qtr6Reader10readChargeEj
  2087: 0000c075    48 FUNC    GLOBAL DEFAULT    4 _ZNK8recorder4dump12UnoQDumpPort14withinDeadlineEj
  2088: 0000fff9   712 FUNC    GLOBAL DEFAULT    4 _ZN8line_qtr11validateRawERKNS_8SnapshotE
  2089: 00000008     0 TLS     GLOBAL DEFAULT  ABS _rand_next
  2090: 0000ae19    56 FUNC    GLOBAL DEFAULT    4 _ZN7openers4Wait5resetEv
  2091: 0001540d    10 FUNC    GLOBAL DEFAULT    4 __aeabi_dcmpeq
  2092: 000153b9    12 FUNC    GLOBAL DEFAULT    4 __cxa_allocate_exception
  2093: 0000bde5   292 FUNC    GLOBAL DEFAULT    4 _ZNK8recorder4dump12UnoQDumpPort10ownedStateEjjb
  2094: 0000f4a9    44 FUNC    GLOBAL DEFAULT    4 _ZNK8line_qtr6Reader9bankOwnedEv
  2095: 00001e0d   252 FUNC    GLOBAL DEFAULT    4 _ZN3app7Runtime12projectLinesEjj
  2096: 00012199    16 FUNC    GLOBAL DEFAULT    4 _ZN5power6Reader16beginWithButtonsEv
  2097: 00011035   416 FUNC    GLOBAL DEFAULT    4 _ZN6motors9MotorGate12validCommandEjRKN3fsm11RobotResultE
  2098: 00005671   108 FUNC    GLOBAL DEFAULT    4 _ZN3fsm7Reflank11beginTurnInEjbfb
  2099: 000092b1   552 FUNC    GLOBAL DEFAULT    4 _ZN8governor8Governor4stepEjRKNS_7RequestE
  2100: 00005bd9   200 FUNC    GLOBAL DEFAULT    4 _ZN3fsm10DefendTurn5startEjffbb
  2101: 000113dd   324 FUNC    GLOBAL DEFAULT    4 _ZN11opp_sensors7Sensors5beginEv
  2102: 00000265    20 FUNC    GLOBAL DEFAULT    4 _ZN3app13NativeSources11cancelLinesEPv
  2103: 00000000     0 NOTYPE  GLOBAL DEFAULT  UND __device_dts_ord_66
  2104: 00000000     0 NOTYPE  GLOBAL DEFAULT  UND __device_dts_ord_94
  2105: 00012289   232 FUNC    GLOBAL DEFAULT    4 _ZN5power6Reader12finishSampleERNS_6SampleEb
  2106: 0000ea45    36 FUNC    GLOBAL DEFAULT    4 _ZN3imu9Estimator5clearENS_12HeadingStateE
  2107: 0000618b    68 FUNC    GLOBAL DEFAULT    4 _ZN3fsm5Robot14qualifyNeutralEv
  2108: 0000f069    88 FUNC    GLOBAL DEFAULT    4 _ZN3imu9Estimator9applyBiasEf
  2109: 0000ddfd   412 FUNC    GLOBAL DEFAULT    4 _ZN3imu3Bus12configurePadEjRNS0_9OperationE
  2110: 00014a01   104 FUNC    GLOBAL DEFAULT    4 _ZNK8recorder11FrameBuffer4readEjRNS_11StoredFrameE
  2111: 000133d9   218 FUNC    GLOBAL DEFAULT    4 _ZN8recorder15AttemptRecorder14observeSummaryERKN3fsm11RobotResultE
  2112: 0000e97d    72 FUNC    GLOBAL DEFAULT    4 _ZN3imu3Bus12readRegisterENS_8RegisterE
  2113: 0000afcd   132 FUNC    GLOBAL DEFAULT    4 _ZN10opp_fusion9Debouncer4stepEjh
  2114: 00011af5    72 FUNC    GLOBAL DEFAULT    4 _ZN5power6Reader18waitCalibrationGapEv
  2115: 0000df99   212 FUNC    GLOBAL DEFAULT    4 _ZN3imu3Bus10initializeERNS0_9OperationE
  2116: 00014ad9   144 FUNC    GLOBAL DEFAULT    4 _ZN2ui13decodeButtonsERKN5power12ButtonSampleE
  2117: 000098a9     8 FUNC    GLOBAL DEFAULT    4 _ZNK8logframe11EventBuffer13rejectedCountEv
  2118: 000086bd   268 FUNC    GLOBAL DEFAULT    4 _ZN3fsm5Robot17updateQtrWarningsEv
  2119: 00006359   118 FUNC    GLOBAL DEFAULT    4 _ZNK3fsm5Robot14sameImuPayloadERKNS_10RobotInputE
  2120: 0000f911    92 FUNC    GLOBAL DEFAULT    4 _ZN8line_qtr6Reader10sampleBankEv
  2121: 0000a255   300 FUNC    GLOBAL DEFAULT    4 _ZN6motion3Arc4stepEjfb
  2122: 00011335   160 FUNC    GLOBAL DEFAULT    4 _ZN6motors9MotorGate4haltEv
  2123: 0000ddb9    68 FUNC    GLOBAL DEFAULT    4 _ZN3imu3Bus15setupCheckpointERNS0_9OperationE
  2124: 00001035   116 FUNC    GLOBAL DEFAULT    4 _ZN3app7Runtime13releaseChargeEv
  2125: 000042cd   264 FUNC    GLOBAL DEFAULT    4 _ZN4edge11RowExecutor4stepEjfb
  2126: 00014321   160 FUNC    GLOBAL DEFAULT    4 _ZN8recorder4dump8Transfer6numberEyc
  2127: 00000000     0 NOTYPE  GLOBAL DEFAULT  UND pinctrl_configure_pins
  2128: 0000e685   288 FUNC    GLOBAL DEFAULT    4 _ZN3imu3Bus8transferERNS0_9OperationENS_8RegisterEhhb
  2129: 00015189   224 FUNC    GLOBAL DEFAULT    4 _ZN2ui13displaySampleERKN3fsm10RobotInputERKNS0_11RobotResultE
  2130: 000136fd    10 FUNC    GLOBAL DEFAULT    4 _ZNK8recorder15AttemptRecorder5phaseEv
  2131: 00015449    10 FUNC    GLOBAL DEFAULT    4 __aeabi_d2iz
  2132: 0000c445   268 FUNC    GLOBAL DEFAULT    4 _ZN8recorder4dump12UnoQDumpPort8transmitEj
  2133: 0000bfcd   168 FUNC    GLOBAL DEFAULT    4 _ZN8recorder4dump12UnoQDumpPort7prepareEPKcj
  2134: 000040a1    60 FUNC    GLOBAL DEFAULT    4 _ZN4edge10Classifier7observeERA4_Kj
  2135: 0000b8b9    16 FUNC    GLOBAL DEFAULT    4 _ZN5stall8Detector5resetEv
  2136: 00000000     0 NOTYPE  GLOBAL DEFAULT  UND __real___aeabi_dadd
  2137: 0000f511    92 FUNC    GLOBAL DEFAULT    4 _ZN8line_qtr6Reader9checkTimeEj
  2138: 0000d791   156 FUNC    GLOBAL DEFAULT    4 _ZN3imu3Bus18restartMotionPhaseEv
  2139: 00000000     0 NOTYPE  GLOBAL DEFAULT    6 __static_thread_data_list_start
  2140: 00006ed5    32 FUNC    GLOBAL DEFAULT    4 _ZN3fsm5Robot9markFaultEN8logframe9FaultCodeEt
  2141: 00012585    80 FUNC    GLOBAL DEFAULT    4 _ZN5power10InputOwner7advanceEjNS_14InputOperationE
  2142: 00006da9   252 FUNC    GLOBAL DEFAULT    4 _ZN3fsm5Robot5admitERKNS_10RobotInputE
  2143: 000040e9   168 FUNC    GLOBAL DEFAULT    4 _ZN4edge11RowExecutor10beginPhaseEjNS_11ScriptPhaseEb
  2144: 00007941   228 FUNC    GLOBAL DEFAULT    4 _ZN3fsm5Robot9runEscapeERKNS_10RobotInputE
  2145: 0000032c    16 OBJECT  WEAK   DEFAULT    3 _ZN6config14QTR_INPUT_PINSE
  2146: 000075c1    92 FUNC    GLOBAL DEFAULT    4 _ZN3fsm5Robot12beginAttemptEv
  2147: 00000acd    44 FUNC    GLOBAL DEFAULT    4 _ZN3app7Runtime10consumeImuERKN3imu14SampleProgressE
  2148: 00003809    12 FUNC    GLOBAL DEFAULT    4 _ZN9countdown7Buttons5resetEv
  2149: 000148d5    20 FUNC    GLOBAL DEFAULT    4 _ZN8recorder4dump8Transfer5abortEv
  2150: 00000000     0 NOTYPE  GLOBAL DEFAULT  UND __device_dts_ord_89
  2151: 00000000     0 NOTYPE  GLOBAL DEFAULT  UND __real_memset
  2152: 00000449  1302 FUNC    GLOBAL DEFAULT    4 _ZN3app7RuntimeC2ERKN6motors4PortERKN5power9InputPortERKNS_10SourcePortERKNS_8DumpPortE
  2153: 00005ca1    24 FUNC    GLOBAL DEFAULT    4 _ZNK3fsm16HeadingReference8resolvedEv
  2154: 000003f5    80 FUNC    WEAK   DEFAULT    4 _ZN8line_qtr8SnapshotC1Ev
  2155: 00014a91    38 FUNC    GLOBAL DEFAULT    4 _ZNK8recorder11FrameBuffer10incompleteEv
  2156: 00000229    16 FUNC    GLOBAL DEFAULT    4 _ZN3app13NativeSources13readOpponentsEPv
  2157: 000014c1    96 FUNC    GLOBAL DEFAULT    4 _ZN3app7Runtime20endCalibrationOutputENS_23CalibrationOutputReasonE
  2158: 0001254b    56 FUNC    GLOBAL DEFAULT    4 _ZN5power10InputOwner18updateAvailabilityEv
  2159: 00013709    10 FUNC    GLOBAL DEFAULT    4 _ZNK8recorder15AttemptRecorder6eventsEv
  2160: 00011a71   132 FUNC    GLOBAL DEFAULT    4 _ZN5power6Reader8waitFlagEbjbjjNS_6StatusE
  2161: 00000000     0 NOTYPE  GLOBAL DEFAULT  UND __device_dts_ord_123
  2162: 0000492d   164 FUNC    GLOBAL DEFAULT    4 _ZNK4edge6Escape6resultEb
  2163: 00000000     0 NOTYPE  GLOBAL DEFAULT  UND __real___aeabi_f2d
  2164: 00002961   188 FUNC    WEAK   DEFAULT    4 _ZN3fsm11RobotResultC2Ev
  2165: 000001dd    40 FUNC    GLOBAL DEFAULT    4 _ZN3app12unoQDumpPortERN8recorder4dump12UnoQDumpPortE
  2166: 00002639   100 FUNC    GLOBAL DEFAULT    4 _ZN3app7Runtime11serviceModeEj
  2167: 00013c05    28 FUNC    GLOBAL DEFAULT    4 _ZN8recorder3csv11eventHeaderEPcj
  2168: 00007fcd   112 FUNC    GLOBAL DEFAULT    4 _ZN3fsm5Robot11acceptFlankERKN7openers11FlankResultEb
  2169: 00005381   540 FUNC    GLOBAL DEFAULT    4 _ZN3fsm6Search5startEjfbRKNS_13SearchContextE
  2170: 00001925   224 FUNC    GLOBAL DEFAULT    4 _ZN3app7Runtime24serviceCalibrationOutputEv
  2171: 0000456d   128 FUNC    GLOBAL DEFAULT    4 _ZN4edge11RowExecutor14startPushedOutEjfbN6motion9DirectionE
  2172: 00005355    44 FUNC    GLOBAL DEFAULT    4 _ZN3fsm6Search5resetEv
  2173: 000040dd    12 FUNC    GLOBAL DEFAULT    4 _ZN4edge10Classifier5resetEv
  2174: 00000298     4 OBJECT  GLOBAL DEFAULT    1 _ZN11native_pins5TABLEE
  2175: 000061d1   344 FUNC    GLOBAL DEFAULT    4 _ZN3fsm5Robot14prepareButtonsERNS_10RobotInputE
  2176: 00012371   248 FUNC    GLOBAL DEFAULT    4 _ZN5power6Reader7acquireEjb
  2177: 0000e8cd   176 FUNC    GLOBAL DEFAULT    4 _ZN3imu3Bus7requestENS_8RegisterEhhb
  2178: 00003c85    68 FUNC    GLOBAL DEFAULT    4 _ZN9countdown8Services5startEjf
  2179: 000016f1   220 FUNC    GLOBAL DEFAULT    4 _ZN3app7Runtime24prepareCalibrationOutputEb
  2180: 000139b9   204 FUNC    GLOBAL DEFAULT    4 _ZN8recorder3csv14captureSummaryERKNS_15AttemptRecorderE
  2181: 00011c01   468 FUNC    GLOBAL DEFAULT    4 _ZN5power6Reader10initializeEv
  2182: 000132a5   188 FUNC    GLOBAL DEFAULT    4 _ZN8recorder15AttemptRecorder12appendEventsERKN8logframe10EventBatchEj
  2183: 00000000     0 NOTYPE  GLOBAL DEFAULT  UND __real___aeabi_d2f
  2184: 00000000     0 NOTYPE  GLOBAL DEFAULT  UND __device_dts_ord_90
  2185: 000027e5   114 FUNC    GLOBAL DEFAULT    4 _ZN3app7Runtime22checkServiceContinuityEj
  2186: 0000486d   192 FUNC    GLOBAL DEFAULT    4 _ZN4edge6Escape10advanceRowERKNS_12EscapeSampleEh
  2187: 0000f815   252 FUNC    GLOBAL DEFAULT    4 _ZN8line_qtr6Reader13readDischargeEj
  2188: 00003db1    14 FUNC    GLOBAL DEFAULT    4 _ZNK9countdown9Lifecycle12buttonEventsEv
  2189: 0000ece9   628 FUNC    GLOBAL DEFAULT    4 _ZN3imu9Estimator7publishERKNS_6SampleE
  2190: 0000a843    20 FUNC    GLOBAL DEFAULT    4 _ZNK7openers5Flank13currentTargetEh
  2191: 0001547b    10 FUNC    GLOBAL DEFAULT    4 __aeabi_f2d
  2192: 00013595   360 FUNC    GLOBAL DEFAULT    4 _ZN8recorder15AttemptRecorder7consumeERKN3fsm11RobotResultE
  2193: 00010e79    60 FUNC    GLOBAL DEFAULT    4 _ZN6motors9MotorGateC1ERKNS_4PortE
  2194: 00001141   296 FUNC    GLOBAL DEFAULT    4 _ZN3app7Runtime7acquireEv
  2195: 00005bc9    16 FUNC    GLOBAL DEFAULT    4 _ZN3fsm10DefendTurn5resetEv
  2196: 0000e3c9   144 FUNC    GLOBAL DEFAULT    4 _ZN3imu3Bus7waitForERNS0_9OperationEjj
  2197: 0000b051    58 FUNC    GLOBAL DEFAULT    4 _ZN10opp_fusion13BearingMemory17rememberFrontSideEjh
  2198: 0000a381    64 FUNC    GLOBAL DEFAULT    4 _ZN6motion3Arc5resetEv
  2199: 000059fd   112 FUNC    GLOBAL DEFAULT    4 _ZN3fsm7Reflank5startEjfbN6motion9DirectionE
  2200: 000113d5     6 FUNC    GLOBAL DEFAULT    4 _ZNK6motors9MotorGate5faultEv
  2201: 00000000     0 NOTYPE  WEAK   DEFAULT  UND __device_dts_ord_34
  2202: 0000a5f9    52 FUNC    GLOBAL DEFAULT    4 _ZN7openers6Direct5startEjfh
  2203: 00000000     0 NOTYPE  GLOBAL DEFAULT  UND __device_dts_ord_92
  2204: 00003795   116 FUNC    GLOBAL DEFAULT    4 _ZN9countdown7Buttons12stepObservedEjjN4core11ButtonLevelE
  2205: 00002fc1   432 FUNC    GLOBAL DEFAULT    4 _ZN3app11TransactionC2ERKN6motors4PortE
  2206: 000028d3    26 FUNC    WEAK   DEFAULT    4 _ZN6motion8StraightC2Ev
  2207: 00000000     0 NOTYPE  GLOBAL DEFAULT  UND __device_dts_ord_78
  2208: 00003b71   260 FUNC    GLOBAL DEFAULT    4 _ZN9countdown8Services4stepERKNS_13ServiceSampleE
  2209: 000125f9   220 FUNC    GLOBAL DEFAULT    4 _ZN5power10InputOwner5beginEv
  2210: 00010e79    60 FUNC    GLOBAL DEFAULT    4 _ZN6motors9MotorGateC2ERKNS_4PortE
  2211: 000111d5   104 FUNC    GLOBAL DEFAULT    4 _ZN6motors9MotorGate8transactERKN4core7OutputsERN3fsm12PreviousTickE
  2212: 0000dd79    64 FUNC    GLOBAL DEFAULT    4 _ZN3imu3Bus14ownershipValidEb
  2213: 0000f7dd    56 FUNC    GLOBAL DEFAULT    4 _ZN8line_qtr6Reader11releaseBankEv
  2214: 00009b89    12 FUNC    GLOBAL DEFAULT    4 _ZN6motion8Interval5beginEj
  2215: 0000a509    64 FUNC    GLOBAL DEFAULT    4 _ZN6motion8TimedArc5resetEv
  2216: 00000000     0 NOTYPE  GLOBAL DEFAULT  UND __real_memcpy
  2217: 000038b1   196 FUNC    GLOBAL DEFAULT    4 _ZN9countdown10Controller12stepObservedERKN4core6InputsERKNS_12ButtonTimingEbb
  2218: 00004689   484 FUNC    GLOBAL DEFAULT    4 _ZN4edge6Escape8startRowERKNS_12EscapeSampleEb
  2219: 000002f0    16 OBJECT  WEAK   DEFAULT    3 _ZN6config11P0_QTR_PINSE
  2220: 000149f5    10 FUNC    GLOBAL DEFAULT    4 _ZNK8recorder11FrameBuffer4sizeEv
  2221: 00000000     0 NOTYPE  GLOBAL DEFAULT  UND __device_dts_ord_95
  2222: 0000761d   636 FUNC    GLOBAL DEFAULT    4 _ZN3fsm5Robot12runLifecycleERKNS_10RobotInputE
  2223: 000142e5    58 FUNC    GLOBAL DEFAULT    4 _ZN8recorder4dump8Transfer6appendEPKc
  2224: 0000b8c9   480 FUNC    GLOBAL DEFAULT    4 _ZN5stall8Detector4stepERKNS_6SampleE
  2225: 00012e6d   160 FUNC    GLOBAL DEFAULT    4 _ZN7qtr_cal11Calibration7collectEjRKN8line_qtr8SnapshotE
  2226: 0000d935   204 FUNC    GLOBAL DEFAULT    4 _ZN3imu3Bus17finishMotionPhaseEv
  2227: 0000d8b9   124 FUNC    GLOBAL DEFAULT    4 _ZN3imu3Bus17acceptMotionPhaseEv
  2228: 00013361   120 FUNC    GLOBAL DEFAULT    4 _ZN8recorder15AttemptRecorder11appendFrameERKN3fsm11RobotResultEy
  2229: 000144cd   252 FUNC    GLOBAL DEFAULT    4 _ZN8recorder4dump8Transfer14preparePayloadEPcj
