schema_version,ordinal,pack_status,t_ms,state,mode,line_mask,opp_mask,heading_cdeg,gyro_z_dps10,ax_mg,ay_mg,duty_l_127,duty_r_127,vbat_cv,flags,tick_max_us,raw_hex
1,0,0,0,2,1,0,0,0,0,0,0,0,0,1110,80,0,00000000020100000000000000000000000000005604500000
1,1,0,40,2,1,0,0,0,0,0,0,0,0,1110,80,0,28000000020100000000000000000000000000005604500000
1,2,0,80,2,1,0,0,0,0,0,0,0,0,1110,80,0,50000000020100000000000000000000000000005604500000
1,3,0,120,2,1,0,0,0,0,0,0,0,0,1110,80,0,78000000020100000000000000000000000000005604500000
1,4,0,160,2,1,0,0,0,0,0,0,0,0,1110,80,0,a0000000020100000000000000000000000000005604500000
1,5,0,200,2,1,0,0,0,0,0,0,0,0,1110,80,0,c8000000020100000000000000000000000000005604500000
1,6,0,240,2,1,0,0,0,0,0,0,0,0,1110,80,0,f0000000020100000000000000000000000000005604500000
1,7,0,280,2,1,0,0,0,0,0,0,0,0,1110,80,0,18010000020100000000000000000000000000005604500000
1,8,0,320,2,1,0,0,0,0,0,0,0,0,1110,80,0,40010000020100000000000000000000000000005604500000
1,9,0,360,2,1,0,0,0,0,0,0,0,0,1110,80,0,68010000020100000000000000000000000000005604500000
1,10,0,400,2,1,0,0,0,0,0,0,0,0,1110,80,0,90010000020100000000000000000000000000005604500000
1,11,0,441,2,1,0,0,0,0,0,0,0,0,1110,80,0,b9010000020100000000000000000000000000005604500000
1,12,0,480,2,1,0,0,0,0,0,0,0,0,1110,80,0,e0010000020100000000000000000000000000005604500000
1,13,0,520,2,1,0,0,0,0,0,0,0,0,1110,80,0,08020000020100000000000000000000000000005604500000
1,14,0,561,2,1,0,0,0,0,0,0,0,0,1110,80,0,31020000020100000000000000000000000000005604500000
1,15,0,600,2,1,0,0,0,0,0,0,0,0,1110,80,0,58020000020100000000000000000000000000005604500000
1,16,0,640,2,1,0,0,0,0,0,0,0,0,1110,80,0,80020000020100000000000000000000000000005604500000
1,17,0,680,2,1,0,0,0,0,0,0,0,0,1110,80,0,a8020000020100000000000000000000000000005604500000
1,18,0,720,2,1,0,0,0,0,0,0,0,0,1110,80,0,d0020000020100000000000000000000000000005604500000
1,19,0,760,2,1,0,0,0,0,0,0,0,0,1110,80,0,f8020000020100000000000000000000000000005604500000
1,20,0,800,2,1,0,0,0,0,0,0,0,0,1110,80,0,20030000020100000000000000000000000000005604500000
1,21,0,840,2,1,0,0,0,0,0,0,0,0,1110,80,0,48030000020100000000000000000000000000005604500000
1,22,0,880,2,1,0,0,0,0,0,0,0,0,1110,80,0,70030000020100000000000000000000000000005604500000
1,23,0,920,2,1,0,0,0,0,0,0,0,0,1110,80,0,98030000020100000000000000000000000000005604500000
1,24,0,960,2,1,0,0,0,0,0,0,0,0,1110,80,0,c0030000020100000000000000000000000000005604500000
1,25,0,1000,2,1,0,0,0,0,0,0,0,0,1110,80,0,e8030000020100000000000000000000000000005604500000
1,26,0,1040,2,1,0,0,0,0,0,0,0,0,1110,80,0,10040000020100000000000000000000000000005604500000
1,27,0,1080,2,1,0,0,0,0,0,0,0,0,1110,80,0,38040000020100000000000000000000000000005604500000
1,28,0,1120,2,1,0,0,0,0,0,0,0,0,1110,80,0,60040000020100000000000000000000000000005604500000
1,29,0,1160,2,1,0,0,0,0,0,0,0,0,1110,80,0,88040000020100000000000000000000000000005604500000
1,30,0,1201,2,1,0,0,0,0,0,0,0,0,1110,80,0,b1040000020100000000000000000000000000005604500000
1,31,0,1241,2,1,0,0,0,0,0,0,0,0,1110,80,0,d9040000020100000000000000000000000000005604500000
1,32,0,1280,2,1,0,0,0,0,0,0,0,0,1110,80,0,00050000020100000000000000000000000000005604500000
1,33,0,1321,2,1,0,0,0,0,0,0,0,0,1110,80,0,29050000020100000000000000000000000000005604500000
1,34,0,1361,2,1,0,0,0,0,0,0,0,0,1110,80,0,51050000020100000000000000000000000000005604500000
1,35,0,1400,2,1,0,0,0,0,0,0,0,0,1110,80,0,78050000020100000000000000000000000000005604500000
1,36,0,1441,2,1,0,0,0,0,0,0,0,0,1110,80,0,a1050000020100000000000000000000000000005604500000
1,37,0,1481,2,1,0,0,0,0,0,0,0,0,1110,80,0,c9050000020100000000000000000000000000005604500000
1,38,0,1521,2,1,0,0,0,0,0,0,0,0,1110,80,0,f1050000020100000000000000000000000000005604500000
1,39,0,1561,2,1,0,0,0,0,0,0,0,0,1110,80,0,19060000020100000000000000000000000000005604500000
1,40,0,1600,2,1,0,0,0,0,0,0,0,0,1110,80,0,40060000020100000000000000000000000000005604500000
1,41,0,1641,2,1,0,0,0,0,0,0,0,0,1110,80,0,69060000020100000000000000000000000000005604500000
1,42,0,1680,2,1,0,0,0,0,0,0,0,0,1110,80,0,90060000020100000000000000000000000000005604500000
1,43,0,1720,2,1,0,0,0,0,0,0,0,0,1110,80,0,b8060000020100000000000000000000000000005604500000
1,44,0,1760,2,1,0,0,0,0,0,0,0,0,1110,80,0,e0060000020100000000000000000000000000005604500000
1,45,0,1800,2,1,0,0,0,0,0,0,0,0,1110,80,0,08070000020100000000000000000000000000005604500000
1,46,0,1840,2,1,0,0,0,0,0,0,0,0,1110,80,0,30070000020100000000000000000000000000005604500000
1,47,0,1880,2,1,0,0,0,0,0,0,0,0,1110,80,0,58070000020100000000000000000000000000005604500000
1,48,0,1920,2,1,0,0,0,0,0,0,0,0,1110,80,0,80070000020100000000000000000000000000005604500000
1,49,0,1961,2,1,0,0,0,0,0,0,0,0,1110,80,0,a9070000020100000000000000000000000000005604500000
1,50,0,2000,2,1,0,0,0,0,0,0,0,0,1110,80,0,d0070000020100000000000000000000000000005604500000
1,51,0,2040,2,1,0,0,0,0,0,0,0,0,1110,80,0,f8070000020100000000000000000000000000005604500000
1,52,0,2080,2,1,0,0,0,0,0,0,0,0,1110,80,0,20080000020100000000000000000000000000005604500000
1,53,0,2120,2,1,0,0,0,0,0,0,0,0,1110,80,0,48080000020100000000000000000000000000005604500000
1,54,0,2160,2,1,0,0,0,0,0,0,0,0,1110,80,0,70080000020100000000000000000000000000005604500000
1,55,0,2200,2,1,0,0,0,0,0,0,0,0,1110,80,0,98080000020100000000000000000000000000005604500000
1,56,0,2241,2,1,0,0,0,0,0,0,0,0,1110,80,0,c1080000020100000000000000000000000000005604500000
1,57,0,2280,2,1,0,0,0,0,0,0,0,0,1110,80,0,e8080000020100000000000000000000000000005604500000
1,58,0,2320,2,1,0,0,0,0,0,0,0,0,1110,80,0,10090000020100000000000000000000000000005604500000
1,59,0,2360,2,1,0,0,0,0,0,0,0,0,1110,80,0,38090000020100000000000000000000000000005604500000
1,60,0,2400,2,1,0,0,0,0,0,0,0,0,1110,80,0,60090000020100000000000000000000000000005604500000
1,61,0,2440,2,1,0,0,0,0,0,0,0,0,1110,80,0,88090000020100000000000000000000000000005604500000
1,62,0,2480,2,1,0,0,0,0,0,0,0,0,1110,80,0,b0090000020100000000000000000000000000005604500000
1,63,0,2520,2,1,0,0,0,0,0,0,0,0,1110,80,0,d8090000020100000000000000000000000000005604500000
1,64,0,2560,2,1,0,0,0,0,0,0,0,0,1110,80,0,000a0000020100000000000000000000000000005604500000
1,65,0,2601,2,1,0,0,0,0,0,0,0,0,1110,80,0,290a0000020100000000000000000000000000005604500000
1,66,0,2640,2,1,0,0,0,0,0,0,0,0,1110,80,0,500a0000020100000000000000000000000000005604500000
1,67,0,2681,2,1,0,0,0,0,0,0,0,0,1110,80,0,790a0000020100000000000000000000000000005604500000
1,68,0,2720,2,1,0,0,0,0,0,0,0,0,1110,80,0,a00a0000020100000000000000000000000000005604500000
1,69,0,2761,2,1,0,0,0,0,0,0,0,0,1110,80,0,c90a0000020100000000000000000000000000005604500000
1,70,0,2800,2,1,0,0,0,0,0,0,0,0,1110,80,0,f00a0000020100000000000000000000000000005604500000
1,71,0,2840,2,1,0,0,0,0,0,0,0,0,1110,80,0,180b0000020100000000000000000000000000005604500000
1,72,0,2880,2,1,0,0,0,0,0,0,0,0,1110,80,0,400b0000020100000000000000000000000000005604500000
1,73,0,2920,2,1,0,0,0,0,0,0,0,0,1110,80,0,680b0000020100000000000000000000000000005604500000
1,74,0,2960,2,1,0,0,0,0,0,0,0,0,1110,80,0,900b0000020100000000000000000000000000005604500000
1,75,0,3000,2,1,0,0,0,0,0,0,0,0,1110,80,0,b80b0000020100000000000000000000000000005604500000
1,76,0,3040,2,1,0,0,0,0,0,0,0,0,1110,80,0,e00b0000020100000000000000000000000000005604500000
1,77,0,3080,2,1,0,0,0,0,0,0,0,0,1110,80,0,080c0000020100000000000000000000000000005604500000
1,78,0,3120,2,1,0,0,0,0,0,0,0,0,1110,80,0,300c0000020100000000000000000000000000005604500000
1,79,0,3160,2,1,0,0,0,0,0,0,0,0,1110,80,0,580c0000020100000000000000000000000000005604500000
1,80,0,3200,2,1,0,0,0,0,0,0,0,0,1110,80,0,800c0000020100000000000000000000000000005604500000
1,81,0,3240,2,1,0,0,0,0,0,0,0,0,1110,80,0,a80c0000020100000000000000000000000000005604500000
1,82,0,3281,2,1,0,0,0,0,0,0,0,0,1110,80,0,d10c0000020100000000000000000000000000005604500000
1,83,0,3320,2,1,0,0,0,0,0,0,0,0,1110,80,0,f80c0000020100000000000000000000000000005604500000
1,84,0,3361,2,1,0,0,0,0,0,0,0,0,1110,80,0,210d0000020100000000000000000000000000005604500000
1,85,0,3401,2,1,0,0,0,0,0,0,0,0,1110,80,0,490d0000020100000000000000000000000000005604500000
1,86,0,3440,2,1,0,0,0,0,0,0,0,0,1110,80,0,700d0000020100000000000000000000000000005604500000
1,87,0,3481,2,1,0,0,0,0,0,0,0,0,1110,80,0,990d0000020100000000000000000000000000005604500000
1,88,0,3520,2,1,0,0,0,0,0,0,0,0,1110,80,0,c00d0000020100000000000000000000000000005604500000
1,89,0,3560,2,1,0,0,0,0,0,0,0,0,1110,80,0,e80d0000020100000000000000000000000000005604500000
1,90,0,3600,2,1,0,0,0,0,0,0,0,0,1110,80,0,100e0000020100000000000000000000000000005604500000
1,91,0,3640,2,1,0,0,0,0,0,0,0,0,1110,80,0,380e0000020100000000000000000000000000005604500000
1,92,0,3680,2,1,0,0,0,0,0,0,0,0,1110,80,0,600e0000020100000000000000000000000000005604500000
1,93,0,3720,2,1,0,0,0,0,0,0,0,0,1110,80,0,880e0000020100000000000000000000000000005604500000
1,94,0,3760,2,1,0,0,0,0,0,0,0,0,1110,80,0,b00e0000020100000000000000000000000000005604500000
1,95,0,3800,2,1,0,0,0,0,0,0,0,0,1110,80,0,d80e0000020100000000000000000000000000005604500000
1,96,0,3841,2,1,0,0,0,0,0,0,0,0,1110,80,0,010f0000020100000000000000000000000000005604500000
1,97,0,3880,2,1,0,0,0,0,0,0,0,0,1110,80,0,280f0000020100000000000000000000000000005604500000
1,98,0,3920,2,1,0,0,0,0,0,0,0,0,1110,80,0,500f0000020100000000000000000000000000005604500000
1,99,0,3960,2,1,0,0,0,0,0,0,0,0,1110,80,0,780f0000020100000000000000000000000000005604500000
1,100,0,4000,2,1,0,0,0,0,0,0,0,0,1110,80,0,a00f0000020100000000000000000000000000005604500000
1,101,0,4040,2,1,0,0,0,0,0,0,0,0,1110,80,0,c80f0000020100000000000000000000000000005604500000
1,102,0,4080,2,1,0,0,0,0,0,0,0,0,1110,80,0,f00f0000020100000000000000000000000000005604500000
1,103,0,4120,2,1,0,0,0,0,0,0,0,0,1110,80,0,18100000020100000000000000000000000000005604500000
1,104,0,4161,2,1,0,0,0,0,0,0,0,0,1110,80,0,41100000020100000000000000000000000000005604500000
1,105,0,4201,2,1,0,0,0,0,0,0,0,0,1110,80,0,69100000020100000000000000000000000000005604500000
1,106,0,4240,2,1,0,0,0,0,0,0,0,0,1110,80,0,90100000020100000000000000000000000000005604500000
1,107,0,4280,2,1,0,0,0,0,0,0,0,0,1110,80,0,b8100000020100000000000000000000000000005604500000
1,108,0,4321,2,1,0,0,0,0,0,0,0,0,1110,80,0,e1100000020100000000000000000000000000005604500000
1,109,0,4360,2,1,0,0,0,0,0,0,0,0,1110,80,0,08110000020100000000000000000000000000005604500000
1,110,0,4400,2,1,0,0,0,0,0,0,0,0,1110,80,0,30110000020100000000000000000000000000005604500000
1,111,0,4440,2,1,0,0,0,0,0,0,0,0,1110,80,0,58110000020100000000000000000000000000005604500000
1,112,0,4480,2,1,0,0,0,0,0,0,0,0,1110,80,0,80110000020100000000000000000000000000005604500000
1,113,0,4521,2,1,0,0,0,0,0,0,0,0,1110,88,0,a9110000020100000000000000000000000000005604580000
1,114,0,4560,2,1,0,0,0,0,0,0,0,0,1110,88,0,d0110000020100000000000000000000000000005604580000
1,115,0,4600,2,1,0,0,0,0,0,0,0,0,1110,88,0,f8110000020100000000000000000000000000005604580000
1,116,0,4641,2,1,0,0,0,0,0,0,0,0,1110,88,0,21120000020100000000000000000000000000005604580000
1,117,0,4680,2,1,0,0,0,0,0,0,0,0,1110,88,0,48120000020100000000000000000000000000005604580000
1,118,0,4720,2,1,0,0,0,0,0,0,0,0,1110,88,0,70120000020100000000000000000000000000005604580000
1,119,0,4760,2,1,0,0,0,0,0,0,0,0,1110,88,0,98120000020100000000000000000000000000005604580000
1,120,0,4800,2,1,0,0,0,0,0,0,0,0,1110,88,0,c0120000020100000000000000000000000000005604580000
1,121,0,4840,2,1,0,0,0,0,0,0,0,0,1110,88,0,e8120000020100000000000000000000000000005604580000
1,122,0,4880,2,1,0,0,0,0,0,0,0,0,1110,88,0,10130000020100000000000000000000000000005604580000
1,123,0,4920,2,1,0,0,0,0,0,0,0,0,1110,88,0,38130000020100000000000000000000000000005604580000
1,124,0,4961,2,1,0,0,0,0,0,0,0,0,1110,88,0,61130000020100000000000000000000000000005604580000
1,125,0,5001,2,1,0,0,0,0,0,0,0,0,1110,88,0,89130000020100000000000000000000000000005604580000
1,126,0,5041,2,1,0,0,0,0,0,0,0,0,1110,88,0,b1130000020100000000000000000000000000005604580000
1,127,0,5080,2,1,0,0,0,0,0,0,0,0,1110,88,0,d8130000020100000000000000000000000000005604580000
1,128,0,5121,3,1,0,2,0,0,0,0,0,0,1110,88,315,01140000030100020000000000000000000000005604583b01
1,129,0,5161,3,1,0,2,0,0,0,0,0,0,1110,88,315,29140000030100020000000000000000000000005604583b01
1,130,0,5200,5,1,0,2,0,0,0,0,0,0,1110,88,315,50140000050100020000000000000000000000005604583b01
1,131,0,5240,6,1,0,2,0,0,0,0,0,0,1110,88,315,78140000060100020000000000000000000000005604583b01
1,132,0,5280,6,1,0,2,0,0,0,0,0,0,1110,88,315,a0140000060100020000000000000000000000005604583b01
1,133,0,5321,6,1,0,2,0,0,0,0,0,0,1110,88,315,c9140000060100020000000000000000000000005604583b01
1,134,0,5360,6,1,0,2,0,0,0,0,0,0,1110,88,315,f0140000060100020000000000000000000000005604583b01
1,135,0,5400,6,1,0,2,0,0,0,0,0,0,1110,88,315,18150000060100020000000000000000000000005604583b01
1,136,0,5440,6,1,0,2,0,0,0,0,0,0,1110,88,315,40150000060100020000000000000000000000005604583b01
1,137,0,5480,6,1,0,2,0,0,0,0,0,0,1110,88,315,68150000060100020000000000000000000000005604583b01
1,138,0,5520,6,1,0,2,0,0,0,0,0,0,1110,88,315,90150000060100020000000000000000000000005604583b01
1,139,0,5560,6,1,0,2,0,0,0,0,0,0,1110,88,315,b8150000060100020000000000000000000000005604583b01
1,140,0,5601,6,1,0,2,0,0,0,0,0,0,1110,88,315,e1150000060100020000000000000000000000005604583b01
1,141,0,5640,6,1,0,2,0,0,0,0,0,0,1110,88,315,08160000060100020000000000000000000000005604583b01
1,142,0,5680,6,1,0,2,0,0,0,0,0,0,1110,88,315,30160000060100020000000000000000000000005604583b01
1,143,0,5721,6,1,0,2,0,0,0,0,0,0,1110,88,315,59160000060100020000000000000000000000005604583b01
1,144,0,5761,6,1,0,2,0,0,0,0,0,0,1110,88,315,81160000060100020000000000000000000000005604583b01
1,145,0,5800,6,1,0,2,0,0,0,0,0,0,1110,88,315,a8160000060100020000000000000000000000005604583b01
1,146,0,5840,6,1,0,2,0,0,0,0,0,0,1110,88,315,d0160000060100020000000000000000000000005604583b01
1,147,0,5880,6,1,0,2,0,0,0,0,0,0,1110,88,315,f8160000060100020000000000000000000000005604583b01
1,148,0,5920,6,1,0,2,0,0,0,0,0,0,1110,88,315,20170000060100020000000000000000000000005604583b01
1,149,0,5960,6,1,0,2,0,0,0,0,0,0,1110,88,315,48170000060100020000000000000000000000005604583b01
1,150,0,6000,6,1,0,2,0,0,0,0,0,0,1110,88,315,70170000060100020000000000000000000000005604583b01
1,151,0,6041,6,1,0,2,0,0,0,0,0,0,1110,88,315,99170000060100020000000000000000000000005604583b01
1,152,0,6080,6,1,0,2,0,0,0,0,0,0,1110,88,315,c0170000060100020000000000000000000000005604583b01
1,153,0,6120,6,1,0,2,0,0,0,0,0,0,1110,88,315,e8170000060100020000000000000000000000005604583b01
1,154,0,6160,6,1,0,2,0,0,0,0,0,0,1110,88,315,10180000060100020000000000000000000000005604583b01
1,155,0,6200,6,1,0,2,0,0,0,0,0,0,1110,88,315,38180000060100020000000000000000000000005604583b01
1,156,0,6240,6,1,0,2,0,0,0,0,0,0,1110,88,315,60180000060100020000000000000000000000005604583b01
1,157,0,6280,6,1,0,2,0,0,0,0,0,0,1110,88,315,88180000060100020000000000000000000000005604583b01
1,158,0,6320,6,1,0,2,0,0,0,0,0,0,1110,88,315,b0180000060100020000000000000000000000005604583b01
1,159,0,6360,6,1,0,2,0,0,0,0,0,0,1110,88,315,d8180000060100020000000000000000000000005604583b01
1,160,0,6400,6,1,0,2,0,0,0,0,0,0,1110,88,315,00190000060100020000000000000000000000005604583b01
1,161,0,6440,6,1,0,2,0,0,0,0,0,0,1110,88,315,28190000060100020000000000000000000000005604583b01
1,162,0,6480,6,1,0,2,0,0,0,0,0,0,1110,88,315,50190000060100020000000000000000000000005604583b01
1,163,0,6520,6,1,0,2,0,0,0,0,0,0,1110,88,315,78190000060100020000000000000000000000005604583b01
1,164,0,6560,6,1,0,2,0,0,0,0,0,0,1110,88,315,a0190000060100020000000000000000000000005604583b01
1,165,0,6601,6,1,0,2,0,0,0,0,0,0,1110,88,315,c9190000060100020000000000000000000000005604583b01
1,166,0,6640,6,1,0,2,0,0,0,0,0,0,1110,88,315,f0190000060100020000000000000000000000005604583b01
1,167,0,6680,6,1,0,2,0,0,0,0,0,0,1110,88,315,181a0000060100020000000000000000000000005604583b01
1,168,0,6720,6,1,0,2,0,0,0,0,0,0,1110,88,315,401a0000060100020000000000000000000000005604583b01
1,169,0,6760,6,1,0,2,0,0,0,0,0,0,1110,88,315,681a0000060100020000000000000000000000005604583b01
1,170,0,6800,6,1,0,2,0,0,0,0,0,0,1110,88,315,901a0000060100020000000000000000000000005604583b01
1,171,0,6840,6,1,0,2,0,0,0,0,0,0,1110,88,315,b81a0000060100020000000000000000000000005604583b01
1,172,0,6880,6,1,0,2,0,0,0,0,0,0,1110,88,315,e01a0000060100020000000000000000000000005604583b01
1,173,0,6920,6,1,0,2,0,0,0,0,0,0,1110,88,315,081b0000060100020000000000000000000000005604583b01
1,174,0,6960,6,1,0,2,0,0,0,0,0,0,1110,88,315,301b0000060100020000000000000000000000005604583b01
1,175,0,7000,6,1,0,2,0,0,0,0,0,0,1110,88,315,581b0000060100020000000000000000000000005604583b01
1,176,0,7040,6,1,0,2,0,0,0,0,0,0,1110,88,315,801b0000060100020000000000000000000000005604583b01
1,177,0,7081,6,1,0,2,0,0,0,0,0,0,1110,88,315,a91b0000060100020000000000000000000000005604583b01
1,178,0,7120,6,1,0,2,0,0,0,0,0,0,1110,88,315,d01b0000060100020000000000000000000000005604583b01
1,179,0,7160,6,1,0,2,0,0,0,0,0,0,1110,88,315,f81b0000060100020000000000000000000000005604583b01
1,180,0,7200,6,1,0,2,0,0,0,0,0,0,1110,88,315,201c0000060100020000000000000000000000005604583b01
1,181,0,7241,6,1,0,2,0,0,0,0,0,0,1110,88,315,491c0000060100020000000000000000000000005604583b01
1,182,0,7281,6,1,0,2,0,0,0,0,0,0,1110,88,315,711c0000060100020000000000000000000000005604583b01
1,183,0,7320,6,1,0,2,0,0,0,0,0,0,1110,88,315,981c0000060100020000000000000000000000005604583b01
1,184,0,7361,6,1,0,2,0,0,0,0,0,0,1110,88,315,c11c0000060100020000000000000000000000005604583b01
1,185,0,7400,6,1,0,2,0,0,0,0,0,0,1110,88,315,e81c0000060100020000000000000000000000005604583b01
1,186,0,7440,6,1,0,2,0,0,0,0,0,0,1110,88,315,101d0000060100020000000000000000000000005604583b01
1,187,0,7480,6,1,0,2,0,0,0,0,0,0,1110,88,315,381d0000060100020000000000000000000000005604583b01
1,188,0,7520,6,1,0,2,0,0,0,0,0,0,1110,88,315,601d0000060100020000000000000000000000005604583b01
1,189,0,7560,6,1,0,2,0,0,0,0,0,0,1110,88,315,881d0000060100020000000000000000000000005604583b01
1,190,0,7600,6,1,0,2,0,0,0,0,0,0,1110,88,315,b01d0000060100020000000000000000000000005604583b01
1,191,0,7640,6,1,0,2,0,0,0,0,0,0,1110,88,315,d81d0000060100020000000000000000000000005604583b01
1,192,0,7680,6,1,0,2,0,0,0,0,0,0,1110,88,315,001e0000060100020000000000000000000000005604583b01
1,193,0,7720,6,1,0,2,0,0,0,0,0,0,1110,88,315,281e0000060100020000000000000000000000005604583b01
1,194,0,7761,6,1,0,2,0,0,0,0,0,0,1110,88,315,511e0000060100020000000000000000000000005604583b01
1,195,0,7801,6,1,0,2,0,0,0,0,0,0,1110,88,315,791e0000060100020000000000000000000000005604583b01
1,196,0,7840,6,1,0,2,0,0,0,0,0,0,1110,88,315,a01e0000060100020000000000000000000000005604583b01
1,197,0,7880,6,1,0,2,0,0,0,0,0,0,1110,88,315,c81e0000060100020000000000000000000000005604583b01
1,198,0,7920,6,1,0,2,0,0,0,0,0,0,1110,88,315,f01e0000060100020000000000000000000000005604583b01
1,199,0,7960,6,1,0,2,0,0,0,0,0,0,1110,88,315,181f0000060100020000000000000000000000005604583b01
1,200,0,8000,6,1,0,2,0,0,0,0,0,0,1110,88,315,401f0000060100020000000000000000000000005604583b01
1,201,0,8041,6,1,0,2,0,0,0,0,0,0,1110,88,315,691f0000060100020000000000000000000000005604583b01
1,202,0,8080,6,1,0,2,0,0,0,0,0,0,1110,88,315,901f0000060100020000000000000000000000005604583b01
1,203,0,8120,6,1,0,2,0,0,0,0,0,0,1110,88,315,b81f0000060100020000000000000000000000005604583b01
1,204,0,8160,6,1,0,2,0,0,0,0,0,0,1110,88,315,e01f0000060100020000000000000000000000005604583b01
1,205,0,8200,6,1,0,2,0,0,0,0,0,0,1110,88,315,08200000060100020000000000000000000000005604583b01
1,206,0,8240,6,1,0,2,0,0,0,0,0,0,1110,88,315,30200000060100020000000000000000000000005604583b01
1,207,0,8280,6,1,0,2,0,0,0,0,0,0,1110,88,315,58200000060100020000000000000000000000005604583b01
1,208,0,8320,6,1,0,2,0,0,0,0,0,0,1110,88,315,80200000060100020000000000000000000000005604583b01
1,209,0,8361,6,1,0,2,0,0,0,0,0,0,1110,88,315,a9200000060100020000000000000000000000005604583b01
1,210,0,8401,6,1,0,2,0,0,0,0,0,0,1110,88,315,d1200000060100020000000000000000000000005604583b01
1,211,0,8440,6,1,0,2,0,0,0,0,0,0,1110,88,315,f8200000060100020000000000000000000000005604583b01
1,212,0,8481,6,1,0,2,0,0,0,0,0,0,1110,88,315,21210000060100020000000000000000000000005604583b01
1,213,0,8520,6,1,0,2,0,0,0,0,0,0,1110,88,315,48210000060100020000000000000000000000005604583b01
1,214,0,8560,6,1,0,2,0,0,0,0,0,0,1110,88,315,70210000060100020000000000000000000000005604583b01
1,215,0,8600,6,1,0,2,0,0,0,0,0,0,1110,88,315,98210000060100020000000000000000000000005604583b01
1,216,0,8640,6,1,0,2,0,0,0,0,0,0,1110,88,315,c0210000060100020000000000000000000000005604583b01
1,217,0,8680,6,1,0,2,0,0,0,0,0,0,1110,88,315,e8210000060100020000000000000000000000005604583b01
1,218,0,8721,6,1,0,2,0,0,0,0,0,0,1110,88,315,11220000060100020000000000000000000000005604583b01
1,219,0,8761,6,1,0,2,0,0,0,0,0,0,1110,88,315,39220000060100020000000000000000000000005604583b01
1,220,0,8800,6,1,0,2,0,0,0,0,0,0,1110,88,315,60220000060100020000000000000000000000005604583b01
1,221,0,8840,6,1,0,2,0,0,0,0,0,0,1110,88,315,88220000060100020000000000000000000000005604583b01
1,222,0,8880,6,1,0,2,0,0,0,0,0,0,1110,88,315,b0220000060100020000000000000000000000005604583b01
1,223,0,8920,6,1,0,2,0,0,0,0,0,0,1110,88,315,d8220000060100020000000000000000000000005604583b01
1,224,0,8960,6,1,0,2,0,0,0,0,0,0,1110,88,315,00230000060100020000000000000000000000005604583b01
1,225,0,9000,6,1,0,2,0,0,0,0,0,0,1110,88,315,28230000060100020000000000000000000000005604583b01
1,226,0,9040,6,1,0,2,0,0,0,0,0,0,1110,88,315,50230000060100020000000000000000000000005604583b01
1,227,0,9080,6,1,0,2,0,0,0,0,0,0,1110,88,315,78230000060100020000000000000000000000005604583b01
1,228,0,9120,6,1,0,2,0,0,0,0,0,0,1110,88,315,a0230000060100020000000000000000000000005604583b01
1,229,0,9160,6,1,0,2,0,0,0,0,0,0,1110,88,315,c8230000060100020000000000000000000000005604583b01
1,230,0,9200,6,1,0,2,0,0,0,0,0,0,1110,88,315,f0230000060100020000000000000000000000005604583b01
1,231,0,9240,6,1,0,2,0,0,0,0,0,0,1110,88,315,18240000060100020000000000000000000000005604583b01
1,232,0,9281,6,1,0,2,0,0,0,0,0,0,1110,88,315,41240000060100020000000000000000000000005604583b01
1,233,0,9321,6,1,0,2,0,0,0,0,0,0,1110,88,315,69240000060100020000000000000000000000005604583b01
1,234,0,9361,6,1,0,2,0,0,0,0,0,0,1110,88,315,91240000060100020000000000000000000000005604583b01
1,235,0,9400,6,1,0,2,0,0,0,0,0,0,1110,88,315,b8240000060100020000000000000000000000005604583b01
1,236,0,9440,6,1,0,2,0,0,0,0,0,0,1110,88,315,e0240000060100020000000000000000000000005604583b01
1,237,0,9480,6,1,0,2,0,0,0,0,0,0,1110,88,315,08250000060100020000000000000000000000005604583b01
1,238,0,9520,6,1,0,2,0,0,0,0,0,0,1110,88,315,30250000060100020000000000000000000000005604583b01
1,239,0,9560,6,1,0,2,0,0,0,0,0,0,1110,88,315,58250000060100020000000000000000000000005604583b01
1,240,0,9600,6,1,0,2,0,0,0,0,0,0,1110,88,315,80250000060100020000000000000000000000005604583b01
1,241,0,9640,6,1,0,2,0,0,0,0,0,0,1110,88,315,a8250000060100020000000000000000000000005604583b01
1,242,0,9681,6,1,0,2,0,0,0,0,0,0,1110,88,315,d1250000060100020000000000000000000000005604583b01
1,243,0,9720,6,1,0,2,0,0,0,0,0,0,1110,88,315,f8250000060100020000000000000000000000005604583b01
1,244,0,9761,6,1,0,2,0,0,0,0,0,0,1110,88,315,21260000060100020000000000000000000000005604583b01
1,245,0,9800,6,1,0,2,0,0,0,0,0,0,1110,88,315,48260000060100020000000000000000000000005604583b01
1,246,0,9840,6,1,0,2,0,0,0,0,0,0,1110,88,315,70260000060100020000000000000000000000005604583b01
1,247,0,9880,6,1,0,2,0,0,0,0,0,0,1110,88,315,98260000060100020000000000000000000000005604583b01
1,248,0,9921,6,1,0,2,0,0,0,0,0,0,1110,88,315,c1260000060100020000000000000000000000005604583b01
1,249,0,9961,6,1,0,2,0,0,0,0,0,0,1110,88,315,e9260000060100020000000000000000000000005604583b01
1,250,0,10000,6,1,0,2,0,0,0,0,0,0,1110,88,315,10270000060100020000000000000000000000005604583b01
1,251,0,10040,6,1,0,2,0,0,0,0,0,0,1110,88,315,38270000060100020000000000000000000000005604583b01
1,252,0,10080,6,1,0,2,0,0,0,0,0,0,1110,88,315,60270000060100020000000000000000000000005604583b01
1,253,0,10120,6,1,0,2,0,0,0,0,0,0,1110,88,315,88270000060100020000000000000000000000005604583b01
1,254,0,10160,6,1,0,2,0,0,0,0,0,0,1110,88,315,b0270000060100020000000000000000000000005604583b01
1,255,0,10200,6,1,0,2,0,0,0,0,0,0,1110,88,315,d8270000060100020000000000000000000000005604583b01
1,256,0,10240,6,1,0,2,0,0,0,0,0,0,1110,88,315,00280000060100020000000000000000000000005604583b01
1,257,0,10280,6,1,0,2,0,0,0,0,0,0,1110,88,315,28280000060100020000000000000000000000005604583b01
1,258,0,10321,6,1,0,2,0,0,0,0,0,0,1110,88,315,51280000060100020000000000000000000000005604583b01
1,259,0,10361,6,1,0,2,0,0,0,0,0,0,1110,88,315,79280000060100020000000000000000000000005604583b01
1,260,0,10400,6,1,0,2,0,0,0,0,0,0,1110,88,315,a0280000060100020000000000000000000000005604583b01
1,261,0,10441,6,1,0,2,0,0,0,0,0,0,1110,88,315,c9280000060100020000000000000000000000005604583b01
1,262,0,10480,6,1,0,2,0,0,0,0,0,0,1110,88,315,f0280000060100020000000000000000000000005604583b01
1,263,0,10520,6,1,0,2,0,0,0,0,0,0,1110,88,315,18290000060100020000000000000000000000005604583b01
1,264,0,10560,6,1,0,2,0,0,0,0,0,0,1110,88,315,40290000060100020000000000000000000000005604583b01
1,265,0,10600,6,1,0,2,0,0,0,0,0,0,1110,88,315,68290000060100020000000000000000000000005604583b01
1,266,0,10640,6,1,0,2,0,0,0,0,0,0,1110,88,315,90290000060100020000000000000000000000005604583b01
1,267,0,10680,6,1,0,2,0,0,0,0,0,0,1110,88,315,b8290000060100020000000000000000000000005604583b01
1,268,0,10720,6,1,0,2,0,0,0,0,0,0,1110,88,315,e0290000060100020000000000000000000000005604583b01
1,269,0,10761,6,1,0,2,0,0,0,0,0,0,1110,88,315,092a0000060100020000000000000000000000005604583b01
1,270,0,10800,6,1,0,2,0,0,0,0,0,0,1110,88,315,302a0000060100020000000000000000000000005604583b01
1,271,0,10840,6,1,0,2,0,0,0,0,0,0,1110,88,315,582a0000060100020000000000000000000000005604583b01
1,272,0,10880,6,1,0,2,0,0,0,0,0,0,1110,88,315,802a0000060100020000000000000000000000005604583b01
1,273,0,10920,6,1,0,2,0,0,0,0,0,0,1110,88,315,a82a0000060100020000000000000000000000005604583b01
1,274,0,10960,6,1,0,2,0,0,0,0,0,0,1110,88,315,d02a0000060100020000000000000000000000005604583b01
1,275,0,11000,6,1,0,2,0,0,0,0,0,0,1110,88,315,f82a0000060100020000000000000000000000005604583b01
1,276,0,11041,6,1,0,2,0,0,0,0,0,0,1110,88,315,212b0000060100020000000000000000000000005604583b01
1,277,0,11081,6,1,0,2,0,0,0,0,0,0,1110,88,315,492b0000060100020000000000000000000000005604583b01
1,278,0,11120,6,1,0,2,0,0,0,0,0,0,1110,88,315,702b0000060100020000000000000000000000005604583b01
1,279,0,11161,6,1,0,2,0,0,0,0,0,0,1110,88,315,992b0000060100020000000000000000000000005604583b01
1,280,0,11200,6,1,0,2,0,0,0,0,0,0,1110,88,315,c02b0000060100020000000000000000000000005604583b01
1,281,0,11241,6,1,0,2,0,0,0,0,0,0,1110,88,315,e92b0000060100020000000000000000000000005604583b01
1,282,0,11281,6,1,0,2,0,0,0,0,0,0,1110,88,315,112c0000060100020000000000000000000000005604583b01
1,283,0,11320,6,1,0,2,0,0,0,0,0,0,1110,88,315,382c0000060100020000000000000000000000005604583b01
1,284,0,11361,6,1,0,2,0,0,0,0,0,0,1110,88,315,612c0000060100020000000000000000000000005604583b01
1,285,0,11400,6,1,0,2,0,0,0,0,0,0,1110,88,315,882c0000060100020000000000000000000000005604583b01
1,286,0,11440,6,1,0,2,0,0,0,0,0,0,1110,88,315,b02c0000060100020000000000000000000000005604583b01
1,287,0,11481,6,1,0,2,0,0,0,0,0,0,1110,88,315,d92c0000060100020000000000000000000000005604583b01
1,288,0,11520,6,1,0,2,0,0,0,0,0,0,1110,88,315,002d0000060100020000000000000000000000005604583b01
1,289,0,11560,6,1,0,2,0,0,0,0,0,0,1110,88,315,282d0000060100020000000000000000000000005604583b01
1,290,0,11600,6,1,0,2,0,0,0,0,0,0,1110,88,315,502d0000060100020000000000000000000000005604583b01
1,291,0,11641,6,1,0,2,0,0,0,0,0,0,1110,88,315,792d0000060100020000000000000000000000005604583b01
1,292,0,11681,6,1,0,2,0,0,0,0,0,0,1110,88,315,a12d0000060100020000000000000000000000005604583b01
1,293,0,11720,6,1,0,2,0,0,0,0,0,0,1110,88,315,c82d0000060100020000000000000000000000005604583b01
1,294,0,11760,6,1,0,2,0,0,0,0,0,0,1110,88,315,f02d0000060100020000000000000000000000005604583b01
1,295,0,11800,6,1,0,2,0,0,0,0,0,0,1110,88,315,182e0000060100020000000000000000000000005604583b01
1,296,0,11841,6,1,0,2,0,0,0,0,0,0,1110,88,315,412e0000060100020000000000000000000000005604583b01
1,297,0,11880,6,1,0,2,0,0,0,0,0,0,1110,88,315,682e0000060100020000000000000000000000005604583b01
1,298,0,11920,6,1,0,2,0,0,0,0,0,0,1110,88,315,902e0000060100020000000000000000000000005604583b01
1,299,0,11961,6,1,0,2,0,0,0,0,0,0,1110,88,315,b92e0000060100020000000000000000000000005604583b01
1,300,0,12001,6,1,0,2,0,0,0,0,0,0,1110,88,315,e12e0000060100020000000000000000000000005604583b01
1,301,0,12040,6,1,0,2,0,0,0,0,0,0,1110,88,315,082f0000060100020000000000000000000000005604583b01
1,302,0,12081,6,1,0,2,0,0,0,0,0,0,1110,88,315,312f0000060100020000000000000000000000005604583b01
1,303,0,12120,6,1,0,2,0,0,0,0,0,0,1110,88,315,582f0000060100020000000000000000000000005604583b01
1,304,0,12160,6,1,0,2,0,0,0,0,0,0,1110,88,315,802f0000060100020000000000000000000000005604583b01
1,305,0,12200,6,1,0,2,0,0,0,0,0,0,1110,88,315,a82f0000060100020000000000000000000000005604583b01
1,306,0,12240,6,1,0,2,0,0,0,0,0,0,1110,88,315,d02f0000060100020000000000000000000000005604583b01
1,307,0,12280,6,1,0,2,0,0,0,0,0,0,1110,88,315,f82f0000060100020000000000000000000000005604583b01
1,308,0,12320,6,1,0,2,0,0,0,0,0,0,1110,88,315,20300000060100020000000000000000000000005604583b01
1,309,0,12360,6,1,0,2,0,0,0,0,0,0,1110,88,315,48300000060100020000000000000000000000005604583b01
1,310,0,12400,6,1,0,2,0,0,0,0,0,0,1110,88,315,70300000060100020000000000000000000000005604583b01
1,311,0,12441,6,1,0,2,0,0,0,0,0,0,1110,88,315,99300000060100020000000000000000000000005604583b01
1,312,0,12480,6,1,0,2,0,0,0,0,0,0,1110,88,315,c0300000060100020000000000000000000000005604583b01
1,313,0,12520,6,1,0,2,0,0,0,0,0,0,1110,88,315,e8300000060100020000000000000000000000005604583b01
1,314,0,12560,6,1,0,2,0,0,0,0,0,0,1110,88,315,10310000060100020000000000000000000000005604583b01
1,315,0,12601,6,1,0,2,0,0,0,0,0,0,1110,88,315,39310000060100020000000000000000000000005604583b01
1,316,0,12641,6,1,0,2,0,0,0,0,0,0,1110,88,315,61310000060100020000000000000000000000005604583b01
1,317,0,12680,6,1,0,2,0,0,0,0,0,0,1110,88,315,88310000060100020000000000000000000000005604583b01
1,318,0,12720,6,1,0,2,0,0,0,0,0,0,1110,88,315,b0310000060100020000000000000000000000005604583b01
1,319,0,12760,6,1,0,2,0,0,0,0,0,0,1110,88,315,d8310000060100020000000000000000000000005604583b01
1,320,0,12800,6,1,0,2,0,0,0,0,0,0,1110,88,315,00320000060100020000000000000000000000005604583b01
1,321,0,12840,6,1,0,2,0,0,0,0,0,0,1110,88,315,28320000060100020000000000000000000000005604583b01
1,322,0,12880,6,1,0,2,0,0,0,0,0,0,1110,88,315,50320000060100020000000000000000000000005604583b01
1,323,0,12920,6,1,0,2,0,0,0,0,0,0,1110,88,315,78320000060100020000000000000000000000005604583b01
1,324,0,12960,6,1,0,2,0,0,0,0,0,0,1110,88,315,a0320000060100020000000000000000000000005604583b01
1,325,0,13000,6,1,0,2,0,0,0,0,0,0,1110,88,315,c8320000060100020000000000000000000000005604583b01
1,326,0,13041,6,1,0,2,0,0,0,0,0,0,1110,88,315,f1320000060100020000000000000000000000005604583b01
1,327,0,13081,6,1,0,2,0,0,0,0,0,0,1110,88,315,19330000060100020000000000000000000000005604583b01
1,328,0,13120,6,1,0,2,0,0,0,0,0,0,1110,88,315,40330000060100020000000000000000000000005604583b01
1,329,0,13161,6,1,0,2,0,0,0,0,0,0,1110,88,315,69330000060100020000000000000000000000005604583b01
1,330,0,13200,6,1,0,2,0,0,0,0,0,0,1110,88,315,90330000060100020000000000000000000000005604583b01
1,331,0,13240,6,1,0,2,0,0,0,0,0,0,1110,88,315,b8330000060100020000000000000000000000005604583b01
1,332,0,13281,6,1,0,2,0,0,0,0,0,0,1110,88,315,e1330000060100020000000000000000000000005604583b01
1,333,0,13320,6,1,0,2,0,0,0,0,0,0,1110,88,315,08340000060100020000000000000000000000005604583b01
1,334,0,13360,6,1,0,2,0,0,0,0,0,0,1110,88,315,30340000060100020000000000000000000000005604583b01
1,335,0,13400,6,1,0,2,0,0,0,0,0,0,1110,88,315,58340000060100020000000000000000000000005604583b01
1,336,0,13441,6,1,0,2,0,0,0,0,0,0,1110,88,315,81340000060100020000000000000000000000005604583b01
1,337,0,13481,6,1,0,2,0,0,0,0,0,0,1110,88,315,a9340000060100020000000000000000000000005604583b01
1,338,0,13520,6,1,0,2,0,0,0,0,0,0,1110,88,315,d0340000060100020000000000000000000000005604583b01
1,339,0,13560,6,1,0,2,0,0,0,0,0,0,1110,88,315,f8340000060100020000000000000000000000005604583b01
1,340,0,13600,6,1,0,2,0,0,0,0,0,0,1110,88,315,20350000060100020000000000000000000000005604583b01
1,341,0,13640,6,1,0,2,0,0,0,0,0,0,1110,88,315,48350000060100020000000000000000000000005604583b01
1,342,0,13680,6,1,0,2,0,0,0,0,0,0,1110,88,315,70350000060100020000000000000000000000005604583b01
1,343,0,13720,6,1,0,2,0,0,0,0,0,0,1110,88,315,98350000060100020000000000000000000000005604583b01
1,344,0,13760,6,1,0,2,0,0,0,0,0,0,1110,88,315,c0350000060100020000000000000000000000005604583b01
1,345,0,13801,6,1,0,2,0,0,0,0,0,0,1110,88,315,e9350000060100020000000000000000000000005604583b01
1,346,0,13840,6,1,0,2,0,0,0,0,0,0,1110,88,315,10360000060100020000000000000000000000005604583b01
1,347,0,13880,6,1,0,2,0,0,0,0,0,0,1110,88,315,38360000060100020000000000000000000000005604583b01
1,348,0,13920,6,1,0,2,0,0,0,0,0,0,1110,88,315,60360000060100020000000000000000000000005604583b01
1,349,0,13960,6,1,0,2,0,0,0,0,0,0,1110,88,315,88360000060100020000000000000000000000005604583b01
1,350,0,14000,6,1,0,2,0,0,0,0,0,0,1110,88,315,b0360000060100020000000000000000000000005604583b01
1,351,0,14040,6,1,0,2,0,0,0,0,0,0,1110,88,315,d8360000060100020000000000000000000000005604583b01
1,352,0,14081,6,1,0,2,0,0,0,0,0,0,1110,88,315,01370000060100020000000000000000000000005604583b01
1,353,0,14120,6,1,0,2,0,0,0,0,0,0,1110,88,315,28370000060100020000000000000000000000005604583b01
1,354,0,14161,6,1,0,2,0,0,0,0,0,0,1110,88,315,51370000060100020000000000000000000000005604583b01
1,355,0,14201,6,1,0,2,0,0,0,0,0,0,1110,88,315,79370000060100020000000000000000000000005604583b01
1,356,0,14240,6,1,0,2,0,0,0,0,0,0,1110,88,315,a0370000060100020000000000000000000000005604583b01
1,357,0,14280,6,1,0,2,0,0,0,0,0,0,1110,88,315,c8370000060100020000000000000000000000005604583b01
1,358,0,14320,6,1,0,2,0,0,0,0,0,0,1110,88,315,f0370000060100020000000000000000000000005604583b01
1,359,0,14360,6,1,0,2,0,0,0,0,0,0,1110,88,315,18380000060100020000000000000000000000005604583b01
1,360,0,14400,6,1,0,2,0,0,0,0,0,0,1110,88,315,40380000060100020000000000000000000000005604583b01
1,361,0,14440,6,1,0,2,0,0,0,0,0,0,1110,88,315,68380000060100020000000000000000000000005604583b01
1,362,0,14480,6,1,0,2,0,0,0,0,0,0,1110,88,315,90380000060100020000000000000000000000005604583b01
1,363,0,14520,6,1,0,2,0,0,0,0,0,0,1110,88,315,b8380000060100020000000000000000000000005604583b01
1,364,0,14560,6,1,0,2,0,0,0,0,0,0,1110,88,315,e0380000060100020000000000000000000000005604583b01
1,365,0,14601,6,1,0,2,0,0,0,0,0,0,1110,88,315,09390000060100020000000000000000000000005604583b01
1,366,0,14640,6,1,0,2,0,0,0,0,0,0,1110,88,315,30390000060100020000000000000000000000005604583b01
1,367,0,14680,6,1,0,2,0,0,0,0,0,0,1110,88,315,58390000060100020000000000000000000000005604583b01
1,368,0,14720,6,1,0,2,0,0,0,0,0,0,1110,88,315,80390000060100020000000000000000000000005604583b01
1,369,0,14761,6,1,0,2,0,0,0,0,0,0,1110,88,315,a9390000060100020000000000000000000000005604583b01
1,370,0,14801,6,1,0,2,0,0,0,0,0,0,1110,88,315,d1390000060100020000000000000000000000005604583b01
1,371,0,14840,6,1,0,2,0,0,0,0,0,0,1110,88,315,f8390000060100020000000000000000000000005604583b01
1,372,0,14880,6,1,0,2,0,0,0,0,0,0,1110,88,315,203a0000060100020000000000000000000000005604583b01
1,373,0,14920,6,1,0,2,0,0,0,0,0,0,1110,88,315,483a0000060100020000000000000000000000005604583b01
1,374,0,14960,6,1,0,2,0,0,0,0,0,0,1110,88,315,703a0000060100020000000000000000000000005604583b01
1,375,0,15000,6,1,0,2,0,0,0,0,0,0,1110,88,315,983a0000060100020000000000000000000000005604583b01
1,376,0,15040,6,1,0,2,0,0,0,0,0,0,1110,88,315,c03a0000060100020000000000000000000000005604583b01
1,377,0,15081,6,1,0,2,0,0,0,0,0,0,1110,88,315,e93a0000060100020000000000000000000000005604583b01
1,378,0,15120,6,1,0,2,0,0,0,0,0,0,1110,88,315,103b0000060100020000000000000000000000005604583b01
1,379,0,15160,6,1,0,2,0,0,0,0,0,0,1110,88,315,383b0000060100020000000000000000000000005604583b01
1,380,0,15200,6,1,0,2,0,0,0,0,0,0,1110,88,315,603b0000060100020000000000000000000000005604583b01
1,381,0,15240,6,1,0,2,0,0,0,0,0,0,1110,88,315,883b0000060100020000000000000000000000005604583b01
1,382,0,15280,6,1,0,2,0,0,0,0,0,0,1110,88,315,b03b0000060100020000000000000000000000005604583b01
1,383,0,15320,6,1,0,2,0,0,0,0,0,0,1110,88,315,d83b0000060100020000000000000000000000005604583b01
1,384,0,15361,6,1,0,2,0,0,0,0,0,0,1110,88,315,013c0000060100020000000000000000000000005604583b01
1,385,0,15401,6,1,0,2,0,0,0,0,0,0,1110,88,315,293c0000060100020000000000000000000000005604583b01
1,386,0,15441,6,1,0,2,0,0,0,0,0,0,1110,88,315,513c0000060100020000000000000000000000005604583b01
1,387,0,15480,6,1,0,2,0,0,0,0,0,0,1110,88,315,783c0000060100020000000000000000000000005604583b01
1,388,0,15520,6,1,0,2,0,0,0,0,0,0,1110,88,315,a03c0000060100020000000000000000000000005604583b01
1,389,0,15560,6,1,0,2,0,0,0,0,0,0,1110,88,315,c83c0000060100020000000000000000000000005604583b01
1,390,0,15600,6,1,0,2,0,0,0,0,0,0,1110,88,315,f03c0000060100020000000000000000000000005604583b01
1,391,0,15640,6,1,0,2,0,0,0,0,0,0,1110,88,315,183d0000060100020000000000000000000000005604583b01
1,392,0,15680,6,1,0,2,0,0,0,0,0,0,1110,88,315,403d0000060100020000000000000000000000005604583b01
1,393,0,15720,6,1,0,2,0,0,0,0,0,0,1110,88,315,683d0000060100020000000000000000000000005604583b01
1,394,0,15760,6,1,0,2,0,0,0,0,0,0,1110,88,315,903d0000060100020000000000000000000000005604583b01
1,395,0,15800,6,1,0,2,0,0,0,0,0,0,1110,88,315,b83d0000060100020000000000000000000000005604583b01
1,396,0,15840,6,1,0,2,0,0,0,0,0,0,1110,88,315,e03d0000060100020000000000000000000000005604583b01
1,397,0,15880,6,1,0,2,0,0,0,0,0,0,1110,88,315,083e0000060100020000000000000000000000005604583b01
1,398,0,15920,6,1,0,2,0,0,0,0,0,0,1110,88,315,303e0000060100020000000000000000000000005604583b01
1,399,0,15961,6,1,0,2,0,0,0,0,0,0,1110,88,315,593e0000060100020000000000000000000000005604583b01
1,400,0,16000,6,1,0,2,0,0,0,0,0,0,1110,88,315,803e0000060100020000000000000000000000005604583b01
1,401,0,16040,6,1,0,2,0,0,0,0,0,0,1110,88,315,a83e0000060100020000000000000000000000005604583b01
1,402,0,16081,6,1,0,2,0,0,0,0,0,0,1110,88,315,d13e0000060100020000000000000000000000005604583b01
1,403,0,16120,6,1,0,2,0,0,0,0,0,0,1110,88,315,f83e0000060100020000000000000000000000005604583b01
1,404,0,16160,6,1,0,2,0,0,0,0,0,0,1110,88,315,203f0000060100020000000000000000000000005604583b01
1,405,0,16200,6,1,0,2,0,0,0,0,0,0,1110,88,315,483f0000060100020000000000000000000000005604583b01
1,406,0,16240,6,1,0,2,0,0,0,0,0,0,1110,88,315,703f0000060100020000000000000000000000005604583b01
1,407,0,16280,6,1,0,2,0,0,0,0,0,0,1110,88,315,983f0000060100020000000000000000000000005604583b01
1,408,0,16320,6,1,0,2,0,0,0,0,0,0,1110,88,315,c03f0000060100020000000000000000000000005604583b01
1,409,0,16360,6,1,0,2,0,0,0,0,0,0,1110,88,315,e83f0000060100020000000000000000000000005604583b01
1,410,0,16401,6,1,0,2,0,0,0,0,0,0,1110,88,315,11400000060100020000000000000000000000005604583b01
1,411,0,16440,6,1,0,2,0,0,0,0,0,0,1110,88,315,38400000060100020000000000000000000000005604583b01
1,412,0,16481,6,1,0,2,0,0,0,0,0,0,1110,88,315,61400000060100020000000000000000000000005604583b01
1,413,0,16521,6,1,0,2,0,0,0,0,0,0,1110,88,315,89400000060100020000000000000000000000005604583b01
1,414,0,16561,6,1,0,2,0,0,0,0,0,0,1110,88,315,b1400000060100020000000000000000000000005604583b01
1,415,0,16600,6,1,0,2,0,0,0,0,0,0,1110,88,315,d8400000060100020000000000000000000000005604583b01
1,416,0,16640,6,1,0,2,0,0,0,0,0,0,1110,88,315,00410000060100020000000000000000000000005604583b01
1,417,0,16680,6,1,0,2,0,0,0,0,0,0,1110,88,315,28410000060100020000000000000000000000005604583b01
1,418,0,16720,6,1,0,2,0,0,0,0,0,0,1110,88,315,50410000060100020000000000000000000000005604583b01
1,419,0,16760,6,1,0,2,0,0,0,0,0,0,1110,88,315,78410000060100020000000000000000000000005604583b01
1,420,0,16801,6,1,0,2,0,0,0,0,0,0,1110,88,315,a1410000060100020000000000000000000000005604583b01
1,421,0,16840,6,1,0,2,0,0,0,0,0,0,1110,88,315,c8410000060100020000000000000000000000005604583b01
1,422,0,16880,6,1,0,2,0,0,0,0,0,0,1110,88,315,f0410000060100020000000000000000000000005604583b01
1,423,0,16920,6,1,0,2,0,0,0,0,0,0,1110,88,315,18420000060100020000000000000000000000005604583b01
1,424,0,16961,6,1,0,2,0,0,0,0,0,0,1110,88,315,41420000060100020000000000000000000000005604583b01
1,425,0,17000,6,1,0,2,0,0,0,0,0,0,1110,88,315,68420000060100020000000000000000000000005604583b01
1,426,0,17040,6,1,0,2,0,0,0,0,0,0,1110,88,315,90420000060100020000000000000000000000005604583b01
1,427,0,17080,6,1,0,2,0,0,0,0,0,0,1110,88,315,b8420000060100020000000000000000000000005604583b01
1,428,0,17120,6,1,0,2,0,0,0,0,0,0,1110,88,315,e0420000060100020000000000000000000000005604583b01
1,429,0,17161,6,1,0,2,0,0,0,0,0,0,1110,88,315,09430000060100020000000000000000000000005604583b01
1,430,0,17200,6,1,0,2,0,0,0,0,0,0,1110,88,315,30430000060100020000000000000000000000005604583b01
1,431,0,17240,6,1,0,2,0,0,0,0,0,0,1110,88,315,58430000060100020000000000000000000000005604583b01
1,432,0,17280,6,1,0,2,0,0,0,0,0,0,1110,88,315,80430000060100020000000000000000000000005604583b01
1,433,0,17321,6,1,0,2,0,0,0,0,0,0,1110,88,315,a9430000060100020000000000000000000000005604583b01
1,434,0,17360,6,1,0,2,0,0,0,0,0,0,1110,88,315,d0430000060100020000000000000000000000005604583b01
1,435,0,17400,6,1,0,2,0,0,0,0,0,0,1110,88,315,f8430000060100020000000000000000000000005604583b01
1,436,0,17440,6,1,0,2,0,0,0,0,0,0,1110,88,315,20440000060100020000000000000000000000005604583b01
1,437,0,17480,6,1,0,2,0,0,0,0,0,0,1110,88,315,48440000060100020000000000000000000000005604583b01
1,438,0,17521,6,1,0,2,0,0,0,0,0,0,1110,88,315,71440000060100020000000000000000000000005604583b01
1,439,0,17561,6,1,0,2,0,0,0,0,0,0,1110,88,315,99440000060100020000000000000000000000005604583b01
1,440,0,17600,6,1,0,2,0,0,0,0,0,0,1110,88,315,c0440000060100020000000000000000000000005604583b01
1,441,0,17640,6,1,0,2,0,0,0,0,0,0,1110,88,315,e8440000060100020000000000000000000000005604583b01
1,442,0,17680,6,1,0,2,0,0,0,0,0,0,1110,88,315,10450000060100020000000000000000000000005604583b01
1,443,0,17720,6,1,0,2,0,0,0,0,0,0,1110,88,315,38450000060100020000000000000000000000005604583b01
1,444,0,17760,6,1,0,2,0,0,0,0,0,0,1110,88,315,60450000060100020000000000000000000000005604583b01
1,445,0,17800,6,1,0,2,0,0,0,0,0,0,1110,88,315,88450000060100020000000000000000000000005604583b01
1,446,0,17840,6,1,0,2,0,0,0,0,0,0,1110,88,315,b0450000060100020000000000000000000000005604583b01
1,447,0,17880,6,1,0,2,0,0,0,0,0,0,1110,88,315,d8450000060100020000000000000000000000005604583b01
1,448,0,17920,6,1,0,2,0,0,0,0,0,0,1110,88,315,00460000060100020000000000000000000000005604583b01
1,449,0,17961,6,1,0,2,0,0,0,0,0,0,1110,88,315,29460000060100020000000000000000000000005604583b01
1,450,0,18001,6,1,0,2,0,0,0,0,0,0,1110,88,315,51460000060100020000000000000000000000005604583b01
1,451,0,18040,6,1,0,2,0,0,0,0,0,0,1110,88,315,78460000060100020000000000000000000000005604583b01
1,452,0,18080,6,1,0,2,0,0,0,0,0,0,1110,88,315,a0460000060100020000000000000000000000005604583b01
1,453,0,18120,6,1,0,2,0,0,0,0,0,0,1110,88,315,c8460000060100020000000000000000000000005604583b01
1,454,0,18160,6,1,0,2,0,0,0,0,0,0,1110,88,315,f0460000060100020000000000000000000000005604583b01
1,455,0,18200,6,1,0,2,0,0,0,0,0,0,1110,88,315,18470000060100020000000000000000000000005604583b01
1,456,0,18240,6,1,0,2,0,0,0,0,0,0,1110,88,315,40470000060100020000000000000000000000005604583b01
1,457,0,18280,6,1,0,2,0,0,0,0,0,0,1110,88,315,68470000060100020000000000000000000000005604583b01
1,458,0,18320,6,1,0,2,0,0,0,0,0,0,1110,88,315,90470000060100020000000000000000000000005604583b01
1,459,0,18360,6,1,0,2,0,0,0,0,0,0,1110,88,315,b8470000060100020000000000000000000000005604583b01
1,460,0,18400,6,1,0,2,0,0,0,0,0,0,1110,88,315,e0470000060100020000000000000000000000005604583b01
1,461,0,18440,6,1,0,2,0,0,0,0,0,0,1110,88,315,08480000060100020000000000000000000000005604583b01
1,462,0,18480,6,1,0,2,0,0,0,0,0,0,1110,88,315,30480000060100020000000000000000000000005604583b01
1,463,0,18520,6,1,0,2,0,0,0,0,0,0,1110,88,315,58480000060100020000000000000000000000005604583b01
1,464,0,18561,6,1,0,2,0,0,0,0,0,0,1110,88,315,81480000060100020000000000000000000000005604583b01
1,465,0,18600,6,1,0,2,0,0,0,0,0,0,1110,88,315,a8480000060100020000000000000000000000005604583b01
1,466,0,18640,6,1,0,2,0,0,0,0,0,0,1110,88,315,d0480000060100020000000000000000000000005604583b01
1,467,0,18681,6,1,0,2,0,0,0,0,0,0,1110,88,315,f9480000060100020000000000000000000000005604583b01
1,468,0,18721,6,1,0,2,0,0,0,0,0,0,1110,88,315,21490000060100020000000000000000000000005604583b01
1,469,0,18760,6,1,0,2,0,0,0,0,0,0,1110,88,315,48490000060100020000000000000000000000005604583b01
1,470,0,18800,6,1,0,2,0,0,0,0,0,0,1110,88,315,70490000060100020000000000000000000000005604583b01
1,471,0,18840,6,1,0,2,0,0,0,0,0,0,1110,88,315,98490000060100020000000000000000000000005604583b01
1,472,0,18880,6,1,0,2,0,0,0,0,0,0,1110,88,315,c0490000060100020000000000000000000000005604583b01
1,473,0,18920,6,1,0,2,0,0,0,0,0,0,1110,88,315,e8490000060100020000000000000000000000005604583b01
1,474,0,18960,6,1,0,2,0,0,0,0,0,0,1110,88,315,104a0000060100020000000000000000000000005604583b01
1,475,0,19000,6,1,0,2,0,0,0,0,0,0,1110,88,315,384a0000060100020000000000000000000000005604583b01
1,476,0,19040,6,1,0,2,0,0,0,0,0,0,1110,88,315,604a0000060100020000000000000000000000005604583b01
1,477,0,19080,6,1,0,2,0,0,0,0,0,0,1110,88,315,884a0000060100020000000000000000000000005604583b01
1,478,0,19120,6,1,0,2,0,0,0,0,0,0,1110,88,315,b04a0000060100020000000000000000000000005604583b01
1,479,0,19160,6,1,0,2,0,0,0,0,0,0,1110,88,315,d84a0000060100020000000000000000000000005604583b01
1,480,0,19200,6,1,0,2,0,0,0,0,0,0,1110,88,315,004b0000060100020000000000000000000000005604583b01
1,481,0,19240,6,1,0,2,0,0,0,0,0,0,1110,88,315,284b0000060100020000000000000000000000005604583b01
1,482,0,19281,6,1,0,2,0,0,0,0,0,0,1110,88,315,514b0000060100020000000000000000000000005604583b01
1,483,0,19321,6,1,0,2,0,0,0,0,0,0,1110,88,315,794b0000060100020000000000000000000000005604583b01
1,484,0,19360,6,1,0,2,0,0,0,0,0,0,1110,88,315,a04b0000060100020000000000000000000000005604583b01
1,485,0,19400,6,1,0,2,0,0,0,0,0,0,1110,88,315,c84b0000060100020000000000000000000000005604583b01
1,486,0,19440,6,1,0,2,0,0,0,0,0,0,1110,88,315,f04b0000060100020000000000000000000000005604583b01
1,487,0,19480,6,1,0,2,0,0,0,0,0,0,1110,88,315,184c0000060100020000000000000000000000005604583b01
1,488,0,19520,6,1,0,2,0,0,0,0,0,0,1110,88,315,404c0000060100020000000000000000000000005604583b01
1,489,0,19560,6,1,0,2,0,0,0,0,0,0,1110,88,315,684c0000060100020000000000000000000000005604583b01
1,490,0,19601,6,1,0,2,0,0,0,0,0,0,1110,88,315,914c0000060100020000000000000000000000005604583b01
1,491,0,19640,6,1,0,2,0,0,0,0,0,0,1110,88,315,b84c0000060100020000000000000000000000005604583b01
1,492,0,19680,6,1,0,2,0,0,0,0,0,0,1110,88,315,e04c0000060100020000000000000000000000005604583b01
1,493,0,19720,6,1,0,2,0,0,0,0,0,0,1110,88,315,084d0000060100020000000000000000000000005604583b01
1,494,0,19760,6,1,0,2,0,0,0,0,0,0,1110,88,315,304d0000060100020000000000000000000000005604583b01
1,495,0,19800,6,1,0,2,0,0,0,0,0,0,1110,88,315,584d0000060100020000000000000000000000005604583b01
1,496,0,19840,6,1,0,2,0,0,0,0,0,0,1110,88,315,804d0000060100020000000000000000000000005604583b01
1,497,0,19881,6,1,0,2,0,0,0,0,0,0,1110,88,315,a94d0000060100020000000000000000000000005604583b01
1,498,0,19921,6,1,0,2,0,0,0,0,0,0,1110,88,315,d14d0000060100020000000000000000000000005604583b01
1,499,0,19961,6,1,0,2,0,0,0,0,0,0,1110,88,315,f94d0000060100020000000000000000000000005604583b01
1,500,0,20000,6,1,0,2,0,0,0,0,0,0,1110,88,315,204e0000060100020000000000000000000000005604583b01
1,501,0,20040,6,1,0,2,0,0,0,0,0,0,1110,88,315,484e0000060100020000000000000000000000005604583b01
1,502,0,20080,6,1,0,2,0,0,0,0,0,0,1110,88,315,704e0000060100020000000000000000000000005604583b01
1,503,0,20120,6,1,0,2,0,0,0,0,0,0,1110,88,315,984e0000060100020000000000000000000000005604583b01
1,504,0,20160,6,1,0,2,0,0,0,0,0,0,1110,88,315,c04e0000060100020000000000000000000000005604583b01
1,505,0,20200,6,1,0,2,0,0,0,0,0,0,1110,88,315,e84e0000060100020000000000000000000000005604583b01
1,506,0,20240,6,1,0,2,0,0,0,0,0,0,1110,88,315,104f0000060100020000000000000000000000005604583b01
1,507,0,20280,6,1,0,2,0,0,0,0,0,0,1110,88,315,384f0000060100020000000000000000000000005604583b01
1,508,0,20320,6,1,0,2,0,0,0,0,0,0,1110,88,315,604f0000060100020000000000000000000000005604583b01
1,509,0,20360,6,1,0,2,0,0,0,0,0,0,1110,88,315,884f0000060100020000000000000000000000005604583b01
1,510,0,20400,6,1,0,2,0,0,0,0,0,0,1110,88,315,b04f0000060100020000000000000000000000005604583b01
1,511,0,20440,6,1,0,2,0,0,0,0,0,0,1110,88,315,d84f0000060100020000000000000000000000005604583b01
1,512,0,20481,6,1,0,2,0,0,0,0,0,0,1110,88,315,01500000060100020000000000000000000000005604583b01
1,513,0,20520,6,1,0,2,0,0,0,0,0,0,1110,88,315,28500000060100020000000000000000000000005604583b01
1,514,0,20560,6,1,0,2,0,0,0,0,0,0,1110,88,315,50500000060100020000000000000000000000005604583b01
1,515,0,20601,6,1,0,2,0,0,0,0,0,0,1110,88,315,79500000060100020000000000000000000000005604583b01
1,516,0,20640,6,1,0,2,0,0,0,0,0,0,1110,88,315,a0500000060100020000000000000000000000005604583b01
1,517,0,20680,6,1,0,2,0,0,0,0,0,0,1110,88,315,c8500000060100020000000000000000000000005604583b01
1,518,0,20720,6,1,0,2,0,0,0,0,0,0,1110,88,315,f0500000060100020000000000000000000000005604583b01
1,519,0,20760,6,1,0,2,0,0,0,0,0,0,1110,88,315,18510000060100020000000000000000000000005604583b01
1,520,0,20801,6,1,0,2,0,0,0,0,0,0,1110,88,315,41510000060100020000000000000000000000005604583b01
1,521,0,20840,6,1,0,2,0,0,0,0,0,0,1110,88,315,68510000060100020000000000000000000000005604583b01
1,522,0,20880,6,1,0,2,0,0,0,0,0,0,1110,88,315,90510000060100020000000000000000000000005604583b01
1,523,0,20920,6,1,0,2,0,0,0,0,0,0,1110,88,315,b8510000060100020000000000000000000000005604583b01
1,524,0,20960,6,1,0,2,0,0,0,0,0,0,1110,88,315,e0510000060100020000000000000000000000005604583b01
1,525,0,21001,6,1,0,2,0,0,0,0,0,0,1110,88,315,09520000060100020000000000000000000000005604583b01
1,526,0,21041,6,1,0,2,0,0,0,0,0,0,1110,88,315,31520000060100020000000000000000000000005604583b01
1,527,0,21081,6,1,0,2,0,0,0,0,0,0,1110,88,315,59520000060100020000000000000000000000005604583b01
1,528,0,21120,6,1,0,2,0,0,0,0,0,0,1110,88,315,80520000060100020000000000000000000000005604583b01
1,529,0,21160,6,1,0,2,0,0,0,0,0,0,1110,88,315,a8520000060100020000000000000000000000005604583b01
1,530,0,21200,6,1,0,2,0,0,0,0,0,0,1110,88,315,d0520000060100020000000000000000000000005604583b01
1,531,0,21240,6,1,0,2,0,0,0,0,0,0,1110,88,315,f8520000060100020000000000000000000000005604583b01
1,532,0,21280,6,1,0,2,0,0,0,0,0,0,1110,88,315,20530000060100020000000000000000000000005604583b01
1,533,0,21320,6,1,0,2,0,0,0,0,0,0,1110,88,315,48530000060100020000000000000000000000005604583b01
1,534,0,21361,6,1,0,2,0,0,0,0,0,0,1110,88,315,71530000060100020000000000000000000000005604583b01
1,535,0,21401,6,1,0,2,0,0,0,0,0,0,1110,88,315,99530000060100020000000000000000000000005604583b01
1,536,0,21440,6,1,0,2,0,0,0,0,0,0,1110,88,315,c0530000060100020000000000000000000000005604583b01
1,537,0,21481,6,1,0,2,0,0,0,0,0,0,1110,88,315,e9530000060100020000000000000000000000005604583b01
1,538,0,21520,6,1,0,2,0,0,0,0,0,0,1110,88,315,10540000060100020000000000000000000000005604583b01
1,539,0,21560,6,1,0,2,0,0,0,0,0,0,1110,88,315,38540000060100020000000000000000000000005604583b01
1,540,0,21600,6,1,0,2,0,0,0,0,0,0,1110,88,315,60540000060100020000000000000000000000005604583b01
1,541,0,21641,6,1,0,2,0,0,0,0,0,0,1110,88,315,89540000060100020000000000000000000000005604583b01
1,542,0,21680,6,1,0,2,0,0,0,0,0,0,1110,88,315,b0540000060100020000000000000000000000005604583b01
1,543,0,21720,6,1,0,2,0,0,0,0,0,0,1110,88,315,d8540000060100020000000000000000000000005604583b01
1,544,0,21760,6,1,0,2,0,0,0,0,0,0,1110,88,315,00550000060100020000000000000000000000005604583b01
1,545,0,21800,6,1,0,2,0,0,0,0,0,0,1110,88,315,28550000060100020000000000000000000000005604583b01
1,546,0,21841,6,1,0,2,0,0,0,0,0,0,1110,88,315,51550000060100020000000000000000000000005604583b01
1,547,0,21881,6,1,0,2,0,0,0,0,0,0,1110,88,315,79550000060100020000000000000000000000005604583b01
1,548,0,21920,6,1,0,2,0,0,0,0,0,0,1110,88,315,a0550000060100020000000000000000000000005604583b01
1,549,0,21961,6,1,0,2,0,0,0,0,0,0,1110,88,315,c9550000060100020000000000000000000000005604583b01
1,550,0,22000,6,1,0,2,0,0,0,0,0,0,1110,88,315,f0550000060100020000000000000000000000005604583b01
1,551,0,22040,6,1,0,2,0,0,0,0,0,0,1110,88,315,18560000060100020000000000000000000000005604583b01
1,552,0,22080,6,1,0,2,0,0,0,0,0,0,1110,88,315,40560000060100020000000000000000000000005604583b01
1,553,0,22120,6,1,0,2,0,0,0,0,0,0,1110,88,315,68560000060100020000000000000000000000005604583b01
1,554,0,22160,6,1,0,2,0,0,0,0,0,0,1110,88,315,90560000060100020000000000000000000000005604583b01
1,555,0,22200,6,1,0,2,0,0,0,0,0,0,1110,88,315,b8560000060100020000000000000000000000005604583b01
1,556,0,22240,6,1,0,2,0,0,0,0,0,0,1110,88,315,e0560000060100020000000000000000000000005604583b01
1,557,0,22280,6,1,0,2,0,0,0,0,0,0,1110,88,315,08570000060100020000000000000000000000005604583b01
1,558,0,22320,6,1,0,2,0,0,0,0,0,0,1110,88,315,30570000060100020000000000000000000000005604583b01
1,559,0,22361,6,1,0,2,0,0,0,0,0,0,1110,88,315,59570000060100020000000000000000000000005604583b01
1,560,0,22400,6,1,0,2,0,0,0,0,0,0,1110,88,315,80570000060100020000000000000000000000005604583b01
1,561,0,22441,6,1,0,2,0,0,0,0,0,0,1110,88,315,a9570000060100020000000000000000000000005604583b01
1,562,0,22480,6,1,0,2,0,0,0,0,0,0,1110,88,315,d0570000060100020000000000000000000000005604583b01
1,563,0,22520,6,1,0,2,0,0,0,0,0,0,1110,88,315,f8570000060100020000000000000000000000005604583b01
1,564,0,22560,6,1,0,2,0,0,0,0,0,0,1110,88,315,20580000060100020000000000000000000000005604583b01
1,565,0,22600,6,1,0,2,0,0,0,0,0,0,1110,88,315,48580000060100020000000000000000000000005604583b01
1,566,0,22641,6,1,0,2,0,0,0,0,0,0,1110,88,315,71580000060100020000000000000000000000005604583b01
1,567,0,22680,6,1,0,2,0,0,0,0,0,0,1110,88,315,98580000060100020000000000000000000000005604583b01
1,568,0,22721,6,1,0,2,0,0,0,0,0,0,1110,88,315,c1580000060100020000000000000000000000005604583b01
1,569,0,22761,6,1,0,2,0,0,0,0,0,0,1110,88,315,e9580000060100020000000000000000000000005604583b01
1,570,0,22800,6,1,0,2,0,0,0,0,0,0,1110,88,315,10590000060100020000000000000000000000005604583b01
1,571,0,22841,6,1,0,2,0,0,0,0,0,0,1110,88,315,39590000060100020000000000000000000000005604583b01
1,572,0,22880,6,1,0,2,0,0,0,0,0,0,1110,88,315,60590000060100020000000000000000000000005604583b01
1,573,0,22921,6,1,0,2,0,0,0,0,0,0,1110,88,315,89590000060100020000000000000000000000005604583b01
1,574,0,22960,6,1,0,2,0,0,0,0,0,0,1110,88,315,b0590000060100020000000000000000000000005604583b01
1,575,0,23000,6,1,0,2,0,0,0,0,0,0,1110,88,315,d8590000060100020000000000000000000000005604583b01
1,576,0,23040,6,1,0,2,0,0,0,0,0,0,1110,88,315,005a0000060100020000000000000000000000005604583b01
1,577,0,23081,6,1,0,2,0,0,0,0,0,0,1110,88,315,295a0000060100020000000000000000000000005604583b01
1,578,0,23120,6,1,0,2,0,0,0,0,0,0,1110,88,315,505a0000060100020000000000000000000000005604583b01
1,579,0,23160,6,1,0,2,0,0,0,0,0,0,1110,88,315,785a0000060100020000000000000000000000005604583b01
1,580,0,23200,6,1,0,2,0,0,0,0,0,0,1110,88,315,a05a0000060100020000000000000000000000005604583b01
1,581,0,23240,6,1,0,2,0,0,0,0,0,0,1110,88,315,c85a0000060100020000000000000000000000005604583b01
1,582,0,23280,6,1,0,2,0,0,0,0,0,0,1110,88,315,f05a0000060100020000000000000000000000005604583b01
1,583,0,23320,6,1,0,2,0,0,0,0,0,0,1110,88,315,185b0000060100020000000000000000000000005604583b01
1,584,0,23360,6,1,0,2,0,0,0,0,0,0,1110,88,315,405b0000060100020000000000000000000000005604583b01
1,585,0,23401,6,1,0,2,0,0,0,0,0,0,1110,88,315,695b0000060100020000000000000000000000005604583b01
1,586,0,23440,6,1,0,2,0,0,0,0,0,0,1110,88,315,905b0000060100020000000000000000000000005604583b01
1,587,0,23480,6,1,0,2,0,0,0,0,0,0,1110,88,315,b85b0000060100020000000000000000000000005604583b01
1,588,0,23520,6,1,0,2,0,0,0,0,0,0,1110,88,315,e05b0000060100020000000000000000000000005604583b01
1,589,0,23560,6,1,0,2,0,0,0,0,0,0,1110,88,315,085c0000060100020000000000000000000000005604583b01
1,590,0,23600,6,1,0,2,0,0,0,0,0,0,1110,88,315,305c0000060100020000000000000000000000005604583b01
1,591,0,23640,6,1,0,2,0,0,0,0,0,0,1110,88,315,585c0000060100020000000000000000000000005604583b01
1,592,0,23680,6,1,0,2,0,0,0,0,0,0,1110,88,315,805c0000060100020000000000000000000000005604583b01
1,593,0,23720,6,1,0,2,0,0,0,0,0,0,1110,88,315,a85c0000060100020000000000000000000000005604583b01
1,594,0,23760,6,1,0,2,0,0,0,0,0,0,1110,88,315,d05c0000060100020000000000000000000000005604583b01
1,595,0,23800,6,1,0,2,0,0,0,0,0,0,1110,88,315,f85c0000060100020000000000000000000000005604583b01
1,596,0,23840,6,1,0,2,0,0,0,0,0,0,1110,88,315,205d0000060100020000000000000000000000005604583b01
1,597,0,23880,6,1,0,2,0,0,0,0,0,0,1110,88,315,485d0000060100020000000000000000000000005604583b01
1,598,0,23920,6,1,0,2,0,0,0,0,0,0,1110,88,315,705d0000060100020000000000000000000000005604583b01
1,599,0,23960,6,1,0,2,0,0,0,0,0,0,1110,88,315,985d0000060100020000000000000000000000005604583b01
1,600,0,24000,6,1,0,2,0,0,0,0,0,0,1110,88,315,c05d0000060100020000000000000000000000005604583b01
1,601,0,24041,6,1,0,2,0,0,0,0,0,0,1110,88,315,e95d0000060100020000000000000000000000005604583b01
1,602,0,24080,6,1,0,2,0,0,0,0,0,0,1110,88,315,105e0000060100020000000000000000000000005604583b01
1,603,0,24120,6,1,0,2,0,0,0,0,0,0,1110,88,315,385e0000060100020000000000000000000000005604583b01
1,604,0,24160,6,1,0,2,0,0,0,0,0,0,1110,88,315,605e0000060100020000000000000000000000005604583b01
1,605,0,24201,6,1,0,2,0,0,0,0,0,0,1110,88,315,895e0000060100020000000000000000000000005604583b01
1,606,0,24240,6,1,0,2,0,0,0,0,0,0,1110,88,315,b05e0000060100020000000000000000000000005604583b01
1,607,0,24281,6,1,0,2,0,0,0,0,0,0,1110,88,315,d95e0000060100020000000000000000000000005604583b01
1,608,0,24320,6,1,0,2,0,0,0,0,0,0,1110,88,315,005f0000060100020000000000000000000000005604583b01
1,609,0,24361,6,1,0,2,0,0,0,0,0,0,1110,88,315,295f0000060100020000000000000000000000005604583b01
1,610,0,24400,6,1,0,2,0,0,0,0,0,0,1110,88,315,505f0000060100020000000000000000000000005604583b01
1,611,0,24441,6,1,0,2,0,0,0,0,0,0,1110,88,315,795f0000060100020000000000000000000000005604583b01
1,612,0,24480,6,1,0,2,0,0,0,0,0,0,1110,88,315,a05f0000060100020000000000000000000000005604583b01
1,613,0,24520,6,1,0,2,0,0,0,0,0,0,1110,88,315,c85f0000060100020000000000000000000000005604583b01
1,614,0,24561,6,1,0,2,0,0,0,0,0,0,1110,88,315,f15f0000060100020000000000000000000000005604583b01
1,615,0,24600,6,1,0,2,0,0,0,0,0,0,1110,88,315,18600000060100020000000000000000000000005604583b01
1,616,0,24641,6,1,0,2,0,0,0,0,0,0,1110,88,315,41600000060100020000000000000000000000005604583b01
1,617,0,24681,6,1,0,2,0,0,0,0,0,0,1110,88,315,69600000060100020000000000000000000000005604583b01
1,618,0,24720,6,1,0,2,0,0,0,0,0,0,1110,88,315,90600000060100020000000000000000000000005604583b01
1,619,0,24760,6,1,0,2,0,0,0,0,0,0,1110,88,315,b8600000060100020000000000000000000000005604583b01
1,620,0,24800,6,1,0,2,0,0,0,0,0,0,1110,88,315,e0600000060100020000000000000000000000005604583b01
1,621,0,24841,6,1,0,2,0,0,0,0,0,0,1110,88,315,09610000060100020000000000000000000000005604583b01
1,622,0,24880,6,1,0,2,0,0,0,0,0,0,1110,88,315,30610000060100020000000000000000000000005604583b01
1,623,0,24920,6,1,0,2,0,0,0,0,0,0,1110,88,315,58610000060100020000000000000000000000005604583b01
1,624,0,24960,6,1,0,2,0,0,0,0,0,0,1110,88,315,80610000060100020000000000000000000000005604583b01
1,625,0,25000,6,1,0,2,0,0,0,0,0,0,1110,88,315,a8610000060100020000000000000000000000005604583b01
1,626,0,25040,6,1,0,2,0,0,0,0,0,0,1110,88,315,d0610000060100020000000000000000000000005604583b01
1,627,0,25081,6,1,0,2,0,0,0,0,0,0,1110,88,315,f9610000060100020000000000000000000000005604583b01
1,628,0,25120,6,1,0,2,0,0,0,0,0,0,1110,88,315,20620000060100020000000000000000000000005604583b01
1,629,0,25160,6,1,0,2,0,0,0,0,0,0,1110,88,315,48620000060100020000000000000000000000005604583b01
1,630,0,25200,6,1,0,2,0,0,0,0,0,0,1110,88,315,70620000060100020000000000000000000000005604583b01
1,631,0,25240,6,1,0,2,0,0,0,0,0,0,1110,88,315,98620000060100020000000000000000000000005604583b01
1,632,0,25280,6,1,0,2,0,0,0,0,0,0,1110,88,315,c0620000060100020000000000000000000000005604583b01
1,633,0,25321,6,1,0,2,0,0,0,0,0,0,1110,88,315,e9620000060100020000000000000000000000005604583b01
1,634,0,25360,6,1,0,2,0,0,0,0,0,0,1110,88,315,10630000060100020000000000000000000000005604583b01
1,635,0,25400,6,1,0,2,0,0,0,0,0,0,1110,88,315,38630000060100020000000000000000000000005604583b01
1,636,0,25440,6,1,0,2,0,0,0,0,0,0,1110,88,315,60630000060100020000000000000000000000005604583b01
1,637,0,25480,6,1,0,2,0,0,0,0,0,0,1110,88,315,88630000060100020000000000000000000000005604583b01
1,638,0,25520,6,1,0,2,0,0,0,0,0,0,1110,88,315,b0630000060100020000000000000000000000005604583b01
1,639,0,25560,6,1,0,2,0,0,0,0,0,0,1110,88,315,d8630000060100020000000000000000000000005604583b01
1,640,0,25600,6,1,0,2,0,0,0,0,0,0,1110,88,315,00640000060100020000000000000000000000005604583b01
1,641,0,25640,6,1,0,2,0,0,0,0,0,0,1110,88,315,28640000060100020000000000000000000000005604583b01
1,642,0,25680,6,1,0,2,0,0,0,0,0,0,1110,88,315,50640000060100020000000000000000000000005604583b01
1,643,0,25720,6,1,0,2,0,0,0,0,0,0,1110,88,315,78640000060100020000000000000000000000005604583b01
1,644,0,25760,6,1,0,2,0,0,0,0,0,0,1110,88,315,a0640000060100020000000000000000000000005604583b01
1,645,0,25801,6,1,0,2,0,0,0,0,0,0,1110,88,315,c9640000060100020000000000000000000000005604583b01
1,646,0,25841,6,1,0,2,0,0,0,0,0,0,1110,88,315,f1640000060100020000000000000000000000005604583b01
1,647,0,25880,6,1,0,2,0,0,0,0,0,0,1110,88,315,18650000060100020000000000000000000000005604583b01
1,648,0,25920,6,1,0,2,0,0,0,0,0,0,1110,88,315,40650000060100020000000000000000000000005604583b01
1,649,0,25960,6,1,0,2,0,0,0,0,0,0,1110,88,315,68650000060100020000000000000000000000005604583b01
1,650,0,26001,6,1,0,2,0,0,0,0,0,0,1110,88,315,91650000060100020000000000000000000000005604583b01
1,651,0,26040,6,1,0,2,0,0,0,0,0,0,1110,88,315,b8650000060100020000000000000000000000005604583b01
1,652,0,26080,6,1,0,2,0,0,0,0,0,0,1110,88,315,e0650000060100020000000000000000000000005604583b01
1,653,0,26120,6,1,0,2,0,0,0,0,0,0,1110,88,315,08660000060100020000000000000000000000005604583b01
1,654,0,26161,6,1,0,2,0,0,0,0,0,0,1110,88,315,31660000060100020000000000000000000000005604583b01
1,655,0,26200,6,1,0,2,0,0,0,0,0,0,1110,88,315,58660000060100020000000000000000000000005604583b01
1,656,0,26241,6,1,0,2,0,0,0,0,0,0,1110,88,315,81660000060100020000000000000000000000005604583b01
1,657,0,26280,6,1,0,2,0,0,0,0,0,0,1110,88,315,a8660000060100020000000000000000000000005604583b01
1,658,0,26320,6,1,0,2,0,0,0,0,0,0,1110,88,315,d0660000060100020000000000000000000000005604583b01
1,659,0,26360,6,1,0,2,0,0,0,0,0,0,1110,88,315,f8660000060100020000000000000000000000005604583b01
1,660,0,26400,6,1,0,2,0,0,0,0,0,0,1110,88,315,20670000060100020000000000000000000000005604583b01
1,661,0,26440,6,1,0,2,0,0,0,0,0,0,1110,88,315,48670000060100020000000000000000000000005604583b01
1,662,0,26480,6,1,0,2,0,0,0,0,0,0,1110,88,315,70670000060100020000000000000000000000005604583b01
1,663,0,26520,6,1,0,2,0,0,0,0,0,0,1110,88,315,98670000060100020000000000000000000000005604583b01
1,664,0,26560,6,1,0,2,0,0,0,0,0,0,1110,88,315,c0670000060100020000000000000000000000005604583b01
1,665,0,26600,6,1,0,2,0,0,0,0,0,0,1110,88,315,e8670000060100020000000000000000000000005604583b01
1,666,0,26640,6,1,0,2,0,0,0,0,0,0,1110,88,315,10680000060100020000000000000000000000005604583b01
1,667,0,26680,6,1,0,2,0,0,0,0,0,0,1110,88,315,38680000060100020000000000000000000000005604583b01
1,668,0,26720,6,1,0,2,0,0,0,0,0,0,1110,88,315,60680000060100020000000000000000000000005604583b01
1,669,0,26760,6,1,0,2,0,0,0,0,0,0,1110,88,315,88680000060100020000000000000000000000005604583b01
1,670,0,26800,6,1,0,2,0,0,0,0,0,0,1110,88,315,b0680000060100020000000000000000000000005604583b01
1,671,0,26840,6,1,0,2,0,0,0,0,0,0,1110,88,315,d8680000060100020000000000000000000000005604583b01
1,672,0,26880,6,1,0,2,0,0,0,0,0,0,1110,88,315,00690000060100020000000000000000000000005604583b01
1,673,0,26920,6,1,0,2,0,0,0,0,0,0,1110,88,315,28690000060100020000000000000000000000005604583b01
1,674,0,26960,6,1,0,2,0,0,0,0,0,0,1110,88,315,50690000060100020000000000000000000000005604583b01
1,675,0,27000,6,1,0,2,0,0,0,0,0,0,1110,88,315,78690000060100020000000000000000000000005604583b01
1,676,0,27041,6,1,0,2,0,0,0,0,0,0,1110,88,315,a1690000060100020000000000000000000000005604583b01
1,677,0,27080,6,1,0,2,0,0,0,0,0,0,1110,88,315,c8690000060100020000000000000000000000005604583b01
1,678,0,27121,6,1,0,2,0,0,0,0,0,0,1110,88,315,f1690000060100020000000000000000000000005604583b01
1,679,0,27161,6,1,0,2,0,0,0,0,0,0,1110,88,315,196a0000060100020000000000000000000000005604583b01
1,680,0,27200,6,1,0,2,0,0,0,0,0,0,1110,88,315,406a0000060100020000000000000000000000005604583b01
1,681,0,27241,6,1,0,2,0,0,0,0,0,0,1110,88,315,696a0000060100020000000000000000000000005604583b01
1,682,0,27280,6,1,0,2,0,0,0,0,0,0,1110,88,315,906a0000060100020000000000000000000000005604583b01
1,683,0,27321,6,1,0,2,0,0,0,0,0,0,1110,88,315,b96a0000060100020000000000000000000000005604583b01
1,684,0,27361,6,1,0,2,0,0,0,0,0,0,1110,88,315,e16a0000060100020000000000000000000000005604583b01
1,685,0,27400,6,1,0,2,0,0,0,0,0,0,1110,88,315,086b0000060100020000000000000000000000005604583b01
1,686,0,27441,6,1,0,2,0,0,0,0,0,0,1110,88,315,316b0000060100020000000000000000000000005604583b01
1,687,0,27480,6,1,0,2,0,0,0,0,0,0,1110,88,315,586b0000060100020000000000000000000000005604583b01
1,688,0,27521,6,1,0,2,0,0,0,0,0,0,1110,88,315,816b0000060100020000000000000000000000005604583b01
1,689,0,27560,6,1,0,2,0,0,0,0,0,0,1110,88,315,a86b0000060100020000000000000000000000005604583b01
1,690,0,27601,6,1,0,2,0,0,0,0,0,0,1110,88,315,d16b0000060100020000000000000000000000005604583b01
1,691,0,27640,6,1,0,2,0,0,0,0,0,0,1110,88,315,f86b0000060100020000000000000000000000005604583b01
1,692,0,27680,6,1,0,2,0,0,0,0,0,0,1110,88,315,206c0000060100020000000000000000000000005604583b01
1,693,0,27720,6,1,0,2,0,0,0,0,0,0,1110,88,315,486c0000060100020000000000000000000000005604583b01
1,694,0,27760,6,1,0,2,0,0,0,0,0,0,1110,88,315,706c0000060100020000000000000000000000005604583b01
1,695,0,27800,6,1,0,2,0,0,0,0,0,0,1110,88,315,986c0000060100020000000000000000000000005604583b01
1,696,0,27840,6,1,0,2,0,0,0,0,0,0,1110,88,315,c06c0000060100020000000000000000000000005604583b01
1,697,0,27880,6,1,0,2,0,0,0,0,0,0,1110,88,315,e86c0000060100020000000000000000000000005604583b01
1,698,0,27920,6,1,0,2,0,0,0,0,0,0,1110,88,315,106d0000060100020000000000000000000000005604583b01
1,699,0,27960,6,1,0,2,0,0,0,0,0,0,1110,88,315,386d0000060100020000000000000000000000005604583b01
1,700,0,28001,6,1,0,2,0,0,0,0,0,0,1110,88,315,616d0000060100020000000000000000000000005604583b01
1,701,0,28040,6,1,0,2,0,0,0,0,0,0,1110,88,315,886d0000060100020000000000000000000000005604583b01
1,702,0,28081,6,1,0,2,0,0,0,0,0,0,1110,88,315,b16d0000060100020000000000000000000000005604583b01
1,703,0,28120,6,1,0,2,0,0,0,0,0,0,1110,88,315,d86d0000060100020000000000000000000000005604583b01
1,704,0,28160,6,1,0,2,0,0,0,0,0,0,1110,88,315,006e0000060100020000000000000000000000005604583b01
1,705,0,28200,6,1,0,2,0,0,0,0,0,0,1110,88,315,286e0000060100020000000000000000000000005604583b01
1,706,0,28240,6,1,0,2,0,0,0,0,0,0,1110,88,315,506e0000060100020000000000000000000000005604583b01
1,707,0,28280,6,1,0,2,0,0,0,0,0,0,1110,88,315,786e0000060100020000000000000000000000005604583b01
1,708,0,28320,6,1,0,2,0,0,0,0,0,0,1110,88,315,a06e0000060100020000000000000000000000005604583b01
1,709,0,28360,6,1,0,2,0,0,0,0,0,0,1110,88,315,c86e0000060100020000000000000000000000005604583b01
1,710,0,28400,6,1,0,2,0,0,0,0,0,0,1110,88,315,f06e0000060100020000000000000000000000005604583b01
1,711,0,28440,6,1,0,2,0,0,0,0,0,0,1110,88,315,186f0000060100020000000000000000000000005604583b01
1,712,0,28480,6,1,0,2,0,0,0,0,0,0,1110,88,315,406f0000060100020000000000000000000000005604583b01
1,713,0,28520,6,1,0,2,0,0,0,0,0,0,1110,88,315,686f0000060100020000000000000000000000005604583b01
1,714,0,28561,6,1,0,2,0,0,0,0,0,0,1110,88,315,916f0000060100020000000000000000000000005604583b01
1,715,0,28600,6,1,0,2,0,0,0,0,0,0,1110,88,315,b86f0000060100020000000000000000000000005604583b01
1,716,0,28641,6,1,0,2,0,0,0,0,0,0,1110,88,315,e16f0000060100020000000000000000000000005604583b01
1,717,0,28680,6,1,0,2,0,0,0,0,0,0,1110,88,315,08700000060100020000000000000000000000005604583b01
1,718,0,28720,6,1,0,2,0,0,0,0,0,0,1110,88,315,30700000060100020000000000000000000000005604583b01
1,719,0,28760,6,1,0,2,0,0,0,0,0,0,1110,88,315,58700000060100020000000000000000000000005604583b01
1,720,0,28800,6,1,0,2,0,0,0,0,0,0,1110,88,315,80700000060100020000000000000000000000005604583b01
1,721,0,28841,6,1,0,2,0,0,0,0,0,0,1110,88,315,a9700000060100020000000000000000000000005604583b01
1,722,0,28880,6,1,0,2,0,0,0,0,0,0,1110,88,315,d0700000060100020000000000000000000000005604583b01
1,723,0,28920,6,1,0,2,0,0,0,0,0,0,1110,88,315,f8700000060100020000000000000000000000005604583b01
1,724,0,28960,6,1,0,2,0,0,0,0,0,0,1110,88,315,20710000060100020000000000000000000000005604583b01
1,725,0,29000,6,1,0,2,0,0,0,0,0,0,1110,88,315,48710000060100020000000000000000000000005604583b01
1,726,0,29041,6,1,0,2,0,0,0,0,0,0,1110,88,315,71710000060100020000000000000000000000005604583b01
1,727,0,29080,6,1,0,2,0,0,0,0,0,0,1110,88,315,98710000060100020000000000000000000000005604583b01
1,728,0,29120,6,1,0,2,0,0,0,0,0,0,1110,88,315,c0710000060100020000000000000000000000005604583b01
1,729,0,29160,6,1,0,2,0,0,0,0,0,0,1110,88,315,e8710000060100020000000000000000000000005604583b01
1,730,0,29200,6,1,0,2,0,0,0,0,0,0,1110,88,315,10720000060100020000000000000000000000005604583b01
1,731,0,29241,6,1,0,2,0,0,0,0,0,0,1110,88,315,39720000060100020000000000000000000000005604583b01
1,732,0,29280,6,1,0,2,0,0,0,0,0,0,1110,88,315,60720000060100020000000000000000000000005604583b01
1,733,0,29321,6,1,0,2,0,0,0,0,0,0,1110,88,315,89720000060100020000000000000000000000005604583b01
1,734,0,29360,6,1,0,2,0,0,0,0,0,0,1110,88,315,b0720000060100020000000000000000000000005604583b01
1,735,0,29400,6,1,0,2,0,0,0,0,0,0,1110,88,315,d8720000060100020000000000000000000000005604583b01
1,736,0,29440,6,1,0,2,0,0,0,0,0,0,1110,88,315,00730000060100020000000000000000000000005604583b01
1,737,0,29480,6,1,0,2,0,0,0,0,0,0,1110,88,315,28730000060100020000000000000000000000005604583b01
1,738,0,29520,6,1,0,2,0,0,0,0,0,0,1110,88,315,50730000060100020000000000000000000000005604583b01
1,739,0,29561,6,1,0,2,0,0,0,0,0,0,1110,88,315,79730000060100020000000000000000000000005604583b01
1,740,0,29600,6,1,0,2,0,0,0,0,0,0,1110,88,315,a0730000060100020000000000000000000000005604583b01
1,741,0,29641,6,1,0,2,0,0,0,0,0,0,1110,88,315,c9730000060100020000000000000000000000005604583b01
1,742,0,29680,6,1,0,2,0,0,0,0,0,0,1110,88,315,f0730000060100020000000000000000000000005604583b01
1,743,0,29720,6,1,0,2,0,0,0,0,0,0,1110,88,315,18740000060100020000000000000000000000005604583b01
1,744,0,29760,6,1,0,2,0,0,0,0,0,0,1110,88,315,40740000060100020000000000000000000000005604583b01
1,745,0,29801,6,1,0,2,0,0,0,0,0,0,1110,88,315,69740000060100020000000000000000000000005604583b01
1,746,0,29840,6,1,0,2,0,0,0,0,0,0,1110,88,315,90740000060100020000000000000000000000005604583b01
1,747,0,29880,6,1,0,2,0,0,0,0,0,0,1110,88,315,b8740000060100020000000000000000000000005604583b01
1,748,0,29921,6,1,0,2,0,0,0,0,0,0,1110,88,315,e1740000060100020000000000000000000000005604583b01
1,749,0,29960,6,1,0,2,0,0,0,0,0,0,1110,88,315,08750000060100020000000000000000000000005604583b01
1,750,0,30001,6,1,0,2,0,0,0,0,0,0,1110,88,315,31750000060100020000000000000000000000005604583b01
1,751,0,30040,6,1,0,2,0,0,0,0,0,0,1110,88,315,58750000060100020000000000000000000000005604583b01
1,752,0,30080,6,1,0,2,0,0,0,0,0,0,1110,88,315,80750000060100020000000000000000000000005604583b01
1,753,0,30121,6,1,0,2,0,0,0,0,0,0,1110,88,315,a9750000060100020000000000000000000000005604583b01
1,754,0,30160,6,1,0,2,0,0,0,0,0,0,1110,88,315,d0750000060100020000000000000000000000005604583b01
1,755,0,30200,6,1,0,2,0,0,0,0,0,0,1110,88,315,f8750000060100020000000000000000000000005604583b01
1,756,0,30240,6,1,0,2,0,0,0,0,0,0,1110,88,315,20760000060100020000000000000000000000005604583b01
1,757,0,30280,6,1,0,2,0,0,0,0,0,0,1110,88,315,48760000060100020000000000000000000000005604583b01
1,758,0,30321,6,1,0,2,0,0,0,0,0,0,1110,88,315,71760000060100020000000000000000000000005604583b01
1,759,0,30361,6,1,0,2,0,0,0,0,0,0,1110,88,315,99760000060100020000000000000000000000005604583b01
1,760,0,30400,6,1,0,2,0,0,0,0,0,0,1110,88,315,c0760000060100020000000000000000000000005604583b01
1,761,0,30440,6,1,0,2,0,0,0,0,0,0,1110,88,315,e8760000060100020000000000000000000000005604583b01
1,762,0,30480,6,1,0,2,0,0,0,0,0,0,1110,88,315,10770000060100020000000000000000000000005604583b01
1,763,0,30521,6,1,0,2,0,0,0,0,0,0,1110,88,315,39770000060100020000000000000000000000005604583b01
1,764,0,30560,6,1,0,2,0,0,0,0,0,0,1110,88,315,60770000060100020000000000000000000000005604583b01
1,765,0,30600,6,1,0,2,0,0,0,0,0,0,1110,88,315,88770000060100020000000000000000000000005604583b01
1,766,0,30640,6,1,0,2,0,0,0,0,0,0,1110,88,315,b0770000060100020000000000000000000000005604583b01
1,767,0,30680,6,1,0,2,0,0,0,0,0,0,1110,88,315,d8770000060100020000000000000000000000005604583b01
1,768,0,30720,6,1,0,2,0,0,0,0,0,0,1110,88,315,00780000060100020000000000000000000000005604583b01
1,769,0,30761,6,1,0,2,0,0,0,0,0,0,1110,88,315,29780000060100020000000000000000000000005604583b01
1,770,0,30800,6,1,0,2,0,0,0,0,0,0,1110,88,315,50780000060100020000000000000000000000005604583b01
1,771,0,30840,6,1,0,2,0,0,0,0,0,0,1110,88,315,78780000060100020000000000000000000000005604583b01
1,772,0,30880,6,1,0,2,0,0,0,0,0,0,1110,88,315,a0780000060100020000000000000000000000005604583b01
1,773,0,30920,6,1,0,2,0,0,0,0,0,0,1110,88,315,c8780000060100020000000000000000000000005604583b01
1,774,0,30960,6,1,0,2,0,0,0,0,0,0,1110,88,315,f0780000060100020000000000000000000000005604583b01
1,775,0,31000,6,1,0,2,0,0,0,0,0,0,1110,88,315,18790000060100020000000000000000000000005604583b01
1,776,0,31040,6,1,0,2,0,0,0,0,0,0,1110,88,315,40790000060100020000000000000000000000005604583b01
1,777,0,31080,6,1,0,2,0,0,0,0,0,0,1110,88,315,68790000060100020000000000000000000000005604583b01
1,778,0,31120,6,1,0,2,0,0,0,0,0,0,1110,88,315,90790000060100020000000000000000000000005604583b01
1,779,0,31160,6,1,0,2,0,0,0,0,0,0,1110,88,315,b8790000060100020000000000000000000000005604583b01
1,780,0,31200,6,1,0,2,0,0,0,0,0,0,1110,88,315,e0790000060100020000000000000000000000005604583b01
1,781,0,31240,6,1,0,2,0,0,0,0,0,0,1110,88,315,087a0000060100020000000000000000000000005604583b01
1,782,0,31280,6,1,0,2,0,0,0,0,0,0,1110,88,315,307a0000060100020000000000000000000000005604583b01
1,783,0,31320,6,1,0,2,0,0,0,0,0,0,1110,88,315,587a0000060100020000000000000000000000005604583b01
1,784,0,31360,6,1,0,2,0,0,0,0,0,0,1110,88,315,807a0000060100020000000000000000000000005604583b01
1,785,0,31401,6,1,0,2,0,0,0,0,0,0,1110,88,315,a97a0000060100020000000000000000000000005604583b01
1,786,0,31440,6,1,0,2,0,0,0,0,0,0,1110,88,315,d07a0000060100020000000000000000000000005604583b01
1,787,0,31480,6,1,0,2,0,0,0,0,0,0,1110,88,315,f87a0000060100020000000000000000000000005604583b01
1,788,0,31520,6,1,0,2,0,0,0,0,0,0,1110,88,315,207b0000060100020000000000000000000000005604583b01
1,789,0,31560,6,1,0,2,0,0,0,0,0,0,1110,88,315,487b0000060100020000000000000000000000005604583b01
1,790,0,31600,6,1,0,2,0,0,0,0,0,0,1110,88,315,707b0000060100020000000000000000000000005604583b01
1,791,0,31641,6,1,0,2,0,0,0,0,0,0,1110,88,315,997b0000060100020000000000000000000000005604583b01
1,792,0,31680,6,1,0,2,0,0,0,0,0,0,1110,88,315,c07b0000060100020000000000000000000000005604583b01
1,793,0,31720,6,1,0,2,0,0,0,0,0,0,1110,88,315,e87b0000060100020000000000000000000000005604583b01
1,794,0,31760,6,1,0,2,0,0,0,0,0,0,1110,88,315,107c0000060100020000000000000000000000005604583b01
1,795,0,31800,6,1,0,2,0,0,0,0,0,0,1110,88,315,387c0000060100020000000000000000000000005604583b01
1,796,0,31841,6,1,0,2,0,0,0,0,0,0,1110,88,315,617c0000060100020000000000000000000000005604583b01
1,797,0,31880,6,1,0,2,0,0,0,0,0,0,1110,88,315,887c0000060100020000000000000000000000005604583b01
1,798,0,31920,6,1,0,2,0,0,0,0,0,0,1110,88,315,b07c0000060100020000000000000000000000005604583b01
1,799,0,31960,6,1,0,2,0,0,0,0,0,0,1110,88,315,d87c0000060100020000000000000000000000005604583b01
1,800,0,32000,6,1,0,2,0,0,0,0,0,0,1110,88,315,007d0000060100020000000000000000000000005604583b01
1,801,0,32041,6,1,0,2,0,0,0,0,0,0,1110,88,315,297d0000060100020000000000000000000000005604583b01
1,802,0,32080,6,1,0,2,0,0,0,0,0,0,1110,88,315,507d0000060100020000000000000000000000005604583b01
1,803,0,32120,6,1,0,2,0,0,0,0,0,0,1110,88,315,787d0000060100020000000000000000000000005604583b01
1,804,0,32160,6,1,0,2,0,0,0,0,0,0,1110,88,315,a07d0000060100020000000000000000000000005604583b01
1,805,0,32200,6,1,0,2,0,0,0,0,0,0,1110,88,315,c87d0000060100020000000000000000000000005604583b01
1,806,0,32240,6,1,0,2,0,0,0,0,0,0,1110,88,315,f07d0000060100020000000000000000000000005604583b01
1,807,0,32280,6,1,0,2,0,0,0,0,0,0,1110,88,315,187e0000060100020000000000000000000000005604583b01
1,808,0,32320,6,1,0,2,0,0,0,0,0,0,1110,88,315,407e0000060100020000000000000000000000005604583b01
1,809,0,32360,6,1,0,2,0,0,0,0,0,0,1110,88,315,687e0000060100020000000000000000000000005604583b01
1,810,0,32400,6,1,0,2,0,0,0,0,0,0,1110,88,315,907e0000060100020000000000000000000000005604583b01
1,811,0,32440,6,1,0,2,0,0,0,0,0,0,1110,88,315,b87e0000060100020000000000000000000000005604583b01
1,812,0,32480,6,1,0,2,0,0,0,0,0,0,1110,88,315,e07e0000060100020000000000000000000000005604583b01
1,813,0,32520,6,1,0,2,0,0,0,0,0,0,1110,88,315,087f0000060100020000000000000000000000005604583b01
1,814,0,32560,6,1,0,2,0,0,0,0,0,0,1110,88,315,307f0000060100020000000000000000000000005604583b01
1,815,0,32600,6,1,0,2,0,0,0,0,0,0,1110,88,315,587f0000060100020000000000000000000000005604583b01
1,816,0,32640,6,1,0,2,0,0,0,0,0,0,1110,88,315,807f0000060100020000000000000000000000005604583b01
1,817,0,32680,6,1,0,2,0,0,0,0,0,0,1110,88,315,a87f0000060100020000000000000000000000005604583b01
1,818,0,32720,6,1,0,2,0,0,0,0,0,0,1110,88,315,d07f0000060100020000000000000000000000005604583b01
1,819,0,32760,6,1,0,2,0,0,0,0,0,0,1110,88,315,f87f0000060100020000000000000000000000005604583b01
1,820,0,32800,6,1,0,2,0,0,0,0,0,0,1110,88,315,20800000060100020000000000000000000000005604583b01
1,821,0,32840,6,1,0,2,0,0,0,0,0,0,1110,88,315,48800000060100020000000000000000000000005604583b01
1,822,0,32880,6,1,0,2,0,0,0,0,0,0,1110,88,315,70800000060100020000000000000000000000005604583b01
1,823,0,32920,6,1,0,2,0,0,0,0,0,0,1110,88,315,98800000060100020000000000000000000000005604583b01
1,824,0,32960,6,1,0,2,0,0,0,0,0,0,1110,88,315,c0800000060100020000000000000000000000005604583b01
1,825,0,33000,6,1,0,2,0,0,0,0,0,0,1110,88,315,e8800000060100020000000000000000000000005604583b01
1,826,0,33040,6,1,0,2,0,0,0,0,0,0,1110,88,315,10810000060100020000000000000000000000005604583b01
1,827,0,33081,6,1,0,2,0,0,0,0,0,0,1110,88,315,39810000060100020000000000000000000000005604583b01
1,828,0,33120,6,1,0,2,0,0,0,0,0,0,1110,88,315,60810000060100020000000000000000000000005604583b01
1,829,0,33160,6,1,0,2,0,0,0,0,0,0,1110,88,315,88810000060100020000000000000000000000005604583b01
1,830,0,33200,6,1,0,2,0,0,0,0,0,0,1110,88,315,b0810000060100020000000000000000000000005604583b01
1,831,0,33240,6,1,0,2,0,0,0,0,0,0,1110,88,315,d8810000060100020000000000000000000000005604583b01
1,832,0,33280,6,1,0,2,0,0,0,0,0,0,1110,88,315,00820000060100020000000000000000000000005604583b01
1,833,0,33320,6,1,0,2,0,0,0,0,0,0,1110,88,315,28820000060100020000000000000000000000005604583b01
1,834,0,33361,6,1,0,2,0,0,0,0,0,0,1110,88,315,51820000060100020000000000000000000000005604583b01
1,835,0,33400,6,1,0,2,0,0,0,0,0,0,1110,88,315,78820000060100020000000000000000000000005604583b01
1,836,0,33440,6,1,0,2,0,0,0,0,0,0,1110,88,315,a0820000060100020000000000000000000000005604583b01
1,837,0,33480,6,1,0,2,0,0,0,0,0,0,1110,88,315,c8820000060100020000000000000000000000005604583b01
1,838,0,33520,6,1,0,2,0,0,0,0,0,0,1110,88,315,f0820000060100020000000000000000000000005604583b01
1,839,0,33560,6,1,0,2,0,0,0,0,0,0,1110,88,315,18830000060100020000000000000000000000005604583b01
1,840,0,33600,6,1,0,2,0,0,0,0,0,0,1110,88,315,40830000060100020000000000000000000000005604583b01
1,841,0,33640,6,1,0,2,0,0,0,0,0,0,1110,88,315,68830000060100020000000000000000000000005604583b01
1,842,0,33680,6,1,0,2,0,0,0,0,0,0,1110,88,315,90830000060100020000000000000000000000005604583b01
1,843,0,33720,6,1,0,2,0,0,0,0,0,0,1110,88,315,b8830000060100020000000000000000000000005604583b01
1,844,0,33761,6,1,0,2,0,0,0,0,0,0,1110,88,315,e1830000060100020000000000000000000000005604583b01
1,845,0,33800,6,1,0,2,0,0,0,0,0,0,1110,88,315,08840000060100020000000000000000000000005604583b01
1,846,0,33841,6,1,0,2,0,0,0,0,0,0,1110,88,315,31840000060100020000000000000000000000005604583b01
1,847,0,33880,6,1,0,2,0,0,0,0,0,0,1110,88,315,58840000060100020000000000000000000000005604583b01
1,848,0,33920,6,1,0,2,0,0,0,0,0,0,1110,88,315,80840000060100020000000000000000000000005604583b01
1,849,0,33960,6,1,0,2,0,0,0,0,0,0,1110,88,315,a8840000060100020000000000000000000000005604583b01
1,850,0,34000,6,1,0,2,0,0,0,0,0,0,1110,88,315,d0840000060100020000000000000000000000005604583b01
1,851,0,34040,6,1,0,2,0,0,0,0,0,0,1110,88,315,f8840000060100020000000000000000000000005604583b01
1,852,0,34081,6,1,0,2,0,0,0,0,0,0,1110,88,315,21850000060100020000000000000000000000005604583b01
1,853,0,34120,6,1,0,2,0,0,0,0,0,0,1110,88,315,48850000060100020000000000000000000000005604583b01
1,854,0,34161,6,1,0,2,0,0,0,0,0,0,1110,88,315,71850000060100020000000000000000000000005604583b01
1,855,0,34200,6,1,0,2,0,0,0,0,0,0,1110,88,315,98850000060100020000000000000000000000005604583b01
1,856,0,34240,6,1,0,2,0,0,0,0,0,0,1110,88,315,c0850000060100020000000000000000000000005604583b01
1,857,0,34280,6,1,0,2,0,0,0,0,0,0,1110,88,315,e8850000060100020000000000000000000000005604583b01
1,858,0,34320,6,1,0,2,0,0,0,0,0,0,1110,88,315,10860000060100020000000000000000000000005604583b01
1,859,0,34360,6,1,0,2,0,0,0,0,0,0,1110,88,315,38860000060100020000000000000000000000005604583b01
1,860,0,34401,6,1,0,2,0,0,0,0,0,0,1110,88,315,61860000060100020000000000000000000000005604583b01
1,861,0,34440,6,1,0,2,0,0,0,0,0,0,1110,88,315,88860000060100020000000000000000000000005604583b01
1,862,0,34481,6,1,0,2,0,0,0,0,0,0,1110,88,315,b1860000060100020000000000000000000000005604583b01
1,863,0,34520,6,1,0,2,0,0,0,0,0,0,1110,88,315,d8860000060100020000000000000000000000005604583b01
1,864,0,34561,6,1,0,2,0,0,0,0,0,0,1110,88,315,01870000060100020000000000000000000000005604583b01
1,865,0,34601,6,1,0,2,0,0,0,0,0,0,1110,88,315,29870000060100020000000000000000000000005604583b01
1,866,0,34640,6,1,0,2,0,0,0,0,0,0,1110,88,315,50870000060100020000000000000000000000005604583b01
1,867,0,34681,6,1,0,2,0,0,0,0,0,0,1110,88,315,79870000060100020000000000000000000000005604583b01
1,868,0,34720,6,1,0,2,0,0,0,0,0,0,1110,88,315,a0870000060100020000000000000000000000005604583b01
1,869,0,34760,6,1,0,2,0,0,0,0,0,0,1110,88,315,c8870000060100020000000000000000000000005604583b01
1,870,0,34800,6,1,0,2,0,0,0,0,0,0,1110,88,315,f0870000060100020000000000000000000000005604583b01
1,871,0,34840,6,1,0,2,0,0,0,0,0,0,1110,88,315,18880000060100020000000000000000000000005604583b01
1,872,0,34880,6,1,0,2,0,0,0,0,0,0,1110,88,315,40880000060100020000000000000000000000005604583b01
1,873,0,34920,6,1,0,2,0,0,0,0,0,0,1110,88,315,68880000060100020000000000000000000000005604583b01
1,874,0,34960,6,1,0,2,0,0,0,0,0,0,1110,88,315,90880000060100020000000000000000000000005604583b01
1,875,0,35000,6,1,0,2,0,0,0,0,0,0,1110,88,315,b8880000060100020000000000000000000000005604583b01
1,876,0,35040,6,1,0,2,0,0,0,0,0,0,1110,88,315,e0880000060100020000000000000000000000005604583b01
1,877,0,35080,6,1,0,2,0,0,0,0,0,0,1110,88,315,08890000060100020000000000000000000000005604583b01
1,878,0,35120,6,1,0,2,0,0,0,0,0,0,1110,88,315,30890000060100020000000000000000000000005604583b01
1,879,0,35161,6,1,0,2,0,0,0,0,0,0,1110,88,315,59890000060100020000000000000000000000005604583b01
1,880,0,35200,6,1,0,2,0,0,0,0,0,0,1110,88,315,80890000060100020000000000000000000000005604583b01
1,881,0,35240,6,1,0,2,0,0,0,0,0,0,1110,88,315,a8890000060100020000000000000000000000005604583b01
1,882,0,35280,6,1,0,2,0,0,0,0,0,0,1110,88,315,d0890000060100020000000000000000000000005604583b01
1,883,0,35320,6,1,0,2,0,0,0,0,0,0,1110,88,315,f8890000060100020000000000000000000000005604583b01
1,884,0,35360,6,1,0,2,0,0,0,0,0,0,1110,88,315,208a0000060100020000000000000000000000005604583b01
1,885,0,35400,6,1,0,2,0,0,0,0,0,0,1110,88,315,488a0000060100020000000000000000000000005604583b01
1,886,0,35441,6,1,0,2,0,0,0,0,0,0,1110,88,315,718a0000060100020000000000000000000000005604583b01
1,887,0,35480,6,1,0,2,0,0,0,0,0,0,1110,88,315,988a0000060100020000000000000000000000005604583b01
1,888,0,35520,6,1,0,2,0,0,0,0,0,0,1110,88,315,c08a0000060100020000000000000000000000005604583b01
1,889,0,35561,6,1,0,2,0,0,0,0,0,0,1110,88,315,e98a0000060100020000000000000000000000005604583b01
1,890,0,35600,6,1,0,2,0,0,0,0,0,0,1110,88,315,108b0000060100020000000000000000000000005604583b01
1,891,0,35641,6,1,0,2,0,0,0,0,0,0,1110,88,315,398b0000060100020000000000000000000000005604583b01
1,892,0,35680,6,1,0,2,0,0,0,0,0,0,1110,88,315,608b0000060100020000000000000000000000005604583b01
1,893,0,35720,6,1,0,2,0,0,0,0,0,0,1110,88,315,888b0000060100020000000000000000000000005604583b01
1,894,0,35760,6,1,0,2,0,0,0,0,0,0,1110,88,315,b08b0000060100020000000000000000000000005604583b01
1,895,0,35801,6,1,0,2,0,0,0,0,0,0,1110,88,315,d98b0000060100020000000000000000000000005604583b01
1,896,0,35840,6,1,0,2,0,0,0,0,0,0,1110,88,315,008c0000060100020000000000000000000000005604583b01
1,897,0,35881,6,1,0,2,0,0,0,0,0,0,1110,88,315,298c0000060100020000000000000000000000005604583b01
1,898,0,35920,6,1,0,2,0,0,0,0,0,0,1110,88,315,508c0000060100020000000000000000000000005604583b01
1,899,0,35960,6,1,0,2,0,0,0,0,0,0,1110,88,315,788c0000060100020000000000000000000000005604583b01
1,900,0,36000,6,1,0,2,0,0,0,0,0,0,1110,88,315,a08c0000060100020000000000000000000000005604583b01
1,901,0,36040,6,1,0,2,0,0,0,0,0,0,1110,88,315,c88c0000060100020000000000000000000000005604583b01
1,902,0,36080,6,1,0,2,0,0,0,0,0,0,1110,88,315,f08c0000060100020000000000000000000000005604583b01
1,903,0,36120,6,1,0,2,0,0,0,0,0,0,1110,88,315,188d0000060100020000000000000000000000005604583b01
1,904,0,36160,6,1,0,2,0,0,0,0,0,0,1110,88,315,408d0000060100020000000000000000000000005604583b01
1,905,0,36201,6,1,0,2,0,0,0,0,0,0,1110,88,315,698d0000060100020000000000000000000000005604583b01
1,906,0,36240,6,1,0,2,0,0,0,0,0,0,1110,88,315,908d0000060100020000000000000000000000005604583b01
1,907,0,36280,6,1,0,2,0,0,0,0,0,0,1110,88,315,b88d0000060100020000000000000000000000005604583b01
1,908,0,36320,6,1,0,2,0,0,0,0,0,0,1110,88,315,e08d0000060100020000000000000000000000005604583b01
1,909,0,36360,6,1,0,2,0,0,0,0,0,0,1110,88,315,088e0000060100020000000000000000000000005604583b01
1,910,0,36400,6,1,0,2,0,0,0,0,0,0,1110,88,315,308e0000060100020000000000000000000000005604583b01
1,911,0,36440,6,1,0,2,0,0,0,0,0,0,1110,88,315,588e0000060100020000000000000000000000005604583b01
1,912,0,36480,6,1,0,2,0,0,0,0,0,0,1110,88,315,808e0000060100020000000000000000000000005604583b01
1,913,0,36520,6,1,0,2,0,0,0,0,0,0,1110,88,315,a88e0000060100020000000000000000000000005604583b01
1,914,0,36560,6,1,0,2,0,0,0,0,0,0,1110,88,315,d08e0000060100020000000000000000000000005604583b01
1,915,0,36601,6,1,0,2,0,0,0,0,0,0,1110,88,315,f98e0000060100020000000000000000000000005604583b01
1,916,0,36640,6,1,0,2,0,0,0,0,0,0,1110,88,315,208f0000060100020000000000000000000000005604583b01
1,917,0,36681,6,1,0,2,0,0,0,0,0,0,1110,88,315,498f0000060100020000000000000000000000005604583b01
1,918,0,36721,6,1,0,2,0,0,0,0,0,0,1110,88,315,718f0000060100020000000000000000000000005604583b01
1,919,0,36760,6,1,0,2,0,0,0,0,0,0,1110,88,315,988f0000060100020000000000000000000000005604583b01
1,920,0,36800,6,1,0,2,0,0,0,0,0,0,1110,88,315,c08f0000060100020000000000000000000000005604583b01
1,921,0,36841,6,1,0,2,0,0,0,0,0,0,1110,88,315,e98f0000060100020000000000000000000000005604583b01
1,922,0,36880,6,1,0,2,0,0,0,0,0,0,1110,88,315,10900000060100020000000000000000000000005604583b01
1,923,0,36920,6,1,0,2,0,0,0,0,0,0,1110,88,315,38900000060100020000000000000000000000005604583b01
1,924,0,36960,6,1,0,2,0,0,0,0,0,0,1110,88,315,60900000060100020000000000000000000000005604583b01
1,925,0,37000,6,1,0,2,0,0,0,0,0,0,1110,88,315,88900000060100020000000000000000000000005604583b01
1,926,0,37041,6,1,0,2,0,0,0,0,0,0,1110,88,315,b1900000060100020000000000000000000000005604583b01
1,927,0,37080,6,1,0,2,0,0,0,0,0,0,1110,88,315,d8900000060100020000000000000000000000005604583b01
1,928,0,37121,6,1,0,2,0,0,0,0,0,0,1110,88,315,01910000060100020000000000000000000000005604583b01
1,929,0,37160,6,1,0,2,0,0,0,0,0,0,1110,88,315,28910000060100020000000000000000000000005604583b01
1,930,0,37200,6,1,0,2,0,0,0,0,0,0,1110,88,315,50910000060100020000000000000000000000005604583b01
1,931,0,37240,6,1,0,2,0,0,0,0,0,0,1110,88,315,78910000060100020000000000000000000000005604583b01
1,932,0,37280,6,1,0,2,0,0,0,0,0,0,1110,88,315,a0910000060100020000000000000000000000005604583b01
1,933,0,37320,6,1,0,2,0,0,0,0,0,0,1110,88,315,c8910000060100020000000000000000000000005604583b01
1,934,0,37360,6,1,0,2,0,0,0,0,0,0,1110,88,315,f0910000060100020000000000000000000000005604583b01
1,935,0,37400,6,1,0,2,0,0,0,0,0,0,1110,88,315,18920000060100020000000000000000000000005604583b01
1,936,0,37440,6,1,0,2,0,0,0,0,0,0,1110,88,315,40920000060100020000000000000000000000005604583b01
1,937,0,37480,6,1,0,2,0,0,0,0,0,0,1110,88,315,68920000060100020000000000000000000000005604583b01
1,938,0,37520,6,1,0,2,0,0,0,0,0,0,1110,88,315,90920000060100020000000000000000000000005604583b01
1,939,0,37560,6,1,0,2,0,0,0,0,0,0,1110,88,315,b8920000060100020000000000000000000000005604583b01
1,940,0,37600,6,1,0,2,0,0,0,0,0,0,1110,88,315,e0920000060100020000000000000000000000005604583b01
1,941,0,37640,6,1,0,2,0,0,0,0,0,0,1110,88,315,08930000060100020000000000000000000000005604583b01
1,942,0,37680,6,1,0,2,0,0,0,0,0,0,1110,88,315,30930000060100020000000000000000000000005604583b01
1,943,0,37720,6,1,0,2,0,0,0,0,0,0,1110,88,315,58930000060100020000000000000000000000005604583b01
1,944,0,37760,6,1,0,2,0,0,0,0,0,0,1110,88,315,80930000060100020000000000000000000000005604583b01
1,945,0,37800,6,1,0,2,0,0,0,0,0,0,1110,88,315,a8930000060100020000000000000000000000005604583b01
1,946,0,37840,6,1,0,2,0,0,0,0,0,0,1110,88,315,d0930000060100020000000000000000000000005604583b01
1,947,0,37880,6,1,0,2,0,0,0,0,0,0,1110,88,315,f8930000060100020000000000000000000000005604583b01
1,948,0,37921,6,1,0,2,0,0,0,0,0,0,1110,88,315,21940000060100020000000000000000000000005604583b01
1,949,0,37960,6,1,0,2,0,0,0,0,0,0,1110,88,315,48940000060100020000000000000000000000005604583b01
1,950,0,38000,6,1,0,2,0,0,0,0,0,0,1110,88,315,70940000060100020000000000000000000000005604583b01
1,951,0,38040,6,1,0,2,0,0,0,0,0,0,1110,88,315,98940000060100020000000000000000000000005604583b01
1,952,0,38081,6,1,0,2,0,0,0,0,0,0,1110,88,315,c1940000060100020000000000000000000000005604583b01
1,953,0,38120,6,1,0,2,0,0,0,0,0,0,1110,88,315,e8940000060100020000000000000000000000005604583b01
1,954,0,38160,6,1,0,2,0,0,0,0,0,0,1110,88,315,10950000060100020000000000000000000000005604583b01
1,955,0,38200,6,1,0,2,0,0,0,0,0,0,1110,88,315,38950000060100020000000000000000000000005604583b01
1,956,0,38240,6,1,0,2,0,0,0,0,0,0,1110,88,315,60950000060100020000000000000000000000005604583b01
1,957,0,38281,6,1,0,2,0,0,0,0,0,0,1110,88,315,89950000060100020000000000000000000000005604583b01
1,958,0,38320,6,1,0,2,0,0,0,0,0,0,1110,88,315,b0950000060100020000000000000000000000005604583b01
1,959,0,38361,6,1,0,2,0,0,0,0,0,0,1110,88,315,d9950000060100020000000000000000000000005604583b01
1,960,0,38401,6,1,0,2,0,0,0,0,0,0,1110,88,315,01960000060100020000000000000000000000005604583b01
1,961,0,38440,6,1,0,2,0,0,0,0,0,0,1110,88,315,28960000060100020000000000000000000000005604583b01
1,962,0,38480,6,1,0,2,0,0,0,0,0,0,1110,88,315,50960000060100020000000000000000000000005604583b01
1,963,0,38520,6,1,0,2,0,0,0,0,0,0,1110,88,315,78960000060100020000000000000000000000005604583b01
1,964,0,38560,6,1,0,2,0,0,0,0,0,0,1110,88,315,a0960000060100020000000000000000000000005604583b01
1,965,0,38600,6,1,0,2,0,0,0,0,0,0,1110,88,315,c8960000060100020000000000000000000000005604583b01
1,966,0,38641,6,1,0,2,0,0,0,0,0,0,1110,88,315,f1960000060100020000000000000000000000005604583b01
1,967,0,38680,6,1,0,2,0,0,0,0,0,0,1110,88,315,18970000060100020000000000000000000000005604583b01
1,968,0,38720,6,1,0,2,0,0,0,0,0,0,1110,88,315,40970000060100020000000000000000000000005604583b01
1,969,0,38760,6,1,0,2,0,0,0,0,0,0,1110,88,315,68970000060100020000000000000000000000005604583b01
1,970,0,38800,6,1,0,2,0,0,0,0,0,0,1110,88,315,90970000060100020000000000000000000000005604583b01
1,971,0,38840,6,1,0,2,0,0,0,0,0,0,1110,88,315,b8970000060100020000000000000000000000005604583b01
1,972,0,38880,6,1,0,2,0,0,0,0,0,0,1110,88,315,e0970000060100020000000000000000000000005604583b01
1,973,0,38920,6,1,0,2,0,0,0,0,0,0,1110,88,315,08980000060100020000000000000000000000005604583b01
1,974,0,38961,6,1,0,2,0,0,0,0,0,0,1110,88,315,31980000060100020000000000000000000000005604583b01
1,975,0,39000,6,1,0,2,0,0,0,0,0,0,1110,88,315,58980000060100020000000000000000000000005604583b01
1,976,0,39041,6,1,0,2,0,0,0,0,0,0,1110,88,315,81980000060100020000000000000000000000005604583b01
1,977,0,39080,6,1,0,2,0,0,0,0,0,0,1110,88,315,a8980000060100020000000000000000000000005604583b01
1,978,0,39120,6,1,0,2,0,0,0,0,0,0,1110,88,315,d0980000060100020000000000000000000000005604583b01
1,979,0,39161,6,1,0,2,0,0,0,0,0,0,1110,88,315,f9980000060100020000000000000000000000005604583b01
1,980,0,39200,6,1,0,2,0,0,0,0,0,0,1110,88,315,20990000060100020000000000000000000000005604583b01
1,981,0,39241,6,1,0,2,0,0,0,0,0,0,1110,88,315,49990000060100020000000000000000000000005604583b01
1,982,0,39281,6,1,0,2,0,0,0,0,0,0,1110,88,315,71990000060100020000000000000000000000005604583b01
1,983,0,39321,6,1,0,2,0,0,0,0,0,0,1110,88,315,99990000060100020000000000000000000000005604583b01
1,984,0,39360,6,1,0,2,0,0,0,0,0,0,1110,88,315,c0990000060100020000000000000000000000005604583b01
1,985,0,39400,6,1,0,2,0,0,0,0,0,0,1110,88,315,e8990000060100020000000000000000000000005604583b01
1,986,0,39440,6,1,0,2,0,0,0,0,0,0,1110,88,315,109a0000060100020000000000000000000000005604583b01
1,987,0,39480,6,1,0,2,0,0,0,0,0,0,1110,88,315,389a0000060100020000000000000000000000005604583b01
1,988,0,39520,6,1,0,2,0,0,0,0,0,0,1110,88,315,609a0000060100020000000000000000000000005604583b01
1,989,0,39561,6,1,0,2,0,0,0,0,0,0,1110,88,315,899a0000060100020000000000000000000000005604583b01
1,990,0,39600,6,1,0,2,0,0,0,0,0,0,1110,88,315,b09a0000060100020000000000000000000000005604583b01
1,991,0,39640,6,1,0,2,0,0,0,0,0,0,1110,88,315,d89a0000060100020000000000000000000000005604583b01
1,992,0,39680,6,1,0,2,0,0,0,0,0,0,1110,88,315,009b0000060100020000000000000000000000005604583b01
1,993,0,39720,6,1,0,2,0,0,0,0,0,0,1110,88,315,289b0000060100020000000000000000000000005604583b01
1,994,0,39760,6,1,0,2,0,0,0,0,0,0,1110,88,315,509b0000060100020000000000000000000000005604583b01
1,995,0,39800,6,1,0,2,0,0,0,0,0,0,1110,88,315,789b0000060100020000000000000000000000005604583b01
1,996,0,39840,6,1,0,2,0,0,0,0,0,0,1110,88,315,a09b0000060100020000000000000000000000005604583b01
1,997,0,39880,6,1,0,2,0,0,0,0,0,0,1110,88,315,c89b0000060100020000000000000000000000005604583b01
1,998,0,39920,6,1,0,2,0,0,0,0,0,0,1110,88,315,f09b0000060100020000000000000000000000005604583b01
1,999,0,39960,6,1,0,2,0,0,0,0,0,0,1110,88,315,189c0000060100020000000000000000000000005604583b01
1,1000,0,40001,6,1,0,2,0,0,0,0,0,0,1110,88,315,419c0000060100020000000000000000000000005604583b01
1,1001,0,40040,6,1,0,2,0,0,0,0,0,0,1110,88,315,689c0000060100020000000000000000000000005604583b01
1,1002,0,40080,6,1,0,2,0,0,0,0,0,0,1110,88,315,909c0000060100020000000000000000000000005604583b01
1,1003,0,40120,6,1,0,2,0,0,0,0,0,0,1110,88,315,b89c0000060100020000000000000000000000005604583b01
1,1004,0,40160,6,1,0,2,0,0,0,0,0,0,1110,88,315,e09c0000060100020000000000000000000000005604583b01
1,1005,0,40200,6,1,0,2,0,0,0,0,0,0,1110,88,315,089d0000060100020000000000000000000000005604583b01
1,1006,0,40240,6,1,0,2,0,0,0,0,0,0,1110,88,315,309d0000060100020000000000000000000000005604583b01
1,1007,0,40281,6,1,0,2,0,0,0,0,0,0,1110,88,315,599d0000060100020000000000000000000000005604583b01
1,1008,0,40320,6,1,0,2,0,0,0,0,0,0,1110,88,315,809d0000060100020000000000000000000000005604583b01
1,1009,0,40360,6,1,0,2,0,0,0,0,0,0,1110,88,315,a89d0000060100020000000000000000000000005604583b01
1,1010,0,40400,6,1,0,2,0,0,0,0,0,0,1110,88,315,d09d0000060100020000000000000000000000005604583b01
1,1011,0,40440,6,1,0,2,0,0,0,0,0,0,1110,88,315,f89d0000060100020000000000000000000000005604583b01
1,1012,0,40480,6,1,0,2,0,0,0,0,0,0,1110,88,315,209e0000060100020000000000000000000000005604583b01
1,1013,0,40520,6,1,0,2,0,0,0,0,0,0,1110,88,315,489e0000060100020000000000000000000000005604583b01
1,1014,0,40560,6,1,0,2,0,0,0,0,0,0,1110,88,315,709e0000060100020000000000000000000000005604583b01
1,1015,0,40601,6,1,0,2,0,0,0,0,0,0,1110,88,315,999e0000060100020000000000000000000000005604583b01
1,1016,0,40640,6,1,0,2,0,0,0,0,0,0,1110,88,315,c09e0000060100020000000000000000000000005604583b01
1,1017,0,40680,6,1,0,2,0,0,0,0,0,0,1110,88,315,e89e0000060100020000000000000000000000005604583b01
1,1018,0,40720,6,1,0,2,0,0,0,0,0,0,1110,88,315,109f0000060100020000000000000000000000005604583b01
1,1019,0,40760,6,1,0,2,0,0,0,0,0,0,1110,88,315,389f0000060100020000000000000000000000005604583b01
1,1020,0,40800,6,1,0,2,0,0,0,0,0,0,1110,88,315,609f0000060100020000000000000000000000005604583b01
1,1021,0,40840,6,1,0,2,0,0,0,0,0,0,1110,88,315,889f0000060100020000000000000000000000005604583b01
1,1022,0,40880,6,1,0,2,0,0,0,0,0,0,1110,88,315,b09f0000060100020000000000000000000000005604583b01
1,1023,0,40920,6,1,0,2,0,0,0,0,0,0,1110,88,315,d89f0000060100020000000000000000000000005604583b01
1,1024,0,40960,6,1,0,2,0,0,0,0,0,0,1110,88,315,00a00000060100020000000000000000000000005604583b01
1,1025,0,41000,6,1,0,2,0,0,0,0,0,0,1110,88,315,28a00000060100020000000000000000000000005604583b01
1,1026,0,41040,6,1,0,2,0,0,0,0,0,0,1110,88,315,50a00000060100020000000000000000000000005604583b01
1,1027,0,41080,6,1,0,2,0,0,0,0,0,0,1110,88,315,78a00000060100020000000000000000000000005604583b01
1,1028,0,41120,6,1,0,2,0,0,0,0,0,0,1110,88,315,a0a00000060100020000000000000000000000005604583b01
1,1029,0,41160,6,1,0,2,0,0,0,0,0,0,1110,88,315,c8a00000060100020000000000000000000000005604583b01
1,1030,0,41200,6,1,0,2,0,0,0,0,0,0,1110,88,315,f0a00000060100020000000000000000000000005604583b01
1,1031,0,41240,6,1,0,2,0,0,0,0,0,0,1110,88,315,18a10000060100020000000000000000000000005604583b01
1,1032,0,41280,6,1,0,2,0,0,0,0,0,0,1110,88,315,40a10000060100020000000000000000000000005604583b01
1,1033,0,41321,6,1,0,2,0,0,0,0,0,0,1110,88,315,69a10000060100020000000000000000000000005604583b01
1,1034,0,41360,6,1,0,2,0,0,0,0,0,0,1110,88,315,90a10000060100020000000000000000000000005604583b01
1,1035,0,41400,6,1,0,2,0,0,0,0,0,0,1110,88,315,b8a10000060100020000000000000000000000005604583b01
1,1036,0,41441,6,1,0,2,0,0,0,0,0,0,1110,88,315,e1a10000060100020000000000000000000000005604583b01
1,1037,0,41480,6,1,0,2,0,0,0,0,0,0,1110,88,315,08a20000060100020000000000000000000000005604583b01
1,1038,0,41521,6,1,0,2,0,0,0,0,0,0,1110,88,315,31a20000060100020000000000000000000000005604583b01
1,1039,0,41560,6,1,0,2,0,0,0,0,0,0,1110,88,315,58a20000060100020000000000000000000000005604583b01
1,1040,0,41601,6,1,0,2,0,0,0,0,0,0,1110,88,315,81a20000060100020000000000000000000000005604583b01
1,1041,0,41640,6,1,0,2,0,0,0,0,0,0,1110,88,315,a8a20000060100020000000000000000000000005604583b01
1,1042,0,41681,6,1,0,2,0,0,0,0,0,0,1110,88,315,d1a20000060100020000000000000000000000005604583b01
1,1043,0,41720,6,1,0,2,0,0,0,0,0,0,1110,88,315,f8a20000060100020000000000000000000000005604583b01
1,1044,0,41761,6,1,0,2,0,0,0,0,0,0,1110,88,315,21a30000060100020000000000000000000000005604583b01
1,1045,0,41800,6,1,0,2,0,0,0,0,0,0,1110,88,315,48a30000060100020000000000000000000000005604583b01
1,1046,0,41840,6,1,0,2,0,0,0,0,0,0,1110,88,315,70a30000060100020000000000000000000000005604583b01
1,1047,0,41881,6,1,0,2,0,0,0,0,0,0,1110,88,315,99a30000060100020000000000000000000000005604583b01
1,1048,0,41920,6,1,0,2,0,0,0,0,0,0,1110,88,315,c0a30000060100020000000000000000000000005604583b01
1,1049,0,41960,6,1,0,2,0,0,0,0,0,0,1110,88,315,e8a30000060100020000000000000000000000005604583b01
1,1050,0,42000,6,1,0,2,0,0,0,0,0,0,1110,88,315,10a40000060100020000000000000000000000005604583b01
1,1051,0,42040,6,1,0,2,0,0,0,0,0,0,1110,88,315,38a40000060100020000000000000000000000005604583b01
1,1052,0,42081,6,1,0,2,0,0,0,0,0,0,1110,88,315,61a40000060100020000000000000000000000005604583b01
1,1053,0,42120,6,1,0,2,0,0,0,0,0,0,1110,88,315,88a40000060100020000000000000000000000005604583b01
1,1054,0,42160,6,1,0,2,0,0,0,0,0,0,1110,88,315,b0a40000060100020000000000000000000000005604583b01
1,1055,0,42200,6,1,0,2,0,0,0,0,0,0,1110,88,315,d8a40000060100020000000000000000000000005604583b01
1,1056,0,42241,6,1,0,2,0,0,0,0,0,0,1110,88,315,01a50000060100020000000000000000000000005604583b01
1,1057,0,42280,6,1,0,2,0,0,0,0,0,0,1110,88,315,28a50000060100020000000000000000000000005604583b01
1,1058,0,42321,6,1,0,2,0,0,0,0,0,0,1110,88,315,51a50000060100020000000000000000000000005604583b01
1,1059,0,42360,6,1,0,2,0,0,0,0,0,0,1110,88,315,78a50000060100020000000000000000000000005604583b01
1,1060,0,42400,6,1,0,2,0,0,0,0,0,0,1110,88,315,a0a50000060100020000000000000000000000005604583b01
1,1061,0,42440,6,1,0,2,0,0,0,0,0,0,1110,88,315,c8a50000060100020000000000000000000000005604583b01
1,1062,0,42480,6,1,0,2,0,0,0,0,0,0,1110,88,315,f0a50000060100020000000000000000000000005604583b01
1,1063,0,42520,6,1,0,2,0,0,0,0,0,0,1110,88,315,18a60000060100020000000000000000000000005604583b01
1,1064,0,42560,6,1,0,2,0,0,0,0,0,0,1110,88,315,40a60000060100020000000000000000000000005604583b01
1,1065,0,42600,6,1,0,2,0,0,0,0,0,0,1110,88,315,68a60000060100020000000000000000000000005604583b01
1,1066,0,42640,6,1,0,2,0,0,0,0,0,0,1110,88,315,90a60000060100020000000000000000000000005604583b01
1,1067,0,42680,6,1,0,2,0,0,0,0,0,0,1110,88,315,b8a60000060100020000000000000000000000005604583b01
1,1068,0,42721,6,1,0,2,0,0,0,0,0,0,1110,88,315,e1a60000060100020000000000000000000000005604583b01
1,1069,0,42760,6,1,0,2,0,0,0,0,0,0,1110,88,315,08a70000060100020000000000000000000000005604583b01
1,1070,0,42800,6,1,0,2,0,0,0,0,0,0,1110,88,315,30a70000060100020000000000000000000000005604583b01
1,1071,0,42840,6,1,0,2,0,0,0,0,0,0,1110,88,315,58a70000060100020000000000000000000000005604583b01
1,1072,0,42880,6,1,0,2,0,0,0,0,0,0,1110,88,315,80a70000060100020000000000000000000000005604583b01
1,1073,0,42921,6,1,0,2,0,0,0,0,0,0,1110,88,315,a9a70000060100020000000000000000000000005604583b01
1,1074,0,42960,6,1,0,2,0,0,0,0,0,0,1110,88,315,d0a70000060100020000000000000000000000005604583b01
1,1075,0,43001,6,1,0,2,0,0,0,0,0,0,1110,88,315,f9a70000060100020000000000000000000000005604583b01
1,1076,0,43040,6,1,0,2,0,0,0,0,0,0,1110,88,315,20a80000060100020000000000000000000000005604583b01
1,1077,0,43080,6,1,0,2,0,0,0,0,0,0,1110,88,315,48a80000060100020000000000000000000000005604583b01
1,1078,0,43120,6,1,0,2,0,0,0,0,0,0,1110,88,315,70a80000060100020000000000000000000000005604583b01
1,1079,0,43160,6,1,0,2,0,0,0,0,0,0,1110,88,315,98a80000060100020000000000000000000000005604583b01
1,1080,0,43200,6,1,0,2,0,0,0,0,0,0,1110,88,315,c0a80000060100020000000000000000000000005604583b01
1,1081,0,43240,6,1,0,2,0,0,0,0,0,0,1110,88,315,e8a80000060100020000000000000000000000005604583b01
1,1082,0,43280,6,1,0,2,0,0,0,0,0,0,1110,88,315,10a90000060100020000000000000000000000005604583b01
1,1083,0,43321,6,1,0,2,0,0,0,0,0,0,1110,88,315,39a90000060100020000000000000000000000005604583b01
1,1084,0,43360,6,1,0,2,0,0,0,0,0,0,1110,88,315,60a90000060100020000000000000000000000005604583b01
1,1085,0,43401,6,1,0,2,0,0,0,0,0,0,1110,88,315,89a90000060100020000000000000000000000005604583b01
1,1086,0,43440,6,1,0,2,0,0,0,0,0,0,1110,88,315,b0a90000060100020000000000000000000000005604583b01
1,1087,0,43480,6,1,0,2,0,0,0,0,0,0,1110,88,315,d8a90000060100020000000000000000000000005604583b01
1,1088,0,43520,6,1,0,2,0,0,0,0,0,0,1110,88,315,00aa0000060100020000000000000000000000005604583b01
1,1089,0,43561,6,1,0,2,0,0,0,0,0,0,1110,88,315,29aa0000060100020000000000000000000000005604583b01
1,1090,0,43600,6,1,0,2,0,0,0,0,0,0,1110,88,315,50aa0000060100020000000000000000000000005604583b01
1,1091,0,43640,6,1,0,2,0,0,0,0,0,0,1110,88,315,78aa0000060100020000000000000000000000005604583b01
1,1092,0,43681,6,1,0,2,0,0,0,0,0,0,1110,88,315,a1aa0000060100020000000000000000000000005604583b01
1,1093,0,43720,6,1,0,2,0,0,0,0,0,0,1110,88,315,c8aa0000060100020000000000000000000000005604583b01
1,1094,0,43760,6,1,0,2,0,0,0,0,0,0,1110,88,315,f0aa0000060100020000000000000000000000005604583b01
1,1095,0,43800,6,1,0,2,0,0,0,0,0,0,1110,88,315,18ab0000060100020000000000000000000000005604583b01
1,1096,0,43840,6,1,0,2,0,0,0,0,0,0,1110,88,315,40ab0000060100020000000000000000000000005604583b01
1,1097,0,43881,6,1,0,2,0,0,0,0,0,0,1110,88,315,69ab0000060100020000000000000000000000005604583b01
1,1098,0,43920,6,1,0,2,0,0,0,0,0,0,1110,88,315,90ab0000060100020000000000000000000000005604583b01
1,1099,0,43960,6,1,0,2,0,0,0,0,0,0,1110,88,315,b8ab0000060100020000000000000000000000005604583b01
1,1100,0,44000,6,1,0,2,0,0,0,0,0,0,1110,88,315,e0ab0000060100020000000000000000000000005604583b01
1,1101,0,44041,6,1,0,2,0,0,0,0,0,0,1110,88,315,09ac0000060100020000000000000000000000005604583b01
1,1102,0,44080,6,1,0,2,0,0,0,0,0,0,1110,88,315,30ac0000060100020000000000000000000000005604583b01
1,1103,0,44120,6,1,0,2,0,0,0,0,0,0,1110,88,315,58ac0000060100020000000000000000000000005604583b01
1,1104,0,44160,6,1,0,2,0,0,0,0,0,0,1110,88,315,80ac0000060100020000000000000000000000005604583b01
1,1105,0,44200,6,1,0,2,0,0,0,0,0,0,1110,88,315,a8ac0000060100020000000000000000000000005604583b01
1,1106,0,44241,6,1,0,2,0,0,0,0,0,0,1110,88,315,d1ac0000060100020000000000000000000000005604583b01
1,1107,0,44280,6,1,0,2,0,0,0,0,0,0,1110,88,315,f8ac0000060100020000000000000000000000005604583b01
1,1108,0,44321,6,1,0,2,0,0,0,0,0,0,1110,88,315,21ad0000060100020000000000000000000000005604583b01
1,1109,0,44360,6,1,0,2,0,0,0,0,0,0,1110,88,315,48ad0000060100020000000000000000000000005604583b01
1,1110,0,44400,6,1,0,2,0,0,0,0,0,0,1110,88,315,70ad0000060100020000000000000000000000005604583b01
1,1111,0,44440,6,1,0,2,0,0,0,0,0,0,1110,88,315,98ad0000060100020000000000000000000000005604583b01
1,1112,0,44480,6,1,0,2,0,0,0,0,0,0,1110,88,315,c0ad0000060100020000000000000000000000005604583b01
1,1113,0,44521,6,1,0,2,0,0,0,0,0,0,1110,88,315,e9ad0000060100020000000000000000000000005604583b01
1,1114,0,44560,6,1,0,2,0,0,0,0,0,0,1110,88,315,10ae0000060100020000000000000000000000005604583b01
1,1115,0,44600,6,1,0,2,0,0,0,0,0,0,1110,88,315,38ae0000060100020000000000000000000000005604583b01
1,1116,0,44640,6,1,0,2,0,0,0,0,0,0,1110,88,315,60ae0000060100020000000000000000000000005604583b01
1,1117,0,44680,6,1,0,2,0,0,0,0,0,0,1110,88,315,88ae0000060100020000000000000000000000005604583b01
1,1118,0,44720,6,1,0,2,0,0,0,0,0,0,1110,88,315,b0ae0000060100020000000000000000000000005604583b01
1,1119,0,44760,6,1,0,2,0,0,0,0,0,0,1110,88,315,d8ae0000060100020000000000000000000000005604583b01
1,1120,0,44800,6,1,0,2,0,0,0,0,0,0,1110,88,315,00af0000060100020000000000000000000000005604583b01
1,1121,0,44840,6,1,0,2,0,0,0,0,0,0,1110,88,315,28af0000060100020000000000000000000000005604583b01
1,1122,0,44880,6,1,0,2,0,0,0,0,0,0,1110,88,315,50af0000060100020000000000000000000000005604583b01
1,1123,0,44920,6,1,0,2,0,0,0,0,0,0,1110,88,315,78af0000060100020000000000000000000000005604583b01
1,1124,0,44961,6,1,0,2,0,0,0,0,0,0,1110,88,315,a1af0000060100020000000000000000000000005604583b01
1,1125,0,45000,6,1,0,2,0,0,0,0,0,0,1110,88,315,c8af0000060100020000000000000000000000005604583b01
1,1126,0,45040,6,1,0,2,0,0,0,0,0,0,1110,88,315,f0af0000060100020000000000000000000000005604583b01
1,1127,0,45080,6,1,0,2,0,0,0,0,0,0,1110,88,315,18b00000060100020000000000000000000000005604583b01
1,1128,0,45121,6,1,0,2,0,0,0,0,0,0,1110,88,315,41b00000060100020000000000000000000000005604583b01
1,1129,0,45160,6,1,0,2,0,0,0,0,0,0,1110,88,315,68b00000060100020000000000000000000000005604583b01
1,1130,0,45200,6,1,0,2,0,0,0,0,0,0,1110,88,315,90b00000060100020000000000000000000000005604583b01
1,1131,0,45240,6,1,0,2,0,0,0,0,0,0,1110,88,315,b8b00000060100020000000000000000000000005604583b01
1,1132,0,45280,6,1,0,2,0,0,0,0,0,0,1110,88,315,e0b00000060100020000000000000000000000005604583b01
1,1133,0,45320,6,1,0,2,0,0,0,0,0,0,1110,88,315,08b10000060100020000000000000000000000005604583b01
1,1134,0,45360,6,1,0,2,0,0,0,0,0,0,1110,88,315,30b10000060100020000000000000000000000005604583b01
1,1135,0,45400,6,1,0,2,0,0,0,0,0,0,1110,88,315,58b10000060100020000000000000000000000005604583b01
1,1136,0,45440,6,1,0,2,0,0,0,0,0,0,1110,88,315,80b10000060100020000000000000000000000005604583b01
1,1137,0,45480,6,1,0,2,0,0,0,0,0,0,1110,88,315,a8b10000060100020000000000000000000000005604583b01
1,1138,0,45520,6,1,0,2,0,0,0,0,0,0,1110,88,315,d0b10000060100020000000000000000000000005604583b01
1,1139,0,45560,6,1,0,2,0,0,0,0,0,0,1110,88,315,f8b10000060100020000000000000000000000005604583b01
1,1140,0,45600,6,1,0,2,0,0,0,0,0,0,1110,88,315,20b20000060100020000000000000000000000005604583b01
1,1141,0,45640,6,1,0,2,0,0,0,0,0,0,1110,88,315,48b20000060100020000000000000000000000005604583b01
1,1142,0,45680,6,1,0,2,0,0,0,0,0,0,1110,88,315,70b20000060100020000000000000000000000005604583b01
1,1143,0,45720,6,1,0,2,0,0,0,0,0,0,1110,88,315,98b20000060100020000000000000000000000005604583b01
1,1144,0,45760,6,1,0,2,0,0,0,0,0,0,1110,88,315,c0b20000060100020000000000000000000000005604583b01
1,1145,0,45800,6,1,0,2,0,0,0,0,0,0,1110,88,315,e8b20000060100020000000000000000000000005604583b01
1,1146,0,45840,6,1,0,2,0,0,0,0,0,0,1110,88,315,10b30000060100020000000000000000000000005604583b01
1,1147,0,45880,6,1,0,2,0,0,0,0,0,0,1110,88,315,38b30000060100020000000000000000000000005604583b01
1,1148,0,45920,6,1,0,2,0,0,0,0,0,0,1110,88,315,60b30000060100020000000000000000000000005604583b01
1,1149,0,45961,6,1,0,2,0,0,0,0,0,0,1110,88,315,89b30000060100020000000000000000000000005604583b01
1,1150,0,46000,6,1,0,2,0,0,0,0,0,0,1110,88,315,b0b30000060100020000000000000000000000005604583b01
1,1151,0,46041,6,1,0,2,0,0,0,0,0,0,1110,88,315,d9b30000060100020000000000000000000000005604583b01
1,1152,0,46080,6,1,0,2,0,0,0,0,0,0,1110,88,315,00b40000060100020000000000000000000000005604583b01
1,1153,0,46121,6,1,0,2,0,0,0,0,0,0,1110,88,315,29b40000060100020000000000000000000000005604583b01
1,1154,0,46160,6,1,0,2,0,0,0,0,0,0,1110,88,315,50b40000060100020000000000000000000000005604583b01
1,1155,0,46201,6,1,0,2,0,0,0,0,0,0,1110,88,315,79b40000060100020000000000000000000000005604583b01
1,1156,0,46240,6,1,0,2,0,0,0,0,0,0,1110,88,315,a0b40000060100020000000000000000000000005604583b01
1,1157,0,46281,6,1,0,2,0,0,0,0,0,0,1110,88,315,c9b40000060100020000000000000000000000005604583b01
1,1158,0,46320,6,1,0,2,0,0,0,0,0,0,1110,88,315,f0b40000060100020000000000000000000000005604583b01
1,1159,0,46360,6,1,0,2,0,0,0,0,0,0,1110,88,315,18b50000060100020000000000000000000000005604583b01
1,1160,0,46400,6,1,0,2,0,0,0,0,0,0,1110,88,315,40b50000060100020000000000000000000000005604583b01
1,1161,0,46440,6,1,0,2,0,0,0,0,0,0,1110,88,315,68b50000060100020000000000000000000000005604583b01
1,1162,0,46480,6,1,0,2,0,0,0,0,0,0,1110,88,315,90b50000060100020000000000000000000000005604583b01
1,1163,0,46520,6,1,0,2,0,0,0,0,0,0,1110,88,315,b8b50000060100020000000000000000000000005604583b01
1,1164,0,46560,6,1,0,2,0,0,0,0,0,0,1110,88,315,e0b50000060100020000000000000000000000005604583b01
1,1165,0,46601,6,1,0,2,0,0,0,0,0,0,1110,88,315,09b60000060100020000000000000000000000005604583b01
1,1166,0,46640,6,1,0,2,0,0,0,0,0,0,1110,88,315,30b60000060100020000000000000000000000005604583b01
1,1167,0,46680,6,1,0,2,0,0,0,0,0,0,1110,88,315,58b60000060100020000000000000000000000005604583b01
1,1168,0,46720,6,1,0,2,0,0,0,0,0,0,1110,88,315,80b60000060100020000000000000000000000005604583b01
1,1169,0,46761,6,1,0,2,0,0,0,0,0,0,1110,88,315,a9b60000060100020000000000000000000000005604583b01
1,1170,0,46800,6,1,0,2,0,0,0,0,0,0,1110,88,315,d0b60000060100020000000000000000000000005604583b01
1,1171,0,46840,6,1,0,2,0,0,0,0,0,0,1110,88,315,f8b60000060100020000000000000000000000005604583b01
1,1172,0,46880,6,1,0,2,0,0,0,0,0,0,1110,88,315,20b70000060100020000000000000000000000005604583b01
1,1173,0,46920,6,1,0,2,0,0,0,0,0,0,1110,88,315,48b70000060100020000000000000000000000005604583b01
1,1174,0,46960,6,1,0,2,0,0,0,0,0,0,1110,88,315,70b70000060100020000000000000000000000005604583b01
1,1175,0,47000,6,1,0,2,0,0,0,0,0,0,1110,88,315,98b70000060100020000000000000000000000005604583b01
1,1176,0,47040,6,1,0,2,0,0,0,0,0,0,1110,88,315,c0b70000060100020000000000000000000000005604583b01
1,1177,0,47080,6,1,0,2,0,0,0,0,0,0,1110,88,315,e8b70000060100020000000000000000000000005604583b01
1,1178,0,47120,6,1,0,2,0,0,0,0,0,0,1110,88,315,10b80000060100020000000000000000000000005604583b01
1,1179,0,47161,6,1,0,2,0,0,0,0,0,0,1110,88,315,39b80000060100020000000000000000000000005604583b01
1,1180,0,47200,6,1,0,2,0,0,0,0,0,0,1110,88,315,60b80000060100020000000000000000000000005604583b01
1,1181,0,47241,6,1,0,2,0,0,0,0,0,0,1110,88,315,89b80000060100020000000000000000000000005604583b01
1,1182,0,47280,6,1,0,2,0,0,0,0,0,0,1110,88,315,b0b80000060100020000000000000000000000005604583b01
1,1183,0,47320,6,1,0,2,0,0,0,0,0,0,1110,88,315,d8b80000060100020000000000000000000000005604583b01
1,1184,0,47360,6,1,0,2,0,0,0,0,0,0,1110,88,315,00b90000060100020000000000000000000000005604583b01
1,1185,0,47400,6,1,0,2,0,0,0,0,0,0,1110,88,315,28b90000060100020000000000000000000000005604583b01
1,1186,0,47441,6,1,0,2,0,0,0,0,0,0,1110,88,315,51b90000060100020000000000000000000000005604583b01
1,1187,0,47480,6,1,0,2,0,0,0,0,0,0,1110,88,315,78b90000060100020000000000000000000000005604583b01
1,1188,0,47521,6,1,0,2,0,0,0,0,0,0,1110,88,315,a1b90000060100020000000000000000000000005604583b01
1,1189,0,47560,6,1,0,2,0,0,0,0,0,0,1110,88,315,c8b90000060100020000000000000000000000005604583b01
1,1190,0,47600,6,1,0,2,0,0,0,0,0,0,1110,88,315,f0b90000060100020000000000000000000000005604583b01
1,1191,0,47640,6,1,0,2,0,0,0,0,0,0,1110,88,315,18ba0000060100020000000000000000000000005604583b01
1,1192,0,47680,6,1,0,2,0,0,0,0,0,0,1110,88,315,40ba0000060100020000000000000000000000005604583b01
1,1193,0,47720,6,1,0,2,0,0,0,0,0,0,1110,88,315,68ba0000060100020000000000000000000000005604583b01
1,1194,0,47761,6,1,0,2,0,0,0,0,0,0,1110,88,315,91ba0000060100020000000000000000000000005604583b01
1,1195,0,47800,6,1,0,2,0,0,0,0,0,0,1110,88,315,b8ba0000060100020000000000000000000000005604583b01
1,1196,0,47840,6,1,0,2,0,0,0,0,0,0,1110,88,315,e0ba0000060100020000000000000000000000005604583b01
1,1197,0,47880,6,1,0,2,0,0,0,0,0,0,1110,88,315,08bb0000060100020000000000000000000000005604583b01
1,1198,0,47920,6,1,0,2,0,0,0,0,0,0,1110,88,315,30bb0000060100020000000000000000000000005604583b01
1,1199,0,47960,6,1,0,2,0,0,0,0,0,0,1110,88,315,58bb0000060100020000000000000000000000005604583b01
1,1200,0,48000,6,1,0,2,0,0,0,0,0,0,1110,88,315,80bb0000060100020000000000000000000000005604583b01
1,1201,0,48040,6,1,0,2,0,0,0,0,0,0,1110,88,315,a8bb0000060100020000000000000000000000005604583b01
1,1202,0,48081,6,1,0,2,0,0,0,0,0,0,1110,88,315,d1bb0000060100020000000000000000000000005604583b01
1,1203,0,48120,6,1,0,2,0,0,0,0,0,0,1110,88,315,f8bb0000060100020000000000000000000000005604583b01
1,1204,0,48160,6,1,0,2,0,0,0,0,0,0,1110,88,315,20bc0000060100020000000000000000000000005604583b01
1,1205,0,48201,6,1,0,2,0,0,0,0,0,0,1110,88,315,49bc0000060100020000000000000000000000005604583b01
1,1206,0,48240,6,1,0,2,0,0,0,0,0,0,1110,88,315,70bc0000060100020000000000000000000000005604583b01
1,1207,0,48280,6,1,0,2,0,0,0,0,0,0,1110,88,315,98bc0000060100020000000000000000000000005604583b01
1,1208,0,48321,6,1,0,2,0,0,0,0,0,0,1110,88,315,c1bc0000060100020000000000000000000000005604583b01
1,1209,0,48360,6,1,0,2,0,0,0,0,0,0,1110,88,315,e8bc0000060100020000000000000000000000005604583b01
1,1210,0,48401,6,1,0,2,0,0,0,0,0,0,1110,88,315,11bd0000060100020000000000000000000000005604583b01
1,1211,0,48440,6,1,0,2,0,0,0,0,0,0,1110,88,315,38bd0000060100020000000000000000000000005604583b01
1,1212,0,48480,6,1,0,2,0,0,0,0,0,0,1110,88,315,60bd0000060100020000000000000000000000005604583b01
1,1213,0,48520,6,1,0,2,0,0,0,0,0,0,1110,88,315,88bd0000060100020000000000000000000000005604583b01
1,1214,0,48561,6,1,0,2,0,0,0,0,0,0,1110,88,315,b1bd0000060100020000000000000000000000005604583b01
1,1215,0,48600,6,1,0,2,0,0,0,0,0,0,1110,88,315,d8bd0000060100020000000000000000000000005604583b01
1,1216,0,48640,6,1,0,2,0,0,0,0,0,0,1110,88,315,00be0000060100020000000000000000000000005604583b01
1,1217,0,48680,6,1,0,2,0,0,0,0,0,0,1110,88,315,28be0000060100020000000000000000000000005604583b01
1,1218,0,48720,6,1,0,2,0,0,0,0,0,0,1110,88,315,50be0000060100020000000000000000000000005604583b01
1,1219,0,48761,6,1,0,2,0,0,0,0,0,0,1110,88,315,79be0000060100020000000000000000000000005604583b01
1,1220,0,48800,6,1,0,2,0,0,0,0,0,0,1110,88,315,a0be0000060100020000000000000000000000005604583b01
1,1221,0,48841,6,1,0,2,0,0,0,0,0,0,1110,88,315,c9be0000060100020000000000000000000000005604583b01
1,1222,0,48880,6,1,0,2,0,0,0,0,0,0,1110,88,315,f0be0000060100020000000000000000000000005604583b01
1,1223,0,48920,6,1,0,2,0,0,0,0,0,0,1110,88,315,18bf0000060100020000000000000000000000005604583b01
1,1224,0,48960,6,1,0,2,0,0,0,0,0,0,1110,88,315,40bf0000060100020000000000000000000000005604583b01
1,1225,0,49000,6,1,0,2,0,0,0,0,0,0,1110,88,315,68bf0000060100020000000000000000000000005604583b01
1,1226,0,49041,6,1,0,2,0,0,0,0,0,0,1110,88,315,91bf0000060100020000000000000000000000005604583b01
1,1227,0,49080,6,1,0,2,0,0,0,0,0,0,1110,88,315,b8bf0000060100020000000000000000000000005604583b01
1,1228,0,49120,6,1,0,2,0,0,0,0,0,0,1110,88,315,e0bf0000060100020000000000000000000000005604583b01
1,1229,0,49160,6,1,0,2,0,0,0,0,0,0,1110,88,315,08c00000060100020000000000000000000000005604583b01
1,1230,0,49200,6,1,0,2,0,0,0,0,0,0,1110,88,315,30c00000060100020000000000000000000000005604583b01
1,1231,0,49240,6,1,0,2,0,0,0,0,0,0,1110,88,315,58c00000060100020000000000000000000000005604583b01
1,1232,0,49280,6,1,0,2,0,0,0,0,0,0,1110,88,315,80c00000060100020000000000000000000000005604583b01
1,1233,0,49320,6,1,0,2,0,0,0,0,0,0,1110,88,315,a8c00000060100020000000000000000000000005604583b01
1,1234,0,49360,6,1,0,2,0,0,0,0,0,0,1110,88,315,d0c00000060100020000000000000000000000005604583b01
1,1235,0,49400,6,1,0,2,0,0,0,0,0,0,1110,88,315,f8c00000060100020000000000000000000000005604583b01
1,1236,0,49440,6,1,0,2,0,0,0,0,0,0,1110,88,315,20c10000060100020000000000000000000000005604583b01
1,1237,0,49481,6,1,0,2,0,0,0,0,0,0,1110,88,315,49c10000060100020000000000000000000000005604583b01
1,1238,0,49520,6,1,0,2,0,0,0,0,0,0,1110,88,315,70c10000060100020000000000000000000000005604583b01
1,1239,0,49561,6,1,0,2,0,0,0,0,0,0,1110,88,315,99c10000060100020000000000000000000000005604583b01
1,1240,0,49600,6,1,0,2,0,0,0,0,0,0,1110,88,315,c0c10000060100020000000000000000000000005604583b01
1,1241,0,49640,6,1,0,2,0,0,0,0,0,0,1110,88,315,e8c10000060100020000000000000000000000005604583b01
1,1242,0,49680,6,1,0,2,0,0,0,0,0,0,1110,88,315,10c20000060100020000000000000000000000005604583b01
1,1243,0,49720,6,1,0,2,0,0,0,0,0,0,1110,88,315,38c20000060100020000000000000000000000005604583b01
1,1244,0,49760,6,1,0,2,0,0,0,0,0,0,1110,88,315,60c20000060100020000000000000000000000005604583b01
1,1245,0,49801,6,1,0,2,0,0,0,0,0,0,1110,88,315,89c20000060100020000000000000000000000005604583b01
1,1246,0,49840,6,1,0,2,0,0,0,0,0,0,1110,88,315,b0c20000060100020000000000000000000000005604583b01
1,1247,0,49880,6,1,0,2,0,0,0,0,0,0,1110,88,315,d8c20000060100020000000000000000000000005604583b01
1,1248,0,49920,6,1,0,2,0,0,0,0,0,0,1110,88,315,00c30000060100020000000000000000000000005604583b01
1,1249,0,49961,6,1,0,2,0,0,0,0,0,0,1110,88,315,29c30000060100020000000000000000000000005604583b01
1,1250,0,50000,6,1,0,2,0,0,0,0,0,0,1110,88,315,50c30000060100020000000000000000000000005604583b01
1,1251,0,50040,6,1,0,2,0,0,0,0,0,0,1110,88,315,78c30000060100020000000000000000000000005604583b01
1,1252,0,50080,6,1,0,2,0,0,0,0,0,0,1110,88,315,a0c30000060100020000000000000000000000005604583b01
1,1253,0,50120,6,1,0,2,0,0,0,0,0,0,1110,88,315,c8c30000060100020000000000000000000000005604583b01
1,1254,0,50160,6,1,0,2,0,0,0,0,0,0,1110,88,315,f0c30000060100020000000000000000000000005604583b01
1,1255,0,50200,6,1,0,2,0,0,0,0,0,0,1110,88,315,18c40000060100020000000000000000000000005604583b01
1,1256,0,50240,6,1,0,2,0,0,0,0,0,0,1110,88,315,40c40000060100020000000000000000000000005604583b01
1,1257,0,50281,6,1,0,2,0,0,0,0,0,0,1110,88,315,69c40000060100020000000000000000000000005604583b01
1,1258,0,50320,6,1,0,2,0,0,0,0,0,0,1110,88,315,90c40000060100020000000000000000000000005604583b01
1,1259,0,50360,6,1,0,2,0,0,0,0,0,0,1110,88,315,b8c40000060100020000000000000000000000005604583b01
1,1260,0,50400,6,1,0,2,0,0,0,0,0,0,1110,88,315,e0c40000060100020000000000000000000000005604583b01
1,1261,0,50441,6,1,0,2,0,0,0,0,0,0,1110,88,315,09c50000060100020000000000000000000000005604583b01
1,1262,0,50480,6,1,0,2,0,0,0,0,0,0,1110,88,315,30c50000060100020000000000000000000000005604583b01
1,1263,0,50521,6,1,0,2,0,0,0,0,0,0,1110,88,315,59c50000060100020000000000000000000000005604583b01
1,1264,0,50560,6,1,0,2,0,0,0,0,0,0,1110,88,315,80c50000060100020000000000000000000000005604583b01
1,1265,0,50600,6,1,0,2,0,0,0,0,0,0,1110,88,315,a8c50000060100020000000000000000000000005604583b01
1,1266,0,50640,6,1,0,2,0,0,0,0,0,0,1110,88,315,d0c50000060100020000000000000000000000005604583b01
1,1267,0,50680,6,1,0,2,0,0,0,0,0,0,1110,88,315,f8c50000060100020000000000000000000000005604583b01
1,1268,0,50720,6,1,0,2,0,0,0,0,0,0,1110,88,315,20c60000060100020000000000000000000000005604583b01
1,1269,0,50761,6,1,0,2,0,0,0,0,0,0,1110,88,315,49c60000060100020000000000000000000000005604583b01
1,1270,0,50800,6,1,0,2,0,0,0,0,0,0,1110,88,315,70c60000060100020000000000000000000000005604583b01
1,1271,0,50841,6,1,0,2,0,0,0,0,0,0,1110,88,315,99c60000060100020000000000000000000000005604583b01
1,1272,0,50880,6,1,0,2,0,0,0,0,0,0,1110,88,315,c0c60000060100020000000000000000000000005604583b01
1,1273,0,50921,6,1,0,2,0,0,0,0,0,0,1110,88,315,e9c60000060100020000000000000000000000005604583b01
1,1274,0,50961,6,1,0,2,0,0,0,0,0,0,1110,88,315,11c70000060100020000000000000000000000005604583b01
1,1275,0,51000,6,1,0,2,0,0,0,0,0,0,1110,88,315,38c70000060100020000000000000000000000005604583b01
1,1276,0,51041,6,1,0,2,0,0,0,0,0,0,1110,88,315,61c70000060100020000000000000000000000005604583b01
1,1277,0,51080,6,1,0,2,0,0,0,0,0,0,1110,88,315,88c70000060100020000000000000000000000005604583b01
1,1278,0,51120,6,1,0,2,0,0,0,0,0,0,1110,88,315,b0c70000060100020000000000000000000000005604583b01
1,1279,0,51160,6,1,0,2,0,0,0,0,0,0,1110,88,315,d8c70000060100020000000000000000000000005604583b01
1,1280,0,51201,6,1,0,2,0,0,0,0,0,0,1110,88,315,01c80000060100020000000000000000000000005604583b01
1,1281,0,51240,6,1,0,2,0,0,0,0,0,0,1110,88,315,28c80000060100020000000000000000000000005604583b01
1,1282,0,51280,6,1,0,2,0,0,0,0,0,0,1110,88,315,50c80000060100020000000000000000000000005604583b01
1,1283,0,51320,6,1,0,2,0,0,0,0,0,0,1110,88,315,78c80000060100020000000000000000000000005604583b01
1,1284,0,51360,6,1,0,2,0,0,0,0,0,0,1110,88,315,a0c80000060100020000000000000000000000005604583b01
1,1285,0,51400,6,1,0,2,0,0,0,0,0,0,1110,88,315,c8c80000060100020000000000000000000000005604583b01
1,1286,0,51441,6,1,0,2,0,0,0,0,0,0,1110,88,315,f1c80000060100020000000000000000000000005604583b01
1,1287,0,51480,6,1,0,2,0,0,0,0,0,0,1110,88,315,18c90000060100020000000000000000000000005604583b01
1,1288,0,51521,6,1,0,2,0,0,0,0,0,0,1110,88,315,41c90000060100020000000000000000000000005604583b01
1,1289,0,51560,6,1,0,2,0,0,0,0,0,0,1110,88,315,68c90000060100020000000000000000000000005604583b01
1,1290,0,51601,6,1,0,2,0,0,0,0,0,0,1110,88,315,91c90000060100020000000000000000000000005604583b01
1,1291,0,51640,6,1,0,2,0,0,0,0,0,0,1110,88,315,b8c90000060100020000000000000000000000005604583b01
1,1292,0,51681,6,1,0,2,0,0,0,0,0,0,1110,88,315,e1c90000060100020000000000000000000000005604583b01
1,1293,0,51720,6,1,0,2,0,0,0,0,0,0,1110,88,315,08ca0000060100020000000000000000000000005604583b01
1,1294,0,51760,6,1,0,2,0,0,0,0,0,0,1110,88,315,30ca0000060100020000000000000000000000005604583b01
1,1295,0,51800,6,1,0,2,0,0,0,0,0,0,1110,88,315,58ca0000060100020000000000000000000000005604583b01
1,1296,0,51840,6,1,0,2,0,0,0,0,0,0,1110,88,315,80ca0000060100020000000000000000000000005604583b01
1,1297,0,51881,6,1,0,2,0,0,0,0,0,0,1110,88,315,a9ca0000060100020000000000000000000000005604583b01
1,1298,0,51920,6,1,0,2,0,0,0,0,0,0,1110,88,315,d0ca0000060100020000000000000000000000005604583b01
1,1299,0,51960,6,1,0,2,0,0,0,0,0,0,1110,88,315,f8ca0000060100020000000000000000000000005604583b01
1,1300,0,52000,6,1,0,2,0,0,0,0,0,0,1110,88,315,20cb0000060100020000000000000000000000005604583b01
1,1301,0,52040,6,1,0,2,0,0,0,0,0,0,1110,88,315,48cb0000060100020000000000000000000000005604583b01
1,1302,0,52081,6,1,0,2,0,0,0,0,0,0,1110,88,315,71cb0000060100020000000000000000000000005604583b01
1,1303,0,52121,6,1,0,2,0,0,0,0,0,0,1110,88,315,99cb0000060100020000000000000000000000005604583b01
1,1304,0,52160,6,1,0,2,0,0,0,0,0,0,1110,88,315,c0cb0000060100020000000000000000000000005604583b01
1,1305,0,52200,6,1,0,2,0,0,0,0,0,0,1110,88,315,e8cb0000060100020000000000000000000000005604583b01
1,1306,0,52240,6,1,0,2,0,0,0,0,0,0,1110,88,315,10cc0000060100020000000000000000000000005604583b01
1,1307,0,52280,6,1,0,2,0,0,0,0,0,0,1110,88,315,38cc0000060100020000000000000000000000005604583b01
1,1308,0,52320,6,1,0,2,0,0,0,0,0,0,1110,88,315,60cc0000060100020000000000000000000000005604583b01
1,1309,0,52360,6,1,0,2,0,0,0,0,0,0,1110,88,315,88cc0000060100020000000000000000000000005604583b01
1,1310,0,52400,6,1,0,2,0,0,0,0,0,0,1110,88,315,b0cc0000060100020000000000000000000000005604583b01
1,1311,0,52440,6,1,0,2,0,0,0,0,0,0,1110,88,315,d8cc0000060100020000000000000000000000005604583b01
1,1312,0,52480,6,1,0,2,0,0,0,0,0,0,1110,88,315,00cd0000060100020000000000000000000000005604583b01
1,1313,0,52520,6,1,0,2,0,0,0,0,0,0,1110,88,315,28cd0000060100020000000000000000000000005604583b01
1,1314,0,52560,6,1,0,2,0,0,0,0,0,0,1110,88,315,50cd0000060100020000000000000000000000005604583b01
1,1315,0,52600,6,1,0,2,0,0,0,0,0,0,1110,88,315,78cd0000060100020000000000000000000000005604583b01
1,1316,0,52640,6,1,0,2,0,0,0,0,0,0,1110,88,315,a0cd0000060100020000000000000000000000005604583b01
1,1317,0,52680,6,1,0,2,0,0,0,0,0,0,1110,88,315,c8cd0000060100020000000000000000000000005604583b01
1,1318,0,52720,6,1,0,2,0,0,0,0,0,0,1110,88,315,f0cd0000060100020000000000000000000000005604583b01
1,1319,0,52760,6,1,0,2,0,0,0,0,0,0,1110,88,315,18ce0000060100020000000000000000000000005604583b01
1,1320,0,52800,6,1,0,2,0,0,0,0,0,0,1110,88,315,40ce0000060100020000000000000000000000005604583b01
1,1321,0,52840,6,1,0,2,0,0,0,0,0,0,1110,88,315,68ce0000060100020000000000000000000000005604583b01
1,1322,0,52880,6,1,0,2,0,0,0,0,0,0,1110,88,315,90ce0000060100020000000000000000000000005604583b01
1,1323,0,52920,6,1,0,2,0,0,0,0,0,0,1110,88,315,b8ce0000060100020000000000000000000000005604583b01
1,1324,0,52960,6,1,0,2,0,0,0,0,0,0,1110,88,315,e0ce0000060100020000000000000000000000005604583b01
1,1325,0,53001,6,1,0,2,0,0,0,0,0,0,1110,88,315,09cf0000060100020000000000000000000000005604583b01
1,1326,0,53040,6,1,0,2,0,0,0,0,0,0,1110,88,315,30cf0000060100020000000000000000000000005604583b01
1,1327,0,53080,6,1,0,2,0,0,0,0,0,0,1110,88,315,58cf0000060100020000000000000000000000005604583b01
1,1328,0,53120,6,1,0,2,0,0,0,0,0,0,1110,88,315,80cf0000060100020000000000000000000000005604583b01
1,1329,0,53161,6,1,0,2,0,0,0,0,0,0,1110,88,315,a9cf0000060100020000000000000000000000005604583b01
1,1330,0,53200,6,1,0,2,0,0,0,0,0,0,1110,88,315,d0cf0000060100020000000000000000000000005604583b01
1,1331,0,53240,6,1,0,2,0,0,0,0,0,0,1110,88,315,f8cf0000060100020000000000000000000000005604583b01
1,1332,0,53280,6,1,0,2,0,0,0,0,0,0,1110,88,315,20d00000060100020000000000000000000000005604583b01
1,1333,0,53321,6,1,0,2,0,0,0,0,0,0,1110,88,315,49d00000060100020000000000000000000000005604583b01
1,1334,0,53360,6,1,0,2,0,0,0,0,0,0,1110,88,315,70d00000060100020000000000000000000000005604583b01
1,1335,0,53400,6,1,0,2,0,0,0,0,0,0,1110,88,315,98d00000060100020000000000000000000000005604583b01
1,1336,0,53440,6,1,0,2,0,0,0,0,0,0,1110,88,315,c0d00000060100020000000000000000000000005604583b01
1,1337,0,53480,6,1,0,2,0,0,0,0,0,0,1110,88,315,e8d00000060100020000000000000000000000005604583b01
1,1338,0,53520,6,1,0,2,0,0,0,0,0,0,1110,88,315,10d10000060100020000000000000000000000005604583b01
1,1339,0,53560,6,1,0,2,0,0,0,0,0,0,1110,88,315,38d10000060100020000000000000000000000005604583b01
1,1340,0,53600,6,1,0,2,0,0,0,0,0,0,1110,88,315,60d10000060100020000000000000000000000005604583b01
1,1341,0,53640,6,1,0,2,0,0,0,0,0,0,1110,88,315,88d10000060100020000000000000000000000005604583b01
1,1342,0,53680,6,1,0,2,0,0,0,0,0,0,1110,88,315,b0d10000060100020000000000000000000000005604583b01
1,1343,0,53720,6,1,0,2,0,0,0,0,0,0,1110,88,315,d8d10000060100020000000000000000000000005604583b01
1,1344,0,53760,6,1,0,2,0,0,0,0,0,0,1110,88,315,00d20000060100020000000000000000000000005604583b01
1,1345,0,53800,6,1,0,2,0,0,0,0,0,0,1110,88,315,28d20000060100020000000000000000000000005604583b01
1,1346,0,53840,6,1,0,2,0,0,0,0,0,0,1110,88,315,50d20000060100020000000000000000000000005604583b01
1,1347,0,53880,6,1,0,2,0,0,0,0,0,0,1110,88,315,78d20000060100020000000000000000000000005604583b01
1,1348,0,53920,6,1,0,2,0,0,0,0,0,0,1110,88,315,a0d20000060100020000000000000000000000005604583b01
1,1349,0,53960,6,1,0,2,0,0,0,0,0,0,1110,88,315,c8d20000060100020000000000000000000000005604583b01
1,1350,0,54000,6,1,0,2,0,0,0,0,0,0,1110,88,315,f0d20000060100020000000000000000000000005604583b01
1,1351,0,54041,6,1,0,2,0,0,0,0,0,0,1110,88,315,19d30000060100020000000000000000000000005604583b01
1,1352,0,54080,6,1,0,2,0,0,0,0,0,0,1110,88,315,40d30000060100020000000000000000000000005604583b01
1,1353,0,54120,6,1,0,2,0,0,0,0,0,0,1110,88,315,68d30000060100020000000000000000000000005604583b01
1,1354,0,54160,6,1,0,2,0,0,0,0,0,0,1110,88,315,90d30000060100020000000000000000000000005604583b01
1,1355,0,54200,6,1,0,2,0,0,0,0,0,0,1110,88,315,b8d30000060100020000000000000000000000005604583b01
1,1356,0,54241,6,1,0,2,0,0,0,0,0,0,1110,88,315,e1d30000060100020000000000000000000000005604583b01
1,1357,0,54280,6,1,0,2,0,0,0,0,0,0,1110,88,315,08d40000060100020000000000000000000000005604583b01
1,1358,0,54321,6,1,0,2,0,0,0,0,0,0,1110,88,315,31d40000060100020000000000000000000000005604583b01
1,1359,0,54360,6,1,0,2,0,0,0,0,0,0,1110,88,315,58d40000060100020000000000000000000000005604583b01
1,1360,0,54401,6,1,0,2,0,0,0,0,0,0,1110,88,315,81d40000060100020000000000000000000000005604583b01
1,1361,0,54440,6,1,0,2,0,0,0,0,0,0,1110,88,315,a8d40000060100020000000000000000000000005604583b01
1,1362,0,54481,6,1,0,2,0,0,0,0,0,0,1110,88,315,d1d40000060100020000000000000000000000005604583b01
1,1363,0,54520,6,1,0,2,0,0,0,0,0,0,1110,88,315,f8d40000060100020000000000000000000000005604583b01
1,1364,0,54560,6,1,0,2,0,0,0,0,0,0,1110,88,315,20d50000060100020000000000000000000000005604583b01
1,1365,0,54600,6,1,0,2,0,0,0,0,0,0,1110,88,315,48d50000060100020000000000000000000000005604583b01
1,1366,0,54640,6,1,0,2,0,0,0,0,0,0,1110,88,315,70d50000060100020000000000000000000000005604583b01
1,1367,0,54680,6,1,0,2,0,0,0,0,0,0,1110,88,315,98d50000060100020000000000000000000000005604583b01
1,1368,0,54720,6,1,0,2,0,0,0,0,0,0,1110,88,315,c0d50000060100020000000000000000000000005604583b01
1,1369,0,54760,6,1,0,2,0,0,0,0,0,0,1110,88,315,e8d50000060100020000000000000000000000005604583b01
1,1370,0,54801,6,1,0,2,0,0,0,0,0,0,1110,88,315,11d60000060100020000000000000000000000005604583b01
1,1371,0,54840,6,1,0,2,0,0,0,0,0,0,1110,88,315,38d60000060100020000000000000000000000005604583b01
1,1372,0,54880,6,1,0,2,0,0,0,0,0,0,1110,88,315,60d60000060100020000000000000000000000005604583b01
1,1373,0,54920,6,1,0,2,0,0,0,0,0,0,1110,88,315,88d60000060100020000000000000000000000005604583b01
1,1374,0,54961,6,1,0,2,0,0,0,0,0,0,1110,88,315,b1d60000060100020000000000000000000000005604583b01
1,1375,0,55000,6,1,0,2,0,0,0,0,0,0,1110,88,315,d8d60000060100020000000000000000000000005604583b01
1,1376,0,55040,6,1,0,2,0,0,0,0,0,0,1110,88,315,00d70000060100020000000000000000000000005604583b01
1,1377,0,55080,6,1,0,2,0,0,0,0,0,0,1110,88,315,28d70000060100020000000000000000000000005604583b01
1,1378,0,55120,6,1,0,2,0,0,0,0,0,0,1110,88,315,50d70000060100020000000000000000000000005604583b01
1,1379,0,55160,6,1,0,2,0,0,0,0,0,0,1110,88,315,78d70000060100020000000000000000000000005604583b01
1,1380,0,55200,6,1,0,2,0,0,0,0,0,0,1110,88,315,a0d70000060100020000000000000000000000005604583b01
1,1381,0,55240,6,1,0,2,0,0,0,0,0,0,1110,88,315,c8d70000060100020000000000000000000000005604583b01
1,1382,0,55281,6,1,0,2,0,0,0,0,0,0,1110,88,315,f1d70000060100020000000000000000000000005604583b01
1,1383,0,55320,6,1,0,2,0,0,0,0,0,0,1110,88,315,18d80000060100020000000000000000000000005604583b01
1,1384,0,55361,6,1,0,2,0,0,0,0,0,0,1110,88,315,41d80000060100020000000000000000000000005604583b01
1,1385,0,55400,6,1,0,2,0,0,0,0,0,0,1110,88,315,68d80000060100020000000000000000000000005604583b01
1,1386,0,55441,6,1,0,2,0,0,0,0,0,0,1110,88,315,91d80000060100020000000000000000000000005604583b01
1,1387,0,55481,6,1,0,2,0,0,0,0,0,0,1110,88,315,b9d80000060100020000000000000000000000005604583b01
1,1388,0,55520,6,1,0,2,0,0,0,0,0,0,1110,88,315,e0d80000060100020000000000000000000000005604583b01
1,1389,0,55561,6,1,0,2,0,0,0,0,0,0,1110,88,315,09d90000060100020000000000000000000000005604583b01
1,1390,0,55600,6,1,0,2,0,0,0,0,0,0,1110,88,315,30d90000060100020000000000000000000000005604583b01
1,1391,0,55640,6,1,0,2,0,0,0,0,0,0,1110,88,315,58d90000060100020000000000000000000000005604583b01
1,1392,0,55680,6,1,0,2,0,0,0,0,0,0,1110,88,315,80d90000060100020000000000000000000000005604583b01
1,1393,0,55720,6,1,0,2,0,0,0,0,0,0,1110,88,315,a8d90000060100020000000000000000000000005604583b01
1,1394,0,55761,6,1,0,2,0,0,0,0,0,0,1110,88,315,d1d90000060100020000000000000000000000005604583b01
1,1395,0,55800,6,1,0,2,0,0,0,0,0,0,1110,88,315,f8d90000060100020000000000000000000000005604583b01
1,1396,0,55840,6,1,0,2,0,0,0,0,0,0,1110,88,315,20da0000060100020000000000000000000000005604583b01
1,1397,0,55880,6,1,0,2,0,0,0,0,0,0,1110,88,315,48da0000060100020000000000000000000000005604583b01
1,1398,0,55920,6,1,0,2,0,0,0,0,0,0,1110,88,315,70da0000060100020000000000000000000000005604583b01
1,1399,0,55960,6,1,0,2,0,0,0,0,0,0,1110,88,315,98da0000060100020000000000000000000000005604583b01
1,1400,0,56000,6,1,0,2,0,0,0,0,0,0,1110,88,315,c0da0000060100020000000000000000000000005604583b01
1,1401,0,56040,6,1,0,2,0,0,0,0,0,0,1110,88,315,e8da0000060100020000000000000000000000005604583b01
1,1402,0,56080,6,1,0,2,0,0,0,0,0,0,1110,88,315,10db0000060100020000000000000000000000005604583b01
1,1403,0,56121,6,1,0,2,0,0,0,0,0,0,1110,88,315,39db0000060100020000000000000000000000005604583b01
1,1404,0,56160,6,1,0,2,0,0,0,0,0,0,1110,88,315,60db0000060100020000000000000000000000005604583b01
1,1405,0,56200,6,1,0,2,0,0,0,0,0,0,1110,88,315,88db0000060100020000000000000000000000005604583b01
1,1406,0,56240,6,1,0,2,0,0,0,0,0,0,1110,88,315,b0db0000060100020000000000000000000000005604583b01
1,1407,0,56280,6,1,0,2,0,0,0,0,0,0,1110,88,315,d8db0000060100020000000000000000000000005604583b01
1,1408,0,56320,6,1,0,2,0,0,0,0,0,0,1110,88,315,00dc0000060100020000000000000000000000005604583b01
1,1409,0,56360,6,1,0,2,0,0,0,0,0,0,1110,88,315,28dc0000060100020000000000000000000000005604583b01
1,1410,0,56400,6,1,0,2,0,0,0,0,0,0,1110,88,315,50dc0000060100020000000000000000000000005604583b01
1,1411,0,56440,6,1,0,2,0,0,0,0,0,0,1110,88,315,78dc0000060100020000000000000000000000005604583b01
1,1412,0,56480,6,1,0,2,0,0,0,0,0,0,1110,88,315,a0dc0000060100020000000000000000000000005604583b01
1,1413,0,56521,6,1,0,2,0,0,0,0,0,0,1110,88,315,c9dc0000060100020000000000000000000000005604583b01
1,1414,0,56560,6,1,0,2,0,0,0,0,0,0,1110,88,315,f0dc0000060100020000000000000000000000005604583b01
1,1415,0,56600,6,1,0,2,0,0,0,0,0,0,1110,88,315,18dd0000060100020000000000000000000000005604583b01
1,1416,0,56640,6,1,0,2,0,0,0,0,0,0,1110,88,315,40dd0000060100020000000000000000000000005604583b01
1,1417,0,56680,6,1,0,2,0,0,0,0,0,0,1110,88,315,68dd0000060100020000000000000000000000005604583b01
1,1418,0,56721,6,1,0,2,0,0,0,0,0,0,1110,88,315,91dd0000060100020000000000000000000000005604583b01
1,1419,0,56760,6,1,0,2,0,0,0,0,0,0,1110,88,315,b8dd0000060100020000000000000000000000005604583b01
1,1420,0,56800,6,1,0,2,0,0,0,0,0,0,1110,88,315,e0dd0000060100020000000000000000000000005604583b01
1,1421,0,56841,6,1,0,2,0,0,0,0,0,0,1110,88,315,09de0000060100020000000000000000000000005604583b01
1,1422,0,56880,6,1,0,2,0,0,0,0,0,0,1110,88,315,30de0000060100020000000000000000000000005604583b01
1,1423,0,56920,6,1,0,2,0,0,0,0,0,0,1110,88,315,58de0000060100020000000000000000000000005604583b01
1,1424,0,56960,6,1,0,2,0,0,0,0,0,0,1110,88,315,80de0000060100020000000000000000000000005604583b01
1,1425,0,57001,6,1,0,2,0,0,0,0,0,0,1110,88,315,a9de0000060100020000000000000000000000005604583b01
1,1426,0,57040,6,1,0,2,0,0,0,0,0,0,1110,88,315,d0de0000060100020000000000000000000000005604583b01
1,1427,0,57080,6,1,0,2,0,0,0,0,0,0,1110,88,315,f8de0000060100020000000000000000000000005604583b01
1,1428,0,57120,6,1,0,2,0,0,0,0,0,0,1110,88,315,20df0000060100020000000000000000000000005604583b01
1,1429,0,57160,6,1,0,2,0,0,0,0,0,0,1110,88,315,48df0000060100020000000000000000000000005604583b01
1,1430,0,57200,6,1,0,2,0,0,0,0,0,0,1110,88,315,70df0000060100020000000000000000000000005604583b01
1,1431,0,57240,6,1,0,2,0,0,0,0,0,0,1110,88,315,98df0000060100020000000000000000000000005604583b01
1,1432,0,57280,6,1,0,2,0,0,0,0,0,0,1110,88,315,c0df0000060100020000000000000000000000005604583b01
1,1433,0,57320,6,1,0,2,0,0,0,0,0,0,1110,88,315,e8df0000060100020000000000000000000000005604583b01
1,1434,0,57360,6,1,0,2,0,0,0,0,0,0,1110,88,315,10e00000060100020000000000000000000000005604583b01
1,1435,0,57400,6,1,0,2,0,0,0,0,0,0,1110,88,315,38e00000060100020000000000000000000000005604583b01
1,1436,0,57441,6,1,0,2,0,0,0,0,0,0,1110,88,315,61e00000060100020000000000000000000000005604583b01
1,1437,0,57480,6,1,0,2,0,0,0,0,0,0,1110,88,315,88e00000060100020000000000000000000000005604583b01
1,1438,0,57520,6,1,0,2,0,0,0,0,0,0,1110,88,315,b0e00000060100020000000000000000000000005604583b01
1,1439,0,57560,6,1,0,2,0,0,0,0,0,0,1110,88,315,d8e00000060100020000000000000000000000005604583b01
1,1440,0,57600,6,1,0,2,0,0,0,0,0,0,1110,88,315,00e10000060100020000000000000000000000005604583b01
1,1441,0,57641,6,1,0,2,0,0,0,0,0,0,1110,88,315,29e10000060100020000000000000000000000005604583b01
1,1442,0,57680,6,1,0,2,0,0,0,0,0,0,1110,88,315,50e10000060100020000000000000000000000005604583b01
1,1443,0,57721,6,1,0,2,0,0,0,0,0,0,1110,88,315,79e10000060100020000000000000000000000005604583b01
1,1444,0,57760,6,1,0,2,0,0,0,0,0,0,1110,88,315,a0e10000060100020000000000000000000000005604583b01
1,1445,0,57800,6,1,0,2,0,0,0,0,0,0,1110,88,315,c8e10000060100020000000000000000000000005604583b01
1,1446,0,57840,6,1,0,2,0,0,0,0,0,0,1110,88,315,f0e10000060100020000000000000000000000005604583b01
1,1447,0,57880,6,1,0,2,0,0,0,0,0,0,1110,88,315,18e20000060100020000000000000000000000005604583b01
1,1448,0,57921,6,1,0,2,0,0,0,0,0,0,1110,88,315,41e20000060100020000000000000000000000005604583b01
1,1449,0,57960,6,1,0,2,0,0,0,0,0,0,1110,88,315,68e20000060100020000000000000000000000005604583b01
1,1450,0,58000,6,1,0,2,0,0,0,0,0,0,1110,88,315,90e20000060100020000000000000000000000005604583b01
1,1451,0,58040,6,1,0,2,0,0,0,0,0,0,1110,88,315,b8e20000060100020000000000000000000000005604583b01
1,1452,0,58080,6,1,0,2,0,0,0,0,0,0,1110,88,315,e0e20000060100020000000000000000000000005604583b01
1,1453,0,58120,6,1,0,2,0,0,0,0,0,0,1110,88,315,08e30000060100020000000000000000000000005604583b01
1,1454,0,58160,6,1,0,2,0,0,0,0,0,0,1110,88,315,30e30000060100020000000000000000000000005604583b01
1,1455,0,58200,6,1,0,2,0,0,0,0,0,0,1110,88,315,58e30000060100020000000000000000000000005604583b01
1,1456,0,58240,6,1,0,2,0,0,0,0,0,0,1110,88,315,80e30000060100020000000000000000000000005604583b01
1,1457,0,58281,6,1,0,2,0,0,0,0,0,0,1110,88,315,a9e30000060100020000000000000000000000005604583b01
1,1458,0,58321,6,1,0,2,0,0,0,0,0,0,1110,88,315,d1e30000060100020000000000000000000000005604583b01
1,1459,0,58360,6,1,0,2,0,0,0,0,0,0,1110,88,315,f8e30000060100020000000000000000000000005604583b01
1,1460,0,58401,6,1,0,2,0,0,0,0,0,0,1110,88,315,21e40000060100020000000000000000000000005604583b01
1,1461,0,58440,6,1,0,2,0,0,0,0,0,0,1110,88,315,48e40000060100020000000000000000000000005604583b01
1,1462,0,58480,6,1,0,2,0,0,0,0,0,0,1110,88,315,70e40000060100020000000000000000000000005604583b01
1,1463,0,58520,6,1,0,2,0,0,0,0,0,0,1110,88,315,98e40000060100020000000000000000000000005604583b01
1,1464,0,58560,6,1,0,2,0,0,0,0,0,0,1110,88,315,c0e40000060100020000000000000000000000005604583b01
1,1465,0,58600,6,1,0,2,0,0,0,0,0,0,1110,88,315,e8e40000060100020000000000000000000000005604583b01
1,1466,0,58641,6,1,0,2,0,0,0,0,0,0,1110,88,315,11e50000060100020000000000000000000000005604583b01
1,1467,0,58680,6,1,0,2,0,0,0,0,0,0,1110,88,315,38e50000060100020000000000000000000000005604583b01
1,1468,0,58720,6,1,0,2,0,0,0,0,0,0,1110,88,315,60e50000060100020000000000000000000000005604583b01
1,1469,0,58760,6,1,0,2,0,0,0,0,0,0,1110,88,315,88e50000060100020000000000000000000000005604583b01
1,1470,0,58800,6,1,0,2,0,0,0,0,0,0,1110,88,315,b0e50000060100020000000000000000000000005604583b01
1,1471,0,58840,6,1,0,2,0,0,0,0,0,0,1110,88,315,d8e50000060100020000000000000000000000005604583b01
1,1472,0,58880,6,1,0,2,0,0,0,0,0,0,1110,88,315,00e60000060100020000000000000000000000005604583b01
1,1473,0,58920,6,1,0,2,0,0,0,0,0,0,1110,88,315,28e60000060100020000000000000000000000005604583b01
1,1474,0,58961,6,1,0,2,0,0,0,0,0,0,1110,88,315,51e60000060100020000000000000000000000005604583b01
1,1475,0,59000,6,1,0,2,0,0,0,0,0,0,1110,88,315,78e60000060100020000000000000000000000005604583b01
1,1476,0,59041,6,1,0,2,0,0,0,0,0,0,1110,88,315,a1e60000060100020000000000000000000000005604583b01
1,1477,0,59080,6,1,0,2,0,0,0,0,0,0,1110,88,315,c8e60000060100020000000000000000000000005604583b01
1,1478,0,59121,6,1,0,2,0,0,0,0,0,0,1110,88,315,f1e60000060100020000000000000000000000005604583b01
1,1479,0,59161,6,1,0,2,0,0,0,0,0,0,1110,88,315,19e70000060100020000000000000000000000005604583b01
1,1480,0,59200,6,1,0,2,0,0,0,0,0,0,1110,88,315,40e70000060100020000000000000000000000005604583b01
1,1481,0,59241,6,1,0,2,0,0,0,0,0,0,1110,88,315,69e70000060100020000000000000000000000005604583b01
1,1482,0,59280,6,1,0,2,0,0,0,0,0,0,1110,88,315,90e70000060100020000000000000000000000005604583b01
1,1483,0,59320,6,1,0,2,0,0,0,0,0,0,1110,88,315,b8e70000060100020000000000000000000000005604583b01
1,1484,0,59360,6,1,0,2,0,0,0,0,0,0,1110,88,315,e0e70000060100020000000000000000000000005604583b01
1,1485,0,59401,6,1,0,2,0,0,0,0,0,0,1110,88,315,09e80000060100020000000000000000000000005604583b01
1,1486,0,59441,6,1,0,2,0,0,0,0,0,0,1110,88,315,31e80000060100020000000000000000000000005604583b01
1,1487,0,59480,6,1,0,2,0,0,0,0,0,0,1110,88,315,58e80000060100020000000000000000000000005604583b01
1,1488,0,59520,6,1,0,2,0,0,0,0,0,0,1110,88,315,80e80000060100020000000000000000000000005604583b01
1,1489,0,59560,6,1,0,2,0,0,0,0,0,0,1110,88,315,a8e80000060100020000000000000000000000005604583b01
1,1490,0,59600,6,1,0,2,0,0,0,0,0,0,1110,88,315,d0e80000060100020000000000000000000000005604583b01
1,1491,0,59641,6,1,0,2,0,0,0,0,0,0,1110,88,315,f9e80000060100020000000000000000000000005604583b01
1,1492,0,59680,6,1,0,2,0,0,0,0,0,0,1110,88,315,20e90000060100020000000000000000000000005604583b01
1,1493,0,59720,6,1,0,2,0,0,0,0,0,0,1110,88,315,48e90000060100020000000000000000000000005604583b01
1,1494,0,59760,6,1,0,2,0,0,0,0,0,0,1110,88,315,70e90000060100020000000000000000000000005604583b01
1,1495,0,59800,6,1,0,2,0,0,0,0,0,0,1110,88,315,98e90000060100020000000000000000000000005604583b01
1,1496,0,59840,6,1,0,2,0,0,0,0,0,0,1110,88,315,c0e90000060100020000000000000000000000005604583b01
1,1497,0,59881,6,1,0,2,0,0,0,0,0,0,1110,88,315,e9e90000060100020000000000000000000000005604583b01
1,1498,0,59920,6,1,0,2,0,0,0,0,0,0,1110,88,315,10ea0000060100020000000000000000000000005604583b01
1,1499,0,59961,6,1,0,2,0,0,0,0,0,0,1110,88,315,39ea0000060100020000000000000000000000005604583b01
1,1500,0,60000,6,1,0,2,0,0,0,0,0,0,1110,88,315,60ea0000060100020000000000000000000000005604583b01
1,1501,0,60040,6,1,0,2,0,0,0,0,0,0,1110,88,315,88ea0000060100020000000000000000000000005604583b01
1,1502,0,60081,6,1,0,2,0,0,0,0,0,0,1110,88,315,b1ea0000060100020000000000000000000000005604583b01
1,1503,0,60120,6,1,0,2,0,0,0,0,0,0,1110,88,315,d8ea0000060100020000000000000000000000005604583b01
1,1504,0,60160,6,1,0,2,0,0,0,0,0,0,1110,88,315,00eb0000060100020000000000000000000000005604583b01
1,1505,0,60200,6,1,0,2,0,0,0,0,0,0,1110,88,315,28eb0000060100020000000000000000000000005604583b01
1,1506,0,60240,6,1,0,2,0,0,0,0,0,0,1110,88,315,50eb0000060100020000000000000000000000005604583b01
1,1507,0,60281,6,1,0,2,0,0,0,0,0,0,1110,88,315,79eb0000060100020000000000000000000000005604583b01
1,1508,0,60320,6,1,0,2,0,0,0,0,0,0,1110,88,315,a0eb0000060100020000000000000000000000005604583b01
1,1509,0,60360,6,1,0,2,0,0,0,0,0,0,1110,88,315,c8eb0000060100020000000000000000000000005604583b01
1,1510,0,60400,6,1,0,2,0,0,0,0,0,0,1110,88,315,f0eb0000060100020000000000000000000000005604583b01
1,1511,0,60440,6,1,0,2,0,0,0,0,0,0,1110,88,315,18ec0000060100020000000000000000000000005604583b01
1,1512,0,60480,6,1,0,2,0,0,0,0,0,0,1110,88,315,40ec0000060100020000000000000000000000005604583b01
1,1513,0,60520,6,1,0,2,0,0,0,0,0,0,1110,88,315,68ec0000060100020000000000000000000000005604583b01
1,1514,0,60560,6,1,0,2,0,0,0,0,0,0,1110,88,315,90ec0000060100020000000000000000000000005604583b01
1,1515,0,60600,6,1,0,2,0,0,0,0,0,0,1110,88,315,b8ec0000060100020000000000000000000000005604583b01
1,1516,0,60641,6,1,0,2,0,0,0,0,0,0,1110,88,315,e1ec0000060100020000000000000000000000005604583b01
1,1517,0,60680,6,1,0,2,0,0,0,0,0,0,1110,88,315,08ed0000060100020000000000000000000000005604583b01
1,1518,0,60721,6,1,0,2,0,0,0,0,0,0,1110,88,315,31ed0000060100020000000000000000000000005604583b01
1,1519,0,60760,6,1,0,2,0,0,0,0,0,0,1110,88,315,58ed0000060100020000000000000000000000005604583b01
1,1520,0,60800,6,1,0,2,0,0,0,0,0,0,1110,88,315,80ed0000060100020000000000000000000000005604583b01
1,1521,0,60840,6,1,0,2,0,0,0,0,0,0,1110,88,315,a8ed0000060100020000000000000000000000005604583b01
1,1522,0,60880,6,1,0,2,0,0,0,0,0,0,1110,88,315,d0ed0000060100020000000000000000000000005604583b01
1,1523,0,60921,6,1,0,2,0,0,0,0,0,0,1110,88,315,f9ed0000060100020000000000000000000000005604583b01
1,1524,0,60960,6,1,0,2,0,0,0,0,0,0,1110,88,315,20ee0000060100020000000000000000000000005604583b01
1,1525,0,61000,6,1,0,2,0,0,0,0,0,0,1110,88,315,48ee0000060100020000000000000000000000005604583b01
1,1526,0,61041,6,1,0,2,0,0,0,0,0,0,1110,88,315,71ee0000060100020000000000000000000000005604583b01
1,1527,0,61080,6,1,0,2,0,0,0,0,0,0,1110,88,315,98ee0000060100020000000000000000000000005604583b01
1,1528,0,61120,6,1,0,2,0,0,0,0,0,0,1110,88,315,c0ee0000060100020000000000000000000000005604583b01
1,1529,0,61160,6,1,0,2,0,0,0,0,0,0,1110,88,315,e8ee0000060100020000000000000000000000005604583b01
1,1530,0,61201,6,1,0,2,0,0,0,0,0,0,1110,88,315,11ef0000060100020000000000000000000000005604583b01
1,1531,0,61240,6,1,0,2,0,0,0,0,0,0,1110,88,315,38ef0000060100020000000000000000000000005604583b01
1,1532,0,61280,6,1,0,2,0,0,0,0,0,0,1110,88,315,60ef0000060100020000000000000000000000005604583b01
1,1533,0,61320,6,1,0,2,0,0,0,0,0,0,1110,88,315,88ef0000060100020000000000000000000000005604583b01
1,1534,0,61361,6,1,0,2,0,0,0,0,0,0,1110,88,315,b1ef0000060100020000000000000000000000005604583b01
1,1535,0,61400,6,1,0,2,0,0,0,0,0,0,1110,88,315,d8ef0000060100020000000000000000000000005604583b01
1,1536,0,61440,6,1,0,2,0,0,0,0,0,0,1110,88,315,00f00000060100020000000000000000000000005604583b01
1,1537,0,61480,6,1,0,2,0,0,0,0,0,0,1110,88,315,28f00000060100020000000000000000000000005604583b01
1,1538,0,61521,6,1,0,2,0,0,0,0,0,0,1110,88,315,51f00000060100020000000000000000000000005604583b01
1,1539,0,61560,6,1,0,2,0,0,0,0,0,0,1110,88,315,78f00000060100020000000000000000000000005604583b01
1,1540,0,61600,6,1,0,2,0,0,0,0,0,0,1110,88,315,a0f00000060100020000000000000000000000005604583b01
1,1541,0,61640,6,1,0,2,0,0,0,0,0,0,1110,88,315,c8f00000060100020000000000000000000000005604583b01
1,1542,0,61680,6,1,0,2,0,0,0,0,0,0,1110,88,315,f0f00000060100020000000000000000000000005604583b01
1,1543,0,61720,6,1,0,2,0,0,0,0,0,0,1110,88,315,18f10000060100020000000000000000000000005604583b01
1,1544,0,61761,6,1,0,2,0,0,0,0,0,0,1110,88,315,41f10000060100020000000000000000000000005604583b01
1,1545,0,61800,6,1,0,2,0,0,0,0,0,0,1110,88,315,68f10000060100020000000000000000000000005604583b01
1,1546,0,61840,6,1,0,2,0,0,0,0,0,0,1110,88,315,90f10000060100020000000000000000000000005604583b01
1,1547,0,61880,6,1,0,2,0,0,0,0,0,0,1110,88,315,b8f10000060100020000000000000000000000005604583b01
1,1548,0,61920,6,1,0,2,0,0,0,0,0,0,1110,88,315,e0f10000060100020000000000000000000000005604583b01
1,1549,0,61961,6,1,0,2,0,0,0,0,0,0,1110,88,315,09f20000060100020000000000000000000000005604583b01
1,1550,0,62000,6,1,0,2,0,0,0,0,0,0,1110,88,315,30f20000060100020000000000000000000000005604583b01
1,1551,0,62040,6,1,0,2,0,0,0,0,0,0,1110,88,315,58f20000060100020000000000000000000000005604583b01
1,1552,0,62080,6,1,0,2,0,0,0,0,0,0,1110,88,315,80f20000060100020000000000000000000000005604583b01
1,1553,0,62120,6,1,0,2,0,0,0,0,0,0,1110,88,315,a8f20000060100020000000000000000000000005604583b01
1,1554,0,62161,6,1,0,2,0,0,0,0,0,0,1110,88,315,d1f20000060100020000000000000000000000005604583b01
1,1555,0,62200,6,1,0,2,0,0,0,0,0,0,1110,88,315,f8f20000060100020000000000000000000000005604583b01
1,1556,0,62241,6,1,0,2,0,0,0,0,0,0,1110,88,315,21f30000060100020000000000000000000000005604583b01
1,1557,0,62280,6,1,0,2,0,0,0,0,0,0,1110,88,315,48f30000060100020000000000000000000000005604583b01
1,1558,0,62320,6,1,0,2,0,0,0,0,0,0,1110,88,315,70f30000060100020000000000000000000000005604583b01
1,1559,0,62360,6,1,0,2,0,0,0,0,0,0,1110,88,315,98f30000060100020000000000000000000000005604583b01
1,1560,0,62400,6,1,0,2,0,0,0,0,0,0,1110,88,315,c0f30000060100020000000000000000000000005604583b01
1,1561,0,62441,6,1,0,2,0,0,0,0,0,0,1110,88,315,e9f30000060100020000000000000000000000005604583b01
1,1562,0,62480,6,1,0,2,0,0,0,0,0,0,1110,88,315,10f40000060100020000000000000000000000005604583b01
1,1563,0,62520,6,1,0,2,0,0,0,0,0,0,1110,88,315,38f40000060100020000000000000000000000005604583b01
1,1564,0,62560,6,1,0,2,0,0,0,0,0,0,1110,88,315,60f40000060100020000000000000000000000005604583b01
1,1565,0,62601,6,1,0,2,0,0,0,0,0,0,1110,88,315,89f40000060100020000000000000000000000005604583b01
1,1566,0,62640,6,1,0,2,0,0,0,0,0,0,1110,88,315,b0f40000060100020000000000000000000000005604583b01
1,1567,0,62681,6,1,0,2,0,0,0,0,0,0,1110,88,315,d9f40000060100020000000000000000000000005604583b01
1,1568,0,62720,6,1,0,2,0,0,0,0,0,0,1110,88,315,00f50000060100020000000000000000000000005604583b01
1,1569,0,62760,6,1,0,2,0,0,0,0,0,0,1110,88,315,28f50000060100020000000000000000000000005604583b01
1,1570,0,62801,6,1,0,2,0,0,0,0,0,0,1110,88,315,51f50000060100020000000000000000000000005604583b01
1,1571,0,62840,6,1,0,2,0,0,0,0,0,0,1110,88,315,78f50000060100020000000000000000000000005604583b01
1,1572,0,62880,6,1,0,2,0,0,0,0,0,0,1110,88,315,a0f50000060100020000000000000000000000005604583b01
1,1573,0,62921,6,1,0,2,0,0,0,0,0,0,1110,88,315,c9f50000060100020000000000000000000000005604583b01
1,1574,0,62960,6,1,0,2,0,0,0,0,0,0,1110,88,315,f0f50000060100020000000000000000000000005604583b01
1,1575,0,63000,6,1,0,2,0,0,0,0,0,0,1110,88,315,18f60000060100020000000000000000000000005604583b01
1,1576,0,63040,6,1,0,2,0,0,0,0,0,0,1110,88,315,40f60000060100020000000000000000000000005604583b01
1,1577,0,63080,6,1,0,2,0,0,0,0,0,0,1110,88,315,68f60000060100020000000000000000000000005604583b01
1,1578,0,63120,6,1,0,2,0,0,0,0,0,0,1110,88,315,90f60000060100020000000000000000000000005604583b01
1,1579,0,63161,6,1,0,2,0,0,0,0,0,0,1110,88,315,b9f60000060100020000000000000000000000005604583b01
1,1580,0,63200,6,1,0,2,0,0,0,0,0,0,1110,88,315,e0f60000060100020000000000000000000000005604583b01
1,1581,0,63240,6,1,0,2,0,0,0,0,0,0,1110,88,315,08f70000060100020000000000000000000000005604583b01
1,1582,0,63280,6,1,0,2,0,0,0,0,0,0,1110,88,315,30f70000060100020000000000000000000000005604583b01
1,1583,0,63320,6,1,0,2,0,0,0,0,0,0,1110,88,315,58f70000060100020000000000000000000000005604583b01
1,1584,0,63360,6,1,0,2,0,0,0,0,0,0,1110,88,315,80f70000060100020000000000000000000000005604583b01
1,1585,0,63400,6,1,0,2,0,0,0,0,0,0,1110,88,315,a8f70000060100020000000000000000000000005604583b01
1,1586,0,63440,6,1,0,2,0,0,0,0,0,0,1110,88,315,d0f70000060100020000000000000000000000005604583b01
1,1587,0,63481,6,1,0,2,0,0,0,0,0,0,1110,88,315,f9f70000060100020000000000000000000000005604583b01
1,1588,0,63520,6,1,0,2,0,0,0,0,0,0,1110,88,315,20f80000060100020000000000000000000000005604583b01
1,1589,0,63561,6,1,0,2,0,0,0,0,0,0,1110,88,315,49f80000060100020000000000000000000000005604583b01
1,1590,0,63600,6,1,0,2,0,0,0,0,0,0,1110,88,315,70f80000060100020000000000000000000000005604583b01
1,1591,0,63641,6,1,0,2,0,0,0,0,0,0,1110,88,315,99f80000060100020000000000000000000000005604583b01
1,1592,0,63680,6,1,0,2,0,0,0,0,0,0,1110,88,315,c0f80000060100020000000000000000000000005604583b01
1,1593,0,63720,6,1,0,2,0,0,0,0,0,0,1110,88,315,e8f80000060100020000000000000000000000005604583b01
1,1594,0,63760,6,1,0,2,0,0,0,0,0,0,1110,88,315,10f90000060100020000000000000000000000005604583b01
1,1595,0,63800,6,1,0,2,0,0,0,0,0,0,1110,88,315,38f90000060100020000000000000000000000005604583b01
1,1596,0,63841,6,1,0,2,0,0,0,0,0,0,1110,88,315,61f90000060100020000000000000000000000005604583b01
1,1597,0,63880,6,1,0,2,0,0,0,0,0,0,1110,88,315,88f90000060100020000000000000000000000005604583b01
1,1598,0,63921,6,1,0,2,0,0,0,0,0,0,1110,88,315,b1f90000060100020000000000000000000000005604583b01
1,1599,0,63960,6,1,0,2,0,0,0,0,0,0,1110,88,315,d8f90000060100020000000000000000000000005604583b01
1,1600,0,64000,6,1,0,2,0,0,0,0,0,0,1110,88,315,00fa0000060100020000000000000000000000005604583b01
1,1601,0,64040,6,1,0,2,0,0,0,0,0,0,1110,88,315,28fa0000060100020000000000000000000000005604583b01
1,1602,0,64080,6,1,0,2,0,0,0,0,0,0,1110,88,315,50fa0000060100020000000000000000000000005604583b01
1,1603,0,64120,6,1,0,2,0,0,0,0,0,0,1110,88,315,78fa0000060100020000000000000000000000005604583b01
1,1604,0,64161,6,1,0,2,0,0,0,0,0,0,1110,88,315,a1fa0000060100020000000000000000000000005604583b01
1,1605,0,64200,6,1,0,2,0,0,0,0,0,0,1110,88,315,c8fa0000060100020000000000000000000000005604583b01
1,1606,0,64241,6,1,0,2,0,0,0,0,0,0,1110,88,315,f1fa0000060100020000000000000000000000005604583b01
1,1607,0,64280,6,1,0,2,0,0,0,0,0,0,1110,88,315,18fb0000060100020000000000000000000000005604583b01
1,1608,0,64320,6,1,0,2,0,0,0,0,0,0,1110,88,315,40fb0000060100020000000000000000000000005604583b01
1,1609,0,64360,6,1,0,2,0,0,0,0,0,0,1110,88,315,68fb0000060100020000000000000000000000005604583b01
1,1610,0,64401,6,1,0,2,0,0,0,0,0,0,1110,88,315,91fb0000060100020000000000000000000000005604583b01
1,1611,0,64440,6,1,0,2,0,0,0,0,0,0,1110,88,315,b8fb0000060100020000000000000000000000005604583b01
1,1612,0,64480,6,1,0,2,0,0,0,0,0,0,1110,88,315,e0fb0000060100020000000000000000000000005604583b01
1,1613,0,64520,6,1,0,2,0,0,0,0,0,0,1110,88,315,08fc0000060100020000000000000000000000005604583b01
1,1614,0,64560,6,1,0,2,0,0,0,0,0,0,1110,88,315,30fc0000060100020000000000000000000000005604583b01
1,1615,0,64601,6,1,0,2,0,0,0,0,0,0,1110,88,315,59fc0000060100020000000000000000000000005604583b01
1,1616,0,64640,6,1,0,2,0,0,0,0,0,0,1110,88,315,80fc0000060100020000000000000000000000005604583b01
1,1617,0,64680,6,1,0,2,0,0,0,0,0,0,1110,88,315,a8fc0000060100020000000000000000000000005604583b01
1,1618,0,64721,6,1,0,2,0,0,0,0,0,0,1110,88,315,d1fc0000060100020000000000000000000000005604583b01
1,1619,0,64760,6,1,0,2,0,0,0,0,0,0,1110,88,315,f8fc0000060100020000000000000000000000005604583b01
1,1620,0,64801,6,1,0,2,0,0,0,0,0,0,1110,88,315,21fd0000060100020000000000000000000000005604583b01
1,1621,0,64841,6,1,0,2,0,0,0,0,0,0,1110,88,315,49fd0000060100020000000000000000000000005604583b01
1,1622,0,64881,6,1,0,2,0,0,0,0,0,0,1110,88,315,71fd0000060100020000000000000000000000005604583b01
1,1623,0,64920,6,1,0,2,0,0,0,0,0,0,1110,88,315,98fd0000060100020000000000000000000000005604583b01
1,1624,0,64960,6,1,0,2,0,0,0,0,0,0,1110,88,315,c0fd0000060100020000000000000000000000005604583b01
1,1625,0,65000,6,1,0,2,0,0,0,0,0,0,1110,88,315,e8fd0000060100020000000000000000000000005604583b01
1,1626,0,65040,6,1,0,2,0,0,0,0,0,0,1110,88,315,10fe0000060100020000000000000000000000005604583b01
1,1627,0,65080,6,1,0,2,0,0,0,0,0,0,1110,88,315,38fe0000060100020000000000000000000000005604583b01
1,1628,0,65120,6,1,0,2,0,0,0,0,0,0,1110,88,315,60fe0000060100020000000000000000000000005604583b01
1,1629,0,65160,6,1,0,2,0,0,0,0,0,0,1110,88,315,88fe0000060100020000000000000000000000005604583b01
1,1630,0,65201,6,1,0,2,0,0,0,0,0,0,1110,88,315,b1fe0000060100020000000000000000000000005604583b01
1,1631,0,65240,6,1,0,2,0,0,0,0,0,0,1110,88,315,d8fe0000060100020000000000000000000000005604583b01
1,1632,0,65280,6,1,0,2,0,0,0,0,0,0,1110,88,315,00ff0000060100020000000000000000000000005604583b01
1,1633,0,65320,6,1,0,2,0,0,0,0,0,0,1110,88,315,28ff0000060100020000000000000000000000005604583b01
1,1634,0,65360,6,1,0,2,0,0,0,0,0,0,1110,88,315,50ff0000060100020000000000000000000000005604583b01
1,1635,0,65400,6,1,0,2,0,0,0,0,0,0,1110,88,315,78ff0000060100020000000000000000000000005604583b01
1,1636,0,65440,6,1,0,2,0,0,0,0,0,0,1110,88,315,a0ff0000060100020000000000000000000000005604583b01
1,1637,0,65480,6,1,0,2,0,0,0,0,0,0,1110,88,315,c8ff0000060100020000000000000000000000005604583b01
1,1638,0,65520,6,1,0,2,0,0,0,0,0,0,1110,88,315,f0ff0000060100020000000000000000000000005604583b01
1,1639,0,65560,6,1,0,2,0,0,0,0,0,0,1110,88,315,18000100060100020000000000000000000000005604583b01
1,1640,0,65600,6,1,0,2,0,0,0,0,0,0,1110,88,315,40000100060100020000000000000000000000005604583b01
1,1641,0,65640,6,1,0,2,0,0,0,0,0,0,1110,88,315,68000100060100020000000000000000000000005604583b01
1,1642,0,65680,6,1,0,2,0,0,0,0,0,0,1110,88,315,90000100060100020000000000000000000000005604583b01
1,1643,0,65720,6,1,0,2,0,0,0,0,0,0,1110,88,315,b8000100060100020000000000000000000000005604583b01
1,1644,0,65760,6,1,0,2,0,0,0,0,0,0,1110,88,315,e0000100060100020000000000000000000000005604583b01
1,1645,0,65800,6,1,0,2,0,0,0,0,0,0,1110,88,315,08010100060100020000000000000000000000005604583b01
1,1646,0,65840,6,1,0,2,0,0,0,0,0,0,1110,88,315,30010100060100020000000000000000000000005604583b01
1,1647,0,65880,6,1,0,2,0,0,0,0,0,0,1110,88,315,58010100060100020000000000000000000000005604583b01
1,1648,0,65921,6,1,0,2,0,0,0,0,0,0,1110,88,315,81010100060100020000000000000000000000005604583b01
1,1649,0,65960,6,1,0,2,0,0,0,0,0,0,1110,88,315,a8010100060100020000000000000000000000005604583b01
1,1650,0,66000,6,1,0,2,0,0,0,0,0,0,1110,88,315,d0010100060100020000000000000000000000005604583b01
1,1651,0,66040,6,1,0,2,0,0,0,0,0,0,1110,88,315,f8010100060100020000000000000000000000005604583b01
1,1652,0,66080,6,1,0,2,0,0,0,0,0,0,1110,88,315,20020100060100020000000000000000000000005604583b01
1,1653,0,66121,6,1,0,2,0,0,0,0,0,0,1110,88,315,49020100060100020000000000000000000000005604583b01
1,1654,0,66160,6,1,0,2,0,0,0,0,0,0,1110,88,315,70020100060100020000000000000000000000005604583b01
1,1655,0,66200,6,1,0,2,0,0,0,0,0,0,1110,88,315,98020100060100020000000000000000000000005604583b01
1,1656,0,66240,6,1,0,2,0,0,0,0,0,0,1110,88,315,c0020100060100020000000000000000000000005604583b01
1,1657,0,66280,6,1,0,2,0,0,0,0,0,0,1110,88,315,e8020100060100020000000000000000000000005604583b01
1,1658,0,66320,6,1,0,2,0,0,0,0,0,0,1110,88,315,10030100060100020000000000000000000000005604583b01
1,1659,0,66360,6,1,0,2,0,0,0,0,0,0,1110,88,315,38030100060100020000000000000000000000005604583b01
1,1660,0,66401,6,1,0,2,0,0,0,0,0,0,1110,88,315,61030100060100020000000000000000000000005604583b01
1,1661,0,66440,6,1,0,2,0,0,0,0,0,0,1110,88,315,88030100060100020000000000000000000000005604583b01
1,1662,0,66481,6,1,0,2,0,0,0,0,0,0,1110,88,315,b1030100060100020000000000000000000000005604583b01
1,1663,0,66521,6,1,0,2,0,0,0,0,0,0,1110,88,315,d9030100060100020000000000000000000000005604583b01
1,1664,0,66560,6,1,0,2,0,0,0,0,0,0,1110,88,315,00040100060100020000000000000000000000005604583b01
1,1665,0,66601,6,1,0,2,0,0,0,0,0,0,1110,88,315,29040100060100020000000000000000000000005604583b01
1,1666,0,66640,6,1,0,2,0,0,0,0,0,0,1110,88,315,50040100060100020000000000000000000000005604583b01
1,1667,0,66680,6,1,0,2,0,0,0,0,0,0,1110,88,315,78040100060100020000000000000000000000005604583b01
1,1668,0,66720,6,1,0,2,0,0,0,0,0,0,1110,88,315,a0040100060100020000000000000000000000005604583b01
1,1669,0,66760,6,1,0,2,0,0,0,0,0,0,1110,88,315,c8040100060100020000000000000000000000005604583b01
1,1670,0,66800,6,1,0,2,0,0,0,0,0,0,1110,88,315,f0040100060100020000000000000000000000005604583b01
1,1671,0,66841,6,1,0,2,0,0,0,0,0,0,1110,88,315,19050100060100020000000000000000000000005604583b01
1,1672,0,66880,6,1,0,2,0,0,0,0,0,0,1110,88,315,40050100060100020000000000000000000000005604583b01
1,1673,0,66920,6,1,0,2,0,0,0,0,0,0,1110,88,315,68050100060100020000000000000000000000005604583b01
1,1674,0,66960,6,1,0,2,0,0,0,0,0,0,1110,88,315,90050100060100020000000000000000000000005604583b01
1,1675,0,67001,6,1,0,2,0,0,0,0,0,0,1110,88,315,b9050100060100020000000000000000000000005604583b01
1,1676,0,67040,6,1,0,2,0,0,0,0,0,0,1110,88,315,e0050100060100020000000000000000000000005604583b01
1,1677,0,67081,6,1,0,2,0,0,0,0,0,0,1110,88,315,09060100060100020000000000000000000000005604583b01
1,1678,0,67120,6,1,0,2,0,0,0,0,0,0,1110,88,315,30060100060100020000000000000000000000005604583b01
1,1679,0,67161,6,1,0,2,0,0,0,0,0,0,1110,88,315,59060100060100020000000000000000000000005604583b01
1,1680,0,67200,6,1,0,2,0,0,0,0,0,0,1110,88,315,80060100060100020000000000000000000000005604583b01
1,1681,0,67240,6,1,0,2,0,0,0,0,0,0,1110,88,315,a8060100060100020000000000000000000000005604583b01
1,1682,0,67280,6,1,0,2,0,0,0,0,0,0,1110,88,315,d0060100060100020000000000000000000000005604583b01
1,1683,0,67320,6,1,0,2,0,0,0,0,0,0,1110,88,315,f8060100060100020000000000000000000000005604583b01
1,1684,0,67361,6,1,0,2,0,0,0,0,0,0,1110,88,315,21070100060100020000000000000000000000005604583b01
1,1685,0,67400,6,1,0,2,0,0,0,0,0,0,1110,88,315,48070100060100020000000000000000000000005604583b01
1,1686,0,67440,6,1,0,2,0,0,0,0,0,0,1110,88,315,70070100060100020000000000000000000000005604583b01
1,1687,0,67481,6,1,0,2,0,0,0,0,0,0,1110,88,315,99070100060100020000000000000000000000005604583b01
1,1688,0,67521,6,1,0,2,0,0,0,0,0,0,1110,88,315,c1070100060100020000000000000000000000005604583b01
1,1689,0,67561,6,1,0,2,0,0,0,0,0,0,1110,88,315,e9070100060100020000000000000000000000005604583b01
1,1690,0,67600,6,1,0,2,0,0,0,0,0,0,1110,88,315,10080100060100020000000000000000000000005604583b01
1,1691,0,67641,6,1,0,2,0,0,0,0,0,0,1110,88,315,39080100060100020000000000000000000000005604583b01
1,1692,0,67680,6,1,0,2,0,0,0,0,0,0,1110,88,315,60080100060100020000000000000000000000005604583b01
1,1693,0,67720,6,1,0,2,0,0,0,0,0,0,1110,88,315,88080100060100020000000000000000000000005604583b01
1,1694,0,67760,6,1,0,2,0,0,0,0,0,0,1110,88,315,b0080100060100020000000000000000000000005604583b01
1,1695,0,67800,6,1,0,2,0,0,0,0,0,0,1110,88,315,d8080100060100020000000000000000000000005604583b01
1,1696,0,67840,6,1,0,2,0,0,0,0,0,0,1110,88,315,00090100060100020000000000000000000000005604583b01
1,1697,0,67881,6,1,0,2,0,0,0,0,0,0,1110,88,315,29090100060100020000000000000000000000005604583b01
1,1698,0,67920,6,1,0,2,0,0,0,0,0,0,1110,88,315,50090100060100020000000000000000000000005604583b01
1,1699,0,67960,6,1,0,2,0,0,0,0,0,0,1110,88,315,78090100060100020000000000000000000000005604583b01
1,1700,0,68000,6,1,0,2,0,0,0,0,0,0,1110,88,315,a0090100060100020000000000000000000000005604583b01
1,1701,0,68040,6,1,0,2,0,0,0,0,0,0,1110,88,315,c8090100060100020000000000000000000000005604583b01
1,1702,0,68080,6,1,0,2,0,0,0,0,0,0,1110,88,315,f0090100060100020000000000000000000000005604583b01
1,1703,0,68120,6,1,0,2,0,0,0,0,0,0,1110,88,315,180a0100060100020000000000000000000000005604583b01
1,1704,0,68160,6,1,0,2,0,0,0,0,0,0,1110,88,315,400a0100060100020000000000000000000000005604583b01
1,1705,0,68200,6,1,0,2,0,0,0,0,0,0,1110,88,315,680a0100060100020000000000000000000000005604583b01
1,1706,0,68241,6,1,0,2,0,0,0,0,0,0,1110,88,315,910a0100060100020000000000000000000000005604583b01
1,1707,0,68280,6,1,0,2,0,0,0,0,0,0,1110,88,315,b80a0100060100020000000000000000000000005604583b01
1,1708,0,68320,6,1,0,2,0,0,0,0,0,0,1110,88,315,e00a0100060100020000000000000000000000005604583b01
1,1709,0,68360,6,1,0,2,0,0,0,0,0,0,1110,88,315,080b0100060100020000000000000000000000005604583b01
1,1710,0,68400,6,1,0,2,0,0,0,0,0,0,1110,88,315,300b0100060100020000000000000000000000005604583b01
1,1711,0,68440,6,1,0,2,0,0,0,0,0,0,1110,88,315,580b0100060100020000000000000000000000005604583b01
1,1712,0,68480,6,1,0,2,0,0,0,0,0,0,1110,88,315,800b0100060100020000000000000000000000005604583b01
1,1713,0,68520,6,1,0,2,0,0,0,0,0,0,1110,88,315,a80b0100060100020000000000000000000000005604583b01
1,1714,0,68560,6,1,0,2,0,0,0,0,0,0,1110,88,315,d00b0100060100020000000000000000000000005604583b01
1,1715,0,68601,6,1,0,2,0,0,0,0,0,0,1110,88,315,f90b0100060100020000000000000000000000005604583b01
1,1716,0,68641,6,1,0,2,0,0,0,0,0,0,1110,88,315,210c0100060100020000000000000000000000005604583b01
1,1717,0,68680,6,1,0,2,0,0,0,0,0,0,1110,88,315,480c0100060100020000000000000000000000005604583b01
1,1718,0,68720,6,1,0,2,0,0,0,0,0,0,1110,88,315,700c0100060100020000000000000000000000005604583b01
1,1719,0,68760,6,1,0,2,0,0,0,0,0,0,1110,88,315,980c0100060100020000000000000000000000005604583b01
1,1720,0,68801,6,1,0,2,0,0,0,0,0,0,1110,88,315,c10c0100060100020000000000000000000000005604583b01
1,1721,0,68840,6,1,0,2,0,0,0,0,0,0,1110,88,315,e80c0100060100020000000000000000000000005604583b01
1,1722,0,68881,6,1,0,2,0,0,0,0,0,0,1110,88,315,110d0100060100020000000000000000000000005604583b01
1,1723,0,68920,6,1,0,2,0,0,0,0,0,0,1110,88,315,380d0100060100020000000000000000000000005604583b01
1,1724,0,68961,6,1,0,2,0,0,0,0,0,0,1110,88,315,610d0100060100020000000000000000000000005604583b01
1,1725,0,69000,6,1,0,2,0,0,0,0,0,0,1110,88,315,880d0100060100020000000000000000000000005604583b01
1,1726,0,69041,6,1,0,2,0,0,0,0,0,0,1110,88,315,b10d0100060100020000000000000000000000005604583b01
1,1727,0,69080,6,1,0,2,0,0,0,0,0,0,1110,88,315,d80d0100060100020000000000000000000000005604583b01
1,1728,0,69120,6,1,0,2,0,0,0,0,0,0,1110,88,315,000e0100060100020000000000000000000000005604583b01
1,1729,0,69160,6,1,0,2,0,0,0,0,0,0,1110,88,315,280e0100060100020000000000000000000000005604583b01
1,1730,0,69200,6,1,0,2,0,0,0,0,0,0,1110,88,315,500e0100060100020000000000000000000000005604583b01
1,1731,0,69240,6,1,0,2,0,0,0,0,0,0,1110,88,315,780e0100060100020000000000000000000000005604583b01
1,1732,0,69280,6,1,0,2,0,0,0,0,0,0,1110,88,315,a00e0100060100020000000000000000000000005604583b01
1,1733,0,69320,6,1,0,2,0,0,0,0,0,0,1110,88,315,c80e0100060100020000000000000000000000005604583b01
1,1734,0,69360,6,1,0,2,0,0,0,0,0,0,1110,88,315,f00e0100060100020000000000000000000000005604583b01
1,1735,0,69400,6,1,0,2,0,0,0,0,0,0,1110,88,315,180f0100060100020000000000000000000000005604583b01
1,1736,0,69440,6,1,0,2,0,0,0,0,0,0,1110,88,315,400f0100060100020000000000000000000000005604583b01
1,1737,0,69480,6,1,0,2,0,0,0,0,0,0,1110,88,315,680f0100060100020000000000000000000000005604583b01
1,1738,0,69521,6,1,0,2,0,0,0,0,0,0,1110,88,315,910f0100060100020000000000000000000000005604583b01
1,1739,0,69560,6,1,0,2,0,0,0,0,0,0,1110,88,315,b80f0100060100020000000000000000000000005604583b01
1,1740,0,69601,6,1,0,2,0,0,0,0,0,0,1110,88,315,e10f0100060100020000000000000000000000005604583b01
1,1741,0,69640,6,1,0,2,0,0,0,0,0,0,1110,88,315,08100100060100020000000000000000000000005604583b01
1,1742,0,69680,6,1,0,2,0,0,0,0,0,0,1110,88,315,30100100060100020000000000000000000000005604583b01
1,1743,0,69720,6,1,0,2,0,0,0,0,0,0,1110,88,315,58100100060100020000000000000000000000005604583b01
1,1744,0,69760,6,1,0,2,0,0,0,0,0,0,1110,88,315,80100100060100020000000000000000000000005604583b01
1,1745,0,69801,6,1,0,2,0,0,0,0,0,0,1110,88,315,a9100100060100020000000000000000000000005604583b01
1,1746,0,69840,6,1,0,2,0,0,0,0,0,0,1110,88,315,d0100100060100020000000000000000000000005604583b01
1,1747,0,69880,6,1,0,2,0,0,0,0,0,0,1110,88,315,f8100100060100020000000000000000000000005604583b01
1,1748,0,69920,6,1,0,2,0,0,0,0,0,0,1110,88,315,20110100060100020000000000000000000000005604583b01
1,1749,0,69960,6,1,0,2,0,0,0,0,0,0,1110,88,315,48110100060100020000000000000000000000005604583b01
1,1750,0,70000,6,1,0,2,0,0,0,0,0,0,1110,88,315,70110100060100020000000000000000000000005604583b01
1,1751,0,70040,6,1,0,2,0,0,0,0,0,0,1110,88,315,98110100060100020000000000000000000000005604583b01
1,1752,0,70080,6,1,0,2,0,0,0,0,0,0,1110,88,315,c0110100060100020000000000000000000000005604583b01
1,1753,0,70120,6,1,0,2,0,0,0,0,0,0,1110,88,315,e8110100060100020000000000000000000000005604583b01
1,1754,0,70160,6,1,0,2,0,0,0,0,0,0,1110,88,315,10120100060100020000000000000000000000005604583b01
1,1755,0,70201,6,1,0,2,0,0,0,0,0,0,1110,88,315,39120100060100020000000000000000000000005604583b01
1,1756,0,70240,6,1,0,2,0,0,0,0,0,0,1110,88,315,60120100060100020000000000000000000000005604583b01
1,1757,0,70281,6,1,0,2,0,0,0,0,0,0,1110,88,315,89120100060100020000000000000000000000005604583b01
1,1758,0,70320,6,1,0,2,0,0,0,0,0,0,1110,88,315,b0120100060100020000000000000000000000005604583b01
1,1759,0,70360,6,1,0,2,0,0,0,0,0,0,1110,88,315,d8120100060100020000000000000000000000005604583b01
1,1760,0,70400,6,1,0,2,0,0,0,0,0,0,1110,88,315,00130100060100020000000000000000000000005604583b01
1,1761,0,70440,6,1,0,2,0,0,0,0,0,0,1110,88,315,28130100060100020000000000000000000000005604583b01
1,1762,0,70480,6,1,0,2,0,0,0,0,0,0,1110,88,315,50130100060100020000000000000000000000005604583b01
1,1763,0,70521,6,1,0,2,0,0,0,0,0,0,1110,88,315,79130100060100020000000000000000000000005604583b01
1,1764,0,70560,6,1,0,2,0,0,0,0,0,0,1110,88,315,a0130100060100020000000000000000000000005604583b01
1,1765,0,70601,6,1,0,2,0,0,0,0,0,0,1110,88,315,c9130100060100020000000000000000000000005604583b01
1,1766,0,70640,6,1,0,2,0,0,0,0,0,0,1110,88,315,f0130100060100020000000000000000000000005604583b01
1,1767,0,70680,6,1,0,2,0,0,0,0,0,0,1110,88,315,18140100060100020000000000000000000000005604583b01
1,1768,0,70720,6,1,0,2,0,0,0,0,0,0,1110,88,315,40140100060100020000000000000000000000005604583b01
1,1769,0,70761,6,1,0,2,0,0,0,0,0,0,1110,88,315,69140100060100020000000000000000000000005604583b01
1,1770,0,70800,6,1,0,2,0,0,0,0,0,0,1110,88,315,90140100060100020000000000000000000000005604583b01
1,1771,0,70840,6,1,0,2,0,0,0,0,0,0,1110,88,315,b8140100060100020000000000000000000000005604583b01
1,1772,0,70880,6,1,0,2,0,0,0,0,0,0,1110,88,315,e0140100060100020000000000000000000000005604583b01
1,1773,0,70920,6,1,0,2,0,0,0,0,0,0,1110,88,315,08150100060100020000000000000000000000005604583b01
1,1774,0,70961,6,1,0,2,0,0,0,0,0,0,1110,88,315,31150100060100020000000000000000000000005604583b01
1,1775,0,71000,6,1,0,2,0,0,0,0,0,0,1110,88,315,58150100060100020000000000000000000000005604583b01
1,1776,0,71040,6,1,0,2,0,0,0,0,0,0,1110,88,315,80150100060100020000000000000000000000005604583b01
1,1777,0,71081,6,1,0,2,0,0,0,0,0,0,1110,88,315,a9150100060100020000000000000000000000005604583b01
1,1778,0,71120,6,1,0,2,0,0,0,0,0,0,1110,88,315,d0150100060100020000000000000000000000005604583b01
1,1779,0,71160,6,1,0,2,0,0,0,0,0,0,1110,88,315,f8150100060100020000000000000000000000005604583b01
1,1780,0,71200,6,1,0,2,0,0,0,0,0,0,1110,88,315,20160100060100020000000000000000000000005604583b01
1,1781,0,71241,6,1,0,2,0,0,0,0,0,0,1110,88,315,49160100060100020000000000000000000000005604583b01
1,1782,0,71280,6,1,0,2,0,0,0,0,0,0,1110,88,315,70160100060100020000000000000000000000005604583b01
1,1783,0,71320,6,1,0,2,0,0,0,0,0,0,1110,88,315,98160100060100020000000000000000000000005604583b01
1,1784,0,71360,6,1,0,2,0,0,0,0,0,0,1110,88,315,c0160100060100020000000000000000000000005604583b01
1,1785,0,71400,6,1,0,2,0,0,0,0,0,0,1110,88,315,e8160100060100020000000000000000000000005604583b01
1,1786,0,71440,6,1,0,2,0,0,0,0,0,0,1110,88,315,10170100060100020000000000000000000000005604583b01
1,1787,0,71480,6,1,0,2,0,0,0,0,0,0,1110,88,315,38170100060100020000000000000000000000005604583b01
1,1788,0,71520,6,1,0,2,0,0,0,0,0,0,1110,88,315,60170100060100020000000000000000000000005604583b01
1,1789,0,71561,6,1,0,2,0,0,0,0,0,0,1110,88,315,89170100060100020000000000000000000000005604583b01
1,1790,0,71600,6,1,0,2,0,0,0,0,0,0,1110,88,315,b0170100060100020000000000000000000000005604583b01
1,1791,0,71640,6,1,0,2,0,0,0,0,0,0,1110,88,315,d8170100060100020000000000000000000000005604583b01
1,1792,0,71680,6,1,0,2,0,0,0,0,0,0,1110,88,315,00180100060100020000000000000000000000005604583b01
1,1793,0,71720,6,1,0,2,0,0,0,0,0,0,1110,88,315,28180100060100020000000000000000000000005604583b01
1,1794,0,71760,6,1,0,2,0,0,0,0,0,0,1110,88,315,50180100060100020000000000000000000000005604583b01
1,1795,0,71800,6,1,0,2,0,0,0,0,0,0,1110,88,315,78180100060100020000000000000000000000005604583b01
1,1796,0,71840,6,1,0,2,0,0,0,0,0,0,1110,88,315,a0180100060100020000000000000000000000005604583b01
1,1797,0,71880,6,1,0,2,0,0,0,0,0,0,1110,88,315,c8180100060100020000000000000000000000005604583b01
1,1798,0,71920,6,1,0,2,0,0,0,0,0,0,1110,88,315,f0180100060100020000000000000000000000005604583b01
1,1799,0,71960,6,1,0,2,0,0,0,0,0,0,1110,88,315,18190100060100020000000000000000000000005604583b01
1,1800,0,72000,6,1,0,2,0,0,0,0,0,0,1110,88,315,40190100060100020000000000000000000000005604583b01
1,1801,0,72040,6,1,0,2,0,0,0,0,0,0,1110,88,315,68190100060100020000000000000000000000005604583b01
1,1802,0,72080,6,1,0,2,0,0,0,0,0,0,1110,88,315,90190100060100020000000000000000000000005604583b01
1,1803,0,72120,6,1,0,2,0,0,0,0,0,0,1110,88,315,b8190100060100020000000000000000000000005604583b01
1,1804,0,72160,6,1,0,2,0,0,0,0,0,0,1110,88,315,e0190100060100020000000000000000000000005604583b01
1,1805,0,72200,6,1,0,2,0,0,0,0,0,0,1110,88,315,081a0100060100020000000000000000000000005604583b01
1,1806,0,72240,6,1,0,2,0,0,0,0,0,0,1110,88,315,301a0100060100020000000000000000000000005604583b01
1,1807,0,72281,6,1,0,2,0,0,0,0,0,0,1110,88,315,591a0100060100020000000000000000000000005604583b01
1,1808,0,72320,6,1,0,2,0,0,0,0,0,0,1110,88,315,801a0100060100020000000000000000000000005604583b01
1,1809,0,72360,6,1,0,2,0,0,0,0,0,0,1110,88,315,a81a0100060100020000000000000000000000005604583b01
1,1810,0,72400,6,1,0,2,0,0,0,0,0,0,1110,88,315,d01a0100060100020000000000000000000000005604583b01
1,1811,0,72440,6,1,0,2,0,0,0,0,0,0,1110,88,315,f81a0100060100020000000000000000000000005604583b01
1,1812,0,72481,6,1,0,2,0,0,0,0,0,0,1110,88,315,211b0100060100020000000000000000000000005604583b01
1,1813,0,72520,6,1,0,2,0,0,0,0,0,0,1110,88,315,481b0100060100020000000000000000000000005604583b01
1,1814,0,72561,6,1,0,2,0,0,0,0,0,0,1110,88,315,711b0100060100020000000000000000000000005604583b01
1,1815,0,72600,6,1,0,2,0,0,0,0,0,0,1110,88,315,981b0100060100020000000000000000000000005604583b01
1,1816,0,72640,6,1,0,2,0,0,0,0,0,0,1110,88,315,c01b0100060100020000000000000000000000005604583b01
1,1817,0,72680,6,1,0,2,0,0,0,0,0,0,1110,88,315,e81b0100060100020000000000000000000000005604583b01
1,1818,0,72720,6,1,0,2,0,0,0,0,0,0,1110,88,315,101c0100060100020000000000000000000000005604583b01
1,1819,0,72760,6,1,0,2,0,0,0,0,0,0,1110,88,315,381c0100060100020000000000000000000000005604583b01
1,1820,0,72800,6,1,0,2,0,0,0,0,0,0,1110,88,315,601c0100060100020000000000000000000000005604583b01
1,1821,0,72840,6,1,0,2,0,0,0,0,0,0,1110,88,315,881c0100060100020000000000000000000000005604583b01
1,1822,0,72880,6,1,0,2,0,0,0,0,0,0,1110,88,315,b01c0100060100020000000000000000000000005604583b01
1,1823,0,72920,6,1,0,2,0,0,0,0,0,0,1110,88,315,d81c0100060100020000000000000000000000005604583b01
1,1824,0,72960,6,1,0,2,0,0,0,0,0,0,1110,88,315,001d0100060100020000000000000000000000005604583b01
1,1825,0,73000,6,1,0,2,0,0,0,0,0,0,1110,88,315,281d0100060100020000000000000000000000005604583b01
1,1826,0,73040,6,1,0,2,0,0,0,0,0,0,1110,88,315,501d0100060100020000000000000000000000005604583b01
1,1827,0,73080,6,1,0,2,0,0,0,0,0,0,1110,88,315,781d0100060100020000000000000000000000005604583b01
1,1828,0,73120,6,1,0,2,0,0,0,0,0,0,1110,88,315,a01d0100060100020000000000000000000000005604583b01
1,1829,0,73160,6,1,0,2,0,0,0,0,0,0,1110,88,315,c81d0100060100020000000000000000000000005604583b01
1,1830,0,73200,6,1,0,2,0,0,0,0,0,0,1110,88,315,f01d0100060100020000000000000000000000005604583b01
1,1831,0,73241,6,1,0,2,0,0,0,0,0,0,1110,88,315,191e0100060100020000000000000000000000005604583b01
1,1832,0,73280,6,1,0,2,0,0,0,0,0,0,1110,88,315,401e0100060100020000000000000000000000005604583b01
1,1833,0,73320,6,1,0,2,0,0,0,0,0,0,1110,88,315,681e0100060100020000000000000000000000005604583b01
1,1834,0,73360,6,1,0,2,0,0,0,0,0,0,1110,88,315,901e0100060100020000000000000000000000005604583b01
1,1835,0,73400,6,1,0,2,0,0,0,0,0,0,1110,88,315,b81e0100060100020000000000000000000000005604583b01
1,1836,0,73441,6,1,0,2,0,0,0,0,0,0,1110,88,315,e11e0100060100020000000000000000000000005604583b01
1,1837,0,73480,6,1,0,2,0,0,0,0,0,0,1110,88,315,081f0100060100020000000000000000000000005604583b01
1,1838,0,73521,6,1,0,2,0,0,0,0,0,0,1110,88,315,311f0100060100020000000000000000000000005604583b01
1,1839,0,73560,6,1,0,2,0,0,0,0,0,0,1110,88,315,581f0100060100020000000000000000000000005604583b01
1,1840,0,73601,6,1,0,2,0,0,0,0,0,0,1110,88,315,811f0100060100020000000000000000000000005604583b01
1,1841,0,73640,6,1,0,2,0,0,0,0,0,0,1110,88,315,a81f0100060100020000000000000000000000005604583b01
1,1842,0,73680,6,1,0,2,0,0,0,0,0,0,1110,88,315,d01f0100060100020000000000000000000000005604583b01
1,1843,0,73721,6,1,0,2,0,0,0,0,0,0,1110,88,315,f91f0100060100020000000000000000000000005604583b01
1,1844,0,73760,6,1,0,2,0,0,0,0,0,0,1110,88,315,20200100060100020000000000000000000000005604583b01
1,1845,0,73801,6,1,0,2,0,0,0,0,0,0,1110,88,315,49200100060100020000000000000000000000005604583b01
1,1846,0,73841,6,1,0,2,0,0,0,0,0,0,1110,88,315,71200100060100020000000000000000000000005604583b01
1,1847,0,73880,6,1,0,2,0,0,0,0,0,0,1110,88,315,98200100060100020000000000000000000000005604583b01
1,1848,0,73920,6,1,0,2,0,0,0,0,0,0,1110,88,315,c0200100060100020000000000000000000000005604583b01
1,1849,0,73960,6,1,0,2,0,0,0,0,0,0,1110,88,315,e8200100060100020000000000000000000000005604583b01
1,1850,0,74001,6,1,0,2,0,0,0,0,0,0,1110,88,315,11210100060100020000000000000000000000005604583b01
1,1851,0,74040,6,1,0,2,0,0,0,0,0,0,1110,88,315,38210100060100020000000000000000000000005604583b01
1,1852,0,74080,6,1,0,2,0,0,0,0,0,0,1110,88,315,60210100060100020000000000000000000000005604583b01
1,1853,0,74120,6,1,0,2,0,0,0,0,0,0,1110,88,315,88210100060100020000000000000000000000005604583b01
1,1854,0,74160,6,1,0,2,0,0,0,0,0,0,1110,88,315,b0210100060100020000000000000000000000005604583b01
1,1855,0,74200,6,1,0,2,0,0,0,0,0,0,1110,88,315,d8210100060100020000000000000000000000005604583b01
1,1856,0,74241,6,1,0,2,0,0,0,0,0,0,1110,88,315,01220100060100020000000000000000000000005604583b01
1,1857,0,74280,6,1,0,2,0,0,0,0,0,0,1110,88,315,28220100060100020000000000000000000000005604583b01
1,1858,0,74320,6,1,0,2,0,0,0,0,0,0,1110,88,315,50220100060100020000000000000000000000005604583b01
1,1859,0,74360,6,1,0,2,0,0,0,0,0,0,1110,88,315,78220100060100020000000000000000000000005604583b01
1,1860,0,74400,6,1,0,2,0,0,0,0,0,0,1110,88,315,a0220100060100020000000000000000000000005604583b01
1,1861,0,74440,6,1,0,2,0,0,0,0,0,0,1110,88,315,c8220100060100020000000000000000000000005604583b01
1,1862,0,74480,6,1,0,2,0,0,0,0,0,0,1110,88,315,f0220100060100020000000000000000000000005604583b01
1,1863,0,74520,6,1,0,2,0,0,0,0,0,0,1110,88,315,18230100060100020000000000000000000000005604583b01
1,1864,0,74560,6,1,0,2,0,0,0,0,0,0,1110,88,315,40230100060100020000000000000000000000005604583b01
1,1865,0,74601,6,1,0,2,0,0,0,0,0,0,1110,88,315,69230100060100020000000000000000000000005604583b01
1,1866,0,74640,6,1,0,2,0,0,0,0,0,0,1110,88,315,90230100060100020000000000000000000000005604583b01
1,1867,0,74680,6,1,0,2,0,0,0,0,0,0,1110,88,315,b8230100060100020000000000000000000000005604583b01
1,1868,0,74720,6,1,0,2,0,0,0,0,0,0,1110,88,315,e0230100060100020000000000000000000000005604583b01
1,1869,0,74760,6,1,0,2,0,0,0,0,0,0,1110,88,315,08240100060100020000000000000000000000005604583b01
1,1870,0,74800,6,1,0,2,0,0,0,0,0,0,1110,88,315,30240100060100020000000000000000000000005604583b01
1,1871,0,74840,6,1,0,2,0,0,0,0,0,0,1110,88,315,58240100060100020000000000000000000000005604583b01
1,1872,0,74881,6,1,0,2,0,0,0,0,0,0,1110,88,315,81240100060100020000000000000000000000005604583b01
1,1873,0,74920,6,1,0,2,0,0,0,0,0,0,1110,88,315,a8240100060100020000000000000000000000005604583b01
1,1874,0,74961,6,1,0,2,0,0,0,0,0,0,1110,88,315,d1240100060100020000000000000000000000005604583b01
1,1875,0,75001,6,1,0,2,0,0,0,0,0,0,1110,88,315,f9240100060100020000000000000000000000005604583b01
1,1876,0,75040,6,1,0,2,0,0,0,0,0,0,1110,88,315,20250100060100020000000000000000000000005604583b01
1,1877,0,75080,6,1,0,2,0,0,0,0,0,0,1110,88,315,48250100060100020000000000000000000000005604583b01
1,1878,0,75120,6,1,0,2,0,0,0,0,0,0,1110,88,315,70250100060100020000000000000000000000005604583b01
1,1879,0,75161,6,1,0,2,0,0,0,0,0,0,1110,88,315,99250100060100020000000000000000000000005604583b01
1,1880,0,75200,6,1,0,2,0,0,0,0,0,0,1110,88,315,c0250100060100020000000000000000000000005604583b01
1,1881,0,75240,6,1,0,2,0,0,0,0,0,0,1110,88,315,e8250100060100020000000000000000000000005604583b01
1,1882,0,75280,6,1,0,2,0,0,0,0,0,0,1110,88,315,10260100060100020000000000000000000000005604583b01
1,1883,0,75320,6,1,0,2,0,0,0,0,0,0,1110,88,315,38260100060100020000000000000000000000005604583b01
1,1884,0,75360,6,1,0,2,0,0,0,0,0,0,1110,88,315,60260100060100020000000000000000000000005604583b01
1,1885,0,75400,6,1,0,2,0,0,0,0,0,0,1110,88,315,88260100060100020000000000000000000000005604583b01
1,1886,0,75440,6,1,0,2,0,0,0,0,0,0,1110,88,315,b0260100060100020000000000000000000000005604583b01
1,1887,0,75480,6,1,0,2,0,0,0,0,0,0,1110,88,315,d8260100060100020000000000000000000000005604583b01
1,1888,0,75520,6,1,0,2,0,0,0,0,0,0,1110,88,315,00270100060100020000000000000000000000005604583b01
1,1889,0,75560,6,1,0,2,0,0,0,0,0,0,1110,88,315,28270100060100020000000000000000000000005604583b01
1,1890,0,75600,6,1,0,2,0,0,0,0,0,0,1110,88,315,50270100060100020000000000000000000000005604583b01
1,1891,0,75640,6,1,0,2,0,0,0,0,0,0,1110,88,315,78270100060100020000000000000000000000005604583b01
1,1892,0,75680,6,1,0,2,0,0,0,0,0,0,1110,88,315,a0270100060100020000000000000000000000005604583b01
1,1893,0,75720,6,1,0,2,0,0,0,0,0,0,1110,88,315,c8270100060100020000000000000000000000005604583b01
1,1894,0,75760,6,1,0,2,0,0,0,0,0,0,1110,88,315,f0270100060100020000000000000000000000005604583b01
1,1895,0,75800,6,1,0,2,0,0,0,0,0,0,1110,88,315,18280100060100020000000000000000000000005604583b01
1,1896,0,75840,6,1,0,2,0,0,0,0,0,0,1110,88,315,40280100060100020000000000000000000000005604583b01
1,1897,0,75880,6,1,0,2,0,0,0,0,0,0,1110,88,315,68280100060100020000000000000000000000005604583b01
1,1898,0,75920,6,1,0,2,0,0,0,0,0,0,1110,88,315,90280100060100020000000000000000000000005604583b01
1,1899,0,75960,6,1,0,2,0,0,0,0,0,0,1110,88,315,b8280100060100020000000000000000000000005604583b01
1,1900,0,76000,6,1,0,2,0,0,0,0,0,0,1110,88,315,e0280100060100020000000000000000000000005604583b01
1,1901,0,76041,6,1,0,2,0,0,0,0,0,0,1110,88,315,09290100060100020000000000000000000000005604583b01
1,1902,0,76080,6,1,0,2,0,0,0,0,0,0,1110,88,315,30290100060100020000000000000000000000005604583b01
1,1903,0,76120,6,1,0,2,0,0,0,0,0,0,1110,88,315,58290100060100020000000000000000000000005604583b01
1,1904,0,76160,6,1,0,2,0,0,0,0,0,0,1110,88,315,80290100060100020000000000000000000000005604583b01
1,1905,0,76201,6,1,0,2,0,0,0,0,0,0,1110,88,315,a9290100060100020000000000000000000000005604583b01
1,1906,0,76240,6,1,0,2,0,0,0,0,0,0,1110,88,315,d0290100060100020000000000000000000000005604583b01
1,1907,0,76280,6,1,0,2,0,0,0,0,0,0,1110,88,315,f8290100060100020000000000000000000000005604583b01
1,1908,0,76320,6,1,0,2,0,0,0,0,0,0,1110,88,315,202a0100060100020000000000000000000000005604583b01
1,1909,0,76361,6,1,0,2,0,0,0,0,0,0,1110,88,315,492a0100060100020000000000000000000000005604583b01
1,1910,0,76400,6,1,0,2,0,0,0,0,0,0,1110,88,315,702a0100060100020000000000000000000000005604583b01
1,1911,0,76440,6,1,0,2,0,0,0,0,0,0,1110,88,315,982a0100060100020000000000000000000000005604583b01
1,1912,0,76481,6,1,0,2,0,0,0,0,0,0,1110,88,315,c12a0100060100020000000000000000000000005604583b01
1,1913,0,76520,6,1,0,2,0,0,0,0,0,0,1110,88,315,e82a0100060100020000000000000000000000005604583b01
1,1914,0,76560,6,1,0,2,0,0,0,0,0,0,1110,88,315,102b0100060100020000000000000000000000005604583b01
1,1915,0,76600,6,1,0,2,0,0,0,0,0,0,1110,88,315,382b0100060100020000000000000000000000005604583b01
1,1916,0,76640,6,1,0,2,0,0,0,0,0,0,1110,88,315,602b0100060100020000000000000000000000005604583b01
1,1917,0,76681,6,1,0,2,0,0,0,0,0,0,1110,88,315,892b0100060100020000000000000000000000005604583b01
1,1918,0,76720,6,1,0,2,0,0,0,0,0,0,1110,88,315,b02b0100060100020000000000000000000000005604583b01
1,1919,0,76760,6,1,0,2,0,0,0,0,0,0,1110,88,315,d82b0100060100020000000000000000000000005604583b01
1,1920,0,76800,6,1,0,2,0,0,0,0,0,0,1110,88,315,002c0100060100020000000000000000000000005604583b01
1,1921,0,76841,6,1,0,2,0,0,0,0,0,0,1110,88,315,292c0100060100020000000000000000000000005604583b01
1,1922,0,76880,6,1,0,2,0,0,0,0,0,0,1110,88,315,502c0100060100020000000000000000000000005604583b01
1,1923,0,76921,6,1,0,2,0,0,0,0,0,0,1110,88,315,792c0100060100020000000000000000000000005604583b01
1,1924,0,76960,6,1,0,2,0,0,0,0,0,0,1110,88,315,a02c0100060100020000000000000000000000005604583b01
1,1925,0,77000,6,1,0,2,0,0,0,0,0,0,1110,88,315,c82c0100060100020000000000000000000000005604583b01
1,1926,0,77040,6,1,0,2,0,0,0,0,0,0,1110,88,315,f02c0100060100020000000000000000000000005604583b01
1,1927,0,77080,6,1,0,2,0,0,0,0,0,0,1110,88,315,182d0100060100020000000000000000000000005604583b01
1,1928,0,77120,6,1,0,2,0,0,0,0,0,0,1110,88,315,402d0100060100020000000000000000000000005604583b01
1,1929,0,77160,6,1,0,2,0,0,0,0,0,0,1110,88,315,682d0100060100020000000000000000000000005604583b01
1,1930,0,77200,6,1,0,2,0,0,0,0,0,0,1110,88,315,902d0100060100020000000000000000000000005604583b01
1,1931,0,77241,6,1,0,2,0,0,0,0,0,0,1110,88,315,b92d0100060100020000000000000000000000005604583b01
1,1932,0,77280,6,1,0,2,0,0,0,0,0,0,1110,88,315,e02d0100060100020000000000000000000000005604583b01
1,1933,0,77320,6,1,0,2,0,0,0,0,0,0,1110,88,315,082e0100060100020000000000000000000000005604583b01
1,1934,0,77360,6,1,0,2,0,0,0,0,0,0,1110,88,315,302e0100060100020000000000000000000000005604583b01
1,1935,0,77400,6,1,0,2,0,0,0,0,0,0,1110,88,315,582e0100060100020000000000000000000000005604583b01
1,1936,0,77441,6,1,0,2,0,0,0,0,0,0,1110,88,315,812e0100060100020000000000000000000000005604583b01
1,1937,0,77480,6,1,0,2,0,0,0,0,0,0,1110,88,315,a82e0100060100020000000000000000000000005604583b01
1,1938,0,77520,6,1,0,2,0,0,0,0,0,0,1110,88,315,d02e0100060100020000000000000000000000005604583b01
1,1939,0,77560,6,1,0,2,0,0,0,0,0,0,1110,88,315,f82e0100060100020000000000000000000000005604583b01
1,1940,0,77600,6,1,0,2,0,0,0,0,0,0,1110,88,315,202f0100060100020000000000000000000000005604583b01
1,1941,0,77641,6,1,0,2,0,0,0,0,0,0,1110,88,315,492f0100060100020000000000000000000000005604583b01
1,1942,0,77681,6,1,0,2,0,0,0,0,0,0,1110,88,315,712f0100060100020000000000000000000000005604583b01
1,1943,0,77720,6,1,0,2,0,0,0,0,0,0,1110,88,315,982f0100060100020000000000000000000000005604583b01
1,1944,0,77760,6,1,0,2,0,0,0,0,0,0,1110,88,315,c02f0100060100020000000000000000000000005604583b01
1,1945,0,77800,6,1,0,2,0,0,0,0,0,0,1110,88,315,e82f0100060100020000000000000000000000005604583b01
1,1946,0,77841,6,1,0,2,0,0,0,0,0,0,1110,88,315,11300100060100020000000000000000000000005604583b01
1,1947,0,77880,6,1,0,2,0,0,0,0,0,0,1110,88,315,38300100060100020000000000000000000000005604583b01
1,1948,0,77920,6,1,0,2,0,0,0,0,0,0,1110,88,315,60300100060100020000000000000000000000005604583b01
1,1949,0,77960,6,1,0,2,0,0,0,0,0,0,1110,88,315,88300100060100020000000000000000000000005604583b01
1,1950,0,78000,6,1,0,2,0,0,0,0,0,0,1110,88,315,b0300100060100020000000000000000000000005604583b01
1,1951,0,78040,6,1,0,2,0,0,0,0,0,0,1110,88,315,d8300100060100020000000000000000000000005604583b01
1,1952,0,78080,6,1,0,2,0,0,0,0,0,0,1110,88,315,00310100060100020000000000000000000000005604583b01
1,1953,0,78120,6,1,0,2,0,0,0,0,0,0,1110,88,315,28310100060100020000000000000000000000005604583b01
1,1954,0,78160,6,1,0,2,0,0,0,0,0,0,1110,88,315,50310100060100020000000000000000000000005604583b01
1,1955,0,78200,6,1,0,2,0,0,0,0,0,0,1110,88,315,78310100060100020000000000000000000000005604583b01
1,1956,0,78240,6,1,0,2,0,0,0,0,0,0,1110,88,315,a0310100060100020000000000000000000000005604583b01
1,1957,0,78280,6,1,0,2,0,0,0,0,0,0,1110,88,315,c8310100060100020000000000000000000000005604583b01
1,1958,0,78320,6,1,0,2,0,0,0,0,0,0,1110,88,315,f0310100060100020000000000000000000000005604583b01
1,1959,0,78360,6,1,0,2,0,0,0,0,0,0,1110,88,315,18320100060100020000000000000000000000005604583b01
1,1960,0,78400,6,1,0,2,0,0,0,0,0,0,1110,88,315,40320100060100020000000000000000000000005604583b01
1,1961,0,78440,6,1,0,2,0,0,0,0,0,0,1110,88,315,68320100060100020000000000000000000000005604583b01
1,1962,0,78480,6,1,0,2,0,0,0,0,0,0,1110,88,315,90320100060100020000000000000000000000005604583b01
1,1963,0,78520,6,1,0,2,0,0,0,0,0,0,1110,88,315,b8320100060100020000000000000000000000005604583b01
1,1964,0,78561,6,1,0,2,0,0,0,0,0,0,1110,88,315,e1320100060100020000000000000000000000005604583b01
1,1965,0,78600,6,1,0,2,0,0,0,0,0,0,1110,88,315,08330100060100020000000000000000000000005604583b01
1,1966,0,78640,6,1,0,2,0,0,0,0,0,0,1110,88,315,30330100060100020000000000000000000000005604583b01
1,1967,0,78680,6,1,0,2,0,0,0,0,0,0,1110,88,315,58330100060100020000000000000000000000005604583b01
1,1968,0,78720,6,1,0,2,0,0,0,0,0,0,1110,88,315,80330100060100020000000000000000000000005604583b01
1,1969,0,78760,6,1,0,2,0,0,0,0,0,0,1110,88,315,a8330100060100020000000000000000000000005604583b01
1,1970,0,78800,6,1,0,2,0,0,0,0,0,0,1110,88,315,d0330100060100020000000000000000000000005604583b01
1,1971,0,78840,6,1,0,2,0,0,0,0,0,0,1110,88,315,f8330100060100020000000000000000000000005604583b01
1,1972,0,78881,6,1,0,2,0,0,0,0,0,0,1110,88,315,21340100060100020000000000000000000000005604583b01
1,1973,0,78920,6,1,0,2,0,0,0,0,0,0,1110,88,315,48340100060100020000000000000000000000005604583b01
1,1974,0,78960,6,1,0,2,0,0,0,0,0,0,1110,88,315,70340100060100020000000000000000000000005604583b01
1,1975,0,79000,6,1,0,2,0,0,0,0,0,0,1110,88,315,98340100060100020000000000000000000000005604583b01
1,1976,0,79040,6,1,0,2,0,0,0,0,0,0,1110,88,315,c0340100060100020000000000000000000000005604583b01
1,1977,0,79080,6,1,0,2,0,0,0,0,0,0,1110,88,315,e8340100060100020000000000000000000000005604583b01
1,1978,0,79120,6,1,0,2,0,0,0,0,0,0,1110,88,315,10350100060100020000000000000000000000005604583b01
1,1979,0,79160,6,1,0,2,0,0,0,0,0,0,1110,88,315,38350100060100020000000000000000000000005604583b01
1,1980,0,79200,6,1,0,2,0,0,0,0,0,0,1110,88,315,60350100060100020000000000000000000000005604583b01
1,1981,0,79241,6,1,0,2,0,0,0,0,0,0,1110,88,315,89350100060100020000000000000000000000005604583b01
1,1982,0,79280,6,1,0,2,0,0,0,0,0,0,1110,88,315,b0350100060100020000000000000000000000005604583b01
1,1983,0,79321,6,1,0,2,0,0,0,0,0,0,1110,88,315,d9350100060100020000000000000000000000005604583b01
1,1984,0,79361,6,1,0,2,0,0,0,0,0,0,1110,88,315,01360100060100020000000000000000000000005604583b01
1,1985,0,79400,6,1,0,2,0,0,0,0,0,0,1110,88,315,28360100060100020000000000000000000000005604583b01
1,1986,0,79440,6,1,0,2,0,0,0,0,0,0,1110,88,315,50360100060100020000000000000000000000005604583b01
1,1987,0,79480,6,1,0,2,0,0,0,0,0,0,1110,88,315,78360100060100020000000000000000000000005604583b01
1,1988,0,79520,6,1,0,2,0,0,0,0,0,0,1110,88,315,a0360100060100020000000000000000000000005604583b01
1,1989,0,79560,6,1,0,2,0,0,0,0,0,0,1110,88,315,c8360100060100020000000000000000000000005604583b01
1,1990,0,79601,6,1,0,2,0,0,0,0,0,0,1110,88,315,f1360100060100020000000000000000000000005604583b01
1,1991,0,79640,6,1,0,2,0,0,0,0,0,0,1110,88,315,18370100060100020000000000000000000000005604583b01
1,1992,0,79680,6,1,0,2,0,0,0,0,0,0,1110,88,315,40370100060100020000000000000000000000005604583b01
1,1993,0,79720,6,1,0,2,0,0,0,0,0,0,1110,88,315,68370100060100020000000000000000000000005604583b01
1,1994,0,79760,6,1,0,2,0,0,0,0,0,0,1110,88,315,90370100060100020000000000000000000000005604583b01
1,1995,0,79800,6,1,0,2,0,0,0,0,0,0,1110,88,315,b8370100060100020000000000000000000000005604583b01
1,1996,0,79840,6,1,0,2,0,0,0,0,0,0,1110,88,315,e0370100060100020000000000000000000000005604583b01
1,1997,0,79880,6,1,0,2,0,0,0,0,0,0,1110,88,315,08380100060100020000000000000000000000005604583b01
1,1998,0,79921,6,1,0,2,0,0,0,0,0,0,1110,88,315,31380100060100020000000000000000000000005604583b01
1,1999,0,79960,6,1,0,2,0,0,0,0,0,0,1110,88,315,58380100060100020000000000000000000000005604583b01
1,2000,0,80001,6,1,0,2,0,0,0,0,0,0,1110,88,315,81380100060100020000000000000000000000005604583b01
1,2001,0,80040,6,1,0,2,0,0,0,0,0,0,1110,88,315,a8380100060100020000000000000000000000005604583b01
1,2002,0,80080,6,1,0,2,0,0,0,0,0,0,1110,88,315,d0380100060100020000000000000000000000005604583b01
1,2003,0,80121,6,1,0,2,0,0,0,0,0,0,1110,88,315,f9380100060100020000000000000000000000005604583b01
1,2004,0,80160,6,1,0,2,0,0,0,0,0,0,1110,88,315,20390100060100020000000000000000000000005604583b01
1,2005,0,80200,6,1,0,2,0,0,0,0,0,0,1110,88,315,48390100060100020000000000000000000000005604583b01
1,2006,0,80241,6,1,0,2,0,0,0,0,0,0,1110,88,315,71390100060100020000000000000000000000005604583b01
1,2007,0,80280,6,1,0,2,0,0,0,0,0,0,1110,88,315,98390100060100020000000000000000000000005604583b01
1,2008,0,80321,6,1,0,2,0,0,0,0,0,0,1110,88,315,c1390100060100020000000000000000000000005604583b01
1,2009,0,80360,6,1,0,2,0,0,0,0,0,0,1110,88,315,e8390100060100020000000000000000000000005604583b01
1,2010,0,80400,6,1,0,2,0,0,0,0,0,0,1110,88,315,103a0100060100020000000000000000000000005604583b01
1,2011,0,80441,6,1,0,2,0,0,0,0,0,0,1110,88,315,393a0100060100020000000000000000000000005604583b01
1,2012,0,80480,6,1,0,2,0,0,0,0,0,0,1110,88,315,603a0100060100020000000000000000000000005604583b01
1,2013,0,80521,6,1,0,2,0,0,0,0,0,0,1110,88,315,893a0100060100020000000000000000000000005604583b01
1,2014,0,80560,6,1,0,2,0,0,0,0,0,0,1110,88,315,b03a0100060100020000000000000000000000005604583b01
1,2015,0,80600,6,1,0,2,0,0,0,0,0,0,1110,88,315,d83a0100060100020000000000000000000000005604583b01
1,2016,0,80640,6,1,0,2,0,0,0,0,0,0,1110,88,315,003b0100060100020000000000000000000000005604583b01
1,2017,0,80680,6,1,0,2,0,0,0,0,0,0,1110,88,315,283b0100060100020000000000000000000000005604583b01
1,2018,0,80720,6,1,0,2,0,0,0,0,0,0,1110,88,315,503b0100060100020000000000000000000000005604583b01
1,2019,0,80760,6,1,0,2,0,0,0,0,0,0,1110,88,315,783b0100060100020000000000000000000000005604583b01
1,2020,0,80800,6,1,0,2,0,0,0,0,0,0,1110,88,315,a03b0100060100020000000000000000000000005604583b01
1,2021,0,80840,6,1,0,2,0,0,0,0,0,0,1110,88,315,c83b0100060100020000000000000000000000005604583b01
1,2022,0,80880,6,1,0,2,0,0,0,0,0,0,1110,88,315,f03b0100060100020000000000000000000000005604583b01
1,2023,0,80920,6,1,0,2,0,0,0,0,0,0,1110,88,315,183c0100060100020000000000000000000000005604583b01
1,2024,0,80961,6,1,0,2,0,0,0,0,0,0,1110,88,315,413c0100060100020000000000000000000000005604583b01
1,2025,0,81000,6,1,0,2,0,0,0,0,0,0,1110,88,315,683c0100060100020000000000000000000000005604583b01
1,2026,0,81040,6,1,0,2,0,0,0,0,0,0,1110,88,315,903c0100060100020000000000000000000000005604583b01
1,2027,0,81080,6,1,0,2,0,0,0,0,0,0,1110,88,315,b83c0100060100020000000000000000000000005604583b01
1,2028,0,81120,6,1,0,2,0,0,0,0,0,0,1110,88,315,e03c0100060100020000000000000000000000005604583b01
1,2029,0,81160,6,1,0,2,0,0,0,0,0,0,1110,88,315,083d0100060100020000000000000000000000005604583b01
1,2030,0,81200,6,1,0,2,0,0,0,0,0,0,1110,88,315,303d0100060100020000000000000000000000005604583b01
1,2031,0,81240,6,1,0,2,0,0,0,0,0,0,1110,88,315,583d0100060100020000000000000000000000005604583b01
1,2032,0,81280,6,1,0,2,0,0,0,0,0,0,1110,88,315,803d0100060100020000000000000000000000005604583b01
1,2033,0,81320,6,1,0,2,0,0,0,0,0,0,1110,88,315,a83d0100060100020000000000000000000000005604583b01
1,2034,0,81360,6,1,0,2,0,0,0,0,0,0,1110,88,315,d03d0100060100020000000000000000000000005604583b01
1,2035,0,81401,6,1,0,2,0,0,0,0,0,0,1110,88,315,f93d0100060100020000000000000000000000005604583b01
1,2036,0,81440,6,1,0,2,0,0,0,0,0,0,1110,88,315,203e0100060100020000000000000000000000005604583b01
1,2037,0,81481,6,1,0,2,0,0,0,0,0,0,1110,88,315,493e0100060100020000000000000000000000005604583b01
1,2038,0,81520,6,1,0,2,0,0,0,0,0,0,1110,88,315,703e0100060100020000000000000000000000005604583b01
1,2039,0,81560,6,1,0,2,0,0,0,0,0,0,1110,88,315,983e0100060100020000000000000000000000005604583b01
1,2040,0,81600,6,1,0,2,0,0,0,0,0,0,1110,88,315,c03e0100060100020000000000000000000000005604583b01
1,2041,0,81641,6,1,0,2,0,0,0,0,0,0,1110,88,315,e93e0100060100020000000000000000000000005604583b01
1,2042,0,81680,6,1,0,2,0,0,0,0,0,0,1110,88,315,103f0100060100020000000000000000000000005604583b01
1,2043,0,81721,6,1,0,2,0,0,0,0,0,0,1110,88,315,393f0100060100020000000000000000000000005604583b01
1,2044,0,81760,6,1,0,2,0,0,0,0,0,0,1110,88,315,603f0100060100020000000000000000000000005604583b01
1,2045,0,81801,6,1,0,2,0,0,0,0,0,0,1110,88,315,893f0100060100020000000000000000000000005604583b01
1,2046,0,81840,6,1,0,2,0,0,0,0,0,0,1110,88,315,b03f0100060100020000000000000000000000005604583b01
1,2047,0,81881,6,1,0,2,0,0,0,0,0,0,1110,88,315,d93f0100060100020000000000000000000000005604583b01
1,2048,0,81920,6,1,0,2,0,0,0,0,0,0,1110,88,315,00400100060100020000000000000000000000005604583b01
1,2049,0,81960,6,1,0,2,0,0,0,0,0,0,1110,88,315,28400100060100020000000000000000000000005604583b01
1,2050,0,82001,6,1,0,2,0,0,0,0,0,0,1110,88,315,51400100060100020000000000000000000000005604583b01
1,2051,0,82040,6,1,0,2,0,0,0,0,0,0,1110,88,315,78400100060100020000000000000000000000005604583b01
1,2052,0,82080,6,1,0,2,0,0,0,0,0,0,1110,88,315,a0400100060100020000000000000000000000005604583b01
1,2053,0,82120,6,1,0,2,0,0,0,0,0,0,1110,88,315,c8400100060100020000000000000000000000005604583b01
1,2054,0,82160,6,1,0,2,0,0,0,0,0,0,1110,88,315,f0400100060100020000000000000000000000005604583b01
1,2055,0,82200,6,1,0,2,0,0,0,0,0,0,1110,88,315,18410100060100020000000000000000000000005604583b01
1,2056,0,82240,6,1,0,2,0,0,0,0,0,0,1110,88,315,40410100060100020000000000000000000000005604583b01
1,2057,0,82280,6,1,0,2,0,0,0,0,0,0,1110,88,315,68410100060100020000000000000000000000005604583b01
1,2058,0,82320,6,1,0,2,0,0,0,0,0,0,1110,88,315,90410100060100020000000000000000000000005604583b01
1,2059,0,82360,6,1,0,2,0,0,0,0,0,0,1110,88,315,b8410100060100020000000000000000000000005604583b01
1,2060,0,82400,6,1,0,2,0,0,0,0,0,0,1110,88,315,e0410100060100020000000000000000000000005604583b01
1,2061,0,82440,6,1,0,2,0,0,0,0,0,0,1110,88,315,08420100060100020000000000000000000000005604583b01
1,2062,0,82480,6,1,0,2,0,0,0,0,0,0,1110,88,315,30420100060100020000000000000000000000005604583b01
1,2063,0,82520,6,1,0,2,0,0,0,0,0,0,1110,88,315,58420100060100020000000000000000000000005604583b01
1,2064,0,82560,6,1,0,2,0,0,0,0,0,0,1110,88,315,80420100060100020000000000000000000000005604583b01
1,2065,0,82600,6,1,0,2,0,0,0,0,0,0,1110,88,315,a8420100060100020000000000000000000000005604583b01
1,2066,0,82640,6,1,0,2,0,0,0,0,0,0,1110,88,315,d0420100060100020000000000000000000000005604583b01
1,2067,0,82681,6,1,0,2,0,0,0,0,0,0,1110,88,315,f9420100060100020000000000000000000000005604583b01
1,2068,0,82720,6,1,0,2,0,0,0,0,0,0,1110,88,315,20430100060100020000000000000000000000005604583b01
1,2069,0,82761,6,1,0,2,0,0,0,0,0,0,1110,88,315,49430100060100020000000000000000000000005604583b01
1,2070,0,82800,6,1,0,2,0,0,0,0,0,0,1110,88,315,70430100060100020000000000000000000000005604583b01
1,2071,0,82840,6,1,0,2,0,0,0,0,0,0,1110,88,315,98430100060100020000000000000000000000005604583b01
1,2072,0,82881,6,1,0,2,0,0,0,0,0,0,1110,88,315,c1430100060100020000000000000000000000005604583b01
1,2073,0,82921,6,1,0,2,0,0,0,0,0,0,1110,88,315,e9430100060100020000000000000000000000005604583b01
1,2074,0,82961,6,1,0,2,0,0,0,0,0,0,1110,88,315,11440100060100020000000000000000000000005604583b01
1,2075,0,83000,6,1,0,2,0,0,0,0,0,0,1110,88,315,38440100060100020000000000000000000000005604583b01
1,2076,0,83040,6,1,0,2,0,0,0,0,0,0,1110,88,315,60440100060100020000000000000000000000005604583b01
1,2077,0,83080,6,1,0,2,0,0,0,0,0,0,1110,88,315,88440100060100020000000000000000000000005604583b01
1,2078,0,83121,6,1,0,2,0,0,0,0,0,0,1110,88,315,b1440100060100020000000000000000000000005604583b01
1,2079,0,83160,6,1,0,2,0,0,0,0,0,0,1110,88,315,d8440100060100020000000000000000000000005604583b01
1,2080,0,83200,6,1,0,2,0,0,0,0,0,0,1110,88,315,00450100060100020000000000000000000000005604583b01
1,2081,0,83240,6,1,0,2,0,0,0,0,0,0,1110,88,315,28450100060100020000000000000000000000005604583b01
1,2082,0,83280,6,1,0,2,0,0,0,0,0,0,1110,88,315,50450100060100020000000000000000000000005604583b01
1,2083,0,83320,6,1,0,2,0,0,0,0,0,0,1110,88,315,78450100060100020000000000000000000000005604583b01
1,2084,0,83360,6,1,0,2,0,0,0,0,0,0,1110,88,315,a0450100060100020000000000000000000000005604583b01
1,2085,0,83400,6,1,0,2,0,0,0,0,0,0,1110,88,315,c8450100060100020000000000000000000000005604583b01
1,2086,0,83441,6,1,0,2,0,0,0,0,0,0,1110,88,315,f1450100060100020000000000000000000000005604583b01
1,2087,0,83480,6,1,0,2,0,0,0,0,0,0,1110,88,315,18460100060100020000000000000000000000005604583b01
1,2088,0,83521,6,1,0,2,0,0,0,0,0,0,1110,88,315,41460100060100020000000000000000000000005604583b01
1,2089,0,83560,6,1,0,2,0,0,0,0,0,0,1110,88,315,68460100060100020000000000000000000000005604583b01
1,2090,0,83600,6,1,0,2,0,0,0,0,0,0,1110,88,315,90460100060100020000000000000000000000005604583b01
1,2091,0,83641,6,1,0,2,0,0,0,0,0,0,1110,88,315,b9460100060100020000000000000000000000005604583b01
1,2092,0,83680,6,1,0,2,0,0,0,0,0,0,1110,88,315,e0460100060100020000000000000000000000005604583b01
1,2093,0,83720,6,1,0,2,0,0,0,0,0,0,1110,88,315,08470100060100020000000000000000000000005604583b01
1,2094,0,83760,6,1,0,2,0,0,0,0,0,0,1110,88,315,30470100060100020000000000000000000000005604583b01
1,2095,0,83800,6,1,0,2,0,0,0,0,0,0,1110,88,315,58470100060100020000000000000000000000005604583b01
1,2096,0,83840,6,1,0,2,0,0,0,0,0,0,1110,88,315,80470100060100020000000000000000000000005604583b01
1,2097,0,83880,6,1,0,2,0,0,0,0,0,0,1110,88,315,a8470100060100020000000000000000000000005604583b01
1,2098,0,83921,6,1,0,2,0,0,0,0,0,0,1110,88,315,d1470100060100020000000000000000000000005604583b01
1,2099,0,83960,6,1,0,2,0,0,0,0,0,0,1110,88,315,f8470100060100020000000000000000000000005604583b01
1,2100,0,84000,6,1,0,2,0,0,0,0,0,0,1110,88,315,20480100060100020000000000000000000000005604583b01
1,2101,0,84040,6,1,0,2,0,0,0,0,0,0,1110,88,315,48480100060100020000000000000000000000005604583b01
1,2102,0,84081,6,1,0,2,0,0,0,0,0,0,1110,88,315,71480100060100020000000000000000000000005604583b01
1,2103,0,84120,6,1,0,2,0,0,0,0,0,0,1110,88,315,98480100060100020000000000000000000000005604583b01
1,2104,0,84161,6,1,0,2,0,0,0,0,0,0,1110,88,315,c1480100060100020000000000000000000000005604583b01
1,2105,0,84200,6,1,0,2,0,0,0,0,0,0,1110,88,315,e8480100060100020000000000000000000000005604583b01
1,2106,0,84240,6,1,0,2,0,0,0,0,0,0,1110,88,315,10490100060100020000000000000000000000005604583b01
1,2107,0,84280,6,1,0,2,0,0,0,0,0,0,1110,88,315,38490100060100020000000000000000000000005604583b01
1,2108,0,84320,6,1,0,2,0,0,0,0,0,0,1110,88,315,60490100060100020000000000000000000000005604583b01
1,2109,0,84360,6,1,0,2,0,0,0,0,0,0,1110,88,315,88490100060100020000000000000000000000005604583b01
1,2110,0,84400,6,1,0,2,0,0,0,0,0,0,1110,88,315,b0490100060100020000000000000000000000005604583b01
1,2111,0,84440,6,1,0,2,0,0,0,0,0,0,1110,88,315,d8490100060100020000000000000000000000005604583b01
1,2112,0,84480,6,1,0,2,0,0,0,0,0,0,1110,88,315,004a0100060100020000000000000000000000005604583b01
1,2113,0,84520,6,1,0,2,0,0,0,0,0,0,1110,88,315,284a0100060100020000000000000000000000005604583b01
1,2114,0,84560,6,1,0,2,0,0,0,0,0,0,1110,88,315,504a0100060100020000000000000000000000005604583b01
1,2115,0,84600,6,1,0,2,0,0,0,0,0,0,1110,88,315,784a0100060100020000000000000000000000005604583b01
1,2116,0,84640,6,1,0,2,0,0,0,0,0,0,1110,88,315,a04a0100060100020000000000000000000000005604583b01
1,2117,0,84680,6,1,0,2,0,0,0,0,0,0,1110,88,315,c84a0100060100020000000000000000000000005604583b01
1,2118,0,84720,6,1,0,2,0,0,0,0,0,0,1110,88,315,f04a0100060100020000000000000000000000005604583b01
1,2119,0,84760,6,1,0,2,0,0,0,0,0,0,1110,88,315,184b0100060100020000000000000000000000005604583b01
1,2120,0,84800,6,1,0,2,0,0,0,0,0,0,1110,88,315,404b0100060100020000000000000000000000005604583b01
1,2121,0,84840,6,1,0,2,0,0,0,0,0,0,1110,88,315,684b0100060100020000000000000000000000005604583b01
1,2122,0,84880,6,1,0,2,0,0,0,0,0,0,1110,88,315,904b0100060100020000000000000000000000005604583b01
1,2123,0,84920,6,1,0,2,0,0,0,0,0,0,1110,88,315,b84b0100060100020000000000000000000000005604583b01
1,2124,0,84960,6,1,0,2,0,0,0,0,0,0,1110,88,315,e04b0100060100020000000000000000000000005604583b01
1,2125,0,85000,6,1,0,2,0,0,0,0,0,0,1110,88,315,084c0100060100020000000000000000000000005604583b01
1,2126,0,85040,6,1,0,2,0,0,0,0,0,0,1110,88,315,304c0100060100020000000000000000000000005604583b01
1,2127,0,85081,6,1,0,2,0,0,0,0,0,0,1110,88,315,594c0100060100020000000000000000000000005604583b01
1,2128,0,85120,6,1,0,2,0,0,0,0,0,0,1110,88,315,804c0100060100020000000000000000000000005604583b01
1,2129,0,85161,6,1,0,2,0,0,0,0,0,0,1110,88,315,a94c0100060100020000000000000000000000005604583b01
1,2130,0,85200,6,1,0,2,0,0,0,0,0,0,1110,88,315,d04c0100060100020000000000000000000000005604583b01
1,2131,0,85240,6,1,0,2,0,0,0,0,0,0,1110,88,315,f84c0100060100020000000000000000000000005604583b01
1,2132,0,85280,6,1,0,2,0,0,0,0,0,0,1110,88,315,204d0100060100020000000000000000000000005604583b01
1,2133,0,85321,6,1,0,2,0,0,0,0,0,0,1110,88,315,494d0100060100020000000000000000000000005604583b01
1,2134,0,85360,6,1,0,2,0,0,0,0,0,0,1110,88,315,704d0100060100020000000000000000000000005604583b01
1,2135,0,85401,6,1,0,2,0,0,0,0,0,0,1110,88,315,994d0100060100020000000000000000000000005604583b01
1,2136,0,85440,6,1,0,2,0,0,0,0,0,0,1110,88,315,c04d0100060100020000000000000000000000005604583b01
1,2137,0,85480,6,1,0,2,0,0,0,0,0,0,1110,88,315,e84d0100060100020000000000000000000000005604583b01
1,2138,0,85520,6,1,0,2,0,0,0,0,0,0,1110,88,315,104e0100060100020000000000000000000000005604583b01
1,2139,0,85560,6,1,0,2,0,0,0,0,0,0,1110,88,315,384e0100060100020000000000000000000000005604583b01
1,2140,0,85601,6,1,0,2,0,0,0,0,0,0,1110,88,315,614e0100060100020000000000000000000000005604583b01
1,2141,0,85640,6,1,0,2,0,0,0,0,0,0,1110,88,315,884e0100060100020000000000000000000000005604583b01
1,2142,0,85681,6,1,0,2,0,0,0,0,0,0,1110,88,315,b14e0100060100020000000000000000000000005604583b01
1,2143,0,85721,6,1,0,2,0,0,0,0,0,0,1110,88,315,d94e0100060100020000000000000000000000005604583b01
1,2144,0,85760,6,1,0,2,0,0,0,0,0,0,1110,88,315,004f0100060100020000000000000000000000005604583b01
1,2145,0,85801,6,1,0,2,0,0,0,0,0,0,1110,88,315,294f0100060100020000000000000000000000005604583b01
1,2146,0,85840,6,1,0,2,0,0,0,0,0,0,1110,88,315,504f0100060100020000000000000000000000005604583b01
1,2147,0,85881,6,1,0,2,0,0,0,0,0,0,1110,88,315,794f0100060100020000000000000000000000005604583b01
1,2148,0,85920,6,1,0,2,0,0,0,0,0,0,1110,88,315,a04f0100060100020000000000000000000000005604583b01
1,2149,0,85960,6,1,0,2,0,0,0,0,0,0,1110,88,315,c84f0100060100020000000000000000000000005604583b01
1,2150,0,86000,6,1,0,2,0,0,0,0,0,0,1110,88,315,f04f0100060100020000000000000000000000005604583b01
1,2151,0,86040,6,1,0,2,0,0,0,0,0,0,1110,88,315,18500100060100020000000000000000000000005604583b01
1,2152,0,86080,6,1,0,2,0,0,0,0,0,0,1110,88,315,40500100060100020000000000000000000000005604583b01
1,2153,0,86120,6,1,0,2,0,0,0,0,0,0,1110,88,315,68500100060100020000000000000000000000005604583b01
1,2154,0,86160,6,1,0,2,0,0,0,0,0,0,1110,88,315,90500100060100020000000000000000000000005604583b01
1,2155,0,86200,6,1,0,2,0,0,0,0,0,0,1110,88,315,b8500100060100020000000000000000000000005604583b01
1,2156,0,86240,6,1,0,2,0,0,0,0,0,0,1110,88,315,e0500100060100020000000000000000000000005604583b01
1,2157,0,86281,6,1,0,2,0,0,0,0,0,0,1110,88,315,09510100060100020000000000000000000000005604583b01
1,2158,0,86320,6,1,0,2,0,0,0,0,0,0,1110,88,315,30510100060100020000000000000000000000005604583b01
1,2159,0,86361,6,1,0,2,0,0,0,0,0,0,1110,88,315,59510100060100020000000000000000000000005604583b01
1,2160,0,86400,6,1,0,2,0,0,0,0,0,0,1110,88,315,80510100060100020000000000000000000000005604583b01
1,2161,0,86440,6,1,0,2,0,0,0,0,0,0,1110,88,315,a8510100060100020000000000000000000000005604583b01
1,2162,0,86481,6,1,0,2,0,0,0,0,0,0,1110,88,315,d1510100060100020000000000000000000000005604583b01
1,2163,0,86520,6,1,0,2,0,0,0,0,0,0,1110,88,315,f8510100060100020000000000000000000000005604583b01
1,2164,0,86560,6,1,0,2,0,0,0,0,0,0,1110,88,315,20520100060100020000000000000000000000005604583b01
1,2165,0,86601,6,1,0,2,0,0,0,0,0,0,1110,88,315,49520100060100020000000000000000000000005604583b01
1,2166,0,86640,6,1,0,2,0,0,0,0,0,0,1110,88,315,70520100060100020000000000000000000000005604583b01
1,2167,0,86681,6,1,0,2,0,0,0,0,0,0,1110,88,315,99520100060100020000000000000000000000005604583b01
1,2168,0,86721,6,1,0,2,0,0,0,0,0,0,1110,88,315,c1520100060100020000000000000000000000005604583b01
1,2169,0,86760,6,1,0,2,0,0,0,0,0,0,1110,88,315,e8520100060100020000000000000000000000005604583b01
1,2170,0,86801,6,1,0,2,0,0,0,0,0,0,1110,88,315,11530100060100020000000000000000000000005604583b01
1,2171,0,86841,6,1,0,2,0,0,0,0,0,0,1110,88,315,39530100060100020000000000000000000000005604583b01
1,2172,0,86880,6,1,0,2,0,0,0,0,0,0,1110,88,315,60530100060100020000000000000000000000005604583b01
1,2173,0,86920,6,1,0,2,0,0,0,0,0,0,1110,88,315,88530100060100020000000000000000000000005604583b01
1,2174,0,86960,6,1,0,2,0,0,0,0,0,0,1110,88,315,b0530100060100020000000000000000000000005604583b01
1,2175,0,87000,6,1,0,2,0,0,0,0,0,0,1110,88,315,d8530100060100020000000000000000000000005604583b01
1,2176,0,87040,6,1,0,2,0,0,0,0,0,0,1110,88,315,00540100060100020000000000000000000000005604583b01
1,2177,0,87080,6,1,0,2,0,0,0,0,0,0,1110,88,315,28540100060100020000000000000000000000005604583b01
1,2178,0,87121,6,1,0,2,0,0,0,0,0,0,1110,88,315,51540100060100020000000000000000000000005604583b01
1,2179,0,87160,6,1,0,2,0,0,0,0,0,0,1110,88,315,78540100060100020000000000000000000000005604583b01
1,2180,0,87200,6,1,0,2,0,0,0,0,0,0,1110,88,315,a0540100060100020000000000000000000000005604583b01
1,2181,0,87240,6,1,0,2,0,0,0,0,0,0,1110,88,315,c8540100060100020000000000000000000000005604583b01
1,2182,0,87280,6,1,0,2,0,0,0,0,0,0,1110,88,315,f0540100060100020000000000000000000000005604583b01
1,2183,0,87320,6,1,0,2,0,0,0,0,0,0,1110,88,315,18550100060100020000000000000000000000005604583b01
1,2184,0,87360,6,1,0,2,0,0,0,0,0,0,1110,88,315,40550100060100020000000000000000000000005604583b01
1,2185,0,87400,6,1,0,2,0,0,0,0,0,0,1110,88,315,68550100060100020000000000000000000000005604583b01
1,2186,0,87440,6,1,0,2,0,0,0,0,0,0,1110,88,315,90550100060100020000000000000000000000005604583b01
1,2187,0,87480,6,1,0,2,0,0,0,0,0,0,1110,88,315,b8550100060100020000000000000000000000005604583b01
1,2188,0,87520,6,1,0,2,0,0,0,0,0,0,1110,88,315,e0550100060100020000000000000000000000005604583b01
1,2189,0,87560,6,1,0,2,0,0,0,0,0,0,1110,88,315,08560100060100020000000000000000000000005604583b01
1,2190,0,87600,6,1,0,2,0,0,0,0,0,0,1110,88,315,30560100060100020000000000000000000000005604583b01
1,2191,0,87640,6,1,0,2,0,0,0,0,0,0,1110,88,315,58560100060100020000000000000000000000005604583b01
1,2192,0,87680,6,1,0,2,0,0,0,0,0,0,1110,88,315,80560100060100020000000000000000000000005604583b01
1,2193,0,87720,6,1,0,2,0,0,0,0,0,0,1110,88,315,a8560100060100020000000000000000000000005604583b01
1,2194,0,87761,6,1,0,2,0,0,0,0,0,0,1110,88,315,d1560100060100020000000000000000000000005604583b01
1,2195,0,87800,6,1,0,2,0,0,0,0,0,0,1110,88,315,f8560100060100020000000000000000000000005604583b01
1,2196,0,87841,6,1,0,2,0,0,0,0,0,0,1110,88,315,21570100060100020000000000000000000000005604583b01
1,2197,0,87880,6,1,0,2,0,0,0,0,0,0,1110,88,315,48570100060100020000000000000000000000005604583b01
1,2198,0,87920,6,1,0,2,0,0,0,0,0,0,1110,88,315,70570100060100020000000000000000000000005604583b01
1,2199,0,87960,6,1,0,2,0,0,0,0,0,0,1110,88,315,98570100060100020000000000000000000000005604583b01
1,2200,0,88001,6,1,0,2,0,0,0,0,0,0,1110,88,315,c1570100060100020000000000000000000000005604583b01
1,2201,0,88040,6,1,0,2,0,0,0,0,0,0,1110,88,315,e8570100060100020000000000000000000000005604583b01
1,2202,0,88081,6,1,0,2,0,0,0,0,0,0,1110,88,315,11580100060100020000000000000000000000005604583b01
1,2203,0,88120,6,1,0,2,0,0,0,0,0,0,1110,88,315,38580100060100020000000000000000000000005604583b01
1,2204,0,88161,6,1,0,2,0,0,0,0,0,0,1110,88,315,61580100060100020000000000000000000000005604583b01
1,2205,0,88200,6,1,0,2,0,0,0,0,0,0,1110,88,315,88580100060100020000000000000000000000005604583b01
1,2206,0,88240,6,1,0,2,0,0,0,0,0,0,1110,88,315,b0580100060100020000000000000000000000005604583b01
1,2207,0,88281,6,1,0,2,0,0,0,0,0,0,1110,88,315,d9580100060100020000000000000000000000005604583b01
1,2208,0,88320,6,1,0,2,0,0,0,0,0,0,1110,88,315,00590100060100020000000000000000000000005604583b01
1,2209,0,88361,6,1,0,2,0,0,0,0,0,0,1110,88,315,29590100060100020000000000000000000000005604583b01
1,2210,0,88401,6,1,0,2,0,0,0,0,0,0,1110,88,315,51590100060100020000000000000000000000005604583b01
1,2211,0,88440,6,1,0,2,0,0,0,0,0,0,1110,88,315,78590100060100020000000000000000000000005604583b01
1,2212,0,88480,6,1,0,2,0,0,0,0,0,0,1110,88,315,a0590100060100020000000000000000000000005604583b01
1,2213,0,88520,6,1,0,2,0,0,0,0,0,0,1110,88,315,c8590100060100020000000000000000000000005604583b01
1,2214,0,88560,6,1,0,2,0,0,0,0,0,0,1110,88,315,f0590100060100020000000000000000000000005604583b01
1,2215,0,88600,6,1,0,2,0,0,0,0,0,0,1110,88,315,185a0100060100020000000000000000000000005604583b01
1,2216,0,88640,6,1,0,2,0,0,0,0,0,0,1110,88,315,405a0100060100020000000000000000000000005604583b01
1,2217,0,88680,6,1,0,2,0,0,0,0,0,0,1110,88,315,685a0100060100020000000000000000000000005604583b01
1,2218,0,88720,6,1,0,2,0,0,0,0,0,0,1110,88,315,905a0100060100020000000000000000000000005604583b01
1,2219,0,88760,6,1,0,2,0,0,0,0,0,0,1110,88,315,b85a0100060100020000000000000000000000005604583b01
1,2220,0,88801,6,1,0,2,0,0,0,0,0,0,1110,88,315,e15a0100060100020000000000000000000000005604583b01
1,2221,0,88840,6,1,0,2,0,0,0,0,0,0,1110,88,315,085b0100060100020000000000000000000000005604583b01
1,2222,0,88880,6,1,0,2,0,0,0,0,0,0,1110,88,315,305b0100060100020000000000000000000000005604583b01
1,2223,0,88920,6,1,0,2,0,0,0,0,0,0,1110,88,315,585b0100060100020000000000000000000000005604583b01
1,2224,0,88960,6,1,0,2,0,0,0,0,0,0,1110,88,315,805b0100060100020000000000000000000000005604583b01
1,2225,0,89000,6,1,0,2,0,0,0,0,0,0,1110,88,315,a85b0100060100020000000000000000000000005604583b01
1,2226,0,89041,6,1,0,2,0,0,0,0,0,0,1110,88,315,d15b0100060100020000000000000000000000005604583b01
1,2227,0,89080,6,1,0,2,0,0,0,0,0,0,1110,88,315,f85b0100060100020000000000000000000000005604583b01
1,2228,0,89121,6,1,0,2,0,0,0,0,0,0,1110,88,315,215c0100060100020000000000000000000000005604583b01
1,2229,0,89160,6,1,0,2,0,0,0,0,0,0,1110,88,315,485c0100060100020000000000000000000000005604583b01
1,2230,0,89200,6,1,0,2,0,0,0,0,0,0,1110,88,315,705c0100060100020000000000000000000000005604583b01
1,2231,0,89241,6,1,0,2,0,0,0,0,0,0,1110,88,315,995c0100060100020000000000000000000000005604583b01
1,2232,0,89280,6,1,0,2,0,0,0,0,0,0,1110,88,315,c05c0100060100020000000000000000000000005604583b01
1,2233,0,89320,6,1,0,2,0,0,0,0,0,0,1110,88,315,e85c0100060100020000000000000000000000005604583b01
1,2234,0,89361,6,1,0,2,0,0,0,0,0,0,1110,88,315,115d0100060100020000000000000000000000005604583b01
1,2235,0,89400,6,1,0,2,0,0,0,0,0,0,1110,88,315,385d0100060100020000000000000000000000005604583b01
1,2236,0,89440,6,1,0,2,0,0,0,0,0,0,1110,88,315,605d0100060100020000000000000000000000005604583b01
1,2237,0,89480,6,1,0,2,0,0,0,0,0,0,1110,88,315,885d0100060100020000000000000000000000005604583b01
1,2238,0,89521,6,1,0,2,0,0,0,0,0,0,1110,88,315,b15d0100060100020000000000000000000000005604583b01
1,2239,0,89560,6,1,0,2,0,0,0,0,0,0,1110,88,315,d85d0100060100020000000000000000000000005604583b01
1,2240,0,89600,6,1,0,2,0,0,0,0,0,0,1110,88,315,005e0100060100020000000000000000000000005604583b01
1,2241,0,89640,6,1,0,2,0,0,0,0,0,0,1110,88,315,285e0100060100020000000000000000000000005604583b01
1,2242,0,89680,6,1,0,2,0,0,0,0,0,0,1110,88,315,505e0100060100020000000000000000000000005604583b01
1,2243,0,89720,6,1,0,2,0,0,0,0,0,0,1110,88,315,785e0100060100020000000000000000000000005604583b01
1,2244,0,89760,6,1,0,2,0,0,0,0,0,0,1110,88,315,a05e0100060100020000000000000000000000005604583b01
1,2245,0,89801,6,1,0,2,0,0,0,0,0,0,1110,88,315,c95e0100060100020000000000000000000000005604583b01
1,2246,0,89840,6,1,0,2,0,0,0,0,0,0,1110,88,315,f05e0100060100020000000000000000000000005604583b01
1,2247,0,89880,6,1,0,2,0,0,0,0,0,0,1110,88,315,185f0100060100020000000000000000000000005604583b01
1,2248,0,89920,6,1,0,2,0,0,0,0,0,0,1110,88,315,405f0100060100020000000000000000000000005604583b01
1,2249,0,89960,6,1,0,2,0,0,0,0,0,0,1110,88,315,685f0100060100020000000000000000000000005604583b01
1,2250,0,90001,6,1,0,2,0,0,0,0,0,0,1110,88,315,915f0100060100020000000000000000000000005604583b01
1,2251,0,90040,6,1,0,2,0,0,0,0,0,0,1110,88,315,b85f0100060100020000000000000000000000005604583b01
1,2252,0,90080,6,1,0,2,0,0,0,0,0,0,1110,88,315,e05f0100060100020000000000000000000000005604583b01
1,2253,0,90120,6,1,0,2,0,0,0,0,0,0,1110,88,315,08600100060100020000000000000000000000005604583b01
1,2254,0,90160,6,1,0,2,0,0,0,0,0,0,1110,88,315,30600100060100020000000000000000000000005604583b01
1,2255,0,90200,6,1,0,2,0,0,0,0,0,0,1110,88,315,58600100060100020000000000000000000000005604583b01
1,2256,0,90240,6,1,0,2,0,0,0,0,0,0,1110,88,315,80600100060100020000000000000000000000005604583b01
1,2257,0,90280,6,1,0,2,0,0,0,0,0,0,1110,88,315,a8600100060100020000000000000000000000005604583b01
1,2258,0,90320,6,1,0,2,0,0,0,0,0,0,1110,88,315,d0600100060100020000000000000000000000005604583b01
1,2259,0,90360,6,1,0,2,0,0,0,0,0,0,1110,88,315,f8600100060100020000000000000000000000005604583b01
1,2260,0,90400,6,1,0,2,0,0,0,0,0,0,1110,88,315,20610100060100020000000000000000000000005604583b01
1,2261,0,90441,6,1,0,2,0,0,0,0,0,0,1110,88,315,49610100060100020000000000000000000000005604583b01
1,2262,0,90480,6,1,0,2,0,0,0,0,0,0,1110,88,315,70610100060100020000000000000000000000005604583b01
1,2263,0,90521,6,1,0,2,0,0,0,0,0,0,1110,88,315,99610100060100020000000000000000000000005604583b01
1,2264,0,90560,6,1,0,2,0,0,0,0,0,0,1110,88,315,c0610100060100020000000000000000000000005604583b01
1,2265,0,90600,6,1,0,2,0,0,0,0,0,0,1110,88,315,e8610100060100020000000000000000000000005604583b01
1,2266,0,90640,6,1,0,2,0,0,0,0,0,0,1110,88,315,10620100060100020000000000000000000000005604583b01
1,2267,0,90680,6,1,0,2,0,0,0,0,0,0,1110,88,315,38620100060100020000000000000000000000005604583b01
1,2268,0,90720,6,1,0,2,0,0,0,0,0,0,1110,88,315,60620100060100020000000000000000000000005604583b01
1,2269,0,90761,6,1,0,2,0,0,0,0,0,0,1110,88,315,89620100060100020000000000000000000000005604583b01
1,2270,0,90800,6,1,0,2,0,0,0,0,0,0,1110,88,315,b0620100060100020000000000000000000000005604583b01
1,2271,0,90840,6,1,0,2,0,0,0,0,0,0,1110,88,315,d8620100060100020000000000000000000000005604583b01
1,2272,0,90880,6,1,0,2,0,0,0,0,0,0,1110,88,315,00630100060100020000000000000000000000005604583b01
1,2273,0,90921,6,1,0,2,0,0,0,0,0,0,1110,88,315,29630100060100020000000000000000000000005604583b01
1,2274,0,90960,6,1,0,2,0,0,0,0,0,0,1110,88,315,50630100060100020000000000000000000000005604583b01
1,2275,0,91000,6,1,0,2,0,0,0,0,0,0,1110,88,315,78630100060100020000000000000000000000005604583b01
1,2276,0,91040,6,1,0,2,0,0,0,0,0,0,1110,88,315,a0630100060100020000000000000000000000005604583b01
1,2277,0,91080,6,1,0,2,0,0,0,0,0,0,1110,88,315,c8630100060100020000000000000000000000005604583b01
1,2278,0,91120,6,1,0,2,0,0,0,0,0,0,1110,88,315,f0630100060100020000000000000000000000005604583b01
1,2279,0,91160,6,1,0,2,0,0,0,0,0,0,1110,88,315,18640100060100020000000000000000000000005604583b01
1,2280,0,91200,6,1,0,2,0,0,0,0,0,0,1110,88,315,40640100060100020000000000000000000000005604583b01
1,2281,0,91241,6,1,0,2,0,0,0,0,0,0,1110,88,315,69640100060100020000000000000000000000005604583b01
1,2282,0,91280,6,1,0,2,0,0,0,0,0,0,1110,88,315,90640100060100020000000000000000000000005604583b01
1,2283,0,91320,6,1,0,2,0,0,0,0,0,0,1110,88,315,b8640100060100020000000000000000000000005604583b01
1,2284,0,91360,6,1,0,2,0,0,0,0,0,0,1110,88,315,e0640100060100020000000000000000000000005604583b01
1,2285,0,91401,6,1,0,2,0,0,0,0,0,0,1110,88,315,09650100060100020000000000000000000000005604583b01
1,2286,0,91440,6,1,0,2,0,0,0,0,0,0,1110,88,315,30650100060100020000000000000000000000005604583b01
1,2287,0,91481,6,1,0,2,0,0,0,0,0,0,1110,88,315,59650100060100020000000000000000000000005604583b01
1,2288,0,91520,6,1,0,2,0,0,0,0,0,0,1110,88,315,80650100060100020000000000000000000000005604583b01
1,2289,0,91560,6,1,0,2,0,0,0,0,0,0,1110,88,315,a8650100060100020000000000000000000000005604583b01
1,2290,0,91600,6,1,0,2,0,0,0,0,0,0,1110,88,315,d0650100060100020000000000000000000000005604583b01
1,2291,0,91640,6,1,0,2,0,0,0,0,0,0,1110,88,315,f8650100060100020000000000000000000000005604583b01
1,2292,0,91680,6,1,0,2,0,0,0,0,0,0,1110,88,315,20660100060100020000000000000000000000005604583b01
1,2293,0,91721,6,1,0,2,0,0,0,0,0,0,1110,88,315,49660100060100020000000000000000000000005604583b01
1,2294,0,91760,6,1,0,2,0,0,0,0,0,0,1110,88,315,70660100060100020000000000000000000000005604583b01
1,2295,0,91801,6,1,0,2,0,0,0,0,0,0,1110,88,315,99660100060100020000000000000000000000005604583b01
1,2296,0,91840,6,1,0,2,0,0,0,0,0,0,1110,88,315,c0660100060100020000000000000000000000005604583b01
1,2297,0,91881,6,1,0,2,0,0,0,0,0,0,1110,88,315,e9660100060100020000000000000000000000005604583b01
1,2298,0,91921,6,1,0,2,0,0,0,0,0,0,1110,88,315,11670100060100020000000000000000000000005604583b01
1,2299,0,91960,6,1,0,2,0,0,0,0,0,0,1110,88,315,38670100060100020000000000000000000000005604583b01
1,2300,0,92001,6,1,0,2,0,0,0,0,0,0,1110,88,315,61670100060100020000000000000000000000005604583b01
1,2301,0,92040,6,1,0,2,0,0,0,0,0,0,1110,88,315,88670100060100020000000000000000000000005604583b01
1,2302,0,92080,6,1,0,2,0,0,0,0,0,0,1110,88,315,b0670100060100020000000000000000000000005604583b01
1,2303,0,92120,6,1,0,2,0,0,0,0,0,0,1110,88,315,d8670100060100020000000000000000000000005604583b01
1,2304,0,92161,6,1,0,2,0,0,0,0,0,0,1110,88,315,01680100060100020000000000000000000000005604583b01
1,2305,0,92201,6,1,0,2,0,0,0,0,0,0,1110,88,315,29680100060100020000000000000000000000005604583b01
1,2306,0,92240,6,1,0,2,0,0,0,0,0,0,1110,88,315,50680100060100020000000000000000000000005604583b01
1,2307,0,92280,6,1,0,2,0,0,0,0,0,0,1110,88,315,78680100060100020000000000000000000000005604583b01
1,2308,0,92320,6,1,0,2,0,0,0,0,0,0,1110,88,315,a0680100060100020000000000000000000000005604583b01
1,2309,0,92360,6,1,0,2,0,0,0,0,0,0,1110,88,315,c8680100060100020000000000000000000000005604583b01
1,2310,0,92401,6,1,0,2,0,0,0,0,0,0,1110,88,315,f1680100060100020000000000000000000000005604583b01
1,2311,0,92440,6,1,0,2,0,0,0,0,0,0,1110,88,315,18690100060100020000000000000000000000005604583b01
1,2312,0,92481,6,1,0,2,0,0,0,0,0,0,1110,88,315,41690100060100020000000000000000000000005604583b01
1,2313,0,92520,6,1,0,2,0,0,0,0,0,0,1110,88,315,68690100060100020000000000000000000000005604583b01
1,2314,0,92561,6,1,0,2,0,0,0,0,0,0,1110,88,315,91690100060100020000000000000000000000005604583b01
1,2315,0,92600,6,1,0,2,0,0,0,0,0,0,1110,88,315,b8690100060100020000000000000000000000005604583b01
1,2316,0,92640,6,1,0,2,0,0,0,0,0,0,1110,88,315,e0690100060100020000000000000000000000005604583b01
1,2317,0,92680,6,1,0,2,0,0,0,0,0,0,1110,88,315,086a0100060100020000000000000000000000005604583b01
1,2318,0,92720,6,1,0,2,0,0,0,0,0,0,1110,88,315,306a0100060100020000000000000000000000005604583b01
1,2319,0,92760,6,1,0,2,0,0,0,0,0,0,1110,88,315,586a0100060100020000000000000000000000005604583b01
1,2320,0,92800,6,1,0,2,0,0,0,0,0,0,1110,88,315,806a0100060100020000000000000000000000005604583b01
1,2321,0,92841,6,1,0,2,0,0,0,0,0,0,1110,88,315,a96a0100060100020000000000000000000000005604583b01
1,2322,0,92880,6,1,0,2,0,0,0,0,0,0,1110,88,315,d06a0100060100020000000000000000000000005604583b01
1,2323,0,92920,6,1,0,2,0,0,0,0,0,0,1110,88,315,f86a0100060100020000000000000000000000005604583b01
1,2324,0,92961,6,1,0,2,0,0,0,0,0,0,1110,88,315,216b0100060100020000000000000000000000005604583b01
1,2325,0,93000,6,1,0,2,0,0,0,0,0,0,1110,88,315,486b0100060100020000000000000000000000005604583b01
1,2326,0,93040,6,1,0,2,0,0,0,0,0,0,1110,88,315,706b0100060100020000000000000000000000005604583b01
1,2327,0,93080,6,1,0,2,0,0,0,0,0,0,1110,88,315,986b0100060100020000000000000000000000005604583b01
1,2328,0,93121,6,1,0,2,0,0,0,0,0,0,1110,88,315,c16b0100060100020000000000000000000000005604583b01
1,2329,0,93160,6,1,0,2,0,0,0,0,0,0,1110,88,315,e86b0100060100020000000000000000000000005604583b01
1,2330,0,93201,6,1,0,2,0,0,0,0,0,0,1110,88,315,116c0100060100020000000000000000000000005604583b01
1,2331,0,93240,6,1,0,2,0,0,0,0,0,0,1110,88,315,386c0100060100020000000000000000000000005604583b01
1,2332,0,93280,6,1,0,2,0,0,0,0,0,0,1110,88,315,606c0100060100020000000000000000000000005604583b01
1,2333,0,93320,6,1,0,2,0,0,0,0,0,0,1110,88,315,886c0100060100020000000000000000000000005604583b01
1,2334,0,93360,6,1,0,2,0,0,0,0,0,0,1110,88,315,b06c0100060100020000000000000000000000005604583b01
1,2335,0,93401,6,1,0,2,0,0,0,0,0,0,1110,88,315,d96c0100060100020000000000000000000000005604583b01
1,2336,0,93440,6,1,0,2,0,0,0,0,0,0,1110,88,315,006d0100060100020000000000000000000000005604583b01
1,2337,0,93481,6,1,0,2,0,0,0,0,0,0,1110,88,315,296d0100060100020000000000000000000000005604583b01
1,2338,0,93520,6,1,0,2,0,0,0,0,0,0,1110,88,315,506d0100060100020000000000000000000000005604583b01
1,2339,0,93560,6,1,0,2,0,0,0,0,0,0,1110,88,315,786d0100060100020000000000000000000000005604583b01
1,2340,0,93600,6,1,0,2,0,0,0,0,0,0,1110,88,315,a06d0100060100020000000000000000000000005604583b01
1,2341,0,93640,6,1,0,2,0,0,0,0,0,0,1110,88,315,c86d0100060100020000000000000000000000005604583b01
1,2342,0,93680,6,1,0,2,0,0,0,0,0,0,1110,88,315,f06d0100060100020000000000000000000000005604583b01
1,2343,0,93720,6,1,0,2,0,0,0,0,0,0,1110,88,315,186e0100060100020000000000000000000000005604583b01
1,2344,0,93760,6,1,0,2,0,0,0,0,0,0,1110,88,315,406e0100060100020000000000000000000000005604583b01
1,2345,0,93800,6,1,0,2,0,0,0,0,0,0,1110,88,315,686e0100060100020000000000000000000000005604583b01
1,2346,0,93840,6,1,0,2,0,0,0,0,0,0,1110,88,315,906e0100060100020000000000000000000000005604583b01
1,2347,0,93880,6,1,0,2,0,0,0,0,0,0,1110,88,315,b86e0100060100020000000000000000000000005604583b01
1,2348,0,93920,6,1,0,2,0,0,0,0,0,0,1110,88,315,e06e0100060100020000000000000000000000005604583b01
1,2349,0,93960,6,1,0,2,0,0,0,0,0,0,1110,88,315,086f0100060100020000000000000000000000005604583b01
1,2350,0,94000,6,1,0,2,0,0,0,0,0,0,1110,88,315,306f0100060100020000000000000000000000005604583b01
1,2351,0,94040,6,1,0,2,0,0,0,0,0,0,1110,88,315,586f0100060100020000000000000000000000005604583b01
1,2352,0,94080,6,1,0,2,0,0,0,0,0,0,1110,88,315,806f0100060100020000000000000000000000005604583b01
1,2353,0,94121,6,1,0,2,0,0,0,0,0,0,1110,88,315,a96f0100060100020000000000000000000000005604583b01
1,2354,0,94160,6,1,0,2,0,0,0,0,0,0,1110,88,315,d06f0100060100020000000000000000000000005604583b01
1,2355,0,94200,6,1,0,2,0,0,0,0,0,0,1110,88,315,f86f0100060100020000000000000000000000005604583b01
1,2356,0,94240,6,1,0,2,0,0,0,0,0,0,1110,88,315,20700100060100020000000000000000000000005604583b01
1,2357,0,94280,6,1,0,2,0,0,0,0,0,0,1110,88,315,48700100060100020000000000000000000000005604583b01
1,2358,0,94320,6,1,0,2,0,0,0,0,0,0,1110,88,315,70700100060100020000000000000000000000005604583b01
1,2359,0,94360,6,1,0,2,0,0,0,0,0,0,1110,88,315,98700100060100020000000000000000000000005604583b01
1,2360,0,94400,6,1,0,2,0,0,0,0,0,0,1110,88,315,c0700100060100020000000000000000000000005604583b01
1,2361,0,94441,6,1,0,2,0,0,0,0,0,0,1110,88,315,e9700100060100020000000000000000000000005604583b01
1,2362,0,94480,6,1,0,2,0,0,0,0,0,0,1110,88,315,10710100060100020000000000000000000000005604583b01
1,2363,0,94520,6,1,0,2,0,0,0,0,0,0,1110,88,315,38710100060100020000000000000000000000005604583b01
1,2364,0,94560,6,1,0,2,0,0,0,0,0,0,1110,88,315,60710100060100020000000000000000000000005604583b01
1,2365,0,94600,6,1,0,2,0,0,0,0,0,0,1110,88,315,88710100060100020000000000000000000000005604583b01
1,2366,0,94640,6,1,0,2,0,0,0,0,0,0,1110,88,315,b0710100060100020000000000000000000000005604583b01
1,2367,0,94680,6,1,0,2,0,0,0,0,0,0,1110,88,315,d8710100060100020000000000000000000000005604583b01
1,2368,0,94720,6,1,0,2,0,0,0,0,0,0,1110,88,315,00720100060100020000000000000000000000005604583b01
1,2369,0,94760,6,1,0,2,0,0,0,0,0,0,1110,88,315,28720100060100020000000000000000000000005604583b01
1,2370,0,94800,6,1,0,2,0,0,0,0,0,0,1110,88,315,50720100060100020000000000000000000000005604583b01
1,2371,0,94840,6,1,0,2,0,0,0,0,0,0,1110,88,315,78720100060100020000000000000000000000005604583b01
1,2372,0,94880,6,1,0,2,0,0,0,0,0,0,1110,88,315,a0720100060100020000000000000000000000005604583b01
1,2373,0,94920,6,1,0,2,0,0,0,0,0,0,1110,88,315,c8720100060100020000000000000000000000005604583b01
1,2374,0,94960,6,1,0,2,0,0,0,0,0,0,1110,88,315,f0720100060100020000000000000000000000005604583b01
1,2375,0,95000,6,1,0,2,0,0,0,0,0,0,1110,88,315,18730100060100020000000000000000000000005604583b01
1,2376,0,95040,6,1,0,2,0,0,0,0,0,0,1110,88,315,40730100060100020000000000000000000000005604583b01
1,2377,0,95080,6,1,0,2,0,0,0,0,0,0,1110,88,315,68730100060100020000000000000000000000005604583b01
1,2378,0,95120,6,1,0,2,0,0,0,0,0,0,1110,88,315,90730100060100020000000000000000000000005604583b01
1,2379,0,95161,6,1,0,2,0,0,0,0,0,0,1110,88,315,b9730100060100020000000000000000000000005604583b01
1,2380,0,95200,6,1,0,2,0,0,0,0,0,0,1110,88,315,e0730100060100020000000000000000000000005604583b01
1,2381,0,95240,6,1,0,2,0,0,0,0,0,0,1110,88,315,08740100060100020000000000000000000000005604583b01
1,2382,0,95280,6,1,0,2,0,0,0,0,0,0,1110,88,315,30740100060100020000000000000000000000005604583b01
1,2383,0,95320,6,1,0,2,0,0,0,0,0,0,1110,88,315,58740100060100020000000000000000000000005604583b01
1,2384,0,95360,6,1,0,2,0,0,0,0,0,0,1110,88,315,80740100060100020000000000000000000000005604583b01
1,2385,0,95401,6,1,0,2,0,0,0,0,0,0,1110,88,315,a9740100060100020000000000000000000000005604583b01
1,2386,0,95440,6,1,0,2,0,0,0,0,0,0,1110,88,315,d0740100060100020000000000000000000000005604583b01
1,2387,0,95481,6,1,0,2,0,0,0,0,0,0,1110,88,315,f9740100060100020000000000000000000000005604583b01
1,2388,0,95520,6,1,0,2,0,0,0,0,0,0,1110,88,315,20750100060100020000000000000000000000005604583b01
1,2389,0,95561,6,1,0,2,0,0,0,0,0,0,1110,88,315,49750100060100020000000000000000000000005604583b01
1,2390,0,95601,6,1,0,2,0,0,0,0,0,0,1110,88,315,71750100060100020000000000000000000000005604583b01
1,2391,0,95640,6,1,0,2,0,0,0,0,0,0,1110,88,315,98750100060100020000000000000000000000005604583b01
1,2392,0,95681,6,1,0,2,0,0,0,0,0,0,1110,88,315,c1750100060100020000000000000000000000005604583b01
1,2393,0,95720,6,1,0,2,0,0,0,0,0,0,1110,88,315,e8750100060100020000000000000000000000005604583b01
1,2394,0,95760,6,1,0,2,0,0,0,0,0,0,1110,88,315,10760100060100020000000000000000000000005604583b01
1,2395,0,95800,6,1,0,2,0,0,0,0,0,0,1110,88,315,38760100060100020000000000000000000000005604583b01
1,2396,0,95841,6,1,0,2,0,0,0,0,0,0,1110,88,315,61760100060100020000000000000000000000005604583b01
1,2397,0,95880,6,1,0,2,0,0,0,0,0,0,1110,88,315,88760100060100020000000000000000000000005604583b01
1,2398,0,95920,6,1,0,2,0,0,0,0,0,0,1110,88,315,b0760100060100020000000000000000000000005604583b01
1,2399,0,95960,6,1,0,2,0,0,0,0,0,0,1110,88,315,d8760100060100020000000000000000000000005604583b01
1,2400,0,96000,6,1,0,2,0,0,0,0,0,0,1110,88,315,00770100060100020000000000000000000000005604583b01
1,2401,0,96040,6,1,0,2,0,0,0,0,0,0,1110,88,315,28770100060100020000000000000000000000005604583b01
1,2402,0,96080,6,1,0,2,0,0,0,0,0,0,1110,88,315,50770100060100020000000000000000000000005604583b01
1,2403,0,96120,6,1,0,2,0,0,0,0,0,0,1110,88,315,78770100060100020000000000000000000000005604583b01
1,2404,0,96160,6,1,0,2,0,0,0,0,0,0,1110,88,315,a0770100060100020000000000000000000000005604583b01
1,2405,0,96200,6,1,0,2,0,0,0,0,0,0,1110,88,315,c8770100060100020000000000000000000000005604583b01
1,2406,0,96241,6,1,0,2,0,0,0,0,0,0,1110,88,315,f1770100060100020000000000000000000000005604583b01
1,2407,0,96280,6,1,0,2,0,0,0,0,0,0,1110,88,315,18780100060100020000000000000000000000005604583b01
1,2408,0,96321,6,1,0,2,0,0,0,0,0,0,1110,88,315,41780100060100020000000000000000000000005604583b01
1,2409,0,96360,6,1,0,2,0,0,0,0,0,0,1110,88,315,68780100060100020000000000000000000000005604583b01
1,2410,0,96400,6,1,0,2,0,0,0,0,0,0,1110,88,315,90780100060100020000000000000000000000005604583b01
1,2411,0,96441,6,1,0,2,0,0,0,0,0,0,1110,88,315,b9780100060100020000000000000000000000005604583b01
1,2412,0,96480,6,1,0,2,0,0,0,0,0,0,1110,88,315,e0780100060100020000000000000000000000005604583b01
1,2413,0,96521,6,1,0,2,0,0,0,0,0,0,1110,88,315,09790100060100020000000000000000000000005604583b01
1,2414,0,96560,6,1,0,2,0,0,0,0,0,0,1110,88,315,30790100060100020000000000000000000000005604583b01
1,2415,0,96600,6,1,0,2,0,0,0,0,0,0,1110,88,315,58790100060100020000000000000000000000005604583b01
1,2416,0,96641,6,1,0,2,0,0,0,0,0,0,1110,88,315,81790100060100020000000000000000000000005604583b01
1,2417,0,96680,6,1,0,2,0,0,0,0,0,0,1110,88,315,a8790100060100020000000000000000000000005604583b01
1,2418,0,96721,6,1,0,2,0,0,0,0,0,0,1110,88,315,d1790100060100020000000000000000000000005604583b01
1,2419,0,96760,6,1,0,2,0,0,0,0,0,0,1110,88,315,f8790100060100020000000000000000000000005604583b01
1,2420,0,96800,6,1,0,2,0,0,0,0,0,0,1110,88,315,207a0100060100020000000000000000000000005604583b01
1,2421,0,96840,6,1,0,2,0,0,0,0,0,0,1110,88,315,487a0100060100020000000000000000000000005604583b01
1,2422,0,96880,6,1,0,2,0,0,0,0,0,0,1110,88,315,707a0100060100020000000000000000000000005604583b01
1,2423,0,96920,6,1,0,2,0,0,0,0,0,0,1110,88,315,987a0100060100020000000000000000000000005604583b01
1,2424,0,96961,6,1,0,2,0,0,0,0,0,0,1110,88,315,c17a0100060100020000000000000000000000005604583b01
1,2425,0,97000,6,1,0,2,0,0,0,0,0,0,1110,88,315,e87a0100060100020000000000000000000000005604583b01
1,2426,0,97040,6,1,0,2,0,0,0,0,0,0,1110,88,315,107b0100060100020000000000000000000000005604583b01
1,2427,0,97080,6,1,0,2,0,0,0,0,0,0,1110,88,315,387b0100060100020000000000000000000000005604583b01
1,2428,0,97120,6,1,0,2,0,0,0,0,0,0,1110,88,315,607b0100060100020000000000000000000000005604583b01
1,2429,0,97160,6,1,0,2,0,0,0,0,0,0,1110,88,315,887b0100060100020000000000000000000000005604583b01
1,2430,0,97200,6,1,0,2,0,0,0,0,0,0,1110,88,315,b07b0100060100020000000000000000000000005604583b01
1,2431,0,97240,6,1,0,2,0,0,0,0,0,0,1110,88,315,d87b0100060100020000000000000000000000005604583b01
1,2432,0,97280,6,1,0,2,0,0,0,0,0,0,1110,88,315,007c0100060100020000000000000000000000005604583b01
1,2433,0,97320,6,1,0,2,0,0,0,0,0,0,1110,88,315,287c0100060100020000000000000000000000005604583b01
1,2434,0,97360,6,1,0,2,0,0,0,0,0,0,1110,88,315,507c0100060100020000000000000000000000005604583b01
1,2435,0,97400,6,1,0,2,0,0,0,0,0,0,1110,88,315,787c0100060100020000000000000000000000005604583b01
1,2436,0,97440,6,1,0,2,0,0,0,0,0,0,1110,88,315,a07c0100060100020000000000000000000000005604583b01
1,2437,0,97480,6,1,0,2,0,0,0,0,0,0,1110,88,315,c87c0100060100020000000000000000000000005604583b01
1,2438,0,97520,6,1,0,2,0,0,0,0,0,0,1110,88,315,f07c0100060100020000000000000000000000005604583b01
1,2439,0,97560,6,1,0,2,0,0,0,0,0,0,1110,88,315,187d0100060100020000000000000000000000005604583b01
1,2440,0,97600,6,1,0,2,0,0,0,0,0,0,1110,88,315,407d0100060100020000000000000000000000005604583b01
1,2441,0,97640,6,1,0,2,0,0,0,0,0,0,1110,88,315,687d0100060100020000000000000000000000005604583b01
1,2442,0,97681,6,1,0,2,0,0,0,0,0,0,1110,88,315,917d0100060100020000000000000000000000005604583b01
1,2443,0,97720,6,1,0,2,0,0,0,0,0,0,1110,88,315,b87d0100060100020000000000000000000000005604583b01
1,2444,0,97760,6,1,0,2,0,0,0,0,0,0,1110,88,315,e07d0100060100020000000000000000000000005604583b01
1,2445,0,97800,6,1,0,2,0,0,0,0,0,0,1110,88,315,087e0100060100020000000000000000000000005604583b01
1,2446,0,97840,6,1,0,2,0,0,0,0,0,0,1110,88,315,307e0100060100020000000000000000000000005604583b01
1,2447,0,97881,6,1,0,2,0,0,0,0,0,0,1110,88,315,597e0100060100020000000000000000000000005604583b01
1,2448,0,97920,6,1,0,2,0,0,0,0,0,0,1110,88,315,807e0100060100020000000000000000000000005604583b01
1,2449,0,97960,6,1,0,2,0,0,0,0,0,0,1110,88,315,a87e0100060100020000000000000000000000005604583b01
1,2450,0,98000,6,1,0,2,0,0,0,0,0,0,1110,88,315,d07e0100060100020000000000000000000000005604583b01
1,2451,0,98041,6,1,0,2,0,0,0,0,0,0,1110,88,315,f97e0100060100020000000000000000000000005604583b01
1,2452,0,98080,6,1,0,2,0,0,0,0,0,0,1110,88,315,207f0100060100020000000000000000000000005604583b01
1,2453,0,98121,6,1,0,2,0,0,0,0,0,0,1110,88,315,497f0100060100020000000000000000000000005604583b01
1,2454,0,98160,6,1,0,2,0,0,0,0,0,0,1110,88,315,707f0100060100020000000000000000000000005604583b01
1,2455,0,98200,6,1,0,2,0,0,0,0,0,0,1110,88,315,987f0100060100020000000000000000000000005604583b01
1,2456,0,98240,6,1,0,2,0,0,0,0,0,0,1110,88,315,c07f0100060100020000000000000000000000005604583b01
1,2457,0,98280,6,1,0,2,0,0,0,0,0,0,1110,88,315,e87f0100060100020000000000000000000000005604583b01
1,2458,0,98320,6,1,0,2,0,0,0,0,0,0,1110,88,315,10800100060100020000000000000000000000005604583b01
1,2459,0,98360,6,1,0,2,0,0,0,0,0,0,1110,88,315,38800100060100020000000000000000000000005604583b01
1,2460,0,98400,6,1,0,2,0,0,0,0,0,0,1110,88,315,60800100060100020000000000000000000000005604583b01
1,2461,0,98441,6,1,0,2,0,0,0,0,0,0,1110,88,315,89800100060100020000000000000000000000005604583b01
1,2462,0,98480,6,1,0,2,0,0,0,0,0,0,1110,88,315,b0800100060100020000000000000000000000005604583b01
1,2463,0,98520,6,1,0,2,0,0,0,0,0,0,1110,88,315,d8800100060100020000000000000000000000005604583b01
1,2464,0,98560,6,1,0,2,0,0,0,0,0,0,1110,88,315,00810100060100020000000000000000000000005604583b01
1,2465,0,98600,6,1,0,2,0,0,0,0,0,0,1110,88,315,28810100060100020000000000000000000000005604583b01
1,2466,0,98640,6,1,0,2,0,0,0,0,0,0,1110,88,315,50810100060100020000000000000000000000005604583b01
1,2467,0,98680,6,1,0,2,0,0,0,0,0,0,1110,88,315,78810100060100020000000000000000000000005604583b01
1,2468,0,98720,6,1,0,2,0,0,0,0,0,0,1110,88,315,a0810100060100020000000000000000000000005604583b01
1,2469,0,98761,6,1,0,2,0,0,0,0,0,0,1110,88,315,c9810100060100020000000000000000000000005604583b01
1,2470,0,98800,6,1,0,2,0,0,0,0,0,0,1110,88,315,f0810100060100020000000000000000000000005604583b01
1,2471,0,98841,6,1,0,2,0,0,0,0,0,0,1110,88,315,19820100060100020000000000000000000000005604583b01
1,2472,0,98880,6,1,0,2,0,0,0,0,0,0,1110,88,315,40820100060100020000000000000000000000005604583b01
1,2473,0,98920,6,1,0,2,0,0,0,0,0,0,1110,88,315,68820100060100020000000000000000000000005604583b01
1,2474,0,98960,6,1,0,2,0,0,0,0,0,0,1110,88,315,90820100060100020000000000000000000000005604583b01
1,2475,0,99001,6,1,0,2,0,0,0,0,0,0,1110,88,315,b9820100060100020000000000000000000000005604583b01
1,2476,0,99040,6,1,0,2,0,0,0,0,0,0,1110,88,315,e0820100060100020000000000000000000000005604583b01
1,2477,0,99080,6,1,0,2,0,0,0,0,0,0,1110,88,315,08830100060100020000000000000000000000005604583b01
1,2478,0,99120,6,1,0,2,0,0,0,0,0,0,1110,88,315,30830100060100020000000000000000000000005604583b01
1,2479,0,99160,6,1,0,2,0,0,0,0,0,0,1110,88,315,58830100060100020000000000000000000000005604583b01
1,2480,0,99201,6,1,0,2,0,0,0,0,0,0,1110,88,315,81830100060100020000000000000000000000005604583b01
1,2481,0,99240,6,1,0,2,0,0,0,0,0,0,1110,88,315,a8830100060100020000000000000000000000005604583b01
1,2482,0,99280,6,1,0,2,0,0,0,0,0,0,1110,88,315,d0830100060100020000000000000000000000005604583b01
1,2483,0,99321,6,1,0,2,0,0,0,0,0,0,1110,88,315,f9830100060100020000000000000000000000005604583b01
1,2484,0,99360,6,1,0,2,0,0,0,0,0,0,1110,88,315,20840100060100020000000000000000000000005604583b01
1,2485,0,99400,6,1,0,2,0,0,0,0,0,0,1110,88,315,48840100060100020000000000000000000000005604583b01
1,2486,0,99441,6,1,0,2,0,0,0,0,0,0,1110,88,315,71840100060100020000000000000000000000005604583b01
1,2487,0,99481,6,1,0,2,0,0,0,0,0,0,1110,88,315,99840100060100020000000000000000000000005604583b01
1,2488,0,99520,6,1,0,2,0,0,0,0,0,0,1110,88,315,c0840100060100020000000000000000000000005604583b01
1,2489,0,99561,6,1,0,2,0,0,0,0,0,0,1110,88,315,e9840100060100020000000000000000000000005604583b01
1,2490,0,99600,6,1,0,2,0,0,0,0,0,0,1110,88,315,10850100060100020000000000000000000000005604583b01
1,2491,0,99640,6,1,0,2,0,0,0,0,0,0,1110,88,315,38850100060100020000000000000000000000005604583b01
1,2492,0,99680,6,1,0,2,0,0,0,0,0,0,1110,88,315,60850100060100020000000000000000000000005604583b01
1,2493,0,99720,6,1,0,2,0,0,0,0,0,0,1110,88,315,88850100060100020000000000000000000000005604583b01
1,2494,0,99761,6,1,0,2,0,0,0,0,0,0,1110,88,315,b1850100060100020000000000000000000000005604583b01
1,2495,0,99800,6,1,0,2,0,0,0,0,0,0,1110,88,315,d8850100060100020000000000000000000000005604583b01
1,2496,0,99841,6,1,0,2,0,0,0,0,0,0,1110,88,315,01860100060100020000000000000000000000005604583b01
1,2497,0,99880,6,1,0,2,0,0,0,0,0,0,1110,88,315,28860100060100020000000000000000000000005604583b01
1,2498,0,99920,6,1,0,2,0,0,0,0,0,0,1110,88,315,50860100060100020000000000000000000000005604583b01
1,2499,0,99960,6,1,0,2,0,0,0,0,0,0,1110,88,315,78860100060100020000000000000000000000005604583b01
1,2500,0,100000,6,1,0,2,0,0,0,0,0,0,1110,88,315,a0860100060100020000000000000000000000005604583b01
1,2501,0,100040,6,1,0,2,0,0,0,0,0,0,1110,88,315,c8860100060100020000000000000000000000005604583b01
1,2502,0,100080,6,1,0,2,0,0,0,0,0,0,1110,88,315,f0860100060100020000000000000000000000005604583b01
1,2503,0,100120,6,1,0,2,0,0,0,0,0,0,1110,88,315,18870100060100020000000000000000000000005604583b01
1,2504,0,100160,6,1,0,2,0,0,0,0,0,0,1110,88,315,40870100060100020000000000000000000000005604583b01
1,2505,0,100200,6,1,0,2,0,0,0,0,0,0,1110,88,315,68870100060100020000000000000000000000005604583b01
1,2506,0,100240,6,1,0,2,0,0,0,0,0,0,1110,88,315,90870100060100020000000000000000000000005604583b01
1,2507,0,100280,6,1,0,2,0,0,0,0,0,0,1110,88,315,b8870100060100020000000000000000000000005604583b01
1,2508,0,100320,6,1,0,2,0,0,0,0,0,0,1110,88,315,e0870100060100020000000000000000000000005604583b01
1,2509,0,100360,6,1,0,2,0,0,0,0,0,0,1110,88,315,08880100060100020000000000000000000000005604583b01
1,2510,0,100400,6,1,0,2,0,0,0,0,0,0,1110,88,315,30880100060100020000000000000000000000005604583b01
1,2511,0,100440,6,1,0,2,0,0,0,0,0,0,1110,88,315,58880100060100020000000000000000000000005604583b01
1,2512,0,100480,6,1,0,2,0,0,0,0,0,0,1110,88,315,80880100060100020000000000000000000000005604583b01
1,2513,0,100521,6,1,0,2,0,0,0,0,0,0,1110,88,315,a9880100060100020000000000000000000000005604583b01
1,2514,0,100560,6,1,0,2,0,0,0,0,0,0,1110,88,315,d0880100060100020000000000000000000000005604583b01
1,2515,0,100600,6,1,0,2,0,0,0,0,0,0,1110,88,315,f8880100060100020000000000000000000000005604583b01
1,2516,0,100640,6,1,0,2,0,0,0,0,0,0,1110,88,315,20890100060100020000000000000000000000005604583b01
1,2517,0,100680,6,1,0,2,0,0,0,0,0,0,1110,88,315,48890100060100020000000000000000000000005604583b01
1,2518,0,100721,6,1,0,2,0,0,0,0,0,0,1110,88,315,71890100060100020000000000000000000000005604583b01
1,2519,0,100760,6,1,0,2,0,0,0,0,0,0,1110,88,315,98890100060100020000000000000000000000005604583b01
1,2520,0,100801,6,1,0,2,0,0,0,0,0,0,1110,88,315,c1890100060100020000000000000000000000005604583b01
1,2521,0,100840,6,1,0,2,0,0,0,0,0,0,1110,88,315,e8890100060100020000000000000000000000005604583b01
1,2522,0,100880,6,1,0,2,0,0,0,0,0,0,1110,88,315,108a0100060100020000000000000000000000005604583b01
1,2523,0,100920,6,1,0,2,0,0,0,0,0,0,1110,88,315,388a0100060100020000000000000000000000005604583b01
1,2524,0,100960,6,1,0,2,0,0,0,0,0,0,1110,88,315,608a0100060100020000000000000000000000005604583b01
1,2525,0,101000,6,1,0,2,0,0,0,0,0,0,1110,88,315,888a0100060100020000000000000000000000005604583b01
1,2526,0,101040,6,1,0,2,0,0,0,0,0,0,1110,88,315,b08a0100060100020000000000000000000000005604583b01
1,2527,0,101080,6,1,0,2,0,0,0,0,0,0,1110,88,315,d88a0100060100020000000000000000000000005604583b01
1,2528,0,101120,6,1,0,2,0,0,0,0,0,0,1110,88,315,008b0100060100020000000000000000000000005604583b01
1,2529,0,101160,6,1,0,2,0,0,0,0,0,0,1110,88,315,288b0100060100020000000000000000000000005604583b01
1,2530,0,101200,6,1,0,2,0,0,0,0,0,0,1110,88,315,508b0100060100020000000000000000000000005604583b01
1,2531,0,101240,6,1,0,2,0,0,0,0,0,0,1110,88,315,788b0100060100020000000000000000000000005604583b01
1,2532,0,101280,6,1,0,2,0,0,0,0,0,0,1110,88,315,a08b0100060100020000000000000000000000005604583b01
1,2533,0,101320,6,1,0,2,0,0,0,0,0,0,1110,88,315,c88b0100060100020000000000000000000000005604583b01
1,2534,0,101360,6,1,0,2,0,0,0,0,0,0,1110,88,315,f08b0100060100020000000000000000000000005604583b01
1,2535,0,101400,6,1,0,2,0,0,0,0,0,0,1110,88,315,188c0100060100020000000000000000000000005604583b01
1,2536,0,101441,6,1,0,2,0,0,0,0,0,0,1110,88,315,418c0100060100020000000000000000000000005604583b01
1,2537,0,101480,6,1,0,2,0,0,0,0,0,0,1110,88,315,688c0100060100020000000000000000000000005604583b01
1,2538,0,101521,6,1,0,2,0,0,0,0,0,0,1110,88,315,918c0100060100020000000000000000000000005604583b01
1,2539,0,101560,6,1,0,2,0,0,0,0,0,0,1110,88,315,b88c0100060100020000000000000000000000005604583b01
1,2540,0,101600,6,1,0,2,0,0,0,0,0,0,1110,88,315,e08c0100060100020000000000000000000000005604583b01
1,2541,0,101640,6,1,0,2,0,0,0,0,0,0,1110,88,315,088d0100060100020000000000000000000000005604583b01
1,2542,0,101680,6,1,0,2,0,0,0,0,0,0,1110,88,315,308d0100060100020000000000000000000000005604583b01
1,2543,0,101720,6,1,0,2,0,0,0,0,0,0,1110,88,315,588d0100060100020000000000000000000000005604583b01
1,2544,0,101761,6,1,0,2,0,0,0,0,0,0,1110,88,315,818d0100060100020000000000000000000000005604583b01
1,2545,0,101800,6,1,0,2,0,0,0,0,0,0,1110,88,315,a88d0100060100020000000000000000000000005604583b01
1,2546,0,101841,6,1,0,2,0,0,0,0,0,0,1110,88,315,d18d0100060100020000000000000000000000005604583b01
1,2547,0,101880,6,1,0,2,0,0,0,0,0,0,1110,88,315,f88d0100060100020000000000000000000000005604583b01
1,2548,0,101921,6,1,0,2,0,0,0,0,0,0,1110,88,315,218e0100060100020000000000000000000000005604583b01
1,2549,0,101961,6,1,0,2,0,0,0,0,0,0,1110,88,315,498e0100060100020000000000000000000000005604583b01
1,2550,0,102000,6,1,0,2,0,0,0,0,0,0,1110,88,315,708e0100060100020000000000000000000000005604583b01
1,2551,0,102041,6,1,0,2,0,0,0,0,0,0,1110,88,315,998e0100060100020000000000000000000000005604583b01
1,2552,0,102080,6,1,0,2,0,0,0,0,0,0,1110,88,315,c08e0100060100020000000000000000000000005604583b01
1,2553,0,102120,6,1,0,2,0,0,0,0,0,0,1110,88,315,e88e0100060100020000000000000000000000005604583b01
1,2554,0,102160,6,1,0,2,0,0,0,0,0,0,1110,88,315,108f0100060100020000000000000000000000005604583b01
1,2555,0,102201,6,1,0,2,0,0,0,0,0,0,1110,88,315,398f0100060100020000000000000000000000005604583b01
1,2556,0,102241,6,1,0,2,0,0,0,0,0,0,1110,88,315,618f0100060100020000000000000000000000005604583b01
1,2557,0,102280,6,1,0,2,0,0,0,0,0,0,1110,88,315,888f0100060100020000000000000000000000005604583b01
1,2558,0,102320,6,1,0,2,0,0,0,0,0,0,1110,88,315,b08f0100060100020000000000000000000000005604583b01
1,2559,0,102360,6,1,0,2,0,0,0,0,0,0,1110,88,315,d88f0100060100020000000000000000000000005604583b01
1,2560,0,102400,6,1,0,2,0,0,0,0,0,0,1110,88,315,00900100060100020000000000000000000000005604583b01
1,2561,0,102441,6,1,0,2,0,0,0,0,0,0,1110,88,315,29900100060100020000000000000000000000005604583b01
1,2562,0,102480,6,1,0,2,0,0,0,0,0,0,1110,88,315,50900100060100020000000000000000000000005604583b01
1,2563,0,102521,6,1,0,2,0,0,0,0,0,0,1110,88,315,79900100060100020000000000000000000000005604583b01
1,2564,0,102560,6,1,0,2,0,0,0,0,0,0,1110,88,315,a0900100060100020000000000000000000000005604583b01
1,2565,0,102600,6,1,0,2,0,0,0,0,0,0,1110,88,315,c8900100060100020000000000000000000000005604583b01
1,2566,0,102640,6,1,0,2,0,0,0,0,0,0,1110,88,315,f0900100060100020000000000000000000000005604583b01
1,2567,0,102680,6,1,0,2,0,0,0,0,0,0,1110,88,315,18910100060100020000000000000000000000005604583b01
1,2568,0,102721,6,1,0,2,0,0,0,0,0,0,1110,88,315,41910100060100020000000000000000000000005604583b01
1,2569,0,102760,6,1,0,2,0,0,0,0,0,0,1110,88,315,68910100060100020000000000000000000000005604583b01
1,2570,0,102800,6,1,0,2,0,0,0,0,0,0,1110,88,315,90910100060100020000000000000000000000005604583b01
1,2571,0,102840,6,1,0,2,0,0,0,0,0,0,1110,88,315,b8910100060100020000000000000000000000005604583b01
1,2572,0,102880,6,1,0,2,0,0,0,0,0,0,1110,88,315,e0910100060100020000000000000000000000005604583b01
1,2573,0,102920,6,1,0,2,0,0,0,0,0,0,1110,88,315,08920100060100020000000000000000000000005604583b01
1,2574,0,102960,6,1,0,2,0,0,0,0,0,0,1110,88,315,30920100060100020000000000000000000000005604583b01
1,2575,0,103000,6,1,0,2,0,0,0,0,0,0,1110,88,315,58920100060100020000000000000000000000005604583b01
1,2576,0,103040,6,1,0,2,0,0,0,0,0,0,1110,88,315,80920100060100020000000000000000000000005604583b01
1,2577,0,103080,6,1,0,2,0,0,0,0,0,0,1110,88,315,a8920100060100020000000000000000000000005604583b01
1,2578,0,103120,6,1,0,2,0,0,0,0,0,0,1110,88,315,d0920100060100020000000000000000000000005604583b01
1,2579,0,103161,6,1,0,2,0,0,0,0,0,0,1110,88,315,f9920100060100020000000000000000000000005604583b01
1,2580,0,103200,6,1,0,2,0,0,0,0,0,0,1110,88,315,20930100060100020000000000000000000000005604583b01
1,2581,0,103241,6,1,0,2,0,0,0,0,0,0,1110,88,315,49930100060100020000000000000000000000005604583b01
1,2582,0,103280,6,1,0,2,0,0,0,0,0,0,1110,88,315,70930100060100020000000000000000000000005604583b01
1,2583,0,103320,6,1,0,2,0,0,0,0,0,0,1110,88,315,98930100060100020000000000000000000000005604583b01
1,2584,0,103360,6,1,0,2,0,0,0,0,0,0,1110,88,315,c0930100060100020000000000000000000000005604583b01
1,2585,0,103401,6,1,0,2,0,0,0,0,0,0,1110,88,315,e9930100060100020000000000000000000000005604583b01
1,2586,0,103440,6,1,0,2,0,0,0,0,0,0,1110,88,315,10940100060100020000000000000000000000005604583b01
1,2587,0,103481,6,1,0,2,0,0,0,0,0,0,1110,88,315,39940100060100020000000000000000000000005604583b01
1,2588,0,103520,6,1,0,2,0,0,0,0,0,0,1110,88,315,60940100060100020000000000000000000000005604583b01
1,2589,0,103560,6,1,0,2,0,0,0,0,0,0,1110,88,315,88940100060100020000000000000000000000005604583b01
1,2590,0,103600,6,1,0,2,0,0,0,0,0,0,1110,88,315,b0940100060100020000000000000000000000005604583b01
1,2591,0,103641,6,1,0,2,0,0,0,0,0,0,1110,88,315,d9940100060100020000000000000000000000005604583b01
1,2592,0,103680,6,1,0,2,0,0,0,0,0,0,1110,88,315,00950100060100020000000000000000000000005604583b01
1,2593,0,103720,6,1,0,2,0,0,0,0,0,0,1110,88,315,28950100060100020000000000000000000000005604583b01
1,2594,0,103760,6,1,0,2,0,0,0,0,0,0,1110,88,315,50950100060100020000000000000000000000005604583b01
1,2595,0,103800,6,1,0,2,0,0,0,0,0,0,1110,88,315,78950100060100020000000000000000000000005604583b01
1,2596,0,103840,6,1,0,2,0,0,0,0,0,0,1110,88,315,a0950100060100020000000000000000000000005604583b01
1,2597,0,103880,6,1,0,2,0,0,0,0,0,0,1110,88,315,c8950100060100020000000000000000000000005604583b01
1,2598,0,103920,6,1,0,2,0,0,0,0,0,0,1110,88,315,f0950100060100020000000000000000000000005604583b01
1,2599,0,103960,6,1,0,2,0,0,0,0,0,0,1110,88,315,18960100060100020000000000000000000000005604583b01
1,2600,0,104000,6,1,0,2,0,0,0,0,0,0,1110,88,315,40960100060100020000000000000000000000005604583b01
1,2601,0,104040,6,1,0,2,0,0,0,0,0,0,1110,88,315,68960100060100020000000000000000000000005604583b01
1,2602,0,104080,6,1,0,2,0,0,0,0,0,0,1110,88,315,90960100060100020000000000000000000000005604583b01
1,2603,0,104121,6,1,0,2,0,0,0,0,0,0,1110,88,315,b9960100060100020000000000000000000000005604583b01
1,2604,0,104160,6,1,0,2,0,0,0,0,0,0,1110,88,315,e0960100060100020000000000000000000000005604583b01
1,2605,0,104200,6,1,0,2,0,0,0,0,0,0,1110,88,315,08970100060100020000000000000000000000005604583b01
1,2606,0,104240,6,1,0,2,0,0,0,0,0,0,1110,88,315,30970100060100020000000000000000000000005604583b01
1,2607,0,104280,6,1,0,2,0,0,0,0,0,0,1110,88,315,58970100060100020000000000000000000000005604583b01
1,2608,0,104320,6,1,0,2,0,0,0,0,0,0,1110,88,315,80970100060100020000000000000000000000005604583b01
1,2609,0,104360,6,1,0,2,0,0,0,0,0,0,1110,88,315,a8970100060100020000000000000000000000005604583b01
1,2610,0,104400,6,1,0,2,0,0,0,0,0,0,1110,88,315,d0970100060100020000000000000000000000005604583b01
1,2611,0,104440,6,1,0,2,0,0,0,0,0,0,1110,88,315,f8970100060100020000000000000000000000005604583b01
1,2612,0,104480,6,1,0,2,0,0,0,0,0,0,1110,88,315,20980100060100020000000000000000000000005604583b01
1,2613,0,104520,6,1,0,2,0,0,0,0,0,0,1110,88,315,48980100060100020000000000000000000000005604583b01
1,2614,0,104560,6,1,0,2,0,0,0,0,0,0,1110,88,315,70980100060100020000000000000000000000005604583b01
1,2615,0,104601,6,1,0,2,0,0,0,0,0,0,1110,88,315,99980100060100020000000000000000000000005604583b01
1,2616,0,104640,6,1,0,2,0,0,0,0,0,0,1110,88,315,c0980100060100020000000000000000000000005604583b01
1,2617,0,104680,6,1,0,2,0,0,0,0,0,0,1110,88,315,e8980100060100020000000000000000000000005604583b01
1,2618,0,104720,6,1,0,2,0,0,0,0,0,0,1110,88,315,10990100060100020000000000000000000000005604583b01
1,2619,0,104760,6,1,0,2,0,0,0,0,0,0,1110,88,315,38990100060100020000000000000000000000005604583b01
1,2620,0,104801,6,1,0,2,0,0,0,0,0,0,1110,88,315,61990100060100020000000000000000000000005604583b01
1,2621,0,104840,6,1,0,2,0,0,0,0,0,0,1110,88,315,88990100060100020000000000000000000000005604583b01
1,2622,0,104881,6,1,0,2,0,0,0,0,0,0,1110,88,315,b1990100060100020000000000000000000000005604583b01
1,2623,0,104920,6,1,0,2,0,0,0,0,0,0,1110,88,315,d8990100060100020000000000000000000000005604583b01
1,2624,0,104960,6,1,0,2,0,0,0,0,0,0,1110,88,315,009a0100060100020000000000000000000000005604583b01
1,2625,0,105000,6,1,0,2,0,0,0,0,0,0,1110,88,315,289a0100060100020000000000000000000000005604583b01
1,2626,0,105040,6,1,0,2,0,0,0,0,0,0,1110,88,315,509a0100060100020000000000000000000000005604583b01
1,2627,0,105080,6,1,0,2,0,0,0,0,0,0,1110,88,315,789a0100060100020000000000000000000000005604583b01
1,2628,0,105121,6,1,0,2,0,0,0,0,0,0,1110,88,315,a19a0100060100020000000000000000000000005604583b01
1,2629,0,105160,6,1,0,2,0,0,0,0,0,0,1110,88,315,c89a0100060100020000000000000000000000005604583b01
1,2630,0,105201,6,1,0,2,0,0,0,0,0,0,1110,88,315,f19a0100060100020000000000000000000000005604583b01
1,2631,0,105240,6,1,0,2,0,0,0,0,0,0,1110,88,315,189b0100060100020000000000000000000000005604583b01
1,2632,0,105280,6,1,0,2,0,0,0,0,0,0,1110,88,315,409b0100060100020000000000000000000000005604583b01
1,2633,0,105320,6,1,0,2,0,0,0,0,0,0,1110,88,315,689b0100060100020000000000000000000000005604583b01
1,2634,0,105361,6,1,0,2,0,0,0,0,0,0,1110,88,315,919b0100060100020000000000000000000000005604583b01
1,2635,0,105400,6,1,0,2,0,0,0,0,0,0,1110,88,315,b89b0100060100020000000000000000000000005604583b01
1,2636,0,105441,6,1,0,2,0,0,0,0,0,0,1110,88,315,e19b0100060100020000000000000000000000005604583b01
1,2637,0,105480,6,1,0,2,0,0,0,0,0,0,1110,88,315,089c0100060100020000000000000000000000005604583b01
1,2638,0,105520,6,1,0,2,0,0,0,0,0,0,1110,88,315,309c0100060100020000000000000000000000005604583b01
1,2639,0,105561,6,1,0,2,0,0,0,0,0,0,1110,88,315,599c0100060100020000000000000000000000005604583b01
1,2640,0,105600,6,1,0,2,0,0,0,0,0,0,1110,88,315,809c0100060100020000000000000000000000005604583b01
1,2641,0,105640,6,1,0,2,0,0,0,0,0,0,1110,88,315,a89c0100060100020000000000000000000000005604583b01
1,2642,0,105680,6,1,0,2,0,0,0,0,0,0,1110,88,315,d09c0100060100020000000000000000000000005604583b01
1,2643,0,105720,6,1,0,2,0,0,0,0,0,0,1110,88,315,f89c0100060100020000000000000000000000005604583b01
1,2644,0,105761,6,1,0,2,0,0,0,0,0,0,1110,88,315,219d0100060100020000000000000000000000005604583b01
1,2645,0,105801,6,1,0,2,0,0,0,0,0,0,1110,88,315,499d0100060100020000000000000000000000005604583b01
1,2646,0,105841,6,1,0,2,0,0,0,0,0,0,1110,88,315,719d0100060100020000000000000000000000005604583b01
1,2647,0,105880,6,1,0,2,0,0,0,0,0,0,1110,88,315,989d0100060100020000000000000000000000005604583b01
1,2648,0,105920,6,1,0,2,0,0,0,0,0,0,1110,88,315,c09d0100060100020000000000000000000000005604583b01
1,2649,0,105960,6,1,0,2,0,0,0,0,0,0,1110,88,315,e89d0100060100020000000000000000000000005604583b01
1,2650,0,106000,6,1,0,2,0,0,0,0,0,0,1110,88,315,109e0100060100020000000000000000000000005604583b01
1,2651,0,106040,6,1,0,2,0,0,0,0,0,0,1110,88,315,389e0100060100020000000000000000000000005604583b01
1,2652,0,106080,6,1,0,2,0,0,0,0,0,0,1110,88,315,609e0100060100020000000000000000000000005604583b01
1,2653,0,106120,6,1,0,2,0,0,0,0,0,0,1110,88,315,889e0100060100020000000000000000000000005604583b01
1,2654,0,106160,6,1,0,2,0,0,0,0,0,0,1110,88,315,b09e0100060100020000000000000000000000005604583b01
1,2655,0,106200,6,1,0,2,0,0,0,0,0,0,1110,88,315,d89e0100060100020000000000000000000000005604583b01
1,2656,0,106240,6,1,0,2,0,0,0,0,0,0,1110,88,315,009f0100060100020000000000000000000000005604583b01
1,2657,0,106280,6,1,0,2,0,0,0,0,0,0,1110,88,315,289f0100060100020000000000000000000000005604583b01
1,2658,0,106320,6,1,0,2,0,0,0,0,0,0,1110,88,315,509f0100060100020000000000000000000000005604583b01
1,2659,0,106360,6,1,0,2,0,0,0,0,0,0,1110,88,315,789f0100060100020000000000000000000000005604583b01
1,2660,0,106401,6,1,0,2,0,0,0,0,0,0,1110,88,315,a19f0100060100020000000000000000000000005604583b01
1,2661,0,106440,6,1,0,2,0,0,0,0,0,0,1110,88,315,c89f0100060100020000000000000000000000005604583b01
1,2662,0,106480,6,1,0,2,0,0,0,0,0,0,1110,88,315,f09f0100060100020000000000000000000000005604583b01
1,2663,0,106521,6,1,0,2,0,0,0,0,0,0,1110,88,315,19a00100060100020000000000000000000000005604583b01
1,2664,0,106560,6,1,0,2,0,0,0,0,0,0,1110,88,315,40a00100060100020000000000000000000000005604583b01
1,2665,0,106600,6,1,0,2,0,0,0,0,0,0,1110,88,315,68a00100060100020000000000000000000000005604583b01
1,2666,0,106640,6,1,0,2,0,0,0,0,0,0,1110,88,315,90a00100060100020000000000000000000000005604583b01
1,2667,0,106680,6,1,0,2,0,0,0,0,0,0,1110,88,315,b8a00100060100020000000000000000000000005604583b01
1,2668,0,106720,6,1,0,2,0,0,0,0,0,0,1110,88,315,e0a00100060100020000000000000000000000005604583b01
1,2669,0,106760,6,1,0,2,0,0,0,0,0,0,1110,88,315,08a10100060100020000000000000000000000005604583b01
1,2670,0,106800,6,1,0,2,0,0,0,0,0,0,1110,88,315,30a10100060100020000000000000000000000005604583b01
1,2671,0,106841,6,1,0,2,0,0,0,0,0,0,1110,88,315,59a10100060100020000000000000000000000005604583b01
1,2672,0,106880,6,1,0,2,0,0,0,0,0,0,1110,88,315,80a10100060100020000000000000000000000005604583b01
1,2673,0,106921,6,1,0,2,0,0,0,0,0,0,1110,88,315,a9a10100060100020000000000000000000000005604583b01
1,2674,0,106960,6,1,0,2,0,0,0,0,0,0,1110,88,315,d0a10100060100020000000000000000000000005604583b01
1,2675,0,107000,6,1,0,2,0,0,0,0,0,0,1110,88,315,f8a10100060100020000000000000000000000005604583b01
1,2676,0,107040,6,1,0,2,0,0,0,0,0,0,1110,88,315,20a20100060100020000000000000000000000005604583b01
1,2677,0,107080,6,1,0,2,0,0,0,0,0,0,1110,88,315,48a20100060100020000000000000000000000005604583b01
1,2678,0,107120,6,1,0,2,0,0,0,0,0,0,1110,88,315,70a20100060100020000000000000000000000005604583b01
1,2679,0,107160,6,1,0,2,0,0,0,0,0,0,1110,88,315,98a20100060100020000000000000000000000005604583b01
1,2680,0,107200,6,1,0,2,0,0,0,0,0,0,1110,88,315,c0a20100060100020000000000000000000000005604583b01
1,2681,0,107241,6,1,0,2,0,0,0,0,0,0,1110,88,315,e9a20100060100020000000000000000000000005604583b01
1,2682,0,107280,6,1,0,2,0,0,0,0,0,0,1110,88,315,10a30100060100020000000000000000000000005604583b01
1,2683,0,107320,6,1,0,2,0,0,0,0,0,0,1110,88,315,38a30100060100020000000000000000000000005604583b01
1,2684,0,107360,6,1,0,2,0,0,0,0,0,0,1110,88,315,60a30100060100020000000000000000000000005604583b01
1,2685,0,107400,6,1,0,2,0,0,0,0,0,0,1110,88,315,88a30100060100020000000000000000000000005604583b01
1,2686,0,107440,6,1,0,2,0,0,0,0,0,0,1110,88,315,b0a30100060100020000000000000000000000005604583b01
1,2687,0,107480,6,1,0,2,0,0,0,0,0,0,1110,88,315,d8a30100060100020000000000000000000000005604583b01
1,2688,0,107520,6,1,0,2,0,0,0,0,0,0,1110,88,315,00a40100060100020000000000000000000000005604583b01
1,2689,0,107560,6,1,0,2,0,0,0,0,0,0,1110,88,315,28a40100060100020000000000000000000000005604583b01
1,2690,0,107600,6,1,0,2,0,0,0,0,0,0,1110,88,315,50a40100060100020000000000000000000000005604583b01
1,2691,0,107641,6,1,0,2,0,0,0,0,0,0,1110,88,315,79a40100060100020000000000000000000000005604583b01
1,2692,0,107680,6,1,0,2,0,0,0,0,0,0,1110,88,315,a0a40100060100020000000000000000000000005604583b01
1,2693,0,107721,6,1,0,2,0,0,0,0,0,0,1110,88,315,c9a40100060100020000000000000000000000005604583b01
1,2694,0,107761,6,1,0,2,0,0,0,0,0,0,1110,88,315,f1a40100060100020000000000000000000000005604583b01
1,2695,0,107800,6,1,0,2,0,0,0,0,0,0,1110,88,315,18a50100060100020000000000000000000000005604583b01
1,2696,0,107840,6,1,0,2,0,0,0,0,0,0,1110,88,315,40a50100060100020000000000000000000000005604583b01
1,2697,0,107880,6,1,0,2,0,0,0,0,0,0,1110,88,315,68a50100060100020000000000000000000000005604583b01
1,2698,0,107921,6,1,0,2,0,0,0,0,0,0,1110,88,315,91a50100060100020000000000000000000000005604583b01
1,2699,0,107960,6,1,0,2,0,0,0,0,0,0,1110,88,315,b8a50100060100020000000000000000000000005604583b01
1,2700,0,108001,6,1,0,2,0,0,0,0,0,0,1110,88,315,e1a50100060100020000000000000000000000005604583b01
1,2701,0,108040,6,1,0,2,0,0,0,0,0,0,1110,88,315,08a60100060100020000000000000000000000005604583b01
1,2702,0,108080,6,1,0,2,0,0,0,0,0,0,1110,88,315,30a60100060100020000000000000000000000005604583b01
1,2703,0,108120,6,1,0,2,0,0,0,0,0,0,1110,88,315,58a60100060100020000000000000000000000005604583b01
1,2704,0,108161,6,1,0,2,0,0,0,0,0,0,1110,88,315,81a60100060100020000000000000000000000005604583b01
1,2705,0,108200,6,1,0,2,0,0,0,0,0,0,1110,88,315,a8a60100060100020000000000000000000000005604583b01
1,2706,0,108240,6,1,0,2,0,0,0,0,0,0,1110,88,315,d0a60100060100020000000000000000000000005604583b01
1,2707,0,108280,6,1,0,2,0,0,0,0,0,0,1110,88,315,f8a60100060100020000000000000000000000005604583b01
1,2708,0,108320,6,1,0,2,0,0,0,0,0,0,1110,88,315,20a70100060100020000000000000000000000005604583b01
1,2709,0,108360,6,1,0,2,0,0,0,0,0,0,1110,88,315,48a70100060100020000000000000000000000005604583b01
1,2710,0,108400,6,1,0,2,0,0,0,0,0,0,1110,88,315,70a70100060100020000000000000000000000005604583b01
1,2711,0,108440,6,1,0,2,0,0,0,0,0,0,1110,88,315,98a70100060100020000000000000000000000005604583b01
1,2712,0,108480,6,1,0,2,0,0,0,0,0,0,1110,88,315,c0a70100060100020000000000000000000000005604583b01
1,2713,0,108520,6,1,0,2,0,0,0,0,0,0,1110,88,315,e8a70100060100020000000000000000000000005604583b01
1,2714,0,108560,6,1,0,2,0,0,0,0,0,0,1110,88,315,10a80100060100020000000000000000000000005604583b01
1,2715,0,108600,6,1,0,2,0,0,0,0,0,0,1110,88,315,38a80100060100020000000000000000000000005604583b01
1,2716,0,108641,6,1,0,2,0,0,0,0,0,0,1110,88,315,61a80100060100020000000000000000000000005604583b01
1,2717,0,108680,6,1,0,2,0,0,0,0,0,0,1110,88,315,88a80100060100020000000000000000000000005604583b01
1,2718,0,108721,6,1,0,2,0,0,0,0,0,0,1110,88,315,b1a80100060100020000000000000000000000005604583b01
1,2719,0,108760,6,1,0,2,0,0,0,0,0,0,1110,88,315,d8a80100060100020000000000000000000000005604583b01
1,2720,0,108800,6,1,0,2,0,0,0,0,0,0,1110,88,315,00a90100060100020000000000000000000000005604583b01
1,2721,0,108840,6,1,0,2,0,0,0,0,0,0,1110,88,315,28a90100060100020000000000000000000000005604583b01
1,2722,0,108880,6,1,0,2,0,0,0,0,0,0,1110,88,315,50a90100060100020000000000000000000000005604583b01
1,2723,0,108920,6,1,0,2,0,0,0,0,0,0,1110,88,315,78a90100060100020000000000000000000000005604583b01
1,2724,0,108960,6,1,0,2,0,0,0,0,0,0,1110,88,315,a0a90100060100020000000000000000000000005604583b01
1,2725,0,109000,6,1,0,2,0,0,0,0,0,0,1110,88,315,c8a90100060100020000000000000000000000005604583b01
1,2726,0,109040,6,1,0,2,0,0,0,0,0,0,1110,88,315,f0a90100060100020000000000000000000000005604583b01
1,2727,0,109080,6,1,0,2,0,0,0,0,0,0,1110,88,315,18aa0100060100020000000000000000000000005604583b01
1,2728,0,109120,6,1,0,2,0,0,0,0,0,0,1110,88,315,40aa0100060100020000000000000000000000005604583b01
1,2729,0,109160,6,1,0,2,0,0,0,0,0,0,1110,88,315,68aa0100060100020000000000000000000000005604583b01
1,2730,0,109200,6,1,0,2,0,0,0,0,0,0,1110,88,315,90aa0100060100020000000000000000000000005604583b01
1,2731,0,109240,6,1,0,2,0,0,0,0,0,0,1110,88,315,b8aa0100060100020000000000000000000000005604583b01
1,2732,0,109280,6,1,0,2,0,0,0,0,0,0,1110,88,315,e0aa0100060100020000000000000000000000005604583b01
1,2733,0,109321,6,1,0,2,0,0,0,0,0,0,1110,88,315,09ab0100060100020000000000000000000000005604583b01
1,2734,0,109360,6,1,0,2,0,0,0,0,0,0,1110,88,315,30ab0100060100020000000000000000000000005604583b01
1,2735,0,109401,6,1,0,2,0,0,0,0,0,0,1110,88,315,59ab0100060100020000000000000000000000005604583b01
1,2736,0,109440,6,1,0,2,0,0,0,0,0,0,1110,88,315,80ab0100060100020000000000000000000000005604583b01
1,2737,0,109480,6,1,0,2,0,0,0,0,0,0,1110,88,315,a8ab0100060100020000000000000000000000005604583b01
1,2738,0,109520,6,1,0,2,0,0,0,0,0,0,1110,88,315,d0ab0100060100020000000000000000000000005604583b01
1,2739,0,109560,6,1,0,2,0,0,0,0,0,0,1110,88,315,f8ab0100060100020000000000000000000000005604583b01
1,2740,0,109600,6,1,0,2,0,0,0,0,0,0,1110,88,315,20ac0100060100020000000000000000000000005604583b01
1,2741,0,109640,6,1,0,2,0,0,0,0,0,0,1110,88,315,48ac0100060100020000000000000000000000005604583b01
1,2742,0,109681,6,1,0,2,0,0,0,0,0,0,1110,88,315,71ac0100060100020000000000000000000000005604583b01
1,2743,0,109720,6,1,0,2,0,0,0,0,0,0,1110,88,315,98ac0100060100020000000000000000000000005604583b01
1,2744,0,109760,6,1,0,2,0,0,0,0,0,0,1110,88,315,c0ac0100060100020000000000000000000000005604583b01
1,2745,0,109801,6,1,0,2,0,0,0,0,0,0,1110,88,315,e9ac0100060100020000000000000000000000005604583b01
1,2746,0,109840,6,1,0,2,0,0,0,0,0,0,1110,88,315,10ad0100060100020000000000000000000000005604583b01
1,2747,0,109881,6,1,0,2,0,0,0,0,0,0,1110,88,315,39ad0100060100020000000000000000000000005604583b01
1,2748,0,109920,6,1,0,2,0,0,0,0,0,0,1110,88,315,60ad0100060100020000000000000000000000005604583b01
1,2749,0,109960,6,1,0,2,0,0,0,0,0,0,1110,88,315,88ad0100060100020000000000000000000000005604583b01
1,2750,0,110000,6,1,0,2,0,0,0,0,0,0,1110,88,315,b0ad0100060100020000000000000000000000005604583b01
1,2751,0,110040,6,1,0,2,0,0,0,0,0,0,1110,88,315,d8ad0100060100020000000000000000000000005604583b01
1,2752,0,110081,6,1,0,2,0,0,0,0,0,0,1110,88,315,01ae0100060100020000000000000000000000005604583b01
1,2753,0,110120,6,1,0,2,0,0,0,0,0,0,1110,88,315,28ae0100060100020000000000000000000000005604583b01
1,2754,0,110160,6,1,0,2,0,0,0,0,0,0,1110,88,315,50ae0100060100020000000000000000000000005604583b01
1,2755,0,110201,6,1,0,2,0,0,0,0,0,0,1110,88,315,79ae0100060100020000000000000000000000005604583b01
1,2756,0,110240,6,1,0,2,0,0,0,0,0,0,1110,88,315,a0ae0100060100020000000000000000000000005604583b01
1,2757,0,110281,6,1,0,2,0,0,0,0,0,0,1110,88,315,c9ae0100060100020000000000000000000000005604583b01
1,2758,0,110321,6,1,0,2,0,0,0,0,0,0,1110,88,315,f1ae0100060100020000000000000000000000005604583b01
1,2759,0,110361,6,1,0,2,0,0,0,0,0,0,1110,88,315,19af0100060100020000000000000000000000005604583b01
1,2760,0,110400,6,1,0,2,0,0,0,0,0,0,1110,88,315,40af0100060100020000000000000000000000005604583b01
1,2761,0,110440,6,1,0,2,0,0,0,0,0,0,1110,88,315,68af0100060100020000000000000000000000005604583b01
1,2762,0,110480,6,1,0,2,0,0,0,0,0,0,1110,88,315,90af0100060100020000000000000000000000005604583b01
1,2763,0,110521,6,1,0,2,0,0,0,0,0,0,1110,88,315,b9af0100060100020000000000000000000000005604583b01
1,2764,0,110560,6,1,0,2,0,0,0,0,0,0,1110,88,315,e0af0100060100020000000000000000000000005604583b01
1,2765,0,110600,6,1,0,2,0,0,0,0,0,0,1110,88,315,08b00100060100020000000000000000000000005604583b01
1,2766,0,110640,6,1,0,2,0,0,0,0,0,0,1110,88,315,30b00100060100020000000000000000000000005604583b01
1,2767,0,110681,6,1,0,2,0,0,0,0,0,0,1110,88,315,59b00100060100020000000000000000000000005604583b01
1,2768,0,110720,6,1,0,2,0,0,0,0,0,0,1110,88,315,80b00100060100020000000000000000000000005604583b01
1,2769,0,110760,6,1,0,2,0,0,0,0,0,0,1110,88,315,a8b00100060100020000000000000000000000005604583b01
1,2770,0,110800,6,1,0,2,0,0,0,0,0,0,1110,88,315,d0b00100060100020000000000000000000000005604583b01
1,2771,0,110840,6,1,0,2,0,0,0,0,0,0,1110,88,315,f8b00100060100020000000000000000000000005604583b01
1,2772,0,110880,6,1,0,2,0,0,0,0,0,0,1110,88,315,20b10100060100020000000000000000000000005604583b01
1,2773,0,110920,6,1,0,2,0,0,0,0,0,0,1110,88,315,48b10100060100020000000000000000000000005604583b01
1,2774,0,110960,6,1,0,2,0,0,0,0,0,0,1110,88,315,70b10100060100020000000000000000000000005604583b01
1,2775,0,111000,6,1,0,2,0,0,0,0,0,0,1110,88,315,98b10100060100020000000000000000000000005604583b01
1,2776,0,111041,6,1,0,2,0,0,0,0,0,0,1110,88,315,c1b10100060100020000000000000000000000005604583b01
1,2777,0,111080,6,1,0,2,0,0,0,0,0,0,1110,88,315,e8b10100060100020000000000000000000000005604583b01
1,2778,0,111120,6,1,0,2,0,0,0,0,0,0,1110,88,315,10b20100060100020000000000000000000000005604583b01
1,2779,0,111160,6,1,0,2,0,0,0,0,0,0,1110,88,315,38b20100060100020000000000000000000000005604583b01
1,2780,0,111200,6,1,0,2,0,0,0,0,0,0,1110,88,315,60b20100060100020000000000000000000000005604583b01
1,2781,0,111240,6,1,0,2,0,0,0,0,0,0,1110,88,315,88b20100060100020000000000000000000000005604583b01
1,2782,0,111280,6,1,0,2,0,0,0,0,0,0,1110,88,315,b0b20100060100020000000000000000000000005604583b01
1,2783,0,111320,6,1,0,2,0,0,0,0,0,0,1110,88,315,d8b20100060100020000000000000000000000005604583b01
1,2784,0,111360,6,1,0,2,0,0,0,0,0,0,1110,88,315,00b30100060100020000000000000000000000005604583b01
1,2785,0,111401,6,1,0,2,0,0,0,0,0,0,1110,88,315,29b30100060100020000000000000000000000005604583b01
1,2786,0,111440,6,1,0,2,0,0,0,0,0,0,1110,88,315,50b30100060100020000000000000000000000005604583b01
1,2787,0,111480,6,1,0,2,0,0,0,0,0,0,1110,88,315,78b30100060100020000000000000000000000005604583b01
1,2788,0,111520,6,1,0,2,0,0,0,0,0,0,1110,88,315,a0b30100060100020000000000000000000000005604583b01
1,2789,0,111560,6,1,0,2,0,0,0,0,0,0,1110,88,315,c8b30100060100020000000000000000000000005604583b01
1,2790,0,111601,6,1,0,2,0,0,0,0,0,0,1110,88,315,f1b30100060100020000000000000000000000005604583b01
1,2791,0,111640,6,1,0,2,0,0,0,0,0,0,1110,88,315,18b40100060100020000000000000000000000005604583b01
1,2792,0,111681,6,1,0,2,0,0,0,0,0,0,1110,88,315,41b40100060100020000000000000000000000005604583b01
1,2793,0,111720,6,1,0,2,0,0,0,0,0,0,1110,88,315,68b40100060100020000000000000000000000005604583b01
1,2794,0,111760,6,1,0,2,0,0,0,0,0,0,1110,88,315,90b40100060100020000000000000000000000005604583b01
1,2795,0,111800,6,1,0,2,0,0,0,0,0,0,1110,88,315,b8b40100060100020000000000000000000000005604583b01
1,2796,0,111840,6,1,0,2,0,0,0,0,0,0,1110,88,315,e0b40100060100020000000000000000000000005604583b01
1,2797,0,111880,6,1,0,2,0,0,0,0,0,0,1110,88,315,08b50100060100020000000000000000000000005604583b01
1,2798,0,111920,6,1,0,2,0,0,0,0,0,0,1110,88,315,30b50100060100020000000000000000000000005604583b01
1,2799,0,111960,6,1,0,2,0,0,0,0,0,0,1110,88,315,58b50100060100020000000000000000000000005604583b01
1,2800,0,112000,6,1,0,2,0,0,0,0,0,0,1110,88,315,80b50100060100020000000000000000000000005604583b01
1,2801,0,112040,6,1,0,2,0,0,0,0,0,0,1110,88,315,a8b50100060100020000000000000000000000005604583b01
1,2802,0,112080,6,1,0,2,0,0,0,0,0,0,1110,88,315,d0b50100060100020000000000000000000000005604583b01
1,2803,0,112120,6,1,0,2,0,0,0,0,0,0,1110,88,315,f8b50100060100020000000000000000000000005604583b01
1,2804,0,112160,6,1,0,2,0,0,0,0,0,0,1110,88,315,20b60100060100020000000000000000000000005604583b01
1,2805,0,112200,6,1,0,2,0,0,0,0,0,0,1110,88,315,48b60100060100020000000000000000000000005604583b01
1,2806,0,112240,6,1,0,2,0,0,0,0,0,0,1110,88,315,70b60100060100020000000000000000000000005604583b01
1,2807,0,112280,6,1,0,2,0,0,0,0,0,0,1110,88,315,98b60100060100020000000000000000000000005604583b01
1,2808,0,112321,6,1,0,2,0,0,0,0,0,0,1110,88,315,c1b60100060100020000000000000000000000005604583b01
1,2809,0,112360,6,1,0,2,0,0,0,0,0,0,1110,88,315,e8b60100060100020000000000000000000000005604583b01
1,2810,0,112400,6,1,0,2,0,0,0,0,0,0,1110,88,315,10b70100060100020000000000000000000000005604583b01
1,2811,0,112440,6,1,0,2,0,0,0,0,0,0,1110,88,315,38b70100060100020000000000000000000000005604583b01
1,2812,0,112480,6,1,0,2,0,0,0,0,0,0,1110,88,315,60b70100060100020000000000000000000000005604583b01
1,2813,0,112520,6,1,0,2,0,0,0,0,0,0,1110,88,315,88b70100060100020000000000000000000000005604583b01
1,2814,0,112560,6,1,0,2,0,0,0,0,0,0,1110,88,315,b0b70100060100020000000000000000000000005604583b01
1,2815,0,112600,6,1,0,2,0,0,0,0,0,0,1110,88,315,d8b70100060100020000000000000000000000005604583b01
1,2816,0,112641,6,1,0,2,0,0,0,0,0,0,1110,88,315,01b80100060100020000000000000000000000005604583b01
1,2817,0,112680,6,1,0,2,0,0,0,0,0,0,1110,88,315,28b80100060100020000000000000000000000005604583b01
1,2818,0,112721,6,1,0,2,0,0,0,0,0,0,1110,88,315,51b80100060100020000000000000000000000005604583b01
1,2819,0,112760,6,1,0,2,0,0,0,0,0,0,1110,88,315,78b80100060100020000000000000000000000005604583b01
1,2820,0,112801,6,1,0,2,0,0,0,0,0,0,1110,88,315,a1b80100060100020000000000000000000000005604583b01
1,2821,0,112840,6,1,0,2,0,0,0,0,0,0,1110,88,315,c8b80100060100020000000000000000000000005604583b01
1,2822,0,112880,6,1,0,2,0,0,0,0,0,0,1110,88,315,f0b80100060100020000000000000000000000005604583b01
1,2823,0,112920,6,1,0,2,0,0,0,0,0,0,1110,88,315,18b90100060100020000000000000000000000005604583b01
1,2824,0,112960,6,1,0,2,0,0,0,0,0,0,1110,88,315,40b90100060100020000000000000000000000005604583b01
1,2825,0,113000,6,1,0,2,0,0,0,0,0,0,1110,88,315,68b90100060100020000000000000000000000005604583b01
1,2826,0,113040,6,1,0,2,0,0,0,0,0,0,1110,88,315,90b90100060100020000000000000000000000005604583b01
1,2827,0,113081,6,1,0,2,0,0,0,0,0,0,1110,88,315,b9b90100060100020000000000000000000000005604583b01
1,2828,0,113120,6,1,0,2,0,0,0,0,0,0,1110,88,315,e0b90100060100020000000000000000000000005604583b01
1,2829,0,113160,6,1,0,2,0,0,0,0,0,0,1110,88,315,08ba0100060100020000000000000000000000005604583b01
1,2830,0,113200,6,1,0,2,0,0,0,0,0,0,1110,88,315,30ba0100060100020000000000000000000000005604583b01
1,2831,0,113240,6,1,0,2,0,0,0,0,0,0,1110,88,315,58ba0100060100020000000000000000000000005604583b01
1,2832,0,113280,6,1,0,2,0,0,0,0,0,0,1110,88,315,80ba0100060100020000000000000000000000005604583b01
1,2833,0,113321,6,1,0,2,0,0,0,0,0,0,1110,88,315,a9ba0100060100020000000000000000000000005604583b01
1,2834,0,113360,6,1,0,2,0,0,0,0,0,0,1110,88,315,d0ba0100060100020000000000000000000000005604583b01
1,2835,0,113401,6,1,0,2,0,0,0,0,0,0,1110,88,315,f9ba0100060100020000000000000000000000005604583b01
1,2836,0,113440,6,1,0,2,0,0,0,0,0,0,1110,88,315,20bb0100060100020000000000000000000000005604583b01
1,2837,0,113480,6,1,0,2,0,0,0,0,0,0,1110,88,315,48bb0100060100020000000000000000000000005604583b01
1,2838,0,113520,6,1,0,2,0,0,0,0,0,0,1110,88,315,70bb0100060100020000000000000000000000005604583b01
1,2839,0,113561,6,1,0,2,0,0,0,0,0,0,1110,88,315,99bb0100060100020000000000000000000000005604583b01
1,2840,0,113600,6,1,0,2,0,0,0,0,0,0,1110,88,315,c0bb0100060100020000000000000000000000005604583b01
1,2841,0,113640,6,1,0,2,0,0,0,0,0,0,1110,88,315,e8bb0100060100020000000000000000000000005604583b01
1,2842,0,113681,6,1,0,2,0,0,0,0,0,0,1110,88,315,11bc0100060100020000000000000000000000005604583b01
1,2843,0,113720,6,1,0,2,0,0,0,0,0,0,1110,88,315,38bc0100060100020000000000000000000000005604583b01
1,2844,0,113761,6,1,0,2,0,0,0,0,0,0,1110,88,315,61bc0100060100020000000000000000000000005604583b01
1,2845,0,113800,6,1,0,2,0,0,0,0,0,0,1110,88,315,88bc0100060100020000000000000000000000005604583b01
1,2846,0,113840,6,1,0,2,0,0,0,0,0,0,1110,88,315,b0bc0100060100020000000000000000000000005604583b01
1,2847,0,113881,6,1,0,2,0,0,0,0,0,0,1110,88,315,d9bc0100060100020000000000000000000000005604583b01
1,2848,0,113920,6,1,0,2,0,0,0,0,0,0,1110,88,315,00bd0100060100020000000000000000000000005604583b01
1,2849,0,113960,6,1,0,2,0,0,0,0,0,0,1110,88,315,28bd0100060100020000000000000000000000005604583b01
1,2850,0,114000,6,1,0,2,0,0,0,0,0,0,1110,88,315,50bd0100060100020000000000000000000000005604583b01
1,2851,0,114041,6,1,0,2,0,0,0,0,0,0,1110,88,315,79bd0100060100020000000000000000000000005604583b01
1,2852,0,114080,6,1,0,2,0,0,0,0,0,0,1110,88,315,a0bd0100060100020000000000000000000000005604583b01
1,2853,0,114120,6,1,0,2,0,0,0,0,0,0,1110,88,315,c8bd0100060100020000000000000000000000005604583b01
1,2854,0,114160,6,1,0,2,0,0,0,0,0,0,1110,88,315,f0bd0100060100020000000000000000000000005604583b01
1,2855,0,114200,6,1,0,2,0,0,0,0,0,0,1110,88,315,18be0100060100020000000000000000000000005604583b01
1,2856,0,114240,6,1,0,2,0,0,0,0,0,0,1110,88,315,40be0100060100020000000000000000000000005604583b01
1,2857,0,114280,6,1,0,2,0,0,0,0,0,0,1110,88,315,68be0100060100020000000000000000000000005604583b01
1,2858,0,114320,6,1,0,2,0,0,0,0,0,0,1110,88,315,90be0100060100020000000000000000000000005604583b01
1,2859,0,114361,6,1,0,2,0,0,0,0,0,0,1110,88,315,b9be0100060100020000000000000000000000005604583b01
1,2860,0,114400,6,1,0,2,0,0,0,0,0,0,1110,88,315,e0be0100060100020000000000000000000000005604583b01
1,2861,0,114440,6,1,0,2,0,0,0,0,0,0,1110,88,315,08bf0100060100020000000000000000000000005604583b01
1,2862,0,114480,6,1,0,2,0,0,0,0,0,0,1110,88,315,30bf0100060100020000000000000000000000005604583b01
1,2863,0,114520,6,1,0,2,0,0,0,0,0,0,1110,88,315,58bf0100060100020000000000000000000000005604583b01
1,2864,0,114560,6,1,0,2,0,0,0,0,0,0,1110,88,315,80bf0100060100020000000000000000000000005604583b01
1,2865,0,114600,6,1,0,2,0,0,0,0,0,0,1110,88,315,a8bf0100060100020000000000000000000000005604583b01
1,2866,0,114640,6,1,0,2,0,0,0,0,0,0,1110,88,315,d0bf0100060100020000000000000000000000005604583b01
1,2867,0,114680,6,1,0,2,0,0,0,0,0,0,1110,88,315,f8bf0100060100020000000000000000000000005604583b01
1,2868,0,114721,6,1,0,2,0,0,0,0,0,0,1110,88,315,21c00100060100020000000000000000000000005604583b01
1,2869,0,114760,6,1,0,2,0,0,0,0,0,0,1110,88,315,48c00100060100020000000000000000000000005604583b01
1,2870,0,114800,6,1,0,2,0,0,0,0,0,0,1110,88,315,70c00100060100020000000000000000000000005604583b01
1,2871,0,114840,6,1,0,2,0,0,0,0,0,0,1110,88,315,98c00100060100020000000000000000000000005604583b01
1,2872,0,114880,6,1,0,2,0,0,0,0,0,0,1110,88,315,c0c00100060100020000000000000000000000005604583b01
1,2873,0,114921,6,1,0,2,0,0,0,0,0,0,1110,88,315,e9c00100060100020000000000000000000000005604583b01
1,2874,0,114960,6,1,0,2,0,0,0,0,0,0,1110,88,315,10c10100060100020000000000000000000000005604583b01
1,2875,0,115000,6,1,0,2,0,0,0,0,0,0,1110,88,315,38c10100060100020000000000000000000000005604583b01
1,2876,0,115040,6,1,0,2,0,0,0,0,0,0,1110,88,315,60c10100060100020000000000000000000000005604583b01
1,2877,0,115081,6,1,0,2,0,0,0,0,0,0,1110,88,315,89c10100060100020000000000000000000000005604583b01
1,2878,0,115120,6,1,0,2,0,0,0,0,0,0,1110,88,315,b0c10100060100020000000000000000000000005604583b01
1,2879,0,115160,6,1,0,2,0,0,0,0,0,0,1110,88,315,d8c10100060100020000000000000000000000005604583b01
1,2880,0,115200,6,1,0,2,0,0,0,0,0,0,1110,88,315,00c20100060100020000000000000000000000005604583b01
1,2881,0,115240,6,1,0,2,0,0,0,0,0,0,1110,88,315,28c20100060100020000000000000000000000005604583b01
1,2882,0,115280,6,1,0,2,0,0,0,0,0,0,1110,88,315,50c20100060100020000000000000000000000005604583b01
1,2883,0,115320,6,1,0,2,0,0,0,0,0,0,1110,88,315,78c20100060100020000000000000000000000005604583b01
1,2884,0,115361,6,1,0,2,0,0,0,0,0,0,1110,88,315,a1c20100060100020000000000000000000000005604583b01
1,2885,0,115400,6,1,0,2,0,0,0,0,0,0,1110,88,315,c8c20100060100020000000000000000000000005604583b01
1,2886,0,115440,6,1,0,2,0,0,0,0,0,0,1110,88,315,f0c20100060100020000000000000000000000005604583b01
1,2887,0,115480,6,1,0,2,0,0,0,0,0,0,1110,88,315,18c30100060100020000000000000000000000005604583b01
1,2888,0,115520,6,1,0,2,0,0,0,0,0,0,1110,88,315,40c30100060100020000000000000000000000005604583b01
1,2889,0,115560,6,1,0,2,0,0,0,0,0,0,1110,88,315,68c30100060100020000000000000000000000005604583b01
1,2890,0,115600,6,1,0,2,0,0,0,0,0,0,1110,88,315,90c30100060100020000000000000000000000005604583b01
1,2891,0,115640,6,1,0,2,0,0,0,0,0,0,1110,88,315,b8c30100060100020000000000000000000000005604583b01
1,2892,0,115680,6,1,0,2,0,0,0,0,0,0,1110,88,315,e0c30100060100020000000000000000000000005604583b01
1,2893,0,115720,6,1,0,2,0,0,0,0,0,0,1110,88,315,08c40100060100020000000000000000000000005604583b01
1,2894,0,115760,6,1,0,2,0,0,0,0,0,0,1110,88,315,30c40100060100020000000000000000000000005604583b01
1,2895,0,115800,6,1,0,2,0,0,0,0,0,0,1110,88,315,58c40100060100020000000000000000000000005604583b01
1,2896,0,115840,6,1,0,2,0,0,0,0,0,0,1110,88,315,80c40100060100020000000000000000000000005604583b01
1,2897,0,115880,6,1,0,2,0,0,0,0,0,0,1110,88,315,a8c40100060100020000000000000000000000005604583b01
1,2898,0,115920,6,1,0,2,0,0,0,0,0,0,1110,88,315,d0c40100060100020000000000000000000000005604583b01
1,2899,0,115960,6,1,0,2,0,0,0,0,0,0,1110,88,315,f8c40100060100020000000000000000000000005604583b01
1,2900,0,116001,6,1,0,2,0,0,0,0,0,0,1110,88,315,21c50100060100020000000000000000000000005604583b01
1,2901,0,116040,6,1,0,2,0,0,0,0,0,0,1110,88,315,48c50100060100020000000000000000000000005604583b01
1,2902,0,116080,6,1,0,2,0,0,0,0,0,0,1110,88,315,70c50100060100020000000000000000000000005604583b01
1,2903,0,116120,6,1,0,2,0,0,0,0,0,0,1110,88,315,98c50100060100020000000000000000000000005604583b01
1,2904,0,116160,6,1,0,2,0,0,0,0,0,0,1110,88,315,c0c50100060100020000000000000000000000005604583b01
1,2905,0,116200,6,1,0,2,0,0,0,0,0,0,1110,88,315,e8c50100060100020000000000000000000000005604583b01
1,2906,0,116240,6,1,0,2,0,0,0,0,0,0,1110,88,315,10c60100060100020000000000000000000000005604583b01
1,2907,0,116280,6,1,0,2,0,0,0,0,0,0,1110,88,315,38c60100060100020000000000000000000000005604583b01
1,2908,0,116321,6,1,0,2,0,0,0,0,0,0,1110,88,315,61c60100060100020000000000000000000000005604583b01
1,2909,0,116360,6,1,0,2,0,0,0,0,0,0,1110,88,315,88c60100060100020000000000000000000000005604583b01
1,2910,0,116401,6,1,0,2,0,0,0,0,0,0,1110,88,315,b1c60100060100020000000000000000000000005604583b01
1,2911,0,116440,6,1,0,2,0,0,0,0,0,0,1110,88,315,d8c60100060100020000000000000000000000005604583b01
1,2912,0,116481,6,1,0,2,0,0,0,0,0,0,1110,88,315,01c70100060100020000000000000000000000005604583b01
1,2913,0,116521,6,1,0,2,0,0,0,0,0,0,1110,88,315,29c70100060100020000000000000000000000005604583b01
1,2914,0,116560,6,1,0,2,0,0,0,0,0,0,1110,88,315,50c70100060100020000000000000000000000005604583b01
1,2915,0,116601,6,1,0,2,0,0,0,0,0,0,1110,88,315,79c70100060100020000000000000000000000005604583b01
1,2916,0,116640,6,1,0,2,0,0,0,0,0,0,1110,88,315,a0c70100060100020000000000000000000000005604583b01
1,2917,0,116680,6,1,0,2,0,0,0,0,0,0,1110,88,315,c8c70100060100020000000000000000000000005604583b01
1,2918,0,116720,6,1,0,2,0,0,0,0,0,0,1110,88,315,f0c70100060100020000000000000000000000005604583b01
1,2919,0,116760,6,1,0,2,0,0,0,0,0,0,1110,88,315,18c80100060100020000000000000000000000005604583b01
1,2920,0,116800,6,1,0,2,0,0,0,0,0,0,1110,88,315,40c80100060100020000000000000000000000005604583b01
1,2921,0,116840,6,1,0,2,0,0,0,0,0,0,1110,88,315,68c80100060100020000000000000000000000005604583b01
1,2922,0,116880,6,1,0,2,0,0,0,0,0,0,1110,88,315,90c80100060100020000000000000000000000005604583b01
1,2923,0,116920,6,1,0,2,0,0,0,0,0,0,1110,88,315,b8c80100060100020000000000000000000000005604583b01
1,2924,0,116960,6,1,0,2,0,0,0,0,0,0,1110,88,315,e0c80100060100020000000000000000000000005604583b01
1,2925,0,117000,6,1,0,2,0,0,0,0,0,0,1110,88,315,08c90100060100020000000000000000000000005604583b01
1,2926,0,117040,6,1,0,2,0,0,0,0,0,0,1110,88,315,30c90100060100020000000000000000000000005604583b01
1,2927,0,117081,6,1,0,2,0,0,0,0,0,0,1110,88,315,59c90100060100020000000000000000000000005604583b01
1,2928,0,117120,6,1,0,2,0,0,0,0,0,0,1110,88,315,80c90100060100020000000000000000000000005604583b01
1,2929,0,117160,6,1,0,2,0,0,0,0,0,0,1110,88,315,a8c90100060100020000000000000000000000005604583b01
1,2930,0,117200,6,1,0,2,0,0,0,0,0,0,1110,88,315,d0c90100060100020000000000000000000000005604583b01
1,2931,0,117241,6,1,0,2,0,0,0,0,0,0,1110,88,315,f9c90100060100020000000000000000000000005604583b01
1,2932,0,117280,6,1,0,2,0,0,0,0,0,0,1110,88,315,20ca0100060100020000000000000000000000005604583b01
1,2933,0,117320,6,1,0,2,0,0,0,0,0,0,1110,88,315,48ca0100060100020000000000000000000000005604583b01
1,2934,0,117361,6,1,0,2,0,0,0,0,0,0,1110,88,315,71ca0100060100020000000000000000000000005604583b01
1,2935,0,117400,6,1,0,2,0,0,0,0,0,0,1110,88,315,98ca0100060100020000000000000000000000005604583b01
1,2936,0,117440,6,1,0,2,0,0,0,0,0,0,1110,88,315,c0ca0100060100020000000000000000000000005604583b01
1,2937,0,117481,6,1,0,2,0,0,0,0,0,0,1110,88,315,e9ca0100060100020000000000000000000000005604583b01
1,2938,0,117520,6,1,0,2,0,0,0,0,0,0,1110,88,315,10cb0100060100020000000000000000000000005604583b01
1,2939,0,117561,6,1,0,2,0,0,0,0,0,0,1110,88,315,39cb0100060100020000000000000000000000005604583b01
1,2940,0,117600,6,1,0,2,0,0,0,0,0,0,1110,88,315,60cb0100060100020000000000000000000000005604583b01
1,2941,0,117640,6,1,0,2,0,0,0,0,0,0,1110,88,315,88cb0100060100020000000000000000000000005604583b01
1,2942,0,117680,6,1,0,2,0,0,0,0,0,0,1110,88,315,b0cb0100060100020000000000000000000000005604583b01
1,2943,0,117721,6,1,0,2,0,0,0,0,0,0,1110,88,315,d9cb0100060100020000000000000000000000005604583b01
1,2944,0,117760,6,1,0,2,0,0,0,0,0,0,1110,88,315,00cc0100060100020000000000000000000000005604583b01
1,2945,0,117801,6,1,0,2,0,0,0,0,0,0,1110,88,315,29cc0100060100020000000000000000000000005604583b01
1,2946,0,117840,6,1,0,2,0,0,0,0,0,0,1110,88,315,50cc0100060100020000000000000000000000005604583b01
1,2947,0,117880,6,1,0,2,0,0,0,0,0,0,1110,88,315,78cc0100060100020000000000000000000000005604583b01
1,2948,0,117920,6,1,0,2,0,0,0,0,0,0,1110,88,315,a0cc0100060100020000000000000000000000005604583b01
1,2949,0,117960,6,1,0,2,0,0,0,0,0,0,1110,88,315,c8cc0100060100020000000000000000000000005604583b01
1,2950,0,118000,6,1,0,2,0,0,0,0,0,0,1110,88,315,f0cc0100060100020000000000000000000000005604583b01
1,2951,0,118040,6,1,0,2,0,0,0,0,0,0,1110,88,315,18cd0100060100020000000000000000000000005604583b01
1,2952,0,118080,6,1,0,2,0,0,0,0,0,0,1110,88,315,40cd0100060100020000000000000000000000005604583b01
1,2953,0,118121,6,1,0,2,0,0,0,0,0,0,1110,88,315,69cd0100060100020000000000000000000000005604583b01
1,2954,0,118160,6,1,0,2,0,0,0,0,0,0,1110,88,315,90cd0100060100020000000000000000000000005604583b01
1,2955,0,118200,6,1,0,2,0,0,0,0,0,0,1110,88,315,b8cd0100060100020000000000000000000000005604583b01
1,2956,0,118240,6,1,0,2,0,0,0,0,0,0,1110,88,315,e0cd0100060100020000000000000000000000005604583b01
1,2957,0,118280,6,1,0,2,0,0,0,0,0,0,1110,88,315,08ce0100060100020000000000000000000000005604583b01
1,2958,0,118320,6,1,0,2,0,0,0,0,0,0,1110,88,315,30ce0100060100020000000000000000000000005604583b01
1,2959,0,118360,6,1,0,2,0,0,0,0,0,0,1110,88,315,58ce0100060100020000000000000000000000005604583b01
1,2960,0,118401,6,1,0,2,0,0,0,0,0,0,1110,88,315,81ce0100060100020000000000000000000000005604583b01
1,2961,0,118440,6,1,0,2,0,0,0,0,0,0,1110,88,315,a8ce0100060100020000000000000000000000005604583b01
1,2962,0,118480,6,1,0,2,0,0,0,0,0,0,1110,88,315,d0ce0100060100020000000000000000000000005604583b01
1,2963,0,118521,6,1,0,2,0,0,0,0,0,0,1110,88,315,f9ce0100060100020000000000000000000000005604583b01
1,2964,0,118560,6,1,0,2,0,0,0,0,0,0,1110,88,315,20cf0100060100020000000000000000000000005604583b01
1,2965,0,118601,6,1,0,2,0,0,0,0,0,0,1110,88,315,49cf0100060100020000000000000000000000005604583b01
1,2966,0,118641,6,1,0,2,0,0,0,0,0,0,1110,88,315,71cf0100060100020000000000000000000000005604583b01
1,2967,0,118680,6,1,0,2,0,0,0,0,0,0,1110,88,315,98cf0100060100020000000000000000000000005604583b01
1,2968,0,118720,6,1,0,2,0,0,0,0,0,0,1110,88,315,c0cf0100060100020000000000000000000000005604583b01
1,2969,0,118760,6,1,0,2,0,0,0,0,0,0,1110,88,315,e8cf0100060100020000000000000000000000005604583b01
1,2970,0,118801,6,1,0,2,0,0,0,0,0,0,1110,88,315,11d00100060100020000000000000000000000005604583b01
1,2971,0,118840,6,1,0,2,0,0,0,0,0,0,1110,88,315,38d00100060100020000000000000000000000005604583b01
1,2972,0,118880,6,1,0,2,0,0,0,0,0,0,1110,88,315,60d00100060100020000000000000000000000005604583b01
1,2973,0,118920,6,1,0,2,0,0,0,0,0,0,1110,88,315,88d00100060100020000000000000000000000005604583b01
1,2974,0,118961,6,1,0,2,0,0,0,0,0,0,1110,88,315,b1d00100060100020000000000000000000000005604583b01
1,2975,0,119000,6,1,0,2,0,0,0,0,0,0,1110,88,315,d8d00100060100020000000000000000000000005604583b01
1,2976,0,119041,6,1,0,2,0,0,0,0,0,0,1110,88,315,01d10100060100020000000000000000000000005604583b01
1,2977,0,119080,6,1,0,2,0,0,0,0,0,0,1110,88,315,28d10100060100020000000000000000000000005604583b01
1,2978,0,119120,6,1,0,2,0,0,0,0,0,0,1110,88,315,50d10100060100020000000000000000000000005604583b01
1,2979,0,119160,6,1,0,2,0,0,0,0,0,0,1110,88,315,78d10100060100020000000000000000000000005604583b01
1,2980,0,119200,6,1,0,2,0,0,0,0,0,0,1110,88,315,a0d10100060100020000000000000000000000005604583b01
1,2981,0,119240,6,1,0,2,0,0,0,0,0,0,1110,88,315,c8d10100060100020000000000000000000000005604583b01
1,2982,0,119280,6,1,0,2,0,0,0,0,0,0,1110,88,315,f0d10100060100020000000000000000000000005604583b01
1,2983,0,119320,6,1,0,2,0,0,0,0,0,0,1110,88,315,18d20100060100020000000000000000000000005604583b01
1,2984,0,119360,6,1,0,2,0,0,0,0,0,0,1110,88,315,40d20100060100020000000000000000000000005604583b01
1,2985,0,119400,6,1,0,2,0,0,0,0,0,0,1110,88,315,68d20100060100020000000000000000000000005604583b01
1,2986,0,119440,6,1,0,2,0,0,0,0,0,0,1110,88,315,90d20100060100020000000000000000000000005604583b01
1,2987,0,119480,6,1,0,2,0,0,0,0,0,0,1110,88,315,b8d20100060100020000000000000000000000005604583b01
1,2988,0,119520,6,1,0,2,0,0,0,0,0,0,1110,88,315,e0d20100060100020000000000000000000000005604583b01
1,2989,0,119560,6,1,0,2,0,0,0,0,0,0,1110,88,315,08d30100060100020000000000000000000000005604583b01
1,2990,0,119600,6,1,0,2,0,0,0,0,0,0,1110,88,315,30d30100060100020000000000000000000000005604583b01
1,2991,0,119640,6,1,0,2,0,0,0,0,0,0,1110,88,315,58d30100060100020000000000000000000000005604583b01
1,2992,0,119680,6,1,0,2,0,0,0,0,0,0,1110,88,315,80d30100060100020000000000000000000000005604583b01
1,2993,0,119720,6,1,0,2,0,0,0,0,0,0,1110,88,315,a8d30100060100020000000000000000000000005604583b01
1,2994,0,119760,6,1,0,2,0,0,0,0,0,0,1110,88,315,d0d30100060100020000000000000000000000005604583b01
1,2995,0,119800,6,1,0,2,0,0,0,0,0,0,1110,88,315,f8d30100060100020000000000000000000000005604583b01
1,2996,0,119841,6,1,0,2,0,0,0,0,0,0,1110,88,315,21d40100060100020000000000000000000000005604583b01
1,2997,0,119880,6,1,0,2,0,0,0,0,0,0,1110,88,315,48d40100060100020000000000000000000000005604583b01
1,2998,0,119920,6,1,0,2,0,0,0,0,0,0,1110,88,315,70d40100060100020000000000000000000000005604583b01
1,2999,0,119960,6,1,0,2,0,0,0,0,0,0,1110,88,315,98d40100060100020000000000000000000000005604583b01
1,3000,0,120000,6,1,0,2,0,0,0,0,0,0,1110,88,315,c0d40100060100020000000000000000000000005604583b01
1,3001,0,120040,6,1,0,2,0,0,0,0,0,0,1110,88,315,e8d40100060100020000000000000000000000005604583b01
1,3002,0,120080,6,1,0,2,0,0,0,0,0,0,1110,88,315,10d50100060100020000000000000000000000005604583b01
1,3003,0,120120,6,1,0,2,0,0,0,0,0,0,1110,88,315,38d50100060100020000000000000000000000005604583b01
1,3004,0,120160,6,1,0,2,0,0,0,0,0,0,1110,88,315,60d50100060100020000000000000000000000005604583b01
1,3005,0,120201,6,1,0,2,0,0,0,0,0,0,1110,88,315,89d50100060100020000000000000000000000005604583b01
1,3006,0,120240,6,1,0,2,0,0,0,0,0,0,1110,88,315,b0d50100060100020000000000000000000000005604583b01
1,3007,0,120281,6,1,0,2,0,0,0,0,0,0,1110,88,315,d9d50100060100020000000000000000000000005604583b01
1,3008,0,120320,6,1,0,2,0,0,0,0,0,0,1110,88,315,00d60100060100020000000000000000000000005604583b01
1,3009,0,120360,6,1,0,2,0,0,0,0,0,0,1110,88,315,28d60100060100020000000000000000000000005604583b01
1,3010,0,120400,6,1,0,2,0,0,0,0,0,0,1110,88,315,50d60100060100020000000000000000000000005604583b01
1,3011,0,120440,6,1,0,2,0,0,0,0,0,0,1110,88,315,78d60100060100020000000000000000000000005604583b01
1,3012,0,120480,6,1,0,2,0,0,0,0,0,0,1110,88,315,a0d60100060100020000000000000000000000005604583b01
1,3013,0,120520,6,1,0,2,0,0,0,0,0,0,1110,88,315,c8d60100060100020000000000000000000000005604583b01
1,3014,0,120561,6,1,0,2,0,0,0,0,0,0,1110,88,315,f1d60100060100020000000000000000000000005604583b01
1,3015,0,120600,6,1,0,2,0,0,0,0,0,0,1110,88,315,18d70100060100020000000000000000000000005604583b01
1,3016,0,120640,6,1,0,2,0,0,0,0,0,0,1110,88,315,40d70100060100020000000000000000000000005604583b01
1,3017,0,120680,6,1,0,2,0,0,0,0,0,0,1110,88,315,68d70100060100020000000000000000000000005604583b01
1,3018,0,120720,6,1,0,2,0,0,0,0,0,0,1110,88,315,90d70100060100020000000000000000000000005604583b01
1,3019,0,120761,6,1,0,2,0,0,0,0,0,0,1110,88,315,b9d70100060100020000000000000000000000005604583b01
1,3020,0,120800,6,1,0,2,0,0,0,0,0,0,1110,88,315,e0d70100060100020000000000000000000000005604583b01
1,3021,0,120840,6,1,0,2,0,0,0,0,0,0,1110,88,315,08d80100060100020000000000000000000000005604583b01
1,3022,0,120880,6,1,0,2,0,0,0,0,0,0,1110,88,315,30d80100060100020000000000000000000000005604583b01
1,3023,0,120920,6,1,0,2,0,0,0,0,0,0,1110,88,315,58d80100060100020000000000000000000000005604583b01
1,3024,0,120961,6,1,0,2,0,0,0,0,0,0,1110,88,315,81d80100060100020000000000000000000000005604583b01
1,3025,0,121000,6,1,0,2,0,0,0,0,0,0,1110,88,315,a8d80100060100020000000000000000000000005604583b01
1,3026,0,121041,6,1,0,2,0,0,0,0,0,0,1110,88,315,d1d80100060100020000000000000000000000005604583b01
1,3027,0,121080,6,1,0,2,0,0,0,0,0,0,1110,88,315,f8d80100060100020000000000000000000000005604583b01
1,3028,0,121120,6,1,0,2,0,0,0,0,0,0,1110,88,315,20d90100060100020000000000000000000000005604583b01
1,3029,0,121161,6,1,0,2,0,0,0,0,0,0,1110,88,315,49d90100060100020000000000000000000000005604583b01
1,3030,0,121200,6,1,0,2,0,0,0,0,0,0,1110,88,315,70d90100060100020000000000000000000000005604583b01
1,3031,0,121241,6,1,0,2,0,0,0,0,0,0,1110,88,315,99d90100060100020000000000000000000000005604583b01
1,3032,0,121280,6,1,0,2,0,0,0,0,0,0,1110,88,315,c0d90100060100020000000000000000000000005604583b01
1,3033,0,121320,6,1,0,2,0,0,0,0,0,0,1110,88,315,e8d90100060100020000000000000000000000005604583b01
1,3034,0,121360,6,1,0,2,0,0,0,0,0,0,1110,88,315,10da0100060100020000000000000000000000005604583b01
1,3035,0,121400,6,1,0,2,0,0,0,0,0,0,1110,88,315,38da0100060100020000000000000000000000005604583b01
1,3036,0,121440,6,1,0,2,0,0,0,0,0,0,1110,88,315,60da0100060100020000000000000000000000005604583b01
1,3037,0,121481,6,1,0,2,0,0,0,0,0,0,1110,88,315,89da0100060100020000000000000000000000005604583b01
1,3038,0,121520,6,1,0,2,0,0,0,0,0,0,1110,88,315,b0da0100060100020000000000000000000000005604583b01
1,3039,0,121561,6,1,0,2,0,0,0,0,0,0,1110,88,315,d9da0100060100020000000000000000000000005604583b01
1,3040,0,121600,6,1,0,2,0,0,0,0,0,0,1110,88,315,00db0100060100020000000000000000000000005604583b01
1,3041,0,121640,6,1,0,2,0,0,0,0,0,0,1110,88,315,28db0100060100020000000000000000000000005604583b01
1,3042,0,121680,6,1,0,2,0,0,0,0,0,0,1110,88,315,50db0100060100020000000000000000000000005604583b01
1,3043,0,121720,6,1,0,2,0,0,0,0,0,0,1110,88,315,78db0100060100020000000000000000000000005604583b01
1,3044,0,121760,6,1,0,2,0,0,0,0,0,0,1110,88,315,a0db0100060100020000000000000000000000005604583b01
1,3045,0,121801,6,1,0,2,0,0,0,0,0,0,1110,88,315,c9db0100060100020000000000000000000000005604583b01
1,3046,0,121840,6,1,0,2,0,0,0,0,0,0,1110,88,315,f0db0100060100020000000000000000000000005604583b01
1,3047,0,121880,6,1,0,2,0,0,0,0,0,0,1110,88,315,18dc0100060100020000000000000000000000005604583b01
1,3048,0,121920,6,1,0,2,0,0,0,0,0,0,1110,88,315,40dc0100060100020000000000000000000000005604583b01
1,3049,0,121960,6,1,0,2,0,0,0,0,0,0,1110,88,315,68dc0100060100020000000000000000000000005604583b01
1,3050,0,122000,6,1,0,2,0,0,0,0,0,0,1110,88,315,90dc0100060100020000000000000000000000005604583b01
1,3051,0,122040,6,1,0,2,0,0,0,0,0,0,1110,88,315,b8dc0100060100020000000000000000000000005604583b01
1,3052,0,122080,6,1,0,2,0,0,0,0,0,0,1110,88,315,e0dc0100060100020000000000000000000000005604583b01
1,3053,0,122120,6,1,0,2,0,0,0,0,0,0,1110,88,315,08dd0100060100020000000000000000000000005604583b01
1,3054,0,122160,6,1,0,2,0,0,0,0,0,0,1110,88,315,30dd0100060100020000000000000000000000005604583b01
1,3055,0,122201,6,1,0,2,0,0,0,0,0,0,1110,88,315,59dd0100060100020000000000000000000000005604583b01
1,3056,0,122240,6,1,0,2,0,0,0,0,0,0,1110,88,315,80dd0100060100020000000000000000000000005604583b01
1,3057,0,122281,6,1,0,2,0,0,0,0,0,0,1110,88,315,a9dd0100060100020000000000000000000000005604583b01
1,3058,0,122320,6,1,0,2,0,0,0,0,0,0,1110,88,315,d0dd0100060100020000000000000000000000005604583b01
1,3059,0,122360,6,1,0,2,0,0,0,0,0,0,1110,88,315,f8dd0100060100020000000000000000000000005604583b01
1,3060,0,122400,6,1,0,2,0,0,0,0,0,0,1110,88,315,20de0100060100020000000000000000000000005604583b01
1,3061,0,122440,6,1,0,2,0,0,0,0,0,0,1110,88,315,48de0100060100020000000000000000000000005604583b01
1,3062,0,122481,6,1,0,2,0,0,0,0,0,0,1110,88,315,71de0100060100020000000000000000000000005604583b01
1,3063,0,122520,6,1,0,2,0,0,0,0,0,0,1110,88,315,98de0100060100020000000000000000000000005604583b01
1,3064,0,122560,6,1,0,2,0,0,0,0,0,0,1110,88,315,c0de0100060100020000000000000000000000005604583b01
1,3065,0,122600,6,1,0,2,0,0,0,0,0,0,1110,88,315,e8de0100060100020000000000000000000000005604583b01
1,3066,0,122640,6,1,0,2,0,0,0,0,0,0,1110,88,315,10df0100060100020000000000000000000000005604583b01
1,3067,0,122680,6,1,0,2,0,0,0,0,0,0,1110,88,315,38df0100060100020000000000000000000000005604583b01
1,3068,0,122720,6,1,0,2,0,0,0,0,0,0,1110,88,315,60df0100060100020000000000000000000000005604583b01
1,3069,0,122760,6,1,0,2,0,0,0,0,0,0,1110,88,315,88df0100060100020000000000000000000000005604583b01
1,3070,0,122800,6,1,0,2,0,0,0,0,0,0,1110,88,315,b0df0100060100020000000000000000000000005604583b01
1,3071,0,122840,6,1,0,2,0,0,0,0,0,0,1110,88,315,d8df0100060100020000000000000000000000005604583b01
1,3072,0,122880,6,1,0,2,0,0,0,0,0,0,1110,88,315,00e00100060100020000000000000000000000005604583b01
1,3073,0,122920,6,1,0,2,0,0,0,0,0,0,1110,88,315,28e00100060100020000000000000000000000005604583b01
1,3074,0,122960,6,1,0,2,0,0,0,0,0,0,1110,88,315,50e00100060100020000000000000000000000005604583b01
1,3075,0,123000,6,1,0,2,0,0,0,0,0,0,1110,88,315,78e00100060100020000000000000000000000005604583b01
1,3076,0,123040,6,1,0,2,0,0,0,0,0,0,1110,88,315,a0e00100060100020000000000000000000000005604583b01
1,3077,0,123080,6,1,0,2,0,0,0,0,0,0,1110,88,315,c8e00100060100020000000000000000000000005604583b01
1,3078,0,123120,6,1,0,2,0,0,0,0,0,0,1110,88,315,f0e00100060100020000000000000000000000005604583b01
1,3079,0,123160,6,1,0,2,0,0,0,0,0,0,1110,88,315,18e10100060100020000000000000000000000005604583b01
1,3080,0,123201,6,1,0,2,0,0,0,0,0,0,1110,88,315,41e10100060100020000000000000000000000005604583b01
1,3081,0,123240,6,1,0,2,0,0,0,0,0,0,1110,88,315,68e10100060100020000000000000000000000005604583b01
1,3082,0,123281,6,1,0,2,0,0,0,0,0,0,1110,88,315,91e10100060100020000000000000000000000005604583b01
1,3083,0,123320,6,1,0,2,0,0,0,0,0,0,1110,88,315,b8e10100060100020000000000000000000000005604583b01
1,3084,0,123360,6,1,0,2,0,0,0,0,0,0,1110,88,315,e0e10100060100020000000000000000000000005604583b01
1,3085,0,123400,6,1,0,2,0,0,0,0,0,0,1110,88,315,08e20100060100020000000000000000000000005604583b01
1,3086,0,123440,6,1,0,2,0,0,0,0,0,0,1110,88,315,30e20100060100020000000000000000000000005604583b01
1,3087,0,123481,6,1,0,2,0,0,0,0,0,0,1110,88,315,59e20100060100020000000000000000000000005604583b01
1,3088,0,123520,6,1,0,2,0,0,0,0,0,0,1110,88,315,80e20100060100020000000000000000000000005604583b01
1,3089,0,123560,6,1,0,2,0,0,0,0,0,0,1110,88,315,a8e20100060100020000000000000000000000005604583b01
1,3090,0,123600,6,1,0,2,0,0,0,0,0,0,1110,88,315,d0e20100060100020000000000000000000000005604583b01
1,3091,0,123640,6,1,0,2,0,0,0,0,0,0,1110,88,315,f8e20100060100020000000000000000000000005604583b01
1,3092,0,123680,6,1,0,2,0,0,0,0,0,0,1110,88,315,20e30100060100020000000000000000000000005604583b01
1,3093,0,123720,6,1,0,2,0,0,0,0,0,0,1110,88,315,48e30100060100020000000000000000000000005604583b01
1,3094,0,123760,6,1,0,2,0,0,0,0,0,0,1110,88,315,70e30100060100020000000000000000000000005604583b01
1,3095,0,123800,6,1,0,2,0,0,0,0,0,0,1110,88,315,98e30100060100020000000000000000000000005604583b01
1,3096,0,123840,6,1,0,2,0,0,0,0,0,0,1110,88,315,c0e30100060100020000000000000000000000005604583b01
1,3097,0,123880,6,1,0,2,0,0,0,0,0,0,1110,88,315,e8e30100060100020000000000000000000000005604583b01
1,3098,0,123920,6,1,0,2,0,0,0,0,0,0,1110,88,315,10e40100060100020000000000000000000000005604583b01
1,3099,0,123960,6,1,0,2,0,0,0,0,0,0,1110,88,315,38e40100060100020000000000000000000000005604583b01
1,3100,0,124000,6,1,0,2,0,0,0,0,0,0,1110,88,315,60e40100060100020000000000000000000000005604583b01
1,3101,0,124040,6,1,0,2,0,0,0,0,0,0,1110,88,315,88e40100060100020000000000000000000000005604583b01
1,3102,0,124080,6,1,0,2,0,0,0,0,0,0,1110,88,315,b0e40100060100020000000000000000000000005604583b01
1,3103,0,124120,6,1,0,2,0,0,0,0,0,0,1110,88,315,d8e40100060100020000000000000000000000005604583b01
1,3104,0,124160,6,1,0,2,0,0,0,0,0,0,1110,88,315,00e50100060100020000000000000000000000005604583b01
1,3105,0,124200,6,1,0,2,0,0,0,0,0,0,1110,88,315,28e50100060100020000000000000000000000005604583b01
1,3106,0,124241,6,1,0,2,0,0,0,0,0,0,1110,88,315,51e50100060100020000000000000000000000005604583b01
1,3107,0,124281,6,1,0,2,0,0,0,0,0,0,1110,88,315,79e50100060100020000000000000000000000005604583b01
1,3108,0,124320,6,1,0,2,0,0,0,0,0,0,1110,88,315,a0e50100060100020000000000000000000000005604583b01
1,3109,0,124360,6,1,0,2,0,0,0,0,0,0,1110,88,315,c8e50100060100020000000000000000000000005604583b01
1,3110,0,124400,6,1,0,2,0,0,0,0,0,0,1110,88,315,f0e50100060100020000000000000000000000005604583b01
1,3111,0,124441,6,1,0,2,0,0,0,0,0,0,1110,88,315,19e60100060100020000000000000000000000005604583b01
1,3112,0,124480,6,1,0,2,0,0,0,0,0,0,1110,88,315,40e60100060100020000000000000000000000005604583b01
1,3113,0,124521,6,1,0,2,0,0,0,0,0,0,1110,88,315,69e60100060100020000000000000000000000005604583b01
1,3114,0,124560,6,1,0,2,0,0,0,0,0,0,1110,88,315,90e60100060100020000000000000000000000005604583b01
1,3115,0,124600,6,1,0,2,0,0,0,0,0,0,1110,88,315,b8e60100060100020000000000000000000000005604583b01
1,3116,0,124640,6,1,0,2,0,0,0,0,0,0,1110,88,315,e0e60100060100020000000000000000000000005604583b01
1,3117,0,124680,6,1,0,2,0,0,0,0,0,0,1110,88,315,08e70100060100020000000000000000000000005604583b01
1,3118,0,124721,6,1,0,2,0,0,0,0,0,0,1110,88,315,31e70100060100020000000000000000000000005604583b01
1,3119,0,124760,6,1,0,2,0,0,0,0,0,0,1110,88,315,58e70100060100020000000000000000000000005604583b01
1,3120,0,124801,6,1,0,2,0,0,0,0,0,0,1110,88,315,81e70100060100020000000000000000000000005604583b01
1,3121,0,124841,6,1,0,2,0,0,0,0,0,0,1110,88,315,a9e70100060100020000000000000000000000005604583b01
1,3122,0,124880,6,1,0,2,0,0,0,0,0,0,1110,88,315,d0e70100060100020000000000000000000000005604583b01
1,3123,0,124920,6,1,0,2,0,0,0,0,0,0,1110,88,315,f8e70100060100020000000000000000000000005604583b01
1,3124,0,124960,6,1,0,2,0,0,0,0,0,0,1110,88,315,20e80100060100020000000000000000000000005604583b01
1,3125,0,125000,6,1,0,2,0,0,0,0,0,0,1110,88,315,48e80100060100020000000000000000000000005604583b01
1,3126,0,125040,6,1,0,2,0,0,0,0,0,0,1110,88,315,70e80100060100020000000000000000000000005604583b01
1,3127,0,125080,6,1,0,2,0,0,0,0,0,0,1110,88,315,98e80100060100020000000000000000000000005604583b01
1,3128,0,125120,6,1,0,2,0,0,0,0,0,0,1110,88,315,c0e80100060100020000000000000000000000005604583b01
1,3129,0,125160,6,1,0,2,0,0,0,0,0,0,1110,88,315,e8e80100060100020000000000000000000000005604583b01
1,3130,0,125200,6,1,0,2,0,0,0,0,0,0,1110,88,315,10e90100060100020000000000000000000000005604583b01
1,3131,0,125241,6,1,0,2,0,0,0,0,0,0,1110,88,315,39e90100060100020000000000000000000000005604583b01
1,3132,0,125280,6,1,0,2,0,0,0,0,0,0,1110,88,315,60e90100060100020000000000000000000000005604583b01
1,3133,0,125320,6,1,0,2,0,0,0,0,0,0,1110,88,315,88e90100060100020000000000000000000000005604583b01
1,3134,0,125360,6,1,0,2,0,0,0,0,0,0,1110,88,315,b0e90100060100020000000000000000000000005604583b01
1,3135,0,125400,6,1,0,2,0,0,0,0,0,0,1110,88,315,d8e90100060100020000000000000000000000005604583b01
1,3136,0,125440,6,1,0,2,0,0,0,0,0,0,1110,88,315,00ea0100060100020000000000000000000000005604583b01
1,3137,0,125481,6,1,0,2,0,0,0,0,0,0,1110,88,315,29ea0100060100020000000000000000000000005604583b01
1,3138,0,125520,6,1,0,2,0,0,0,0,0,0,1110,88,315,50ea0100060100020000000000000000000000005604583b01
1,3139,0,125560,6,1,0,2,0,0,0,0,0,0,1110,88,315,78ea0100060100020000000000000000000000005604583b01
1,3140,0,125601,6,1,0,2,0,0,0,0,0,0,1110,88,315,a1ea0100060100020000000000000000000000005604583b01
1,3141,0,125640,6,1,0,2,0,0,0,0,0,0,1110,88,315,c8ea0100060100020000000000000000000000005604583b01
1,3142,0,125680,6,1,0,2,0,0,0,0,0,0,1110,88,315,f0ea0100060100020000000000000000000000005604583b01
1,3143,0,125720,6,1,0,2,0,0,0,0,0,0,1110,88,315,18eb0100060100020000000000000000000000005604583b01
1,3144,0,125760,6,1,0,2,0,0,0,0,0,0,1110,88,315,40eb0100060100020000000000000000000000005604583b01
1,3145,0,125801,6,1,0,2,0,0,0,0,0,0,1110,88,315,69eb0100060100020000000000000000000000005604583b01
1,3146,0,125840,6,1,0,2,0,0,0,0,0,0,1110,88,315,90eb0100060100020000000000000000000000005604583b01
1,3147,0,125880,6,1,0,2,0,0,0,0,0,0,1110,88,315,b8eb0100060100020000000000000000000000005604583b01
1,3148,0,125920,6,1,0,2,0,0,0,0,0,0,1110,88,315,e0eb0100060100020000000000000000000000005604583b01
1,3149,0,125961,6,1,0,2,0,0,0,0,0,0,1110,88,315,09ec0100060100020000000000000000000000005604583b01
1,3150,0,126000,6,1,0,2,0,0,0,0,0,0,1110,88,315,30ec0100060100020000000000000000000000005604583b01
1,3151,0,126040,6,1,0,2,0,0,0,0,0,0,1110,88,315,58ec0100060100020000000000000000000000005604583b01
1,3152,0,126080,6,1,0,2,0,0,0,0,0,0,1110,88,315,80ec0100060100020000000000000000000000005604583b01
1,3153,0,126120,6,1,0,2,0,0,0,0,0,0,1110,88,315,a8ec0100060100020000000000000000000000005604583b01
1,3154,0,126161,6,1,0,2,0,0,0,0,0,0,1110,88,315,d1ec0100060100020000000000000000000000005604583b01
1,3155,0,126200,6,1,0,2,0,0,0,0,0,0,1110,88,315,f8ec0100060100020000000000000000000000005604583b01
1,3156,0,126241,6,1,0,2,0,0,0,0,0,0,1110,88,315,21ed0100060100020000000000000000000000005604583b01
1,3157,0,126280,6,1,0,2,0,0,0,0,0,0,1110,88,315,48ed0100060100020000000000000000000000005604583b01
1,3158,0,126320,6,1,0,2,0,0,0,0,0,0,1110,88,315,70ed0100060100020000000000000000000000005604583b01
1,3159,0,126360,6,1,0,2,0,0,0,0,0,0,1110,88,315,98ed0100060100020000000000000000000000005604583b01
1,3160,0,126400,6,1,0,2,0,0,0,0,0,0,1110,88,315,c0ed0100060100020000000000000000000000005604583b01
1,3161,0,126441,6,1,0,2,0,0,0,0,0,0,1110,88,315,e9ed0100060100020000000000000000000000005604583b01
1,3162,0,126480,6,1,0,2,0,0,0,0,0,0,1110,88,315,10ee0100060100020000000000000000000000005604583b01
1,3163,0,126520,6,1,0,2,0,0,0,0,0,0,1110,88,315,38ee0100060100020000000000000000000000005604583b01
1,3164,0,126560,6,1,0,2,0,0,0,0,0,0,1110,88,315,60ee0100060100020000000000000000000000005604583b01
1,3165,0,126600,6,1,0,2,0,0,0,0,0,0,1110,88,315,88ee0100060100020000000000000000000000005604583b01
1,3166,0,126640,6,1,0,2,0,0,0,0,0,0,1110,88,315,b0ee0100060100020000000000000000000000005604583b01
1,3167,0,126680,6,1,0,2,0,0,0,0,0,0,1110,88,315,d8ee0100060100020000000000000000000000005604583b01
1,3168,0,126720,6,1,0,2,0,0,0,0,0,0,1110,88,315,00ef0100060100020000000000000000000000005604583b01
1,3169,0,126760,6,1,0,2,0,0,0,0,0,0,1110,88,315,28ef0100060100020000000000000000000000005604583b01
1,3170,0,126800,6,1,0,2,0,0,0,0,0,0,1110,88,315,50ef0100060100020000000000000000000000005604583b01
1,3171,0,126840,6,1,0,2,0,0,0,0,0,0,1110,88,315,78ef0100060100020000000000000000000000005604583b01
1,3172,0,126881,6,1,0,2,0,0,0,0,0,0,1110,88,315,a1ef0100060100020000000000000000000000005604583b01
1,3173,0,126920,6,1,0,2,0,0,0,0,0,0,1110,88,315,c8ef0100060100020000000000000000000000005604583b01
1,3174,0,126960,6,1,0,2,0,0,0,0,0,0,1110,88,315,f0ef0100060100020000000000000000000000005604583b01
1,3175,0,127000,6,1,0,2,0,0,0,0,0,0,1110,88,315,18f00100060100020000000000000000000000005604583b01
1,3176,0,127041,6,1,0,2,0,0,0,0,0,0,1110,88,315,41f00100060100020000000000000000000000005604583b01
1,3177,0,127080,6,1,0,2,0,0,0,0,0,0,1110,88,315,68f00100060100020000000000000000000000005604583b01
1,3178,0,127120,6,1,0,2,0,0,0,0,0,0,1110,88,315,90f00100060100020000000000000000000000005604583b01
1,3179,0,127160,6,1,0,2,0,0,0,0,0,0,1110,88,315,b8f00100060100020000000000000000000000005604583b01
1,3180,0,127200,6,1,0,2,0,0,0,0,0,0,1110,88,315,e0f00100060100020000000000000000000000005604583b01
1,3181,0,127240,6,1,0,2,0,0,0,0,0,0,1110,88,315,08f10100060100020000000000000000000000005604583b01
1,3182,0,127280,6,1,0,2,0,0,0,0,0,0,1110,88,315,30f10100060100020000000000000000000000005604583b01
1,3183,0,127320,6,1,0,2,0,0,0,0,0,0,1110,88,315,58f10100060100020000000000000000000000005604583b01
1,3184,0,127360,6,1,0,2,0,0,0,0,0,0,1110,88,315,80f10100060100020000000000000000000000005604583b01
1,3185,0,127400,6,1,0,2,0,0,0,0,0,0,1110,88,315,a8f10100060100020000000000000000000000005604583b01
1,3186,0,127440,6,1,0,2,0,0,0,0,0,0,1110,88,315,d0f10100060100020000000000000000000000005604583b01
1,3187,0,127480,6,1,0,2,0,0,0,0,0,0,1110,88,315,f8f10100060100020000000000000000000000005604583b01
1,3188,0,127520,6,1,0,2,0,0,0,0,0,0,1110,88,315,20f20100060100020000000000000000000000005604583b01
1,3189,0,127560,6,1,0,2,0,0,0,0,0,0,1110,88,315,48f20100060100020000000000000000000000005604583b01
1,3190,0,127600,6,1,0,2,0,0,0,0,0,0,1110,88,315,70f20100060100020000000000000000000000005604583b01
1,3191,0,127640,6,1,0,2,0,0,0,0,0,0,1110,88,315,98f20100060100020000000000000000000000005604583b01
1,3192,0,127680,6,1,0,2,0,0,0,0,0,0,1110,88,315,c0f20100060100020000000000000000000000005604583b01
1,3193,0,127720,6,1,0,2,0,0,0,0,0,0,1110,88,315,e8f20100060100020000000000000000000000005604583b01
1,3194,0,127760,6,1,0,2,0,0,0,0,0,0,1110,88,315,10f30100060100020000000000000000000000005604583b01
1,3195,0,127800,6,1,0,2,0,0,0,0,0,0,1110,88,315,38f30100060100020000000000000000000000005604583b01
1,3196,0,127840,6,1,0,2,0,0,0,0,0,0,1110,88,315,60f30100060100020000000000000000000000005604583b01
1,3197,0,127881,6,1,0,2,0,0,0,0,0,0,1110,88,315,89f30100060100020000000000000000000000005604583b01
1,3198,0,127920,6,1,0,2,0,0,0,0,0,0,1110,88,315,b0f30100060100020000000000000000000000005604583b01
1,3199,0,127961,6,1,0,2,0,0,0,0,0,0,1110,88,315,d9f30100060100020000000000000000000000005604583b01
1,3200,0,128000,6,1,0,2,0,0,0,0,0,0,1110,88,315,00f40100060100020000000000000000000000005604583b01
1,3201,0,128041,6,1,0,2,0,0,0,0,0,0,1110,88,315,29f40100060100020000000000000000000000005604583b01
1,3202,0,128080,6,1,0,2,0,0,0,0,0,0,1110,88,315,50f40100060100020000000000000000000000005604583b01
1,3203,0,128121,6,1,0,2,0,0,0,0,0,0,1110,88,315,79f40100060100020000000000000000000000005604583b01
1,3204,0,128160,6,1,0,2,0,0,0,0,0,0,1110,88,315,a0f40100060100020000000000000000000000005604583b01
1,3205,0,128201,6,1,0,2,0,0,0,0,0,0,1110,88,315,c9f40100060100020000000000000000000000005604583b01
1,3206,0,128240,6,1,0,2,0,0,0,0,0,0,1110,88,315,f0f40100060100020000000000000000000000005604583b01
1,3207,0,128280,6,1,0,2,0,0,0,0,0,0,1110,88,315,18f50100060100020000000000000000000000005604583b01
1,3208,0,128320,6,1,0,2,0,0,0,0,0,0,1110,88,315,40f50100060100020000000000000000000000005604583b01
1,3209,0,128360,6,1,0,2,0,0,0,0,0,0,1110,88,315,68f50100060100020000000000000000000000005604583b01
1,3210,0,128400,6,1,0,2,0,0,0,0,0,0,1110,88,315,90f50100060100020000000000000000000000005604583b01
1,3211,0,128440,6,1,0,2,0,0,0,0,0,0,1110,88,315,b8f50100060100020000000000000000000000005604583b01
1,3212,0,128480,6,1,0,2,0,0,0,0,0,0,1110,88,315,e0f50100060100020000000000000000000000005604583b01
1,3213,0,128521,6,1,0,2,0,0,0,0,0,0,1110,88,315,09f60100060100020000000000000000000000005604583b01
1,3214,0,128560,6,1,0,2,0,0,0,0,0,0,1110,88,315,30f60100060100020000000000000000000000005604583b01
1,3215,0,128600,6,1,0,2,0,0,0,0,0,0,1110,88,315,58f60100060100020000000000000000000000005604583b01
1,3216,0,128640,6,1,0,2,0,0,0,0,0,0,1110,88,315,80f60100060100020000000000000000000000005604583b01
1,3217,0,128681,6,1,0,2,0,0,0,0,0,0,1110,88,315,a9f60100060100020000000000000000000000005604583b01
1,3218,0,128720,6,1,0,2,0,0,0,0,0,0,1110,88,315,d0f60100060100020000000000000000000000005604583b01
1,3219,0,128760,6,1,0,2,0,0,0,0,0,0,1110,88,315,f8f60100060100020000000000000000000000005604583b01
1,3220,0,128800,6,1,0,2,0,0,0,0,0,0,1110,88,315,20f70100060100020000000000000000000000005604583b01
1,3221,0,128840,6,1,0,2,0,0,0,0,0,0,1110,88,315,48f70100060100020000000000000000000000005604583b01
1,3222,0,128880,6,1,0,2,0,0,0,0,0,0,1110,88,315,70f70100060100020000000000000000000000005604583b01
1,3223,0,128920,6,1,0,2,0,0,0,0,0,0,1110,88,315,98f70100060100020000000000000000000000005604583b01
1,3224,0,128960,6,1,0,2,0,0,0,0,0,0,1110,88,315,c0f70100060100020000000000000000000000005604583b01
1,3225,0,129000,6,1,0,2,0,0,0,0,0,0,1110,88,315,e8f70100060100020000000000000000000000005604583b01
1,3226,0,129040,6,1,0,2,0,0,0,0,0,0,1110,88,315,10f80100060100020000000000000000000000005604583b01
1,3227,0,129081,6,1,0,2,0,0,0,0,0,0,1110,88,315,39f80100060100020000000000000000000000005604583b01
1,3228,0,129120,6,1,0,2,0,0,0,0,0,0,1110,88,315,60f80100060100020000000000000000000000005604583b01
1,3229,0,129161,6,1,0,2,0,0,0,0,0,0,1110,88,315,89f80100060100020000000000000000000000005604583b01
1,3230,0,129200,6,1,0,2,0,0,0,0,0,0,1110,88,315,b0f80100060100020000000000000000000000005604583b01
1,3231,0,129240,6,1,0,2,0,0,0,0,0,0,1110,88,315,d8f80100060100020000000000000000000000005604583b01
1,3232,0,129280,6,1,0,2,0,0,0,0,0,0,1110,88,315,00f90100060100020000000000000000000000005604583b01
1,3233,0,129320,6,1,0,2,0,0,0,0,0,0,1110,88,315,28f90100060100020000000000000000000000005604583b01
1,3234,0,129361,6,1,0,2,0,0,0,0,0,0,1110,88,315,51f90100060100020000000000000000000000005604583b01
1,3235,0,129400,6,1,0,2,0,0,0,0,0,0,1110,88,315,78f90100060100020000000000000000000000005604583b01
1,3236,0,129441,6,1,0,2,0,0,0,0,0,0,1110,88,315,a1f90100060100020000000000000000000000005604583b01
1,3237,0,129480,6,1,0,2,0,0,0,0,0,0,1110,88,315,c8f90100060100020000000000000000000000005604583b01
1,3238,0,129520,6,1,0,2,0,0,0,0,0,0,1110,88,315,f0f90100060100020000000000000000000000005604583b01
1,3239,0,129560,6,1,0,2,0,0,0,0,0,0,1110,88,315,18fa0100060100020000000000000000000000005604583b01
1,3240,0,129600,6,1,0,2,0,0,0,0,0,0,1110,88,315,40fa0100060100020000000000000000000000005604583b01
1,3241,0,129640,6,1,0,2,0,0,0,0,0,0,1110,88,315,68fa0100060100020000000000000000000000005604583b01
1,3242,0,129681,6,1,0,2,0,0,0,0,0,0,1110,88,315,91fa0100060100020000000000000000000000005604583b01
1,3243,0,129720,6,1,0,2,0,0,0,0,0,0,1110,88,315,b8fa0100060100020000000000000000000000005604583b01
1,3244,0,129760,6,1,0,2,0,0,0,0,0,0,1110,88,315,e0fa0100060100020000000000000000000000005604583b01
1,3245,0,129800,6,1,0,2,0,0,0,0,0,0,1110,88,315,08fb0100060100020000000000000000000000005604583b01
1,3246,0,129840,6,1,0,2,0,0,0,0,0,0,1110,88,315,30fb0100060100020000000000000000000000005604583b01
1,3247,0,129880,6,1,0,2,0,0,0,0,0,0,1110,88,315,58fb0100060100020000000000000000000000005604583b01
1,3248,0,129920,6,1,0,2,0,0,0,0,0,0,1110,88,315,80fb0100060100020000000000000000000000005604583b01
1,3249,0,129960,6,1,0,2,0,0,0,0,0,0,1110,88,315,a8fb0100060100020000000000000000000000005604583b01
1,3250,0,130001,6,1,0,2,0,0,0,0,0,0,1110,88,315,d1fb0100060100020000000000000000000000005604583b01
1,3251,0,130040,6,1,0,2,0,0,0,0,0,0,1110,88,315,f8fb0100060100020000000000000000000000005604583b01
1,3252,0,130080,6,1,0,2,0,0,0,0,0,0,1110,88,315,20fc0100060100020000000000000000000000005604583b01
1,3253,0,130121,6,1,0,2,0,0,0,0,0,0,1110,88,315,49fc0100060100020000000000000000000000005604583b01
1,3254,0,130160,6,1,0,2,0,0,0,0,0,0,1110,88,315,70fc0100060100020000000000000000000000005604583b01
1,3255,0,130200,6,1,0,2,0,0,0,0,0,0,1110,88,315,98fc0100060100020000000000000000000000005604583b01
1,3256,0,130241,6,1,0,2,0,0,0,0,0,0,1110,88,315,c1fc0100060100020000000000000000000000005604583b01
1,3257,0,130280,6,1,0,2,0,0,0,0,0,0,1110,88,315,e8fc0100060100020000000000000000000000005604583b01
1,3258,0,130321,6,1,0,2,0,0,0,0,0,0,1110,88,315,11fd0100060100020000000000000000000000005604583b01
1,3259,0,130360,6,1,0,2,0,0,0,0,0,0,1110,88,315,38fd0100060100020000000000000000000000005604583b01
1,3260,0,130400,6,1,0,2,0,0,0,0,0,0,1110,88,315,60fd0100060100020000000000000000000000005604583b01
1,3261,0,130440,6,1,0,2,0,0,0,0,0,0,1110,88,315,88fd0100060100020000000000000000000000005604583b01
1,3262,0,130481,6,1,0,2,0,0,0,0,0,0,1110,88,315,b1fd0100060100020000000000000000000000005604583b01
1,3263,0,130520,6,1,0,2,0,0,0,0,0,0,1110,88,315,d8fd0100060100020000000000000000000000005604583b01
1,3264,0,130560,6,1,0,2,0,0,0,0,0,0,1110,88,315,00fe0100060100020000000000000000000000005604583b01
1,3265,0,130600,6,1,0,2,0,0,0,0,0,0,1110,88,315,28fe0100060100020000000000000000000000005604583b01
1,3266,0,130640,6,1,0,2,0,0,0,0,0,0,1110,88,315,50fe0100060100020000000000000000000000005604583b01
1,3267,0,130681,6,1,0,2,0,0,0,0,0,0,1110,88,315,79fe0100060100020000000000000000000000005604583b01
1,3268,0,130720,6,1,0,2,0,0,0,0,0,0,1110,88,315,a0fe0100060100020000000000000000000000005604583b01
1,3269,0,130761,6,1,0,2,0,0,0,0,0,0,1110,88,315,c9fe0100060100020000000000000000000000005604583b01
1,3270,0,130800,6,1,0,2,0,0,0,0,0,0,1110,88,315,f0fe0100060100020000000000000000000000005604583b01
1,3271,0,130840,6,1,0,2,0,0,0,0,0,0,1110,88,315,18ff0100060100020000000000000000000000005604583b01
1,3272,0,130880,6,1,0,2,0,0,0,0,0,0,1110,88,315,40ff0100060100020000000000000000000000005604583b01
1,3273,0,130920,6,1,0,2,0,0,0,0,0,0,1110,88,315,68ff0100060100020000000000000000000000005604583b01
1,3274,0,130961,6,1,0,2,0,0,0,0,0,0,1110,88,315,91ff0100060100020000000000000000000000005604583b01
1,3275,0,131000,6,1,0,2,0,0,0,0,0,0,1110,88,315,b8ff0100060100020000000000000000000000005604583b01
1,3276,0,131040,6,1,0,2,0,0,0,0,0,0,1110,88,315,e0ff0100060100020000000000000000000000005604583b01
1,3277,0,131080,6,1,0,2,0,0,0,0,0,0,1110,88,315,08000200060100020000000000000000000000005604583b01
1,3278,0,131120,6,1,0,2,0,0,0,0,0,0,1110,88,315,30000200060100020000000000000000000000005604583b01
1,3279,0,131160,6,1,0,2,0,0,0,0,0,0,1110,88,315,58000200060100020000000000000000000000005604583b01
1,3280,0,131200,6,1,0,2,0,0,0,0,0,0,1110,88,315,80000200060100020000000000000000000000005604583b01
1,3281,0,131240,6,1,0,2,0,0,0,0,0,0,1110,88,315,a8000200060100020000000000000000000000005604583b01
1,3282,0,131280,6,1,0,2,0,0,0,0,0,0,1110,88,315,d0000200060100020000000000000000000000005604583b01
1,3283,0,131320,6,1,0,2,0,0,0,0,0,0,1110,88,315,f8000200060100020000000000000000000000005604583b01
1,3284,0,131360,6,1,0,2,0,0,0,0,0,0,1110,88,315,20010200060100020000000000000000000000005604583b01
1,3285,0,131400,6,1,0,2,0,0,0,0,0,0,1110,88,315,48010200060100020000000000000000000000005604583b01
1,3286,0,131440,6,1,0,2,0,0,0,0,0,0,1110,88,315,70010200060100020000000000000000000000005604583b01
1,3287,0,131481,6,1,0,2,0,0,0,0,0,0,1110,88,315,99010200060100020000000000000000000000005604583b01
1,3288,0,131520,6,1,0,2,0,0,0,0,0,0,1110,88,315,c0010200060100020000000000000000000000005604583b01
1,3289,0,131560,6,1,0,2,0,0,0,0,0,0,1110,88,315,e8010200060100020000000000000000000000005604583b01
1,3290,0,131600,6,1,0,2,0,0,0,0,0,0,1110,88,315,10020200060100020000000000000000000000005604583b01
1,3291,0,131640,6,1,0,2,0,0,0,0,0,0,1110,88,315,38020200060100020000000000000000000000005604583b01
1,3292,0,131680,6,1,0,2,0,0,0,0,0,0,1110,88,315,60020200060100020000000000000000000000005604583b01
1,3293,0,131721,6,1,0,2,0,0,0,0,0,0,1110,88,315,89020200060100020000000000000000000000005604583b01
1,3294,0,131760,6,1,0,2,0,0,0,0,0,0,1110,88,315,b0020200060100020000000000000000000000005604583b01
1,3295,0,131801,6,1,0,2,0,0,0,0,0,0,1110,88,315,d9020200060100020000000000000000000000005604583b01
1,3296,0,131840,6,1,0,2,0,0,0,0,0,0,1110,88,315,00030200060100020000000000000000000000005604583b01
1,3297,0,131881,6,1,0,2,0,0,0,0,0,0,1110,88,315,29030200060100020000000000000000000000005604583b01
1,3298,0,131920,6,1,0,2,0,0,0,0,0,0,1110,88,315,50030200060100020000000000000000000000005604583b01
1,3299,0,131960,6,1,0,2,0,0,0,0,0,0,1110,88,315,78030200060100020000000000000000000000005604583b01
1,3300,0,132001,6,1,0,2,0,0,0,0,0,0,1110,88,315,a1030200060100020000000000000000000000005604583b01
1,3301,0,132040,6,1,0,2,0,0,0,0,0,0,1110,88,315,c8030200060100020000000000000000000000005604583b01
1,3302,0,132080,6,1,0,2,0,0,0,0,0,0,1110,88,315,f0030200060100020000000000000000000000005604583b01
1,3303,0,132120,6,1,0,2,0,0,0,0,0,0,1110,88,315,18040200060100020000000000000000000000005604583b01
1,3304,0,132160,6,1,0,2,0,0,0,0,0,0,1110,88,315,40040200060100020000000000000000000000005604583b01
1,3305,0,132200,6,1,0,2,0,0,0,0,0,0,1110,88,315,68040200060100020000000000000000000000005604583b01
1,3306,0,132240,6,1,0,2,0,0,0,0,0,0,1110,88,315,90040200060100020000000000000000000000005604583b01
1,3307,0,132280,6,1,0,2,0,0,0,0,0,0,1110,88,315,b8040200060100020000000000000000000000005604583b01
1,3308,0,132320,6,1,0,2,0,0,0,0,0,0,1110,88,315,e0040200060100020000000000000000000000005604583b01
1,3309,0,132361,6,1,0,2,0,0,0,0,0,0,1110,88,315,09050200060100020000000000000000000000005604583b01
1,3310,0,132400,6,1,0,2,0,0,0,0,0,0,1110,88,315,30050200060100020000000000000000000000005604583b01
1,3311,0,132440,6,1,0,2,0,0,0,0,0,0,1110,88,315,58050200060100020000000000000000000000005604583b01
1,3312,0,132480,6,1,0,2,0,0,0,0,0,0,1110,88,315,80050200060100020000000000000000000000005604583b01
1,3313,0,132520,6,1,0,2,0,0,0,0,0,0,1110,88,315,a8050200060100020000000000000000000000005604583b01
1,3314,0,132560,6,1,0,2,0,0,0,0,0,0,1110,88,315,d0050200060100020000000000000000000000005604583b01
1,3315,0,132600,6,1,0,2,0,0,0,0,0,0,1110,88,315,f8050200060100020000000000000000000000005604583b01
1,3316,0,132640,6,1,0,2,0,0,0,0,0,0,1110,88,315,20060200060100020000000000000000000000005604583b01
1,3317,0,132680,6,1,0,2,0,0,0,0,0,0,1110,88,315,48060200060100020000000000000000000000005604583b01
1,3318,0,132720,6,1,0,2,0,0,0,0,0,0,1110,88,315,70060200060100020000000000000000000000005604583b01
1,3319,0,132761,6,1,0,2,0,0,0,0,0,0,1110,88,315,99060200060100020000000000000000000000005604583b01
1,3320,0,132800,6,1,0,2,0,0,0,0,0,0,1110,88,315,c0060200060100020000000000000000000000005604583b01
1,3321,0,132840,6,1,0,2,0,0,0,0,0,0,1110,88,315,e8060200060100020000000000000000000000005604583b01
1,3322,0,132880,6,1,0,2,0,0,0,0,0,0,1110,88,315,10070200060100020000000000000000000000005604583b01
1,3323,0,132920,6,1,0,2,0,0,0,0,0,0,1110,88,315,38070200060100020000000000000000000000005604583b01
1,3324,0,132960,6,1,0,2,0,0,0,0,0,0,1110,88,315,60070200060100020000000000000000000000005604583b01
1,3325,0,133000,6,1,0,2,0,0,0,0,0,0,1110,88,315,88070200060100020000000000000000000000005604583b01
1,3326,0,133040,6,1,0,2,0,0,0,0,0,0,1110,88,315,b0070200060100020000000000000000000000005604583b01
1,3327,0,133080,6,1,0,2,0,0,0,0,0,0,1110,88,315,d8070200060100020000000000000000000000005604583b01
1,3328,0,133120,6,1,0,2,0,0,0,0,0,0,1110,88,315,00080200060100020000000000000000000000005604583b01
1,3329,0,133161,6,1,0,2,0,0,0,0,0,0,1110,88,315,29080200060100020000000000000000000000005604583b01
1,3330,0,133200,6,1,0,2,0,0,0,0,0,0,1110,88,315,50080200060100020000000000000000000000005604583b01
1,3331,0,133240,6,1,0,2,0,0,0,0,0,0,1110,88,315,78080200060100020000000000000000000000005604583b01
1,3332,0,133280,6,1,0,2,0,0,0,0,0,0,1110,88,315,a0080200060100020000000000000000000000005604583b01
1,3333,0,133320,6,1,0,2,0,0,0,0,0,0,1110,88,315,c8080200060100020000000000000000000000005604583b01
1,3334,0,133360,6,1,0,2,0,0,0,0,0,0,1110,88,315,f0080200060100020000000000000000000000005604583b01
1,3335,0,133401,6,1,0,2,0,0,0,0,0,0,1110,88,315,19090200060100020000000000000000000000005604583b01
1,3336,0,133440,6,1,0,2,0,0,0,0,0,0,1110,88,315,40090200060100020000000000000000000000005604583b01
1,3337,0,133480,6,1,0,2,0,0,0,0,0,0,1110,88,315,68090200060100020000000000000000000000005604583b01
1,3338,0,133520,6,1,0,2,0,0,0,0,0,0,1110,88,315,90090200060100020000000000000000000000005604583b01
1,3339,0,133560,6,1,0,2,0,0,0,0,0,0,1110,88,315,b8090200060100020000000000000000000000005604583b01
1,3340,0,133600,6,1,0,2,0,0,0,0,0,0,1110,88,315,e0090200060100020000000000000000000000005604583b01
1,3341,0,133640,6,1,0,2,0,0,0,0,0,0,1110,88,315,080a0200060100020000000000000000000000005604583b01
1,3342,0,133680,6,1,0,2,0,0,0,0,0,0,1110,88,315,300a0200060100020000000000000000000000005604583b01
1,3343,0,133720,6,1,0,2,0,0,0,0,0,0,1110,88,315,580a0200060100020000000000000000000000005604583b01
1,3344,0,133760,6,1,0,2,0,0,0,0,0,0,1110,88,315,800a0200060100020000000000000000000000005604583b01
1,3345,0,133800,6,1,0,2,0,0,0,0,0,0,1110,88,315,a80a0200060100020000000000000000000000005604583b01
1,3346,0,133840,6,1,0,2,0,0,0,0,0,0,1110,88,315,d00a0200060100020000000000000000000000005604583b01
1,3347,0,133880,6,1,0,2,0,0,0,0,0,0,1110,88,315,f80a0200060100020000000000000000000000005604583b01
1,3348,0,133920,6,1,0,2,0,0,0,0,0,0,1110,88,315,200b0200060100020000000000000000000000005604583b01
1,3349,0,133960,6,1,0,2,0,0,0,0,0,0,1110,88,315,480b0200060100020000000000000000000000005604583b01
1,3350,0,134000,6,1,0,2,0,0,0,0,0,0,1110,88,315,700b0200060100020000000000000000000000005604583b01
1,3351,0,134040,6,1,0,2,0,0,0,0,0,0,1110,88,315,980b0200060100020000000000000000000000005604583b01
1,3352,0,134080,6,1,0,2,0,0,0,0,0,0,1110,88,315,c00b0200060100020000000000000000000000005604583b01
1,3353,0,134121,6,1,0,2,0,0,0,0,0,0,1110,88,315,e90b0200060100020000000000000000000000005604583b01
1,3354,0,134160,6,1,0,2,0,0,0,0,0,0,1110,88,315,100c0200060100020000000000000000000000005604583b01
1,3355,0,134200,6,1,0,2,0,0,0,0,0,0,1110,88,315,380c0200060100020000000000000000000000005604583b01
1,3356,0,134240,6,1,0,2,0,0,0,0,0,0,1110,88,315,600c0200060100020000000000000000000000005604583b01
1,3357,0,134280,6,1,0,2,0,0,0,0,0,0,1110,88,315,880c0200060100020000000000000000000000005604583b01
1,3358,0,134321,6,1,0,2,0,0,0,0,0,0,1110,88,315,b10c0200060100020000000000000000000000005604583b01
1,3359,0,134360,6,1,0,2,0,0,0,0,0,0,1110,88,315,d80c0200060100020000000000000000000000005604583b01
1,3360,0,134400,6,1,0,2,0,0,0,0,0,0,1110,88,315,000d0200060100020000000000000000000000005604583b01
1,3361,0,134440,6,1,0,2,0,0,0,0,0,0,1110,88,315,280d0200060100020000000000000000000000005604583b01
1,3362,0,134481,6,1,0,2,0,0,0,0,0,0,1110,88,315,510d0200060100020000000000000000000000005604583b01
1,3363,0,134520,6,1,0,2,0,0,0,0,0,0,1110,88,315,780d0200060100020000000000000000000000005604583b01
1,3364,0,134561,6,1,0,2,0,0,0,0,0,0,1110,88,315,a10d0200060100020000000000000000000000005604583b01
1,3365,0,134600,6,1,0,2,0,0,0,0,0,0,1110,88,315,c80d0200060100020000000000000000000000005604583b01
1,3366,0,134640,6,1,0,2,0,0,0,0,0,0,1110,88,315,f00d0200060100020000000000000000000000005604583b01
1,3367,0,134681,6,1,0,2,0,0,0,0,0,0,1110,88,315,190e0200060100020000000000000000000000005604583b01
1,3368,0,134720,6,1,0,2,0,0,0,0,0,0,1110,88,315,400e0200060100020000000000000000000000005604583b01
1,3369,0,134760,6,1,0,2,0,0,0,0,0,0,1110,88,315,680e0200060100020000000000000000000000005604583b01
1,3370,0,134800,6,1,0,2,0,0,0,0,0,0,1110,88,315,900e0200060100020000000000000000000000005604583b01
1,3371,0,134840,6,1,0,2,0,0,0,0,0,0,1110,88,315,b80e0200060100020000000000000000000000005604583b01
1,3372,0,134881,6,1,0,2,0,0,0,0,0,0,1110,88,315,e10e0200060100020000000000000000000000005604583b01
1,3373,0,134920,6,1,0,2,0,0,0,0,0,0,1110,88,315,080f0200060100020000000000000000000000005604583b01
1,3374,0,134961,6,1,0,2,0,0,0,0,0,0,1110,88,315,310f0200060100020000000000000000000000005604583b01
1,3375,0,135000,6,1,0,2,0,0,0,0,0,0,1110,88,315,580f0200060100020000000000000000000000005604583b01
1,3376,0,135040,6,1,0,2,0,0,0,0,0,0,1110,88,315,800f0200060100020000000000000000000000005604583b01
1,3377,0,135080,6,1,0,2,0,0,0,0,0,0,1110,88,315,a80f0200060100020000000000000000000000005604583b01
1,3378,0,135120,6,1,0,2,0,0,0,0,0,0,1110,88,315,d00f0200060100020000000000000000000000005604583b01
1,3379,0,135160,6,1,0,2,0,0,0,0,0,0,1110,88,315,f80f0200060100020000000000000000000000005604583b01
1,3380,0,135200,6,1,0,2,0,0,0,0,0,0,1110,88,315,20100200060100020000000000000000000000005604583b01
1,3381,0,135240,6,1,0,2,0,0,0,0,0,0,1110,88,315,48100200060100020000000000000000000000005604583b01
1,3382,0,135281,6,1,0,2,0,0,0,0,0,0,1110,88,315,71100200060100020000000000000000000000005604583b01
1,3383,0,135320,6,1,0,2,0,0,0,0,0,0,1110,88,315,98100200060100020000000000000000000000005604583b01
1,3384,0,135360,6,1,0,2,0,0,0,0,0,0,1110,88,315,c0100200060100020000000000000000000000005604583b01
1,3385,0,135400,6,1,0,2,0,0,0,0,0,0,1110,88,315,e8100200060100020000000000000000000000005604583b01
1,3386,0,135441,6,1,0,2,0,0,0,0,0,0,1110,88,315,11110200060100020000000000000000000000005604583b01
1,3387,0,135480,6,1,0,2,0,0,0,0,0,0,1110,88,315,38110200060100020000000000000000000000005604583b01
1,3388,0,135520,6,1,0,2,0,0,0,0,0,0,1110,88,315,60110200060100020000000000000000000000005604583b01
1,3389,0,135561,6,1,0,2,0,0,0,0,0,0,1110,88,315,89110200060100020000000000000000000000005604583b01
1,3390,0,135600,6,1,0,2,0,0,0,0,0,0,1110,88,315,b0110200060100020000000000000000000000005604583b01
1,3391,0,135640,6,1,0,2,0,0,0,0,0,0,1110,88,315,d8110200060100020000000000000000000000005604583b01
1,3392,0,135680,6,1,0,2,0,0,0,0,0,0,1110,88,315,00120200060100020000000000000000000000005604583b01
1,3393,0,135720,6,1,0,2,0,0,0,0,0,0,1110,88,315,28120200060100020000000000000000000000005604583b01
1,3394,0,135761,6,1,0,2,0,0,0,0,0,0,1110,88,315,51120200060100020000000000000000000000005604583b01
1,3395,0,135800,6,1,0,2,0,0,0,0,0,0,1110,88,315,78120200060100020000000000000000000000005604583b01
1,3396,0,135840,6,1,0,2,0,0,0,0,0,0,1110,88,315,a0120200060100020000000000000000000000005604583b01
1,3397,0,135880,6,1,0,2,0,0,0,0,0,0,1110,88,315,c8120200060100020000000000000000000000005604583b01
1,3398,0,135921,6,1,0,2,0,0,0,0,0,0,1110,88,315,f1120200060100020000000000000000000000005604583b01
1,3399,0,135960,6,1,0,2,0,0,0,0,0,0,1110,88,315,18130200060100020000000000000000000000005604583b01
1,3400,0,136001,6,1,0,2,0,0,0,0,0,0,1110,88,315,41130200060100020000000000000000000000005604583b01
1,3401,0,136040,6,1,0,2,0,0,0,0,0,0,1110,88,315,68130200060100020000000000000000000000005604583b01
1,3402,0,136080,6,1,0,2,0,0,0,0,0,0,1110,88,315,90130200060100020000000000000000000000005604583b01
1,3403,0,136120,6,1,0,2,0,0,0,0,0,0,1110,88,315,b8130200060100020000000000000000000000005604583b01
1,3404,0,136160,6,1,0,2,0,0,0,0,0,0,1110,88,315,e0130200060100020000000000000000000000005604583b01
1,3405,0,136200,6,1,0,2,0,0,0,0,0,0,1110,88,315,08140200060100020000000000000000000000005604583b01
1,3406,0,136240,6,1,0,2,0,0,0,0,0,0,1110,88,315,30140200060100020000000000000000000000005604583b01
1,3407,0,136280,6,1,0,2,0,0,0,0,0,0,1110,88,315,58140200060100020000000000000000000000005604583b01
1,3408,0,136320,6,1,0,2,0,0,0,0,0,0,1110,88,315,80140200060100020000000000000000000000005604583b01
1,3409,0,136360,6,1,0,2,0,0,0,0,0,0,1110,88,315,a8140200060100020000000000000000000000005604583b01
1,3410,0,136400,6,1,0,2,0,0,0,0,0,0,1110,88,315,d0140200060100020000000000000000000000005604583b01
1,3411,0,136440,6,1,0,2,0,0,0,0,0,0,1110,88,315,f8140200060100020000000000000000000000005604583b01
1,3412,0,136480,6,1,0,2,0,0,0,0,0,0,1110,88,315,20150200060100020000000000000000000000005604583b01
1,3413,0,136520,6,1,0,2,0,0,0,0,0,0,1110,88,315,48150200060100020000000000000000000000005604583b01
1,3414,0,136560,6,1,0,2,0,0,0,0,0,0,1110,88,315,70150200060100020000000000000000000000005604583b01
1,3415,0,136600,6,1,0,2,0,0,0,0,0,0,1110,88,315,98150200060100020000000000000000000000005604583b01
1,3416,0,136640,6,1,0,2,0,0,0,0,0,0,1110,88,315,c0150200060100020000000000000000000000005604583b01
1,3417,0,136680,6,1,0,2,0,0,0,0,0,0,1110,88,315,e8150200060100020000000000000000000000005604583b01
1,3418,0,136720,6,1,0,2,0,0,0,0,0,0,1110,88,315,10160200060100020000000000000000000000005604583b01
1,3419,0,136760,6,1,0,2,0,0,0,0,0,0,1110,88,315,38160200060100020000000000000000000000005604583b01
1,3420,0,136800,6,1,0,2,0,0,0,0,0,0,1110,88,315,60160200060100020000000000000000000000005604583b01
1,3421,0,136840,6,1,0,2,0,0,0,0,0,0,1110,88,315,88160200060100020000000000000000000000005604583b01
1,3422,0,136881,6,1,0,2,0,0,0,0,0,0,1110,88,315,b1160200060100020000000000000000000000005604583b01
1,3423,0,136920,6,1,0,2,0,0,0,0,0,0,1110,88,315,d8160200060100020000000000000000000000005604583b01
1,3424,0,136961,6,1,0,2,0,0,0,0,0,0,1110,88,315,01170200060100020000000000000000000000005604583b01
1,3425,0,137000,6,1,0,2,0,0,0,0,0,0,1110,88,315,28170200060100020000000000000000000000005604583b01
1,3426,0,137040,6,1,0,2,0,0,0,0,0,0,1110,88,315,50170200060100020000000000000000000000005604583b01
1,3427,0,137080,6,1,0,2,0,0,0,0,0,0,1110,88,315,78170200060100020000000000000000000000005604583b01
1,3428,0,137120,6,1,0,2,0,0,0,0,0,0,1110,88,315,a0170200060100020000000000000000000000005604583b01
1,3429,0,137160,6,1,0,2,0,0,0,0,0,0,1110,88,315,c8170200060100020000000000000000000000005604583b01
1,3430,0,137201,6,1,0,2,0,0,0,0,0,0,1110,88,315,f1170200060100020000000000000000000000005604583b01
1,3431,0,137240,6,1,0,2,0,0,0,0,0,0,1110,88,315,18180200060100020000000000000000000000005604583b01
1,3432,0,137280,6,1,0,2,0,0,0,0,0,0,1110,88,315,40180200060100020000000000000000000000005604583b01
1,3433,0,137320,6,1,0,2,0,0,0,0,0,0,1110,88,315,68180200060100020000000000000000000000005604583b01
1,3434,0,137361,6,1,0,2,0,0,0,0,0,0,1110,88,315,91180200060100020000000000000000000000005604583b01
1,3435,0,137400,6,1,0,2,0,0,0,0,0,0,1110,88,315,b8180200060100020000000000000000000000005604583b01
1,3436,0,137440,6,1,0,2,0,0,0,0,0,0,1110,88,315,e0180200060100020000000000000000000000005604583b01
1,3437,0,137480,6,1,0,2,0,0,0,0,0,0,1110,88,315,08190200060100020000000000000000000000005604583b01
1,3438,0,137520,6,1,0,2,0,0,0,0,0,0,1110,88,315,30190200060100020000000000000000000000005604583b01
1,3439,0,137561,6,1,0,2,0,0,0,0,0,0,1110,88,315,59190200060100020000000000000000000000005604583b01
1,3440,0,137600,6,1,0,2,0,0,0,0,0,0,1110,88,315,80190200060100020000000000000000000000005604583b01
1,3441,0,137641,6,1,0,2,0,0,0,0,0,0,1110,88,315,a9190200060100020000000000000000000000005604583b01
1,3442,0,137680,6,1,0,2,0,0,0,0,0,0,1110,88,315,d0190200060100020000000000000000000000005604583b01
1,3443,0,137720,6,1,0,2,0,0,0,0,0,0,1110,88,315,f8190200060100020000000000000000000000005604583b01
1,3444,0,137760,6,1,0,2,0,0,0,0,0,0,1110,88,315,201a0200060100020000000000000000000000005604583b01
1,3445,0,137800,6,1,0,2,0,0,0,0,0,0,1110,88,315,481a0200060100020000000000000000000000005604583b01
1,3446,0,137840,6,1,0,2,0,0,0,0,0,0,1110,88,315,701a0200060100020000000000000000000000005604583b01
1,3447,0,137881,6,1,0,2,0,0,0,0,0,0,1110,88,315,991a0200060100020000000000000000000000005604583b01
1,3448,0,137920,6,1,0,2,0,0,0,0,0,0,1110,88,315,c01a0200060100020000000000000000000000005604583b01
1,3449,0,137960,6,1,0,2,0,0,0,0,0,0,1110,88,315,e81a0200060100020000000000000000000000005604583b01
1,3450,0,138000,6,1,0,2,0,0,0,0,0,0,1110,88,315,101b0200060100020000000000000000000000005604583b01
1,3451,0,138041,6,1,0,2,0,0,0,0,0,0,1110,88,315,391b0200060100020000000000000000000000005604583b01
1,3452,0,138080,6,1,0,2,0,0,0,0,0,0,1110,88,315,601b0200060100020000000000000000000000005604583b01
1,3453,0,138121,6,1,0,2,0,0,0,0,0,0,1110,88,315,891b0200060100020000000000000000000000005604583b01
1,3454,0,138160,6,1,0,2,0,0,0,0,0,0,1110,88,315,b01b0200060100020000000000000000000000005604583b01
1,3455,0,138200,6,1,0,2,0,0,0,0,0,0,1110,88,315,d81b0200060100020000000000000000000000005604583b01
1,3456,0,138240,6,1,0,2,0,0,0,0,0,0,1110,88,315,001c0200060100020000000000000000000000005604583b01
1,3457,0,138280,6,1,0,2,0,0,0,0,0,0,1110,88,315,281c0200060100020000000000000000000000005604583b01
1,3458,0,138321,6,1,0,2,0,0,0,0,0,0,1110,88,315,511c0200060100020000000000000000000000005604583b01
1,3459,0,138360,6,1,0,2,0,0,0,0,0,0,1110,88,315,781c0200060100020000000000000000000000005604583b01
1,3460,0,138400,6,1,0,2,0,0,0,0,0,0,1110,88,315,a01c0200060100020000000000000000000000005604583b01
1,3461,0,138441,6,1,0,2,0,0,0,0,0,0,1110,88,315,c91c0200060100020000000000000000000000005604583b01
1,3462,0,138480,6,1,0,2,0,0,0,0,0,0,1110,88,315,f01c0200060100020000000000000000000000005604583b01
1,3463,0,138520,6,1,0,2,0,0,0,0,0,0,1110,88,315,181d0200060100020000000000000000000000005604583b01
1,3464,0,138561,6,1,0,2,0,0,0,0,0,0,1110,88,315,411d0200060100020000000000000000000000005604583b01
1,3465,0,138601,6,1,0,2,0,0,0,0,0,0,1110,88,315,691d0200060100020000000000000000000000005604583b01
1,3466,0,138640,6,1,0,2,0,0,0,0,0,0,1110,88,315,901d0200060100020000000000000000000000005604583b01
1,3467,0,138680,6,1,0,2,0,0,0,0,0,0,1110,88,315,b81d0200060100020000000000000000000000005604583b01
1,3468,0,138720,6,1,0,2,0,0,0,0,0,0,1110,88,315,e01d0200060100020000000000000000000000005604583b01
1,3469,0,138761,6,1,0,2,0,0,0,0,0,0,1110,88,315,091e0200060100020000000000000000000000005604583b01
1,3470,0,138800,6,1,0,2,0,0,0,0,0,0,1110,88,315,301e0200060100020000000000000000000000005604583b01
1,3471,0,138840,6,1,0,2,0,0,0,0,0,0,1110,88,315,581e0200060100020000000000000000000000005604583b01
1,3472,0,138881,6,1,0,2,0,0,0,0,0,0,1110,88,315,811e0200060100020000000000000000000000005604583b01
1,3473,0,138921,6,1,0,2,0,0,0,0,0,0,1110,88,315,a91e0200060100020000000000000000000000005604583b01
1,3474,0,138961,6,1,0,2,0,0,0,0,0,0,1110,88,315,d11e0200060100020000000000000000000000005604583b01
1,3475,0,139000,6,1,0,2,0,0,0,0,0,0,1110,88,315,f81e0200060100020000000000000000000000005604583b01
1,3476,0,139040,6,1,0,2,0,0,0,0,0,0,1110,88,315,201f0200060100020000000000000000000000005604583b01
1,3477,0,139080,6,1,0,2,0,0,0,0,0,0,1110,88,315,481f0200060100020000000000000000000000005604583b01
1,3478,0,139120,6,1,0,2,0,0,0,0,0,0,1110,88,315,701f0200060100020000000000000000000000005604583b01
1,3479,0,139161,6,1,0,2,0,0,0,0,0,0,1110,88,315,991f0200060100020000000000000000000000005604583b01
1,3480,0,139200,6,1,0,2,0,0,0,0,0,0,1110,88,315,c01f0200060100020000000000000000000000005604583b01
1,3481,0,139240,6,1,0,2,0,0,0,0,0,0,1110,88,315,e81f0200060100020000000000000000000000005604583b01
1,3482,0,139280,6,1,0,2,0,0,0,0,0,0,1110,88,315,10200200060100020000000000000000000000005604583b01
1,3483,0,139320,6,1,0,2,0,0,0,0,0,0,1110,88,315,38200200060100020000000000000000000000005604583b01
1,3484,0,139360,6,1,0,2,0,0,0,0,0,0,1110,88,315,60200200060100020000000000000000000000005604583b01
1,3485,0,139400,6,1,0,2,0,0,0,0,0,0,1110,88,315,88200200060100020000000000000000000000005604583b01
1,3486,0,139440,6,1,0,2,0,0,0,0,0,0,1110,88,315,b0200200060100020000000000000000000000005604583b01
1,3487,0,139480,6,1,0,2,0,0,0,0,0,0,1110,88,315,d8200200060100020000000000000000000000005604583b01
1,3488,0,139520,6,1,0,2,0,0,0,0,0,0,1110,88,315,00210200060100020000000000000000000000005604583b01
1,3489,0,139560,6,1,0,2,0,0,0,0,0,0,1110,88,315,28210200060100020000000000000000000000005604583b01
1,3490,0,139600,6,1,0,2,0,0,0,0,0,0,1110,88,315,50210200060100020000000000000000000000005604583b01
1,3491,0,139641,6,1,0,2,0,0,0,0,0,0,1110,88,315,79210200060100020000000000000000000000005604583b01
1,3492,0,139681,6,1,0,2,0,0,0,0,0,0,1110,88,315,a1210200060100020000000000000000000000005604583b01
1,3493,0,139720,6,1,0,2,0,0,0,0,0,0,1110,88,315,c8210200060100020000000000000000000000005604583b01
1,3494,0,139760,6,1,0,2,0,0,0,0,0,0,1110,88,315,f0210200060100020000000000000000000000005604583b01
1,3495,0,139800,6,1,0,2,0,0,0,0,0,0,1110,88,315,18220200060100020000000000000000000000005604583b01
1,3496,0,139841,6,1,0,2,0,0,0,0,0,0,1110,88,315,41220200060100020000000000000000000000005604583b01
1,3497,0,139880,6,1,0,2,0,0,0,0,0,0,1110,88,315,68220200060100020000000000000000000000005604583b01
1,3498,0,139920,6,1,0,2,0,0,0,0,0,0,1110,88,315,90220200060100020000000000000000000000005604583b01
1,3499,0,139960,6,1,0,2,0,0,0,0,0,0,1110,88,315,b8220200060100020000000000000000000000005604583b01
1,3500,0,140000,6,1,0,2,0,0,0,0,0,0,1110,88,315,e0220200060100020000000000000000000000005604583b01
1,3501,0,140040,6,1,0,2,0,0,0,0,0,0,1110,88,315,08230200060100020000000000000000000000005604583b01
1,3502,0,140080,6,1,0,2,0,0,0,0,0,0,1110,88,315,30230200060100020000000000000000000000005604583b01
1,3503,0,140120,6,1,0,2,0,0,0,0,0,0,1110,88,315,58230200060100020000000000000000000000005604583b01
1,3504,0,140160,6,1,0,2,0,0,0,0,0,0,1110,88,315,80230200060100020000000000000000000000005604583b01
1,3505,0,140201,6,1,0,2,0,0,0,0,0,0,1110,88,315,a9230200060100020000000000000000000000005604583b01
1,3506,0,140241,6,1,0,2,0,0,0,0,0,0,1110,88,315,d1230200060100020000000000000000000000005604583b01
1,3507,0,140280,6,1,0,2,0,0,0,0,0,0,1110,88,315,f8230200060100020000000000000000000000005604583b01
1,3508,0,140321,6,1,0,2,0,0,0,0,0,0,1110,88,315,21240200060100020000000000000000000000005604583b01
1,3509,0,140360,6,1,0,2,0,0,0,0,0,0,1110,88,315,48240200060100020000000000000000000000005604583b01
1,3510,0,140400,6,1,0,2,0,0,0,0,0,0,1110,88,315,70240200060100020000000000000000000000005604583b01
1,3511,0,140440,6,1,0,2,0,0,0,0,0,0,1110,88,315,98240200060100020000000000000000000000005604583b01
1,3512,0,140480,6,1,0,2,0,0,0,0,0,0,1110,88,315,c0240200060100020000000000000000000000005604583b01
1,3513,0,140520,6,1,0,2,0,0,0,0,0,0,1110,88,315,e8240200060100020000000000000000000000005604583b01
1,3514,0,140560,6,1,0,2,0,0,0,0,0,0,1110,88,315,10250200060100020000000000000000000000005604583b01
1,3515,0,140600,6,1,0,2,0,0,0,0,0,0,1110,88,315,38250200060100020000000000000000000000005604583b01
1,3516,0,140640,6,1,0,2,0,0,0,0,0,0,1110,88,315,60250200060100020000000000000000000000005604583b01
1,3517,0,140680,6,1,0,2,0,0,0,0,0,0,1110,88,315,88250200060100020000000000000000000000005604583b01
1,3518,0,140720,6,1,0,2,0,0,0,0,0,0,1110,88,315,b0250200060100020000000000000000000000005604583b01
1,3519,0,140760,6,1,0,2,0,0,0,0,0,0,1110,88,315,d8250200060100020000000000000000000000005604583b01
1,3520,0,140800,6,1,0,2,0,0,0,0,0,0,1110,88,315,00260200060100020000000000000000000000005604583b01
1,3521,0,140840,6,1,0,2,0,0,0,0,0,0,1110,88,315,28260200060100020000000000000000000000005604583b01
1,3522,0,140881,6,1,0,2,0,0,0,0,0,0,1110,88,315,51260200060100020000000000000000000000005604583b01
1,3523,0,140920,6,1,0,2,0,0,0,0,0,0,1110,88,315,78260200060100020000000000000000000000005604583b01
1,3524,0,140960,6,1,0,2,0,0,0,0,0,0,1110,88,315,a0260200060100020000000000000000000000005604583b01
1,3525,0,141001,6,1,0,2,0,0,0,0,0,0,1110,88,315,c9260200060100020000000000000000000000005604583b01
1,3526,0,141040,6,1,0,2,0,0,0,0,0,0,1110,88,315,f0260200060100020000000000000000000000005604583b01
1,3527,0,141080,6,1,0,2,0,0,0,0,0,0,1110,88,315,18270200060100020000000000000000000000005604583b01
1,3528,0,141121,6,1,0,2,0,0,0,0,0,0,1110,88,315,41270200060100020000000000000000000000005604583b01
1,3529,0,141160,6,1,0,2,0,0,0,0,0,0,1110,88,315,68270200060100020000000000000000000000005604583b01
1,3530,0,141201,6,1,0,2,0,0,0,0,0,0,1110,88,315,91270200060100020000000000000000000000005604583b01
1,3531,0,141240,6,1,0,2,0,0,0,0,0,0,1110,88,315,b8270200060100020000000000000000000000005604583b01
1,3532,0,141281,6,1,0,2,0,0,0,0,0,0,1110,88,315,e1270200060100020000000000000000000000005604583b01
1,3533,0,141320,6,1,0,2,0,0,0,0,0,0,1110,88,315,08280200060100020000000000000000000000005604583b01
1,3534,0,141361,6,1,0,2,0,0,0,0,0,0,1110,88,315,31280200060100020000000000000000000000005604583b01
1,3535,0,141400,6,1,0,2,0,0,0,0,0,0,1110,88,315,58280200060100020000000000000000000000005604583b01
1,3536,0,141440,6,1,0,2,0,0,0,0,0,0,1110,88,315,80280200060100020000000000000000000000005604583b01
1,3537,0,141480,6,1,0,2,0,0,0,0,0,0,1110,88,315,a8280200060100020000000000000000000000005604583b01
1,3538,0,141520,6,1,0,2,0,0,0,0,0,0,1110,88,315,d0280200060100020000000000000000000000005604583b01
1,3539,0,141560,6,1,0,2,0,0,0,0,0,0,1110,88,315,f8280200060100020000000000000000000000005604583b01
1,3540,0,141600,6,1,0,2,0,0,0,0,0,0,1110,88,315,20290200060100020000000000000000000000005604583b01
1,3541,0,141640,6,1,0,2,0,0,0,0,0,0,1110,88,315,48290200060100020000000000000000000000005604583b01
1,3542,0,141680,6,1,0,2,0,0,0,0,0,0,1110,88,315,70290200060100020000000000000000000000005604583b01
1,3543,0,141720,6,1,0,2,0,0,0,0,0,0,1110,88,315,98290200060100020000000000000000000000005604583b01
1,3544,0,141760,6,1,0,2,0,0,0,0,0,0,1110,88,315,c0290200060100020000000000000000000000005604583b01
1,3545,0,141800,6,1,0,2,0,0,0,0,0,0,1110,88,315,e8290200060100020000000000000000000000005604583b01
1,3546,0,141841,6,1,0,2,0,0,0,0,0,0,1110,88,315,112a0200060100020000000000000000000000005604583b01
1,3547,0,141880,6,1,0,2,0,0,0,0,0,0,1110,88,315,382a0200060100020000000000000000000000005604583b01
1,3548,0,141920,6,1,0,2,0,0,0,0,0,0,1110,88,315,602a0200060100020000000000000000000000005604583b01
1,3549,0,141960,6,1,0,2,0,0,0,0,0,0,1110,88,315,882a0200060100020000000000000000000000005604583b01
1,3550,0,142000,6,1,0,2,0,0,0,0,0,0,1110,88,315,b02a0200060100020000000000000000000000005604583b01
1,3551,0,142040,6,1,0,2,0,0,0,0,0,0,1110,88,315,d82a0200060100020000000000000000000000005604583b01
1,3552,0,142080,6,1,0,2,0,0,0,0,0,0,1110,88,315,002b0200060100020000000000000000000000005604583b01
1,3553,0,142120,6,1,0,2,0,0,0,0,0,0,1110,88,315,282b0200060100020000000000000000000000005604583b01
1,3554,0,142160,6,1,0,2,0,0,0,0,0,0,1110,88,315,502b0200060100020000000000000000000000005604583b01
1,3555,0,142200,6,1,0,2,0,0,0,0,0,0,1110,88,315,782b0200060100020000000000000000000000005604583b01
1,3556,0,142240,6,1,0,2,0,0,0,0,0,0,1110,88,315,a02b0200060100020000000000000000000000005604583b01
1,3557,0,142280,6,1,0,2,0,0,0,0,0,0,1110,88,315,c82b0200060100020000000000000000000000005604583b01
1,3558,0,142321,6,1,0,2,0,0,0,0,0,0,1110,88,315,f12b0200060100020000000000000000000000005604583b01
1,3559,0,142361,6,1,0,2,0,0,0,0,0,0,1110,88,315,192c0200060100020000000000000000000000005604583b01
1,3560,0,142400,6,1,0,2,0,0,0,0,0,0,1110,88,315,402c0200060100020000000000000000000000005604583b01
1,3561,0,142440,6,1,0,2,0,0,0,0,0,0,1110,88,315,682c0200060100020000000000000000000000005604583b01
1,3562,0,142480,6,1,0,2,0,0,0,0,0,0,1110,88,315,902c0200060100020000000000000000000000005604583b01
1,3563,0,142521,6,1,0,2,0,0,0,0,0,0,1110,88,315,b92c0200060100020000000000000000000000005604583b01
1,3564,0,142560,6,1,0,2,0,0,0,0,0,0,1110,88,315,e02c0200060100020000000000000000000000005604583b01
1,3565,0,142601,6,1,0,2,0,0,0,0,0,0,1110,88,315,092d0200060100020000000000000000000000005604583b01
1,3566,0,142640,6,1,0,2,0,0,0,0,0,0,1110,88,315,302d0200060100020000000000000000000000005604583b01
1,3567,0,142680,6,1,0,2,0,0,0,0,0,0,1110,88,315,582d0200060100020000000000000000000000005604583b01
1,3568,0,142720,6,1,0,2,0,0,0,0,0,0,1110,88,315,802d0200060100020000000000000000000000005604583b01
1,3569,0,142761,6,1,0,2,0,0,0,0,0,0,1110,88,315,a92d0200060100020000000000000000000000005604583b01
1,3570,0,142800,6,1,0,2,0,0,0,0,0,0,1110,88,315,d02d0200060100020000000000000000000000005604583b01
1,3571,0,142840,6,1,0,2,0,0,0,0,0,0,1110,88,315,f82d0200060100020000000000000000000000005604583b01
1,3572,0,142880,6,1,0,2,0,0,0,0,0,0,1110,88,315,202e0200060100020000000000000000000000005604583b01
1,3573,0,142920,6,1,0,2,0,0,0,0,0,0,1110,88,315,482e0200060100020000000000000000000000005604583b01
1,3574,0,142960,6,1,0,2,0,0,0,0,0,0,1110,88,315,702e0200060100020000000000000000000000005604583b01
1,3575,0,143000,6,1,0,2,0,0,0,0,0,0,1110,88,315,982e0200060100020000000000000000000000005604583b01
1,3576,0,143040,6,1,0,2,0,0,0,0,0,0,1110,88,315,c02e0200060100020000000000000000000000005604583b01
1,3577,0,143080,6,1,0,2,0,0,0,0,0,0,1110,88,315,e82e0200060100020000000000000000000000005604583b01
1,3578,0,143120,6,1,0,2,0,0,0,0,0,0,1110,88,315,102f0200060100020000000000000000000000005604583b01
1,3579,0,143160,6,1,0,2,0,0,0,0,0,0,1110,88,315,382f0200060100020000000000000000000000005604583b01
1,3580,0,143200,6,1,0,2,0,0,0,0,0,0,1110,88,315,602f0200060100020000000000000000000000005604583b01
1,3581,0,143241,6,1,0,2,0,0,0,0,0,0,1110,88,315,892f0200060100020000000000000000000000005604583b01
1,3582,0,143280,6,1,0,2,0,0,0,0,0,0,1110,88,315,b02f0200060100020000000000000000000000005604583b01
1,3583,0,143320,6,1,0,2,0,0,0,0,0,0,1110,88,315,d82f0200060100020000000000000000000000005604583b01
1,3584,0,143360,6,1,0,2,0,0,0,0,0,0,1110,88,315,00300200060100020000000000000000000000005604583b01
1,3585,0,143400,6,1,0,2,0,0,0,0,0,0,1110,88,315,28300200060100020000000000000000000000005604583b01
1,3586,0,143440,6,1,0,2,0,0,0,0,0,0,1110,88,315,50300200060100020000000000000000000000005604583b01
1,3587,0,143480,6,1,0,2,0,0,0,0,0,0,1110,88,315,78300200060100020000000000000000000000005604583b01
1,3588,0,143520,6,1,0,2,0,0,0,0,0,0,1110,88,315,a0300200060100020000000000000000000000005604583b01
1,3589,0,143561,6,1,0,2,0,0,0,0,0,0,1110,88,315,c9300200060100020000000000000000000000005604583b01
1,3590,0,143600,6,1,0,2,0,0,0,0,0,0,1110,88,315,f0300200060100020000000000000000000000005604583b01
1,3591,0,143641,6,1,0,2,0,0,0,0,0,0,1110,88,315,19310200060100020000000000000000000000005604583b01
1,3592,0,143680,6,1,0,2,0,0,0,0,0,0,1110,88,315,40310200060100020000000000000000000000005604583b01
1,3593,0,143720,6,1,0,2,0,0,0,0,0,0,1110,88,315,68310200060100020000000000000000000000005604583b01
1,3594,0,143761,6,1,0,2,0,0,0,0,0,0,1110,88,315,91310200060100020000000000000000000000005604583b01
1,3595,0,143800,6,1,0,2,0,0,0,0,0,0,1110,88,315,b8310200060100020000000000000000000000005604583b01
1,3596,0,143841,6,1,0,2,0,0,0,0,0,0,1110,88,315,e1310200060100020000000000000000000000005604583b01
1,3597,0,143880,6,1,0,2,0,0,0,0,0,0,1110,88,315,08320200060100020000000000000000000000005604583b01
1,3598,0,143920,6,1,0,2,0,0,0,0,0,0,1110,88,315,30320200060100020000000000000000000000005604583b01
1,3599,0,143960,6,1,0,2,0,0,0,0,0,0,1110,88,315,58320200060100020000000000000000000000005604583b01
1,3600,0,144000,6,1,0,2,0,0,0,0,0,0,1110,88,315,80320200060100020000000000000000000000005604583b01
1,3601,0,144041,6,1,0,2,0,0,0,0,0,0,1110,88,315,a9320200060100020000000000000000000000005604583b01
1,3602,0,144080,6,1,0,2,0,0,0,0,0,0,1110,88,315,d0320200060100020000000000000000000000005604583b01
1,3603,0,144120,6,1,0,2,0,0,0,0,0,0,1110,88,315,f8320200060100020000000000000000000000005604583b01
1,3604,0,144160,6,1,0,2,0,0,0,0,0,0,1110,88,315,20330200060100020000000000000000000000005604583b01
1,3605,0,144200,6,1,0,2,0,0,0,0,0,0,1110,88,315,48330200060100020000000000000000000000005604583b01
1,3606,0,144240,6,1,0,2,0,0,0,0,0,0,1110,88,315,70330200060100020000000000000000000000005604583b01
1,3607,0,144281,6,1,0,2,0,0,0,0,0,0,1110,88,315,99330200060100020000000000000000000000005604583b01
1,3608,0,144320,6,1,0,2,0,0,0,0,0,0,1110,88,315,c0330200060100020000000000000000000000005604583b01
1,3609,0,144360,6,1,0,2,0,0,0,0,0,0,1110,88,315,e8330200060100020000000000000000000000005604583b01
1,3610,0,144400,6,1,0,2,0,0,0,0,0,0,1110,88,315,10340200060100020000000000000000000000005604583b01
1,3611,0,144440,6,1,0,2,0,0,0,0,0,0,1110,88,315,38340200060100020000000000000000000000005604583b01
1,3612,0,144480,6,1,0,2,0,0,0,0,0,0,1110,88,315,60340200060100020000000000000000000000005604583b01
1,3613,0,144520,6,1,0,2,0,0,0,0,0,0,1110,88,315,88340200060100020000000000000000000000005604583b01
1,3614,0,144560,6,1,0,2,0,0,0,0,0,0,1110,88,315,b0340200060100020000000000000000000000005604583b01
1,3615,0,144600,6,1,0,2,0,0,0,0,0,0,1110,88,315,d8340200060100020000000000000000000000005604583b01
1,3616,0,144640,6,1,0,2,0,0,0,0,0,0,1110,88,315,00350200060100020000000000000000000000005604583b01
1,3617,0,144680,6,1,0,2,0,0,0,0,0,0,1110,88,315,28350200060100020000000000000000000000005604583b01
1,3618,0,144720,6,1,0,2,0,0,0,0,0,0,1110,88,315,50350200060100020000000000000000000000005604583b01
1,3619,0,144760,6,1,0,2,0,0,0,0,0,0,1110,88,315,78350200060100020000000000000000000000005604583b01
1,3620,0,144801,6,1,0,2,0,0,0,0,0,0,1110,88,315,a1350200060100020000000000000000000000005604583b01
1,3621,0,144840,6,1,0,2,0,0,0,0,0,0,1110,88,315,c8350200060100020000000000000000000000005604583b01
1,3622,0,144880,6,1,0,2,0,0,0,0,0,0,1110,88,315,f0350200060100020000000000000000000000005604583b01
1,3623,0,144920,6,1,0,2,0,0,0,0,0,0,1110,88,315,18360200060100020000000000000000000000005604583b01
1,3624,0,144960,6,1,0,2,0,0,0,0,0,0,1110,88,315,40360200060100020000000000000000000000005604583b01
1,3625,0,145001,6,1,0,2,0,0,0,0,0,0,1110,88,315,69360200060100020000000000000000000000005604583b01
1,3626,0,145040,6,1,0,2,0,0,0,0,0,0,1110,88,315,90360200060100020000000000000000000000005604583b01
1,3627,0,145080,6,1,0,2,0,0,0,0,0,0,1110,88,315,b8360200060100020000000000000000000000005604583b01
1,3628,0,145121,6,1,0,2,0,0,0,0,0,0,1110,88,315,e1360200060100020000000000000000000000005604583b01
1,3629,0,145160,6,1,0,2,0,0,0,0,0,0,1110,88,315,08370200060100020000000000000000000000005604583b01
1,3630,0,145201,6,1,0,2,0,0,0,0,0,0,1110,88,315,31370200060100020000000000000000000000005604583b01
1,3631,0,145240,6,1,0,2,0,0,0,0,0,0,1110,88,315,58370200060100020000000000000000000000005604583b01
1,3632,0,145280,6,1,0,2,0,0,0,0,0,0,1110,88,315,80370200060100020000000000000000000000005604583b01
1,3633,0,145320,6,1,0,2,0,0,0,0,0,0,1110,88,315,a8370200060100020000000000000000000000005604583b01
1,3634,0,145360,6,1,0,2,0,0,0,0,0,0,1110,88,315,d0370200060100020000000000000000000000005604583b01
1,3635,0,145400,6,1,0,2,0,0,0,0,0,0,1110,88,315,f8370200060100020000000000000000000000005604583b01
1,3636,0,145440,6,1,0,2,0,0,0,0,0,0,1110,88,315,20380200060100020000000000000000000000005604583b01
1,3637,0,145480,6,1,0,2,0,0,0,0,0,0,1110,88,315,48380200060100020000000000000000000000005604583b01
1,3638,0,145520,6,1,0,2,0,0,0,0,0,0,1110,88,315,70380200060100020000000000000000000000005604583b01
1,3639,0,145560,6,1,0,2,0,0,0,0,0,0,1110,88,315,98380200060100020000000000000000000000005604583b01
1,3640,0,145600,6,1,0,2,0,0,0,0,0,0,1110,88,315,c0380200060100020000000000000000000000005604583b01
1,3641,0,145640,6,1,0,2,0,0,0,0,0,0,1110,88,315,e8380200060100020000000000000000000000005604583b01
1,3642,0,145680,6,1,0,2,0,0,0,0,0,0,1110,88,315,10390200060100020000000000000000000000005604583b01
1,3643,0,145720,6,1,0,2,0,0,0,0,0,0,1110,88,315,38390200060100020000000000000000000000005604583b01
1,3644,0,145760,6,1,0,2,0,0,0,0,0,0,1110,88,315,60390200060100020000000000000000000000005604583b01
1,3645,0,145800,6,1,0,2,0,0,0,0,0,0,1110,88,315,88390200060100020000000000000000000000005604583b01
1,3646,0,145840,6,1,0,2,0,0,0,0,0,0,1110,88,315,b0390200060100020000000000000000000000005604583b01
1,3647,0,145880,6,1,0,2,0,0,0,0,0,0,1110,88,315,d8390200060100020000000000000000000000005604583b01
1,3648,0,145921,6,1,0,2,0,0,0,0,0,0,1110,88,315,013a0200060100020000000000000000000000005604583b01
1,3649,0,145960,6,1,0,2,0,0,0,0,0,0,1110,88,315,283a0200060100020000000000000000000000005604583b01
1,3650,0,146000,6,1,0,2,0,0,0,0,0,0,1110,88,315,503a0200060100020000000000000000000000005604583b01
1,3651,0,146040,6,1,0,2,0,0,0,0,0,0,1110,88,315,783a0200060100020000000000000000000000005604583b01
1,3652,0,146080,6,1,0,2,0,0,0,0,0,0,1110,88,315,a03a0200060100020000000000000000000000005604583b01
1,3653,0,146120,6,1,0,2,0,0,0,0,0,0,1110,88,315,c83a0200060100020000000000000000000000005604583b01
1,3654,0,146160,6,1,0,2,0,0,0,0,0,0,1110,88,315,f03a0200060100020000000000000000000000005604583b01
1,3655,0,146200,6,1,0,2,0,0,0,0,0,0,1110,88,315,183b0200060100020000000000000000000000005604583b01
1,3656,0,146240,6,1,0,2,0,0,0,0,0,0,1110,88,315,403b0200060100020000000000000000000000005604583b01
1,3657,0,146280,6,1,0,2,0,0,0,0,0,0,1110,88,315,683b0200060100020000000000000000000000005604583b01
1,3658,0,146320,6,1,0,2,0,0,0,0,0,0,1110,88,315,903b0200060100020000000000000000000000005604583b01
1,3659,0,146360,6,1,0,2,0,0,0,0,0,0,1110,88,315,b83b0200060100020000000000000000000000005604583b01
1,3660,0,146401,6,1,0,2,0,0,0,0,0,0,1110,88,315,e13b0200060100020000000000000000000000005604583b01
1,3661,0,146440,6,1,0,2,0,0,0,0,0,0,1110,88,315,083c0200060100020000000000000000000000005604583b01
1,3662,0,146481,6,1,0,2,0,0,0,0,0,0,1110,88,315,313c0200060100020000000000000000000000005604583b01
1,3663,0,146520,6,1,0,2,0,0,0,0,0,0,1110,88,315,583c0200060100020000000000000000000000005604583b01
1,3664,0,146561,6,1,0,2,0,0,0,0,0,0,1110,88,315,813c0200060100020000000000000000000000005604583b01
1,3665,0,146601,6,1,0,2,0,0,0,0,0,0,1110,88,315,a93c0200060100020000000000000000000000005604583b01
1,3666,0,146640,6,1,0,2,0,0,0,0,0,0,1110,88,315,d03c0200060100020000000000000000000000005604583b01
1,3667,0,146681,6,1,0,2,0,0,0,0,0,0,1110,88,315,f93c0200060100020000000000000000000000005604583b01
1,3668,0,146720,6,1,0,2,0,0,0,0,0,0,1110,88,315,203d0200060100020000000000000000000000005604583b01
1,3669,0,146760,6,1,0,2,0,0,0,0,0,0,1110,88,315,483d0200060100020000000000000000000000005604583b01
1,3670,0,146800,6,1,0,2,0,0,0,0,0,0,1110,88,315,703d0200060100020000000000000000000000005604583b01
1,3671,0,146840,6,1,0,2,0,0,0,0,0,0,1110,88,315,983d0200060100020000000000000000000000005604583b01
1,3672,0,146880,6,1,0,2,0,0,0,0,0,0,1110,88,315,c03d0200060100020000000000000000000000005604583b01
1,3673,0,146920,6,1,0,2,0,0,0,0,0,0,1110,88,315,e83d0200060100020000000000000000000000005604583b01
1,3674,0,146960,6,1,0,2,0,0,0,0,0,0,1110,88,315,103e0200060100020000000000000000000000005604583b01
1,3675,0,147000,6,1,0,2,0,0,0,0,0,0,1110,88,315,383e0200060100020000000000000000000000005604583b01
1,3676,0,147040,6,1,0,2,0,0,0,0,0,0,1110,88,315,603e0200060100020000000000000000000000005604583b01
1,3677,0,147080,6,1,0,2,0,0,0,0,0,0,1110,88,315,883e0200060100020000000000000000000000005604583b01
1,3678,0,147120,6,1,0,2,0,0,0,0,0,0,1110,88,315,b03e0200060100020000000000000000000000005604583b01
1,3679,0,147160,6,1,0,2,0,0,0,0,0,0,1110,88,315,d83e0200060100020000000000000000000000005604583b01
1,3680,0,147200,6,1,0,2,0,0,0,0,0,0,1110,88,315,003f0200060100020000000000000000000000005604583b01
1,3681,0,147240,6,1,0,2,0,0,0,0,0,0,1110,88,315,283f0200060100020000000000000000000000005604583b01
1,3682,0,147280,6,1,0,2,0,0,0,0,0,0,1110,88,315,503f0200060100020000000000000000000000005604583b01
1,3683,0,147320,6,1,0,2,0,0,0,0,0,0,1110,88,315,783f0200060100020000000000000000000000005604583b01
1,3684,0,147361,6,1,0,2,0,0,0,0,0,0,1110,88,315,a13f0200060100020000000000000000000000005604583b01
1,3685,0,147400,6,1,0,2,0,0,0,0,0,0,1110,88,315,c83f0200060100020000000000000000000000005604583b01
1,3686,0,147440,6,1,0,2,0,0,0,0,0,0,1110,88,315,f03f0200060100020000000000000000000000005604583b01
1,3687,0,147481,6,1,0,2,0,0,0,0,0,0,1110,88,315,19400200060100020000000000000000000000005604583b01
1,3688,0,147520,6,1,0,2,0,0,0,0,0,0,1110,88,315,40400200060100020000000000000000000000005604583b01
1,3689,0,147560,6,1,0,2,0,0,0,0,0,0,1110,88,315,68400200060100020000000000000000000000005604583b01
1,3690,0,147600,6,1,0,2,0,0,0,0,0,0,1110,88,315,90400200060100020000000000000000000000005604583b01
1,3691,0,147640,6,1,0,2,0,0,0,0,0,0,1110,88,315,b8400200060100020000000000000000000000005604583b01
1,3692,0,147680,6,1,0,2,0,0,0,0,0,0,1110,88,315,e0400200060100020000000000000000000000005604583b01
1,3693,0,147720,6,1,0,2,0,0,0,0,0,0,1110,88,315,08410200060100020000000000000000000000005604583b01
1,3694,0,147760,6,1,0,2,0,0,0,0,0,0,1110,88,315,30410200060100020000000000000000000000005604583b01
1,3695,0,147801,6,1,0,2,0,0,0,0,0,0,1110,88,315,59410200060100020000000000000000000000005604583b01
1,3696,0,147840,6,1,0,2,0,0,0,0,0,0,1110,88,315,80410200060100020000000000000000000000005604583b01
1,3697,0,147881,6,1,0,2,0,0,0,0,0,0,1110,88,315,a9410200060100020000000000000000000000005604583b01
1,3698,0,147920,6,1,0,2,0,0,0,0,0,0,1110,88,315,d0410200060100020000000000000000000000005604583b01
1,3699,0,147960,6,1,0,2,0,0,0,0,0,0,1110,88,315,f8410200060100020000000000000000000000005604583b01
1,3700,0,148000,6,1,0,2,0,0,0,0,0,0,1110,88,315,20420200060100020000000000000000000000005604583b01
1,3701,0,148040,6,1,0,2,0,0,0,0,0,0,1110,88,315,48420200060100020000000000000000000000005604583b01
1,3702,0,148080,6,1,0,2,0,0,0,0,0,0,1110,88,315,70420200060100020000000000000000000000005604583b01
1,3703,0,148121,6,1,0,2,0,0,0,0,0,0,1110,88,315,99420200060100020000000000000000000000005604583b01
1,3704,0,148160,6,1,0,2,0,0,0,0,0,0,1110,88,315,c0420200060100020000000000000000000000005604583b01
1,3705,0,148200,6,1,0,2,0,0,0,0,0,0,1110,88,315,e8420200060100020000000000000000000000005604583b01
1,3706,0,148240,6,1,0,2,0,0,0,0,0,0,1110,88,315,10430200060100020000000000000000000000005604583b01
1,3707,0,148280,6,1,0,2,0,0,0,0,0,0,1110,88,315,38430200060100020000000000000000000000005604583b01
1,3708,0,148320,6,1,0,2,0,0,0,0,0,0,1110,88,315,60430200060100020000000000000000000000005604583b01
1,3709,0,148360,6,1,0,2,0,0,0,0,0,0,1110,88,315,88430200060100020000000000000000000000005604583b01
1,3710,0,148400,6,1,0,2,0,0,0,0,0,0,1110,88,315,b0430200060100020000000000000000000000005604583b01
1,3711,0,148440,6,1,0,2,0,0,0,0,0,0,1110,88,315,d8430200060100020000000000000000000000005604583b01
1,3712,0,148480,6,1,0,2,0,0,0,0,0,0,1110,88,315,00440200060100020000000000000000000000005604583b01
1,3713,0,148520,6,1,0,2,0,0,0,0,0,0,1110,88,315,28440200060100020000000000000000000000005604583b01
1,3714,0,148560,6,1,0,2,0,0,0,0,0,0,1110,88,315,50440200060100020000000000000000000000005604583b01
1,3715,0,148601,6,1,0,2,0,0,0,0,0,0,1110,88,315,79440200060100020000000000000000000000005604583b01
1,3716,0,148640,6,1,0,2,0,0,0,0,0,0,1110,88,315,a0440200060100020000000000000000000000005604583b01
1,3717,0,148680,6,1,0,2,0,0,0,0,0,0,1110,88,315,c8440200060100020000000000000000000000005604583b01
1,3718,0,148720,6,1,0,2,0,0,0,0,0,0,1110,88,315,f0440200060100020000000000000000000000005604583b01
1,3719,0,148760,6,1,0,2,0,0,0,0,0,0,1110,88,315,18450200060100020000000000000000000000005604583b01
1,3720,0,148800,6,1,0,2,0,0,0,0,0,0,1110,88,315,40450200060100020000000000000000000000005604583b01
1,3721,0,148841,6,1,0,2,0,0,0,0,0,0,1110,88,315,69450200060100020000000000000000000000005604583b01
1,3722,0,148880,6,1,0,2,0,0,0,0,0,0,1110,88,315,90450200060100020000000000000000000000005604583b01
1,3723,0,148920,6,1,0,2,0,0,0,0,0,0,1110,88,315,b8450200060100020000000000000000000000005604583b01
1,3724,0,148960,6,1,0,2,0,0,0,0,0,0,1110,88,315,e0450200060100020000000000000000000000005604583b01
1,3725,0,149000,6,1,0,2,0,0,0,0,0,0,1110,88,315,08460200060100020000000000000000000000005604583b01
1,3726,0,149041,6,1,0,2,0,0,0,0,0,0,1110,88,315,31460200060100020000000000000000000000005604583b01
1,3727,0,149080,6,1,0,2,0,0,0,0,0,0,1110,88,315,58460200060100020000000000000000000000005604583b01
1,3728,0,149121,6,1,0,2,0,0,0,0,0,0,1110,88,315,81460200060100020000000000000000000000005604583b01
1,3729,0,149160,6,1,0,2,0,0,0,0,0,0,1110,88,315,a8460200060100020000000000000000000000005604583b01
1,3730,0,149200,6,1,0,2,0,0,0,0,0,0,1110,88,315,d0460200060100020000000000000000000000005604583b01
1,3731,0,149240,6,1,0,2,0,0,0,0,0,0,1110,88,315,f8460200060100020000000000000000000000005604583b01
1,3732,0,149280,6,1,0,2,0,0,0,0,0,0,1110,88,315,20470200060100020000000000000000000000005604583b01
1,3733,0,149320,6,1,0,2,0,0,0,0,0,0,1110,88,315,48470200060100020000000000000000000000005604583b01
1,3734,0,149360,6,1,0,2,0,0,0,0,0,0,1110,88,315,70470200060100020000000000000000000000005604583b01
1,3735,0,149400,6,1,0,2,0,0,0,0,0,0,1110,88,315,98470200060100020000000000000000000000005604583b01
1,3736,0,149440,6,1,0,2,0,0,0,0,0,0,1110,88,315,c0470200060100020000000000000000000000005604583b01
1,3737,0,149480,6,1,0,2,0,0,0,0,0,0,1110,88,315,e8470200060100020000000000000000000000005604583b01
1,3738,0,149520,6,1,0,2,0,0,0,0,0,0,1110,88,315,10480200060100020000000000000000000000005604583b01
1,3739,0,149560,6,1,0,2,0,0,0,0,0,0,1110,88,315,38480200060100020000000000000000000000005604583b01
1,3740,0,149600,6,1,0,2,0,0,0,0,0,0,1110,88,315,60480200060100020000000000000000000000005604583b01
1,3741,0,149640,6,1,0,2,0,0,0,0,0,0,1110,88,315,88480200060100020000000000000000000000005604583b01
1,3742,0,149680,6,1,0,2,0,0,0,0,0,0,1110,88,315,b0480200060100020000000000000000000000005604583b01
1,3743,0,149720,6,1,0,2,0,0,0,0,0,0,1110,88,315,d8480200060100020000000000000000000000005604583b01
1,3744,0,149760,6,1,0,2,0,0,0,0,0,0,1110,88,315,00490200060100020000000000000000000000005604583b01
1,3745,0,149800,6,1,0,2,0,0,0,0,0,0,1110,88,315,28490200060100020000000000000000000000005604583b01
1,3746,0,149840,6,1,0,2,0,0,0,0,0,0,1110,88,315,50490200060100020000000000000000000000005604583b01
1,3747,0,149880,6,1,0,2,0,0,0,0,0,0,1110,88,315,78490200060100020000000000000000000000005604583b01
1,3748,0,149921,6,1,0,2,0,0,0,0,0,0,1110,88,315,a1490200060100020000000000000000000000005604583b01
1,3749,0,149960,6,1,0,2,0,0,0,0,0,0,1110,88,315,c8490200060100020000000000000000000000005604583b01
1,3750,0,150001,6,1,0,2,0,0,0,0,0,0,1110,88,315,f1490200060100020000000000000000000000005604583b01
1,3751,0,150040,6,1,0,2,0,0,0,0,0,0,1110,88,315,184a0200060100020000000000000000000000005604583b01
1,3752,0,150081,6,1,0,2,0,0,0,0,0,0,1110,88,315,414a0200060100020000000000000000000000005604583b01
1,3753,0,150120,6,1,0,2,0,0,0,0,0,0,1110,88,315,684a0200060100020000000000000000000000005604583b01
1,3754,0,150160,6,1,0,2,0,0,0,0,0,0,1110,88,315,904a0200060100020000000000000000000000005604583b01
1,3755,0,150201,6,1,0,2,0,0,0,0,0,0,1110,88,315,b94a0200060100020000000000000000000000005604583b01
1,3756,0,150241,6,1,0,2,0,0,0,0,0,0,1110,88,315,e14a0200060100020000000000000000000000005604583b01
1,3757,0,150280,6,1,0,2,0,0,0,0,0,0,1110,88,315,084b0200060100020000000000000000000000005604583b01
1,3758,0,150321,6,1,0,2,0,0,0,0,0,0,1110,88,315,314b0200060100020000000000000000000000005604583b01
1,3759,0,150360,6,1,0,2,0,0,0,0,0,0,1110,88,315,584b0200060100020000000000000000000000005604583b01
1,3760,0,150401,6,1,0,2,0,0,0,0,0,0,1110,88,315,814b0200060100020000000000000000000000005604583b01
1,3761,0,150440,6,1,0,2,0,0,0,0,0,0,1110,88,315,a84b0200060100020000000000000000000000005604583b01
1,3762,0,150480,6,1,0,2,0,0,0,0,0,0,1110,88,315,d04b0200060100020000000000000000000000005604583b01
1,3763,0,150520,6,1,0,2,0,0,0,0,0,0,1110,88,315,f84b0200060100020000000000000000000000005604583b01
1,3764,0,150560,6,1,0,2,0,0,0,0,0,0,1110,88,315,204c0200060100020000000000000000000000005604583b01
1,3765,0,150600,6,1,0,2,0,0,0,0,0,0,1110,88,315,484c0200060100020000000000000000000000005604583b01
1,3766,0,150640,6,1,0,2,0,0,0,0,0,0,1110,88,315,704c0200060100020000000000000000000000005604583b01
1,3767,0,150680,6,1,0,2,0,0,0,0,0,0,1110,88,315,984c0200060100020000000000000000000000005604583b01
1,3768,0,150720,6,1,0,2,0,0,0,0,0,0,1110,88,315,c04c0200060100020000000000000000000000005604583b01
1,3769,0,150760,6,1,0,2,0,0,0,0,0,0,1110,88,315,e84c0200060100020000000000000000000000005604583b01
1,3770,0,150800,6,1,0,2,0,0,0,0,0,0,1110,88,315,104d0200060100020000000000000000000000005604583b01
1,3771,0,150840,6,1,0,2,0,0,0,0,0,0,1110,88,315,384d0200060100020000000000000000000000005604583b01
1,3772,0,150881,6,1,0,2,0,0,0,0,0,0,1110,88,315,614d0200060100020000000000000000000000005604583b01
1,3773,0,150920,6,1,0,2,0,0,0,0,0,0,1110,88,315,884d0200060100020000000000000000000000005604583b01
1,3774,0,150960,6,1,0,2,0,0,0,0,0,0,1110,88,315,b04d0200060100020000000000000000000000005604583b01
1,3775,0,151000,6,1,0,2,0,0,0,0,0,0,1110,88,315,d84d0200060100020000000000000000000000005604583b01
1,3776,0,151040,6,1,0,2,0,0,0,0,0,0,1110,88,315,004e0200060100020000000000000000000000005604583b01
1,3777,0,151080,6,1,0,2,0,0,0,0,0,0,1110,88,315,284e0200060100020000000000000000000000005604583b01
1,3778,0,151120,6,1,0,2,0,0,0,0,0,0,1110,88,315,504e0200060100020000000000000000000000005604583b01
1,3779,0,151160,6,1,0,2,0,0,0,0,0,0,1110,88,315,784e0200060100020000000000000000000000005604583b01
1,3780,0,151200,6,1,0,2,0,0,0,0,0,0,1110,88,315,a04e0200060100020000000000000000000000005604583b01
1,3781,0,151240,6,1,0,2,0,0,0,0,0,0,1110,88,315,c84e0200060100020000000000000000000000005604583b01
1,3782,0,151280,6,1,0,2,0,0,0,0,0,0,1110,88,315,f04e0200060100020000000000000000000000005604583b01
1,3783,0,151320,6,1,0,2,0,0,0,0,0,0,1110,88,315,184f0200060100020000000000000000000000005604583b01
1,3784,0,151361,6,1,0,2,0,0,0,0,0,0,1110,88,315,414f0200060100020000000000000000000000005604583b01
1,3785,0,151400,6,1,0,2,0,0,0,0,0,0,1110,88,315,684f0200060100020000000000000000000000005604583b01
1,3786,0,151440,6,1,0,2,0,0,0,0,0,0,1110,88,315,904f0200060100020000000000000000000000005604583b01
1,3787,0,151480,6,1,0,2,0,0,0,0,0,0,1110,88,315,b84f0200060100020000000000000000000000005604583b01
1,3788,0,151521,6,1,0,2,0,0,0,0,0,0,1110,88,315,e14f0200060100020000000000000000000000005604583b01
1,3789,0,151560,6,1,0,2,0,0,0,0,0,0,1110,88,315,08500200060100020000000000000000000000005604583b01
1,3790,0,151600,6,1,0,2,0,0,0,0,0,0,1110,88,315,30500200060100020000000000000000000000005604583b01
1,3791,0,151640,6,1,0,2,0,0,0,0,0,0,1110,88,315,58500200060100020000000000000000000000005604583b01
1,3792,0,151680,6,1,0,2,0,0,0,0,0,0,1110,88,315,80500200060100020000000000000000000000005604583b01
1,3793,0,151721,6,1,0,2,0,0,0,0,0,0,1110,88,315,a9500200060100020000000000000000000000005604583b01
1,3794,0,151760,6,1,0,2,0,0,0,0,0,0,1110,88,315,d0500200060100020000000000000000000000005604583b01
1,3795,0,151801,6,1,0,2,0,0,0,0,0,0,1110,88,315,f9500200060100020000000000000000000000005604583b01
1,3796,0,151840,6,1,0,2,0,0,0,0,0,0,1110,88,315,20510200060100020000000000000000000000005604583b01
1,3797,0,151880,6,1,0,2,0,0,0,0,0,0,1110,88,315,48510200060100020000000000000000000000005604583b01
1,3798,0,151920,6,1,0,2,0,0,0,0,0,0,1110,88,315,70510200060100020000000000000000000000005604583b01
1,3799,0,151960,6,1,0,2,0,0,0,0,0,0,1110,88,315,98510200060100020000000000000000000000005604583b01
1,3800,0,152000,6,1,0,2,0,0,0,0,0,0,1110,88,315,c0510200060100020000000000000000000000005604583b01
1,3801,0,152040,6,1,0,2,0,0,0,0,0,0,1110,88,315,e8510200060100020000000000000000000000005604583b01
1,3802,0,152080,6,1,0,2,0,0,0,0,0,0,1110,88,315,10520200060100020000000000000000000000005604583b01
1,3803,0,152121,6,1,0,2,0,0,0,0,0,0,1110,88,315,39520200060100020000000000000000000000005604583b01
1,3804,0,152160,6,1,0,2,0,0,0,0,0,0,1110,88,315,60520200060100020000000000000000000000005604583b01
1,3805,0,152200,6,1,0,2,0,0,0,0,0,0,1110,88,315,88520200060100020000000000000000000000005604583b01
1,3806,0,152240,6,1,0,2,0,0,0,0,0,0,1110,88,315,b0520200060100020000000000000000000000005604583b01
1,3807,0,152280,6,1,0,2,0,0,0,0,0,0,1110,88,315,d8520200060100020000000000000000000000005604583b01
1,3808,0,152320,6,1,0,2,0,0,0,0,0,0,1110,88,315,00530200060100020000000000000000000000005604583b01
1,3809,0,152360,6,1,0,2,0,0,0,0,0,0,1110,88,315,28530200060100020000000000000000000000005604583b01
1,3810,0,152400,6,1,0,2,0,0,0,0,0,0,1110,88,315,50530200060100020000000000000000000000005604583b01
1,3811,0,152441,6,1,0,2,0,0,0,0,0,0,1110,88,315,79530200060100020000000000000000000000005604583b01
1,3812,0,152480,6,1,0,2,0,0,0,0,0,0,1110,88,315,a0530200060100020000000000000000000000005604583b01
1,3813,0,152521,6,1,0,2,0,0,0,0,0,0,1110,88,315,c9530200060100020000000000000000000000005604583b01
1,3814,0,152560,6,1,0,2,0,0,0,0,0,0,1110,88,315,f0530200060100020000000000000000000000005604583b01
1,3815,0,152600,6,1,0,2,0,0,0,0,0,0,1110,88,315,18540200060100020000000000000000000000005604583b01
1,3816,0,152640,6,1,0,2,0,0,0,0,0,0,1110,88,315,40540200060100020000000000000000000000005604583b01
1,3817,0,152681,6,1,0,2,0,0,0,0,0,0,1110,88,315,69540200060100020000000000000000000000005604583b01
1,3818,0,152720,6,1,0,2,0,0,0,0,0,0,1110,88,315,90540200060100020000000000000000000000005604583b01
1,3819,0,152761,6,1,0,2,0,0,0,0,0,0,1110,88,315,b9540200060100020000000000000000000000005604583b01
1,3820,0,152800,6,1,0,2,0,0,0,0,0,0,1110,88,315,e0540200060100020000000000000000000000005604583b01
1,3821,0,152840,6,1,0,2,0,0,0,0,0,0,1110,88,315,08550200060100020000000000000000000000005604583b01
1,3822,0,152881,6,1,0,2,0,0,0,0,0,0,1110,88,315,31550200060100020000000000000000000000005604583b01
1,3823,0,152920,6,1,0,2,0,0,0,0,0,0,1110,88,315,58550200060100020000000000000000000000005604583b01
1,3824,0,152960,6,1,0,2,0,0,0,0,0,0,1110,88,315,80550200060100020000000000000000000000005604583b01
1,3825,0,153001,6,1,0,2,0,0,0,0,0,0,1110,88,315,a9550200060100020000000000000000000000005604583b01
1,3826,0,153040,6,1,0,2,0,0,0,0,0,0,1110,88,315,d0550200060100020000000000000000000000005604583b01
1,3827,0,153081,6,1,0,2,0,0,0,0,0,0,1110,88,315,f9550200060100020000000000000000000000005604583b01
1,3828,0,153120,6,1,0,2,0,0,0,0,0,0,1110,88,315,20560200060100020000000000000000000000005604583b01
1,3829,0,153161,6,1,0,2,0,0,0,0,0,0,1110,88,315,49560200060100020000000000000000000000005604583b01
1,3830,0,153200,6,1,0,2,0,0,0,0,0,0,1110,88,315,70560200060100020000000000000000000000005604583b01
1,3831,0,153240,6,1,0,2,0,0,0,0,0,0,1110,88,315,98560200060100020000000000000000000000005604583b01
1,3832,0,153280,6,1,0,2,0,0,0,0,0,0,1110,88,315,c0560200060100020000000000000000000000005604583b01
1,3833,0,153320,6,1,0,2,0,0,0,0,0,0,1110,88,315,e8560200060100020000000000000000000000005604583b01
1,3834,0,153360,6,1,0,2,0,0,0,0,0,0,1110,88,315,10570200060100020000000000000000000000005604583b01
1,3835,0,153400,6,1,0,2,0,0,0,0,0,0,1110,88,315,38570200060100020000000000000000000000005604583b01
1,3836,0,153440,6,1,0,2,0,0,0,0,0,0,1110,88,315,60570200060100020000000000000000000000005604583b01
1,3837,0,153481,6,1,0,2,0,0,0,0,0,0,1110,88,315,89570200060100020000000000000000000000005604583b01
1,3838,0,153520,6,1,0,2,0,0,0,0,0,0,1110,88,315,b0570200060100020000000000000000000000005604583b01
1,3839,0,153560,6,1,0,2,0,0,0,0,0,0,1110,88,315,d8570200060100020000000000000000000000005604583b01
1,3840,0,153600,6,1,0,2,0,0,0,0,0,0,1110,88,315,00580200060100020000000000000000000000005604583b01
1,3841,0,153640,6,1,0,2,0,0,0,0,0,0,1110,88,315,28580200060100020000000000000000000000005604583b01
1,3842,0,153680,6,1,0,2,0,0,0,0,0,0,1110,88,315,50580200060100020000000000000000000000005604583b01
1,3843,0,153720,6,1,0,2,0,0,0,0,0,0,1110,88,315,78580200060100020000000000000000000000005604583b01
1,3844,0,153760,6,1,0,2,0,0,0,0,0,0,1110,88,315,a0580200060100020000000000000000000000005604583b01
1,3845,0,153800,6,1,0,2,0,0,0,0,0,0,1110,88,315,c8580200060100020000000000000000000000005604583b01
1,3846,0,153840,6,1,0,2,0,0,0,0,0,0,1110,88,315,f0580200060100020000000000000000000000005604583b01
1,3847,0,153880,6,1,0,2,0,0,0,0,0,0,1110,88,315,18590200060100020000000000000000000000005604583b01
1,3848,0,153920,6,1,0,2,0,0,0,0,0,0,1110,88,315,40590200060100020000000000000000000000005604583b01
1,3849,0,153960,6,1,0,2,0,0,0,0,0,0,1110,88,315,68590200060100020000000000000000000000005604583b01
1,3850,0,154000,6,1,0,2,0,0,0,0,0,0,1110,88,315,90590200060100020000000000000000000000005604583b01
1,3851,0,154040,6,1,0,2,0,0,0,0,0,0,1110,88,315,b8590200060100020000000000000000000000005604583b01
1,3852,0,154080,6,1,0,2,0,0,0,0,0,0,1110,88,315,e0590200060100020000000000000000000000005604583b01
1,3853,0,154120,6,1,0,2,0,0,0,0,0,0,1110,88,315,085a0200060100020000000000000000000000005604583b01
1,3854,0,154160,6,1,0,2,0,0,0,0,0,0,1110,88,315,305a0200060100020000000000000000000000005604583b01
1,3855,0,154201,6,1,0,2,0,0,0,0,0,0,1110,88,315,595a0200060100020000000000000000000000005604583b01
1,3856,0,154240,6,1,0,2,0,0,0,0,0,0,1110,88,315,805a0200060100020000000000000000000000005604583b01
1,3857,0,154280,6,1,0,2,0,0,0,0,0,0,1110,88,315,a85a0200060100020000000000000000000000005604583b01
1,3858,0,154320,6,1,0,2,0,0,0,0,0,0,1110,88,315,d05a0200060100020000000000000000000000005604583b01
1,3859,0,154360,6,1,0,2,0,0,0,0,0,0,1110,88,315,f85a0200060100020000000000000000000000005604583b01
1,3860,0,154401,6,1,0,2,0,0,0,0,0,0,1110,88,315,215b0200060100020000000000000000000000005604583b01
1,3861,0,154440,6,1,0,2,0,0,0,0,0,0,1110,88,315,485b0200060100020000000000000000000000005604583b01
1,3862,0,154481,6,1,0,2,0,0,0,0,0,0,1110,88,315,715b0200060100020000000000000000000000005604583b01
1,3863,0,154520,6,1,0,2,0,0,0,0,0,0,1110,88,315,985b0200060100020000000000000000000000005604583b01
1,3864,0,154560,6,1,0,2,0,0,0,0,0,0,1110,88,315,c05b0200060100020000000000000000000000005604583b01
1,3865,0,154600,6,1,0,2,0,0,0,0,0,0,1110,88,315,e85b0200060100020000000000000000000000005604583b01
1,3866,0,154640,6,1,0,2,0,0,0,0,0,0,1110,88,315,105c0200060100020000000000000000000000005604583b01
1,3867,0,154680,6,1,0,2,0,0,0,0,0,0,1110,88,315,385c0200060100020000000000000000000000005604583b01
1,3868,0,154720,6,1,0,2,0,0,0,0,0,0,1110,88,315,605c0200060100020000000000000000000000005604583b01
1,3869,0,154760,6,1,0,2,0,0,0,0,0,0,1110,88,315,885c0200060100020000000000000000000000005604583b01
1,3870,0,154800,6,1,0,2,0,0,0,0,0,0,1110,88,315,b05c0200060100020000000000000000000000005604583b01
1,3871,0,154840,6,1,0,2,0,0,0,0,0,0,1110,88,315,d85c0200060100020000000000000000000000005604583b01
1,3872,0,154880,6,1,0,2,0,0,0,0,0,0,1110,88,315,005d0200060100020000000000000000000000005604583b01
1,3873,0,154920,6,1,0,2,0,0,0,0,0,0,1110,88,315,285d0200060100020000000000000000000000005604583b01
1,3874,0,154960,6,1,0,2,0,0,0,0,0,0,1110,88,315,505d0200060100020000000000000000000000005604583b01
1,3875,0,155000,6,1,0,2,0,0,0,0,0,0,1110,88,315,785d0200060100020000000000000000000000005604583b01
1,3876,0,155040,6,1,0,2,0,0,0,0,0,0,1110,88,315,a05d0200060100020000000000000000000000005604583b01
1,3877,0,155080,6,1,0,2,0,0,0,0,0,0,1110,88,315,c85d0200060100020000000000000000000000005604583b01
1,3878,0,155120,6,1,0,2,0,0,0,0,0,0,1110,88,315,f05d0200060100020000000000000000000000005604583b01
1,3879,0,155161,6,1,0,2,0,0,0,0,0,0,1110,88,315,195e0200060100020000000000000000000000005604583b01
1,3880,0,155200,6,1,0,2,0,0,0,0,0,0,1110,88,315,405e0200060100020000000000000000000000005604583b01
1,3881,0,155240,6,1,0,2,0,0,0,0,0,0,1110,88,315,685e0200060100020000000000000000000000005604583b01
1,3882,0,155280,6,1,0,2,0,0,0,0,0,0,1110,88,315,905e0200060100020000000000000000000000005604583b01
1,3883,0,155320,6,1,0,2,0,0,0,0,0,0,1110,88,315,b85e0200060100020000000000000000000000005604583b01
1,3884,0,155361,6,1,0,2,0,0,0,0,0,0,1110,88,315,e15e0200060100020000000000000000000000005604583b01
1,3885,0,155400,6,1,0,2,0,0,0,0,0,0,1110,88,315,085f0200060100020000000000000000000000005604583b01
1,3886,0,155441,6,1,0,2,0,0,0,0,0,0,1110,88,315,315f0200060100020000000000000000000000005604583b01
1,3887,0,155480,6,1,0,2,0,0,0,0,0,0,1110,88,315,585f0200060100020000000000000000000000005604583b01
1,3888,0,155521,6,1,0,2,0,0,0,0,0,0,1110,88,315,815f0200060100020000000000000000000000005604583b01
1,3889,0,155560,6,1,0,2,0,0,0,0,0,0,1110,88,315,a85f0200060100020000000000000000000000005604583b01
1,3890,0,155600,6,1,0,2,0,0,0,0,0,0,1110,88,315,d05f0200060100020000000000000000000000005604583b01
1,3891,0,155641,6,1,0,2,0,0,0,0,0,0,1110,88,315,f95f0200060100020000000000000000000000005604583b01
1,3892,0,155680,6,1,0,2,0,0,0,0,0,0,1110,88,315,20600200060100020000000000000000000000005604583b01
1,3893,0,155721,6,1,0,2,0,0,0,0,0,0,1110,88,315,49600200060100020000000000000000000000005604583b01
1,3894,0,155761,6,1,0,2,0,0,0,0,0,0,1110,88,315,71600200060100020000000000000000000000005604583b01
1,3895,0,155800,6,1,0,2,0,0,0,0,0,0,1110,88,315,98600200060100020000000000000000000000005604583b01
1,3896,0,155840,6,1,0,2,0,0,0,0,0,0,1110,88,315,c0600200060100020000000000000000000000005604583b01
1,3897,0,155880,6,1,0,2,0,0,0,0,0,0,1110,88,315,e8600200060100020000000000000000000000005604583b01
1,3898,0,155921,6,1,0,2,0,0,0,0,0,0,1110,88,315,11610200060100020000000000000000000000005604583b01
1,3899,0,155960,6,1,0,2,0,0,0,0,0,0,1110,88,315,38610200060100020000000000000000000000005604583b01
1,3900,0,156000,6,1,0,2,0,0,0,0,0,0,1110,88,315,60610200060100020000000000000000000000005604583b01
1,3901,0,156040,6,1,0,2,0,0,0,0,0,0,1110,88,315,88610200060100020000000000000000000000005604583b01
1,3902,0,156080,6,1,0,2,0,0,0,0,0,0,1110,88,315,b0610200060100020000000000000000000000005604583b01
1,3903,0,156120,6,1,0,2,0,0,0,0,0,0,1110,88,315,d8610200060100020000000000000000000000005604583b01
1,3904,0,156161,6,1,0,2,0,0,0,0,0,0,1110,88,315,01620200060100020000000000000000000000005604583b01
1,3905,0,156200,6,1,0,2,0,0,0,0,0,0,1110,88,315,28620200060100020000000000000000000000005604583b01
1,3906,0,156240,6,1,0,2,0,0,0,0,0,0,1110,88,315,50620200060100020000000000000000000000005604583b01
1,3907,0,156280,6,1,0,2,0,0,0,0,0,0,1110,88,315,78620200060100020000000000000000000000005604583b01
1,3908,0,156320,6,1,0,2,0,0,0,0,0,0,1110,88,315,a0620200060100020000000000000000000000005604583b01
1,3909,0,156360,6,1,0,2,0,0,0,0,0,0,1110,88,315,c8620200060100020000000000000000000000005604583b01
1,3910,0,156400,6,1,0,2,0,0,0,0,0,0,1110,88,315,f0620200060100020000000000000000000000005604583b01
1,3911,0,156440,6,1,0,2,0,0,0,0,0,0,1110,88,315,18630200060100020000000000000000000000005604583b01
1,3912,0,156480,6,1,0,2,0,0,0,0,0,0,1110,88,315,40630200060100020000000000000000000000005604583b01
1,3913,0,156521,6,1,0,2,0,0,0,0,0,0,1110,88,315,69630200060100020000000000000000000000005604583b01
1,3914,0,156560,6,1,0,2,0,0,0,0,0,0,1110,88,315,90630200060100020000000000000000000000005604583b01
1,3915,0,156600,6,1,0,2,0,0,0,0,0,0,1110,88,315,b8630200060100020000000000000000000000005604583b01
1,3916,0,156640,6,1,0,2,0,0,0,0,0,0,1110,88,315,e0630200060100020000000000000000000000005604583b01
1,3917,0,156680,6,1,0,2,0,0,0,0,0,0,1110,88,315,08640200060100020000000000000000000000005604583b01
1,3918,0,156720,6,1,0,2,0,0,0,0,0,0,1110,88,315,30640200060100020000000000000000000000005604583b01
1,3919,0,156760,6,1,0,2,0,0,0,0,0,0,1110,88,315,58640200060100020000000000000000000000005604583b01
1,3920,0,156801,6,1,0,2,0,0,0,0,0,0,1110,88,315,81640200060100020000000000000000000000005604583b01
1,3921,0,156840,6,1,0,2,0,0,0,0,0,0,1110,88,315,a8640200060100020000000000000000000000005604583b01
1,3922,0,156881,6,1,0,2,0,0,0,0,0,0,1110,88,315,d1640200060100020000000000000000000000005604583b01
1,3923,0,156921,6,1,0,2,0,0,0,0,0,0,1110,88,315,f9640200060100020000000000000000000000005604583b01
1,3924,0,156960,6,1,0,2,0,0,0,0,0,0,1110,88,315,20650200060100020000000000000000000000005604583b01
1,3925,0,157000,6,1,0,2,0,0,0,0,0,0,1110,88,315,48650200060100020000000000000000000000005604583b01
1,3926,0,157040,6,1,0,2,0,0,0,0,0,0,1110,88,315,70650200060100020000000000000000000000005604583b01
1,3927,0,157081,6,1,0,2,0,0,0,0,0,0,1110,88,315,99650200060100020000000000000000000000005604583b01
1,3928,0,157120,6,1,0,2,0,0,0,0,0,0,1110,88,315,c0650200060100020000000000000000000000005604583b01
1,3929,0,157160,6,1,0,2,0,0,0,0,0,0,1110,88,315,e8650200060100020000000000000000000000005604583b01
1,3930,0,157200,6,1,0,2,0,0,0,0,0,0,1110,88,315,10660200060100020000000000000000000000005604583b01
1,3931,0,157240,6,1,0,2,0,0,0,0,0,0,1110,88,315,38660200060100020000000000000000000000005604583b01
1,3932,0,157280,6,1,0,2,0,0,0,0,0,0,1110,88,315,60660200060100020000000000000000000000005604583b01
1,3933,0,157320,6,1,0,2,0,0,0,0,0,0,1110,88,315,88660200060100020000000000000000000000005604583b01
1,3934,0,157360,6,1,0,2,0,0,0,0,0,0,1110,88,315,b0660200060100020000000000000000000000005604583b01
1,3935,0,157400,6,1,0,2,0,0,0,0,0,0,1110,88,315,d8660200060100020000000000000000000000005604583b01
1,3936,0,157440,6,1,0,2,0,0,0,0,0,0,1110,88,315,00670200060100020000000000000000000000005604583b01
1,3937,0,157480,6,1,0,2,0,0,0,0,0,0,1110,88,315,28670200060100020000000000000000000000005604583b01
1,3938,0,157520,6,1,0,2,0,0,0,0,0,0,1110,88,315,50670200060100020000000000000000000000005604583b01
1,3939,0,157560,6,1,0,2,0,0,0,0,0,0,1110,88,315,78670200060100020000000000000000000000005604583b01
1,3940,0,157600,6,1,0,2,0,0,0,0,0,0,1110,88,315,a0670200060100020000000000000000000000005604583b01
1,3941,0,157640,6,1,0,2,0,0,0,0,0,0,1110,88,315,c8670200060100020000000000000000000000005604583b01
1,3942,0,157680,6,1,0,2,0,0,0,0,0,0,1110,88,315,f0670200060100020000000000000000000000005604583b01
1,3943,0,157720,6,1,0,2,0,0,0,0,0,0,1110,88,315,18680200060100020000000000000000000000005604583b01
1,3944,0,157760,6,1,0,2,0,0,0,0,0,0,1110,88,315,40680200060100020000000000000000000000005604583b01
1,3945,0,157800,6,1,0,2,0,0,0,0,0,0,1110,88,315,68680200060100020000000000000000000000005604583b01
1,3946,0,157840,6,1,0,2,0,0,0,0,0,0,1110,88,315,90680200060100020000000000000000000000005604583b01
1,3947,0,157880,6,1,0,2,0,0,0,0,0,0,1110,88,315,b8680200060100020000000000000000000000005604583b01
1,3948,0,157920,6,1,0,2,0,0,0,0,0,0,1110,88,315,e0680200060100020000000000000000000000005604583b01
1,3949,0,157961,6,1,0,2,0,0,0,0,0,0,1110,88,315,09690200060100020000000000000000000000005604583b01
1,3950,0,158000,6,1,0,2,0,0,0,0,0,0,1110,88,315,30690200060100020000000000000000000000005604583b01
1,3951,0,158040,6,1,0,2,0,0,0,0,0,0,1110,88,315,58690200060100020000000000000000000000005604583b01
1,3952,0,158080,6,1,0,2,0,0,0,0,0,0,1110,88,315,80690200060100020000000000000000000000005604583b01
1,3953,0,158121,6,1,0,2,0,0,0,0,0,0,1110,88,315,a9690200060100020000000000000000000000005604583b01
1,3954,0,158160,6,1,0,2,0,0,0,0,0,0,1110,88,315,d0690200060100020000000000000000000000005604583b01
1,3955,0,158200,6,1,0,2,0,0,0,0,0,0,1110,88,315,f8690200060100020000000000000000000000005604583b01
1,3956,0,158240,6,1,0,2,0,0,0,0,0,0,1110,88,315,206a0200060100020000000000000000000000005604583b01
1,3957,0,158281,6,1,0,2,0,0,0,0,0,0,1110,88,315,496a0200060100020000000000000000000000005604583b01
1,3958,0,158320,6,1,0,2,0,0,0,0,0,0,1110,88,315,706a0200060100020000000000000000000000005604583b01
1,3959,0,158360,6,1,0,2,0,0,0,0,0,0,1110,88,315,986a0200060100020000000000000000000000005604583b01
1,3960,0,158401,6,1,0,2,0,0,0,0,0,0,1110,88,315,c16a0200060100020000000000000000000000005604583b01
1,3961,0,158440,6,1,0,2,0,0,0,0,0,0,1110,88,315,e86a0200060100020000000000000000000000005604583b01
1,3962,0,158480,6,1,0,2,0,0,0,0,0,0,1110,88,315,106b0200060100020000000000000000000000005604583b01
1,3963,0,158520,6,1,0,2,0,0,0,0,0,0,1110,88,315,386b0200060100020000000000000000000000005604583b01
1,3964,0,158560,6,1,0,2,0,0,0,0,0,0,1110,88,315,606b0200060100020000000000000000000000005604583b01
1,3965,0,158601,6,1,0,2,0,0,0,0,0,0,1110,88,315,896b0200060100020000000000000000000000005604583b01
1,3966,0,158640,6,1,0,2,0,0,0,0,0,0,1110,88,315,b06b0200060100020000000000000000000000005604583b01
1,3967,0,158680,6,1,0,2,0,0,0,0,0,0,1110,88,315,d86b0200060100020000000000000000000000005604583b01
1,3968,0,158720,6,1,0,2,0,0,0,0,0,0,1110,88,315,006c0200060100020000000000000000000000005604583b01
1,3969,0,158761,6,1,0,2,0,0,0,0,0,0,1110,88,315,296c0200060100020000000000000000000000005604583b01
1,3970,0,158800,6,1,0,2,0,0,0,0,0,0,1110,88,315,506c0200060100020000000000000000000000005604583b01
1,3971,0,158841,6,1,0,2,0,0,0,0,0,0,1110,88,315,796c0200060100020000000000000000000000005604583b01
1,3972,0,158880,6,1,0,2,0,0,0,0,0,0,1110,88,315,a06c0200060100020000000000000000000000005604583b01
1,3973,0,158920,6,1,0,2,0,0,0,0,0,0,1110,88,315,c86c0200060100020000000000000000000000005604583b01
1,3974,0,158960,6,1,0,2,0,0,0,0,0,0,1110,88,315,f06c0200060100020000000000000000000000005604583b01
1,3975,0,159000,6,1,0,2,0,0,0,0,0,0,1110,88,315,186d0200060100020000000000000000000000005604583b01
1,3976,0,159040,6,1,0,2,0,0,0,0,0,0,1110,88,315,406d0200060100020000000000000000000000005604583b01
1,3977,0,159080,6,1,0,2,0,0,0,0,0,0,1110,88,315,686d0200060100020000000000000000000000005604583b01
1,3978,0,159120,6,1,0,2,0,0,0,0,0,0,1110,88,315,906d0200060100020000000000000000000000005604583b01
1,3979,0,159161,6,1,0,2,0,0,0,0,0,0,1110,88,315,b96d0200060100020000000000000000000000005604583b01
1,3980,0,159200,6,1,0,2,0,0,0,0,0,0,1110,88,315,e06d0200060100020000000000000000000000005604583b01
1,3981,0,159240,6,1,0,2,0,0,0,0,0,0,1110,88,315,086e0200060100020000000000000000000000005604583b01
1,3982,0,159280,6,1,0,2,0,0,0,0,0,0,1110,88,315,306e0200060100020000000000000000000000005604583b01
1,3983,0,159320,6,1,0,2,0,0,0,0,0,0,1110,88,315,586e0200060100020000000000000000000000005604583b01
1,3984,0,159361,6,1,0,2,0,0,0,0,0,0,1110,88,315,816e0200060100020000000000000000000000005604583b01
1,3985,0,159400,6,1,0,2,0,0,0,0,0,0,1110,88,315,a86e0200060100020000000000000000000000005604583b01
1,3986,0,159440,6,1,0,2,0,0,0,0,0,0,1110,88,315,d06e0200060100020000000000000000000000005604583b01
1,3987,0,159480,6,1,0,2,0,0,0,0,0,0,1110,88,315,f86e0200060100020000000000000000000000005604583b01
1,3988,0,159520,6,1,0,2,0,0,0,0,0,0,1110,88,315,206f0200060100020000000000000000000000005604583b01
1,3989,0,159561,6,1,0,2,0,0,0,0,0,0,1110,88,315,496f0200060100020000000000000000000000005604583b01
1,3990,0,159601,6,1,0,2,0,0,0,0,0,0,1110,88,315,716f0200060100020000000000000000000000005604583b01
1,3991,0,159640,6,1,0,2,0,0,0,0,0,0,1110,88,315,986f0200060100020000000000000000000000005604583b01
1,3992,0,159680,6,1,0,2,0,0,0,0,0,0,1110,88,315,c06f0200060100020000000000000000000000005604583b01
1,3993,0,159720,6,1,0,2,0,0,0,0,0,0,1110,88,315,e86f0200060100020000000000000000000000005604583b01
1,3994,0,159761,6,1,0,2,0,0,0,0,0,0,1110,88,315,11700200060100020000000000000000000000005604583b01
1,3995,0,159800,6,1,0,2,0,0,0,0,0,0,1110,88,315,38700200060100020000000000000000000000005604583b01
1,3996,0,159840,6,1,0,2,0,0,0,0,0,0,1110,88,315,60700200060100020000000000000000000000005604583b01
1,3997,0,159880,6,1,0,2,0,0,0,0,0,0,1110,88,315,88700200060100020000000000000000000000005604583b01
1,3998,0,159920,6,1,0,2,0,0,0,0,0,0,1110,88,315,b0700200060100020000000000000000000000005604583b01
1,3999,0,159960,6,1,0,2,0,0,0,0,0,0,1110,88,315,d8700200060100020000000000000000000000005604583b01
1,4000,0,160000,6,1,0,2,0,0,0,0,0,0,1110,88,315,00710200060100020000000000000000000000005604583b01
1,4001,0,160040,6,1,0,2,0,0,0,0,0,0,1110,88,315,28710200060100020000000000000000000000005604583b01
1,4002,0,160080,6,1,0,2,0,0,0,0,0,0,1110,88,315,50710200060100020000000000000000000000005604583b01
1,4003,0,160120,6,1,0,2,0,0,0,0,0,0,1110,88,315,78710200060100020000000000000000000000005604583b01
1,4004,0,160160,6,1,0,2,0,0,0,0,0,0,1110,88,315,a0710200060100020000000000000000000000005604583b01
1,4005,0,160200,6,1,0,2,0,0,0,0,0,0,1110,88,315,c8710200060100020000000000000000000000005604583b01
1,4006,0,160240,6,1,0,2,0,0,0,0,0,0,1110,88,315,f0710200060100020000000000000000000000005604583b01
1,4007,0,160280,6,1,0,2,0,0,0,0,0,0,1110,88,315,18720200060100020000000000000000000000005604583b01
1,4008,0,160320,6,1,0,2,0,0,0,0,0,0,1110,88,315,40720200060100020000000000000000000000005604583b01
1,4009,0,160360,6,1,0,2,0,0,0,0,0,0,1110,88,315,68720200060100020000000000000000000000005604583b01
1,4010,0,160400,6,1,0,2,0,0,0,0,0,0,1110,88,315,90720200060100020000000000000000000000005604583b01
1,4011,0,160440,6,1,0,2,0,0,0,0,0,0,1110,88,315,b8720200060100020000000000000000000000005604583b01
1,4012,0,160481,6,1,0,2,0,0,0,0,0,0,1110,88,315,e1720200060100020000000000000000000000005604583b01
1,4013,0,160520,6,1,0,2,0,0,0,0,0,0,1110,88,315,08730200060100020000000000000000000000005604583b01
1,4014,0,160560,6,1,0,2,0,0,0,0,0,0,1110,88,315,30730200060100020000000000000000000000005604583b01
1,4015,0,160600,6,1,0,2,0,0,0,0,0,0,1110,88,315,58730200060100020000000000000000000000005604583b01
1,4016,0,160640,6,1,0,2,0,0,0,0,0,0,1110,88,315,80730200060100020000000000000000000000005604583b01
1,4017,0,160680,6,1,0,2,0,0,0,0,0,0,1110,88,315,a8730200060100020000000000000000000000005604583b01
1,4018,0,160720,6,1,0,2,0,0,0,0,0,0,1110,88,315,d0730200060100020000000000000000000000005604583b01
1,4019,0,160760,6,1,0,2,0,0,0,0,0,0,1110,88,315,f8730200060100020000000000000000000000005604583b01
1,4020,0,160801,6,1,0,2,0,0,0,0,0,0,1110,88,315,21740200060100020000000000000000000000005604583b01
1,4021,0,160840,6,1,0,2,0,0,0,0,0,0,1110,88,315,48740200060100020000000000000000000000005604583b01
1,4022,0,160880,6,1,0,2,0,0,0,0,0,0,1110,88,315,70740200060100020000000000000000000000005604583b01
1,4023,0,160920,6,1,0,2,0,0,0,0,0,0,1110,88,315,98740200060100020000000000000000000000005604583b01
1,4024,0,160960,6,1,0,2,0,0,0,0,0,0,1110,88,315,c0740200060100020000000000000000000000005604583b01
1,4025,0,161000,6,1,0,2,0,0,0,0,0,0,1110,88,315,e8740200060100020000000000000000000000005604583b01
1,4026,0,161040,6,1,0,2,0,0,0,0,0,0,1110,88,315,10750200060100020000000000000000000000005604583b01
1,4027,0,161080,6,1,0,2,0,0,0,0,0,0,1110,88,315,38750200060100020000000000000000000000005604583b01
1,4028,0,161120,6,1,0,2,0,0,0,0,0,0,1110,88,315,60750200060100020000000000000000000000005604583b01
1,4029,0,161161,6,1,0,2,0,0,0,0,0,0,1110,88,315,89750200060100020000000000000000000000005604583b01
1,4030,0,161200,6,1,0,2,0,0,0,0,0,0,1110,88,315,b0750200060100020000000000000000000000005604583b01
1,4031,0,161241,6,1,0,2,0,0,0,0,0,0,1110,88,315,d9750200060100020000000000000000000000005604583b01
1,4032,0,161281,6,1,0,2,0,0,0,0,0,0,1110,88,315,01760200060100020000000000000000000000005604583b01
1,4033,0,161320,6,1,0,2,0,0,0,0,0,0,1110,88,315,28760200060100020000000000000000000000005604583b01
1,4034,0,161360,6,1,0,2,0,0,0,0,0,0,1110,88,315,50760200060100020000000000000000000000005604583b01
1,4035,0,161400,6,1,0,2,0,0,0,0,0,0,1110,88,315,78760200060100020000000000000000000000005604583b01
1,4036,0,161440,6,1,0,2,0,0,0,0,0,0,1110,88,315,a0760200060100020000000000000000000000005604583b01
1,4037,0,161480,6,1,0,2,0,0,0,0,0,0,1110,88,315,c8760200060100020000000000000000000000005604583b01
1,4038,0,161521,6,1,0,2,0,0,0,0,0,0,1110,88,315,f1760200060100020000000000000000000000005604583b01
1,4039,0,161560,6,1,0,2,0,0,0,0,0,0,1110,88,315,18770200060100020000000000000000000000005604583b01
1,4040,0,161600,6,1,0,2,0,0,0,0,0,0,1110,88,315,40770200060100020000000000000000000000005604583b01
1,4041,0,161640,6,1,0,2,0,0,0,0,0,0,1110,88,315,68770200060100020000000000000000000000005604583b01
1,4042,0,161680,6,1,0,2,0,0,0,0,0,0,1110,88,315,90770200060100020000000000000000000000005604583b01
1,4043,0,161720,6,1,0,2,0,0,0,0,0,0,1110,88,315,b8770200060100020000000000000000000000005604583b01
1,4044,0,161760,6,1,0,2,0,0,0,0,0,0,1110,88,315,e0770200060100020000000000000000000000005604583b01
1,4045,0,161800,6,1,0,2,0,0,0,0,0,0,1110,88,315,08780200060100020000000000000000000000005604583b01
1,4046,0,161841,6,1,0,2,0,0,0,0,0,0,1110,88,315,31780200060100020000000000000000000000005604583b01
1,4047,0,161880,6,1,0,2,0,0,0,0,0,0,1110,88,315,58780200060100020000000000000000000000005604583b01
1,4048,0,161921,6,1,0,2,0,0,0,0,0,0,1110,88,315,81780200060100020000000000000000000000005604583b01
1,4049,0,161960,6,1,0,2,0,0,0,0,0,0,1110,88,315,a8780200060100020000000000000000000000005604583b01
1,4050,0,162000,6,1,0,2,0,0,0,0,0,0,1110,88,315,d0780200060100020000000000000000000000005604583b01
1,4051,0,162041,6,1,0,2,0,0,0,0,0,0,1110,88,315,f9780200060100020000000000000000000000005604583b01
1,4052,0,162080,6,1,0,2,0,0,0,0,0,0,1110,88,315,20790200060100020000000000000000000000005604583b01
1,4053,0,162120,6,1,0,2,0,0,0,0,0,0,1110,88,315,48790200060100020000000000000000000000005604583b01
1,4054,0,162161,6,1,0,2,0,0,0,0,0,0,1110,88,315,71790200060100020000000000000000000000005604583b01
1,4055,0,162200,6,1,0,2,0,0,0,0,0,0,1110,88,315,98790200060100020000000000000000000000005604583b01
1,4056,0,162241,6,1,0,2,0,0,0,0,0,0,1110,88,315,c1790200060100020000000000000000000000005604583b01
1,4057,0,162280,6,1,0,2,0,0,0,0,0,0,1110,88,315,e8790200060100020000000000000000000000005604583b01
1,4058,0,162320,6,1,0,2,0,0,0,0,0,0,1110,88,315,107a0200060100020000000000000000000000005604583b01
1,4059,0,162361,6,1,0,2,0,0,0,0,0,0,1110,88,315,397a0200060100020000000000000000000000005604583b01
1,4060,0,162400,6,1,0,2,0,0,0,0,0,0,1110,88,315,607a0200060100020000000000000000000000005604583b01
1,4061,0,162441,6,1,0,2,0,0,0,0,0,0,1110,88,315,897a0200060100020000000000000000000000005604583b01
1,4062,0,162480,6,1,0,2,0,0,0,0,0,0,1110,88,315,b07a0200060100020000000000000000000000005604583b01
1,4063,0,162520,6,1,0,2,0,0,0,0,0,0,1110,88,315,d87a0200060100020000000000000000000000005604583b01
1,4064,0,162560,6,1,0,2,0,0,0,0,0,0,1110,88,315,007b0200060100020000000000000000000000005604583b01
1,4065,0,162600,6,1,0,2,0,0,0,0,0,0,1110,88,315,287b0200060100020000000000000000000000005604583b01
1,4066,0,162640,6,1,0,2,0,0,0,0,0,0,1110,88,315,507b0200060100020000000000000000000000005604583b01
1,4067,0,162680,6,1,0,2,0,0,0,0,0,0,1110,88,315,787b0200060100020000000000000000000000005604583b01
1,4068,0,162720,6,1,0,2,0,0,0,0,0,0,1110,88,315,a07b0200060100020000000000000000000000005604583b01
1,4069,0,162760,6,1,0,2,0,0,0,0,0,0,1110,88,315,c87b0200060100020000000000000000000000005604583b01
1,4070,0,162800,6,1,0,2,0,0,0,0,0,0,1110,88,315,f07b0200060100020000000000000000000000005604583b01
1,4071,0,162840,6,1,0,2,0,0,0,0,0,0,1110,88,315,187c0200060100020000000000000000000000005604583b01
1,4072,0,162881,6,1,0,2,0,0,0,0,0,0,1110,88,315,417c0200060100020000000000000000000000005604583b01
1,4073,0,162920,6,1,0,2,0,0,0,0,0,0,1110,88,315,687c0200060100020000000000000000000000005604583b01
1,4074,0,162960,6,1,0,2,0,0,0,0,0,0,1110,88,315,907c0200060100020000000000000000000000005604583b01
1,4075,0,163000,6,1,0,2,0,0,0,0,0,0,1110,88,315,b87c0200060100020000000000000000000000005604583b01
1,4076,0,163040,6,1,0,2,0,0,0,0,0,0,1110,88,315,e07c0200060100020000000000000000000000005604583b01
1,4077,0,163080,6,1,0,2,0,0,0,0,0,0,1110,88,315,087d0200060100020000000000000000000000005604583b01
1,4078,0,163120,6,1,0,2,0,0,0,0,0,0,1110,88,315,307d0200060100020000000000000000000000005604583b01
1,4079,0,163160,6,1,0,2,0,0,0,0,0,0,1110,88,315,587d0200060100020000000000000000000000005604583b01
1,4080,0,163200,6,1,0,2,0,0,0,0,0,0,1110,88,315,807d0200060100020000000000000000000000005604583b01
1,4081,0,163240,6,1,0,2,0,0,0,0,0,0,1110,88,315,a87d0200060100020000000000000000000000005604583b01
1,4082,0,163280,6,1,0,2,0,0,0,0,0,0,1110,88,315,d07d0200060100020000000000000000000000005604583b01
1,4083,0,163321,6,1,0,2,0,0,0,0,0,0,1110,88,315,f97d0200060100020000000000000000000000005604583b01
1,4084,0,163360,6,1,0,2,0,0,0,0,0,0,1110,88,315,207e0200060100020000000000000000000000005604583b01
1,4085,0,163401,6,1,0,2,0,0,0,0,0,0,1110,88,315,497e0200060100020000000000000000000000005604583b01
1,4086,0,163440,6,1,0,2,0,0,0,0,0,0,1110,88,315,707e0200060100020000000000000000000000005604583b01
1,4087,0,163480,6,1,0,2,0,0,0,0,0,0,1110,88,315,987e0200060100020000000000000000000000005604583b01
1,4088,0,163520,6,1,0,2,0,0,0,0,0,0,1110,88,315,c07e0200060100020000000000000000000000005604583b01
1,4089,0,163561,6,1,0,2,0,0,0,0,0,0,1110,88,315,e97e0200060100020000000000000000000000005604583b01
1,4090,0,163600,6,1,0,2,0,0,0,0,0,0,1110,88,315,107f0200060100020000000000000000000000005604583b01
1,4091,0,163641,6,1,0,2,0,0,0,0,0,0,1110,88,315,397f0200060100020000000000000000000000005604583b01
1,4092,0,163680,6,1,0,2,0,0,0,0,0,0,1110,88,315,607f0200060100020000000000000000000000005604583b01
1,4093,0,163721,6,1,0,2,0,0,0,0,0,0,1110,88,315,897f0200060100020000000000000000000000005604583b01
1,4094,0,163760,6,1,0,2,0,0,0,0,0,0,1110,88,315,b07f0200060100020000000000000000000000005604583b01
1,4095,0,163801,6,1,0,2,0,0,0,0,0,0,1110,88,315,d97f0200060100020000000000000000000000005604583b01
1,4096,0,163840,6,1,0,2,0,0,0,0,0,0,1110,88,315,00800200060100020000000000000000000000005604583b01
1,4097,0,163880,6,1,0,2,0,0,0,0,0,0,1110,88,315,28800200060100020000000000000000000000005604583b01
1,4098,0,163921,6,1,0,2,0,0,0,0,0,0,1110,88,315,51800200060100020000000000000000000000005604583b01
1,4099,0,163960,6,1,0,2,0,0,0,0,0,0,1110,88,315,78800200060100020000000000000000000000005604583b01
1,4100,0,164000,6,1,0,2,0,0,0,0,0,0,1110,88,315,a0800200060100020000000000000000000000005604583b01
1,4101,0,164040,6,1,0,2,0,0,0,0,0,0,1110,88,315,c8800200060100020000000000000000000000005604583b01
1,4102,0,164080,6,1,0,2,0,0,0,0,0,0,1110,88,315,f0800200060100020000000000000000000000005604583b01
1,4103,0,164120,6,1,0,2,0,0,0,0,0,0,1110,88,315,18810200060100020000000000000000000000005604583b01
1,4104,0,164160,6,1,0,2,0,0,0,0,0,0,1110,88,315,40810200060100020000000000000000000000005604583b01
1,4105,0,164201,6,1,0,2,0,0,0,0,0,0,1110,88,315,69810200060100020000000000000000000000005604583b01
1,4106,0,164240,6,1,0,2,0,0,0,0,0,0,1110,88,315,90810200060100020000000000000000000000005604583b01
1,4107,0,164280,6,1,0,2,0,0,0,0,0,0,1110,88,315,b8810200060100020000000000000000000000005604583b01
1,4108,0,164320,6,1,0,2,0,0,0,0,0,0,1110,88,315,e0810200060100020000000000000000000000005604583b01
1,4109,0,164360,6,1,0,2,0,0,0,0,0,0,1110,88,315,08820200060100020000000000000000000000005604583b01
1,4110,0,164401,6,1,0,2,0,0,0,0,0,0,1110,88,315,31820200060100020000000000000000000000005604583b01
1,4111,0,164440,6,1,0,2,0,0,0,0,0,0,1110,88,315,58820200060100020000000000000000000000005604583b01
1,4112,0,164480,6,1,0,2,0,0,0,0,0,0,1110,88,315,80820200060100020000000000000000000000005604583b01
1,4113,0,164520,6,1,0,2,0,0,0,0,0,0,1110,88,315,a8820200060100020000000000000000000000005604583b01
1,4114,0,164561,6,1,0,2,0,0,0,0,0,0,1110,88,315,d1820200060100020000000000000000000000005604583b01
1,4115,0,164600,6,1,0,2,0,0,0,0,0,0,1110,88,315,f8820200060100020000000000000000000000005604583b01
1,4116,0,164640,6,1,0,2,0,0,0,0,0,0,1110,88,315,20830200060100020000000000000000000000005604583b01
1,4117,0,164681,6,1,0,2,0,0,0,0,0,0,1110,88,315,49830200060100020000000000000000000000005604583b01
1,4118,0,164720,6,1,0,2,0,0,0,0,0,0,1110,88,315,70830200060100020000000000000000000000005604583b01
1,4119,0,164761,6,1,0,2,0,0,0,0,0,0,1110,88,315,99830200060100020000000000000000000000005604583b01
1,4120,0,164800,6,1,0,2,0,0,0,0,0,0,1110,88,315,c0830200060100020000000000000000000000005604583b01
1,4121,0,164840,6,1,0,2,0,0,0,0,0,0,1110,88,315,e8830200060100020000000000000000000000005604583b01
1,4122,0,164880,6,1,0,2,0,0,0,0,0,0,1110,88,315,10840200060100020000000000000000000000005604583b01
1,4123,0,164920,6,1,0,2,0,0,0,0,0,0,1110,88,315,38840200060100020000000000000000000000005604583b01
1,4124,0,164961,6,1,0,2,0,0,0,0,0,0,1110,88,315,61840200060100020000000000000000000000005604583b01
1,4125,0,165000,6,1,0,2,0,0,0,0,0,0,1110,88,315,88840200060100020000000000000000000000005604583b01
1,4126,0,165040,6,1,0,2,0,0,0,0,0,0,1110,88,315,b0840200060100020000000000000000000000005604583b01
1,4127,0,165080,6,1,0,2,0,0,0,0,0,0,1110,88,315,d8840200060100020000000000000000000000005604583b01
1,4128,0,165121,6,1,0,2,0,0,0,0,0,0,1110,88,315,01850200060100020000000000000000000000005604583b01
1,4129,0,165160,6,1,0,2,0,0,0,0,0,0,1110,88,315,28850200060100020000000000000000000000005604583b01
1,4130,0,165201,6,1,0,2,0,0,0,0,0,0,1110,88,315,51850200060100020000000000000000000000005604583b01
1,4131,0,165240,6,1,0,2,0,0,0,0,0,0,1110,88,315,78850200060100020000000000000000000000005604583b01
1,4132,0,165280,6,1,0,2,0,0,0,0,0,0,1110,88,315,a0850200060100020000000000000000000000005604583b01
1,4133,0,165320,6,1,0,2,0,0,0,0,0,0,1110,88,315,c8850200060100020000000000000000000000005604583b01
1,4134,0,165360,6,1,0,2,0,0,0,0,0,0,1110,88,315,f0850200060100020000000000000000000000005604583b01
1,4135,0,165400,6,1,0,2,0,0,0,0,0,0,1110,88,315,18860200060100020000000000000000000000005604583b01
1,4136,0,165440,6,1,0,2,0,0,0,0,0,0,1110,88,315,40860200060100020000000000000000000000005604583b01
1,4137,0,165480,6,1,0,2,0,0,0,0,0,0,1110,88,315,68860200060100020000000000000000000000005604583b01
1,4138,0,165520,6,1,0,2,0,0,0,0,0,0,1110,88,315,90860200060100020000000000000000000000005604583b01
1,4139,0,165560,6,1,0,2,0,0,0,0,0,0,1110,88,315,b8860200060100020000000000000000000000005604583b01
1,4140,0,165601,6,1,0,2,0,0,0,0,0,0,1110,88,315,e1860200060100020000000000000000000000005604583b01
1,4141,0,165640,6,1,0,2,0,0,0,0,0,0,1110,88,315,08870200060100020000000000000000000000005604583b01
1,4142,0,165681,6,1,0,2,0,0,0,0,0,0,1110,88,315,31870200060100020000000000000000000000005604583b01
1,4143,0,165720,6,1,0,2,0,0,0,0,0,0,1110,88,315,58870200060100020000000000000000000000005604583b01
1,4144,0,165761,6,1,0,2,0,0,0,0,0,0,1110,88,315,81870200060100020000000000000000000000005604583b01
1,4145,0,165801,6,1,0,2,0,0,0,0,0,0,1110,88,315,a9870200060100020000000000000000000000005604583b01
1,4146,0,165840,6,1,0,2,0,0,0,0,0,0,1110,88,315,d0870200060100020000000000000000000000005604583b01
1,4147,0,165880,6,1,0,2,0,0,0,0,0,0,1110,88,315,f8870200060100020000000000000000000000005604583b01
1,4148,0,165920,6,1,0,2,0,0,0,0,0,0,1110,88,315,20880200060100020000000000000000000000005604583b01
1,4149,0,165960,6,1,0,2,0,0,0,0,0,0,1110,88,315,48880200060100020000000000000000000000005604583b01
1,4150,0,166000,6,1,0,2,0,0,0,0,0,0,1110,88,315,70880200060100020000000000000000000000005604583b01
1,4151,0,166040,6,1,0,2,0,0,0,0,0,0,1110,88,315,98880200060100020000000000000000000000005604583b01
1,4152,0,166080,6,1,0,2,0,0,0,0,0,0,1110,88,315,c0880200060100020000000000000000000000005604583b01
1,4153,0,166120,6,1,0,2,0,0,0,0,0,0,1110,88,315,e8880200060100020000000000000000000000005604583b01
1,4154,0,166160,6,1,0,2,0,0,0,0,0,0,1110,88,315,10890200060100020000000000000000000000005604583b01
1,4155,0,166200,6,1,0,2,0,0,0,0,0,0,1110,88,315,38890200060100020000000000000000000000005604583b01
1,4156,0,166240,6,1,0,2,0,0,0,0,0,0,1110,88,315,60890200060100020000000000000000000000005604583b01
1,4157,0,166280,6,1,0,2,0,0,0,0,0,0,1110,88,315,88890200060100020000000000000000000000005604583b01
1,4158,0,166320,6,1,0,2,0,0,0,0,0,0,1110,88,315,b0890200060100020000000000000000000000005604583b01
1,4159,0,166360,6,1,0,2,0,0,0,0,0,0,1110,88,315,d8890200060100020000000000000000000000005604583b01
1,4160,0,166400,6,1,0,2,0,0,0,0,0,0,1110,88,315,008a0200060100020000000000000000000000005604583b01
1,4161,0,166441,6,1,0,2,0,0,0,0,0,0,1110,88,315,298a0200060100020000000000000000000000005604583b01
1,4162,0,166480,6,1,0,2,0,0,0,0,0,0,1110,88,315,508a0200060100020000000000000000000000005604583b01
1,4163,0,166521,6,1,0,2,0,0,0,0,0,0,1110,88,315,798a0200060100020000000000000000000000005604583b01
1,4164,0,166560,6,1,0,2,0,0,0,0,0,0,1110,88,315,a08a0200060100020000000000000000000000005604583b01
1,4165,0,166600,6,1,0,2,0,0,0,0,0,0,1110,88,315,c88a0200060100020000000000000000000000005604583b01
1,4166,0,166641,6,1,0,2,0,0,0,0,0,0,1110,88,315,f18a0200060100020000000000000000000000005604583b01
1,4167,0,166680,6,1,0,2,0,0,0,0,0,0,1110,88,315,188b0200060100020000000000000000000000005604583b01
1,4168,0,166721,6,1,0,2,0,0,0,0,0,0,1110,88,315,418b0200060100020000000000000000000000005604583b01
1,4169,0,166760,6,1,0,2,0,0,0,0,0,0,1110,88,315,688b0200060100020000000000000000000000005604583b01
1,4170,0,166801,6,1,0,2,0,0,0,0,0,0,1110,88,315,918b0200060100020000000000000000000000005604583b01
1,4171,0,166840,6,1,0,2,0,0,0,0,0,0,1110,88,315,b88b0200060100020000000000000000000000005604583b01
1,4172,0,166881,6,1,0,2,0,0,0,0,0,0,1110,88,315,e18b0200060100020000000000000000000000005604583b01
1,4173,0,166920,6,1,0,2,0,0,0,0,0,0,1110,88,315,088c0200060100020000000000000000000000005604583b01
1,4174,0,166961,6,1,0,2,0,0,0,0,0,0,1110,88,315,318c0200060100020000000000000000000000005604583b01
1,4175,0,167000,6,1,0,2,0,0,0,0,0,0,1110,88,315,588c0200060100020000000000000000000000005604583b01
1,4176,0,167041,6,1,0,2,0,0,0,0,0,0,1110,88,315,818c0200060100020000000000000000000000005604583b01
1,4177,0,167080,6,1,0,2,0,0,0,0,0,0,1110,88,315,a88c0200060100020000000000000000000000005604583b01
1,4178,0,167120,6,1,0,2,0,0,0,0,0,0,1110,88,315,d08c0200060100020000000000000000000000005604583b01
1,4179,0,167160,6,1,0,2,0,0,0,0,0,0,1110,88,315,f88c0200060100020000000000000000000000005604583b01
1,4180,0,167200,6,1,0,2,0,0,0,0,0,0,1110,88,315,208d0200060100020000000000000000000000005604583b01
1,4181,0,167240,6,1,0,2,0,0,0,0,0,0,1110,88,315,488d0200060100020000000000000000000000005604583b01
1,4182,0,167281,6,1,0,2,0,0,0,0,0,0,1110,88,315,718d0200060100020000000000000000000000005604583b01
1,4183,0,167320,6,1,0,2,0,0,0,0,0,0,1110,88,315,988d0200060100020000000000000000000000005604583b01
1,4184,0,167361,6,1,0,2,0,0,0,0,0,0,1110,88,315,c18d0200060100020000000000000000000000005604583b01
1,4185,0,167400,6,1,0,2,0,0,0,0,0,0,1110,88,315,e88d0200060100020000000000000000000000005604583b01
1,4186,0,167441,6,1,0,2,0,0,0,0,0,0,1110,88,315,118e0200060100020000000000000000000000005604583b01
1,4187,0,167481,6,1,0,2,0,0,0,0,0,0,1110,88,315,398e0200060100020000000000000000000000005604583b01
1,4188,0,167520,6,1,0,2,0,0,0,0,0,0,1110,88,315,608e0200060100020000000000000000000000005604583b01
1,4189,0,167561,6,1,0,2,0,0,0,0,0,0,1110,88,315,898e0200060100020000000000000000000000005604583b01
1,4190,0,167600,6,1,0,2,0,0,0,0,0,0,1110,88,315,b08e0200060100020000000000000000000000005604583b01
1,4191,0,167640,6,1,0,2,0,0,0,0,0,0,1110,88,315,d88e0200060100020000000000000000000000005604583b01
1,4192,0,167680,6,1,0,2,0,0,0,0,0,0,1110,88,315,008f0200060100020000000000000000000000005604583b01
1,4193,0,167721,6,1,0,2,0,0,0,0,0,0,1110,88,315,298f0200060100020000000000000000000000005604583b01
1,4194,0,167760,6,1,0,2,0,0,0,0,0,0,1110,88,315,508f0200060100020000000000000000000000005604583b01
1,4195,0,167800,6,1,0,2,0,0,0,0,0,0,1110,88,315,788f0200060100020000000000000000000000005604583b01
1,4196,0,167840,6,1,0,2,0,0,0,0,0,0,1110,88,315,a08f0200060100020000000000000000000000005604583b01
1,4197,0,167880,6,1,0,2,0,0,0,0,0,0,1110,88,315,c88f0200060100020000000000000000000000005604583b01
1,4198,0,167920,6,1,0,2,0,0,0,0,0,0,1110,88,315,f08f0200060100020000000000000000000000005604583b01
1,4199,0,167960,6,1,0,2,0,0,0,0,0,0,1110,88,315,18900200060100020000000000000000000000005604583b01
1,4200,0,168000,6,1,0,2,0,0,0,0,0,0,1110,88,315,40900200060100020000000000000000000000005604583b01
1,4201,0,168041,6,1,0,2,0,0,0,0,0,0,1110,88,315,69900200060100020000000000000000000000005604583b01
1,4202,0,168080,6,1,0,2,0,0,0,0,0,0,1110,88,315,90900200060100020000000000000000000000005604583b01
1,4203,0,168120,6,1,0,2,0,0,0,0,0,0,1110,88,315,b8900200060100020000000000000000000000005604583b01
1,4204,0,168160,6,1,0,2,0,0,0,0,0,0,1110,88,315,e0900200060100020000000000000000000000005604583b01
1,4205,0,168201,6,1,0,2,0,0,0,0,0,0,1110,88,315,09910200060100020000000000000000000000005604583b01
1,4206,0,168240,6,1,0,2,0,0,0,0,0,0,1110,88,315,30910200060100020000000000000000000000005604583b01
1,4207,0,168281,6,1,0,2,0,0,0,0,0,0,1110,88,315,59910200060100020000000000000000000000005604583b01
1,4208,0,168320,6,1,0,2,0,0,0,0,0,0,1110,88,315,80910200060100020000000000000000000000005604583b01
1,4209,0,168360,6,1,0,2,0,0,0,0,0,0,1110,88,315,a8910200060100020000000000000000000000005604583b01
1,4210,0,168401,6,1,0,2,0,0,0,0,0,0,1110,88,315,d1910200060100020000000000000000000000005604583b01
1,4211,0,168440,6,1,0,2,0,0,0,0,0,0,1110,88,315,f8910200060100020000000000000000000000005604583b01
1,4212,0,168480,6,1,0,2,0,0,0,0,0,0,1110,88,315,20920200060100020000000000000000000000005604583b01
1,4213,0,168520,6,1,0,2,0,0,0,0,0,0,1110,88,315,48920200060100020000000000000000000000005604583b01
1,4214,0,168561,6,1,0,2,0,0,0,0,0,0,1110,88,315,71920200060100020000000000000000000000005604583b01
1,4215,0,168600,6,1,0,2,0,0,0,0,0,0,1110,88,315,98920200060100020000000000000000000000005604583b01
1,4216,0,168640,6,1,0,2,0,0,0,0,0,0,1110,88,315,c0920200060100020000000000000000000000005604583b01
1,4217,0,168680,6,1,0,2,0,0,0,0,0,0,1110,88,315,e8920200060100020000000000000000000000005604583b01
1,4218,0,168720,6,1,0,2,0,0,0,0,0,0,1110,88,315,10930200060100020000000000000000000000005604583b01
1,4219,0,168760,6,1,0,2,0,0,0,0,0,0,1110,88,315,38930200060100020000000000000000000000005604583b01
1,4220,0,168801,6,1,0,2,0,0,0,0,0,0,1110,88,315,61930200060100020000000000000000000000005604583b01
1,4221,0,168840,6,1,0,2,0,0,0,0,0,0,1110,88,315,88930200060100020000000000000000000000005604583b01
1,4222,0,168880,6,1,0,2,0,0,0,0,0,0,1110,88,315,b0930200060100020000000000000000000000005604583b01
1,4223,0,168920,6,1,0,2,0,0,0,0,0,0,1110,88,315,d8930200060100020000000000000000000000005604583b01
1,4224,0,168960,6,1,0,2,0,0,0,0,0,0,1110,88,315,00940200060100020000000000000000000000005604583b01
1,4225,0,169000,6,1,0,2,0,0,0,0,0,0,1110,88,315,28940200060100020000000000000000000000005604583b01
1,4226,0,169040,6,1,0,2,0,0,0,0,0,0,1110,88,315,50940200060100020000000000000000000000005604583b01
1,4227,0,169080,6,1,0,2,0,0,0,0,0,0,1110,88,315,78940200060100020000000000000000000000005604583b01
1,4228,0,169120,6,1,0,2,0,0,0,0,0,0,1110,88,315,a0940200060100020000000000000000000000005604583b01
1,4229,0,169160,6,1,0,2,0,0,0,0,0,0,1110,88,315,c8940200060100020000000000000000000000005604583b01
1,4230,0,169200,6,1,0,2,0,0,0,0,0,0,1110,88,315,f0940200060100020000000000000000000000005604583b01
1,4231,0,169240,6,1,0,2,0,0,0,0,0,0,1110,88,315,18950200060100020000000000000000000000005604583b01
1,4232,0,169280,6,1,0,2,0,0,0,0,0,0,1110,88,315,40950200060100020000000000000000000000005604583b01
1,4233,0,169320,6,1,0,2,0,0,0,0,0,0,1110,88,315,68950200060100020000000000000000000000005604583b01
1,4234,0,169361,6,1,0,2,0,0,0,0,0,0,1110,88,315,91950200060100020000000000000000000000005604583b01
1,4235,0,169400,6,1,0,2,0,0,0,0,0,0,1110,88,315,b8950200060100020000000000000000000000005604583b01
1,4236,0,169440,6,1,0,2,0,0,0,0,0,0,1110,88,315,e0950200060100020000000000000000000000005604583b01
1,4237,0,169480,6,1,0,2,0,0,0,0,0,0,1110,88,315,08960200060100020000000000000000000000005604583b01
1,4238,0,169521,6,1,0,2,0,0,0,0,0,0,1110,88,315,31960200060100020000000000000000000000005604583b01
1,4239,0,169560,6,1,0,2,0,0,0,0,0,0,1110,88,315,58960200060100020000000000000000000000005604583b01
1,4240,0,169601,6,1,0,2,0,0,0,0,0,0,1110,88,315,81960200060100020000000000000000000000005604583b01
1,4241,0,169640,6,1,0,2,0,0,0,0,0,0,1110,88,315,a8960200060100020000000000000000000000005604583b01
1,4242,0,169680,6,1,0,2,0,0,0,0,0,0,1110,88,315,d0960200060100020000000000000000000000005604583b01
1,4243,0,169720,6,1,0,2,0,0,0,0,0,0,1110,88,315,f8960200060100020000000000000000000000005604583b01
1,4244,0,169760,6,1,0,2,0,0,0,0,0,0,1110,88,315,20970200060100020000000000000000000000005604583b01
1,4245,0,169801,6,1,0,2,0,0,0,0,0,0,1110,88,315,49970200060100020000000000000000000000005604583b01
1,4246,0,169840,6,1,0,2,0,0,0,0,0,0,1110,88,315,70970200060100020000000000000000000000005604583b01
1,4247,0,169880,6,1,0,2,0,0,0,0,0,0,1110,88,315,98970200060100020000000000000000000000005604583b01
1,4248,0,169920,6,1,0,2,0,0,0,0,0,0,1110,88,315,c0970200060100020000000000000000000000005604583b01
1,4249,0,169960,6,1,0,2,0,0,0,0,0,0,1110,88,315,e8970200060100020000000000000000000000005604583b01
1,4250,0,170000,6,1,0,2,0,0,0,0,0,0,1110,88,315,10980200060100020000000000000000000000005604583b01
1,4251,0,170040,6,1,0,2,0,0,0,0,0,0,1110,88,315,38980200060100020000000000000000000000005604583b01
1,4252,0,170080,6,1,0,2,0,0,0,0,0,0,1110,88,315,60980200060100020000000000000000000000005604583b01
1,4253,0,170120,6,1,0,2,0,0,0,0,0,0,1110,88,315,88980200060100020000000000000000000000005604583b01
1,4254,0,170160,6,1,0,2,0,0,0,0,0,0,1110,88,315,b0980200060100020000000000000000000000005604583b01
1,4255,0,170200,6,1,0,2,0,0,0,0,0,0,1110,88,315,d8980200060100020000000000000000000000005604583b01
1,4256,0,170240,6,1,0,2,0,0,0,0,0,0,1110,88,315,00990200060100020000000000000000000000005604583b01
1,4257,0,170280,6,1,0,2,0,0,0,0,0,0,1110,88,315,28990200060100020000000000000000000000005604583b01
1,4258,0,170320,6,1,0,2,0,0,0,0,0,0,1110,88,315,50990200060100020000000000000000000000005604583b01
1,4259,0,170361,6,1,0,2,0,0,0,0,0,0,1110,88,315,79990200060100020000000000000000000000005604583b01
1,4260,0,170400,6,1,0,2,0,0,0,0,0,0,1110,88,315,a0990200060100020000000000000000000000005604583b01
1,4261,0,170440,6,1,0,2,0,0,0,0,0,0,1110,88,315,c8990200060100020000000000000000000000005604583b01
1,4262,0,170480,6,1,0,2,0,0,0,0,0,0,1110,88,315,f0990200060100020000000000000000000000005604583b01
1,4263,0,170521,6,1,0,2,0,0,0,0,0,0,1110,88,315,199a0200060100020000000000000000000000005604583b01
1,4264,0,170560,6,1,0,2,0,0,0,0,0,0,1110,88,315,409a0200060100020000000000000000000000005604583b01
1,4265,0,170601,6,1,0,2,0,0,0,0,0,0,1110,88,315,699a0200060100020000000000000000000000005604583b01
1,4266,0,170640,6,1,0,2,0,0,0,0,0,0,1110,88,315,909a0200060100020000000000000000000000005604583b01
1,4267,0,170680,6,1,0,2,0,0,0,0,0,0,1110,88,315,b89a0200060100020000000000000000000000005604583b01
1,4268,0,170720,6,1,0,2,0,0,0,0,0,0,1110,88,315,e09a0200060100020000000000000000000000005604583b01
1,4269,0,170760,6,1,0,2,0,0,0,0,0,0,1110,88,315,089b0200060100020000000000000000000000005604583b01
1,4270,0,170801,6,1,0,2,0,0,0,0,0,0,1110,88,315,319b0200060100020000000000000000000000005604583b01
1,4271,0,170840,6,1,0,2,0,0,0,0,0,0,1110,88,315,589b0200060100020000000000000000000000005604583b01
1,4272,0,170881,6,1,0,2,0,0,0,0,0,0,1110,88,315,819b0200060100020000000000000000000000005604583b01
1,4273,0,170920,6,1,0,2,0,0,0,0,0,0,1110,88,315,a89b0200060100020000000000000000000000005604583b01
1,4274,0,170960,6,1,0,2,0,0,0,0,0,0,1110,88,315,d09b0200060100020000000000000000000000005604583b01
1,4275,0,171000,6,1,0,2,0,0,0,0,0,0,1110,88,315,f89b0200060100020000000000000000000000005604583b01
1,4276,0,171040,6,1,0,2,0,0,0,0,0,0,1110,88,315,209c0200060100020000000000000000000000005604583b01
1,4277,0,171080,6,1,0,2,0,0,0,0,0,0,1110,88,315,489c0200060100020000000000000000000000005604583b01
1,4278,0,171120,6,1,0,2,0,0,0,0,0,0,1110,88,315,709c0200060100020000000000000000000000005604583b01
1,4279,0,171160,6,1,0,2,0,0,0,0,0,0,1110,88,315,989c0200060100020000000000000000000000005604583b01
1,4280,0,171200,6,1,0,2,0,0,0,0,0,0,1110,88,315,c09c0200060100020000000000000000000000005604583b01
1,4281,0,171240,6,1,0,2,0,0,0,0,0,0,1110,88,315,e89c0200060100020000000000000000000000005604583b01
1,4282,0,171280,6,1,0,2,0,0,0,0,0,0,1110,88,315,109d0200060100020000000000000000000000005604583b01
1,4283,0,171320,6,1,0,2,0,0,0,0,0,0,1110,88,315,389d0200060100020000000000000000000000005604583b01
1,4284,0,171360,6,1,0,2,0,0,0,0,0,0,1110,88,315,609d0200060100020000000000000000000000005604583b01
1,4285,0,171400,6,1,0,2,0,0,0,0,0,0,1110,88,315,889d0200060100020000000000000000000000005604583b01
1,4286,0,171440,6,1,0,2,0,0,0,0,0,0,1110,88,315,b09d0200060100020000000000000000000000005604583b01
1,4287,0,171480,6,1,0,2,0,0,0,0,0,0,1110,88,315,d89d0200060100020000000000000000000000005604583b01
1,4288,0,171521,6,1,0,2,0,0,0,0,0,0,1110,88,315,019e0200060100020000000000000000000000005604583b01
1,4289,0,171560,6,1,0,2,0,0,0,0,0,0,1110,88,315,289e0200060100020000000000000000000000005604583b01
1,4290,0,171600,6,1,0,2,0,0,0,0,0,0,1110,88,315,509e0200060100020000000000000000000000005604583b01
1,4291,0,171640,6,1,0,2,0,0,0,0,0,0,1110,88,315,789e0200060100020000000000000000000000005604583b01
1,4292,0,171681,6,1,0,2,0,0,0,0,0,0,1110,88,315,a19e0200060100020000000000000000000000005604583b01
1,4293,0,171720,6,1,0,2,0,0,0,0,0,0,1110,88,315,c89e0200060100020000000000000000000000005604583b01
1,4294,0,171760,6,1,0,2,0,0,0,0,0,0,1110,88,315,f09e0200060100020000000000000000000000005604583b01
1,4295,0,171800,6,1,0,2,0,0,0,0,0,0,1110,88,315,189f0200060100020000000000000000000000005604583b01
1,4296,0,171840,6,1,0,2,0,0,0,0,0,0,1110,88,315,409f0200060100020000000000000000000000005604583b01
1,4297,0,171880,6,1,0,2,0,0,0,0,0,0,1110,88,315,689f0200060100020000000000000000000000005604583b01
1,4298,0,171920,6,1,0,2,0,0,0,0,0,0,1110,88,315,909f0200060100020000000000000000000000005604583b01
1,4299,0,171960,6,1,0,2,0,0,0,0,0,0,1110,88,315,b89f0200060100020000000000000000000000005604583b01
1,4300,0,172000,6,1,0,2,0,0,0,0,0,0,1110,88,315,e09f0200060100020000000000000000000000005604583b01
1,4301,0,172040,6,1,0,2,0,0,0,0,0,0,1110,88,315,08a00200060100020000000000000000000000005604583b01
1,4302,0,172080,6,1,0,2,0,0,0,0,0,0,1110,88,315,30a00200060100020000000000000000000000005604583b01
1,4303,0,172120,6,1,0,2,0,0,0,0,0,0,1110,88,315,58a00200060100020000000000000000000000005604583b01
1,4304,0,172160,6,1,0,2,0,0,0,0,0,0,1110,88,315,80a00200060100020000000000000000000000005604583b01
1,4305,0,172200,6,1,0,2,0,0,0,0,0,0,1110,88,315,a8a00200060100020000000000000000000000005604583b01
1,4306,0,172240,6,1,0,2,0,0,0,0,0,0,1110,88,315,d0a00200060100020000000000000000000000005604583b01
1,4307,0,172280,6,1,0,2,0,0,0,0,0,0,1110,88,315,f8a00200060100020000000000000000000000005604583b01
1,4308,0,172320,6,1,0,2,0,0,0,0,0,0,1110,88,315,20a10200060100020000000000000000000000005604583b01
1,4309,0,172360,6,1,0,2,0,0,0,0,0,0,1110,88,315,48a10200060100020000000000000000000000005604583b01
1,4310,0,172400,6,1,0,2,0,0,0,0,0,0,1110,88,315,70a10200060100020000000000000000000000005604583b01
1,4311,0,172441,6,1,0,2,0,0,0,0,0,0,1110,88,315,99a10200060100020000000000000000000000005604583b01
1,4312,0,172480,6,1,0,2,0,0,0,0,0,0,1110,88,315,c0a10200060100020000000000000000000000005604583b01
1,4313,0,172520,6,1,0,2,0,0,0,0,0,0,1110,88,315,e8a10200060100020000000000000000000000005604583b01
1,4314,0,172560,6,1,0,2,0,0,0,0,0,0,1110,88,315,10a20200060100020000000000000000000000005604583b01
1,4315,0,172600,6,1,0,2,0,0,0,0,0,0,1110,88,315,38a20200060100020000000000000000000000005604583b01
1,4316,0,172640,6,1,0,2,0,0,0,0,0,0,1110,88,315,60a20200060100020000000000000000000000005604583b01
1,4317,0,172681,6,1,0,2,0,0,0,0,0,0,1110,88,315,89a20200060100020000000000000000000000005604583b01
1,4318,0,172720,6,1,0,2,0,0,0,0,0,0,1110,88,315,b0a20200060100020000000000000000000000005604583b01
1,4319,0,172760,6,1,0,2,0,0,0,0,0,0,1110,88,315,d8a20200060100020000000000000000000000005604583b01
1,4320,0,172800,6,1,0,2,0,0,0,0,0,0,1110,88,315,00a30200060100020000000000000000000000005604583b01
1,4321,0,172841,6,1,0,2,0,0,0,0,0,0,1110,88,315,29a30200060100020000000000000000000000005604583b01
1,4322,0,172880,6,1,0,2,0,0,0,0,0,0,1110,88,315,50a30200060100020000000000000000000000005604583b01
1,4323,0,172920,6,1,0,2,0,0,0,0,0,0,1110,88,315,78a30200060100020000000000000000000000005604583b01
1,4324,0,172960,6,1,0,2,0,0,0,0,0,0,1110,88,315,a0a30200060100020000000000000000000000005604583b01
1,4325,0,173000,6,1,0,2,0,0,0,0,0,0,1110,88,315,c8a30200060100020000000000000000000000005604583b01
1,4326,0,173040,6,1,0,2,0,0,0,0,0,0,1110,88,315,f0a30200060100020000000000000000000000005604583b01
1,4327,0,173080,6,1,0,2,0,0,0,0,0,0,1110,88,315,18a40200060100020000000000000000000000005604583b01
1,4328,0,173120,6,1,0,2,0,0,0,0,0,0,1110,88,315,40a40200060100020000000000000000000000005604583b01
1,4329,0,173161,6,1,0,2,0,0,0,0,0,0,1110,88,315,69a40200060100020000000000000000000000005604583b01
1,4330,0,173200,6,1,0,2,0,0,0,0,0,0,1110,88,315,90a40200060100020000000000000000000000005604583b01
1,4331,0,173240,6,1,0,2,0,0,0,0,0,0,1110,88,315,b8a40200060100020000000000000000000000005604583b01
1,4332,0,173280,6,1,0,2,0,0,0,0,0,0,1110,88,315,e0a40200060100020000000000000000000000005604583b01
1,4333,0,173320,6,1,0,2,0,0,0,0,0,0,1110,88,315,08a50200060100020000000000000000000000005604583b01
1,4334,0,173360,6,1,0,2,0,0,0,0,0,0,1110,88,315,30a50200060100020000000000000000000000005604583b01
1,4335,0,173401,6,1,0,2,0,0,0,0,0,0,1110,88,315,59a50200060100020000000000000000000000005604583b01
1,4336,0,173440,6,1,0,2,0,0,0,0,0,0,1110,88,315,80a50200060100020000000000000000000000005604583b01
1,4337,0,173480,6,1,0,2,0,0,0,0,0,0,1110,88,315,a8a50200060100020000000000000000000000005604583b01
1,4338,0,173520,6,1,0,2,0,0,0,0,0,0,1110,88,315,d0a50200060100020000000000000000000000005604583b01
1,4339,0,173560,6,1,0,2,0,0,0,0,0,0,1110,88,315,f8a50200060100020000000000000000000000005604583b01
1,4340,0,173601,6,1,0,2,0,0,0,0,0,0,1110,88,315,21a60200060100020000000000000000000000005604583b01
1,4341,0,173640,6,1,0,2,0,0,0,0,0,0,1110,88,315,48a60200060100020000000000000000000000005604583b01
1,4342,0,173680,6,1,0,2,0,0,0,0,0,0,1110,88,315,70a60200060100020000000000000000000000005604583b01
1,4343,0,173720,6,1,0,2,0,0,0,0,0,0,1110,88,315,98a60200060100020000000000000000000000005604583b01
1,4344,0,173760,6,1,0,2,0,0,0,0,0,0,1110,88,315,c0a60200060100020000000000000000000000005604583b01
1,4345,0,173801,6,1,0,2,0,0,0,0,0,0,1110,88,315,e9a60200060100020000000000000000000000005604583b01
1,4346,0,173840,6,1,0,2,0,0,0,0,0,0,1110,88,315,10a70200060100020000000000000000000000005604583b01
1,4347,0,173881,6,1,0,2,0,0,0,0,0,0,1110,88,315,39a70200060100020000000000000000000000005604583b01
1,4348,0,173920,6,1,0,2,0,0,0,0,0,0,1110,88,315,60a70200060100020000000000000000000000005604583b01
1,4349,0,173961,6,1,0,2,0,0,0,0,0,0,1110,88,315,89a70200060100020000000000000000000000005604583b01
1,4350,0,174001,6,1,0,2,0,0,0,0,0,0,1110,88,315,b1a70200060100020000000000000000000000005604583b01
1,4351,0,174040,6,1,0,2,0,0,0,0,0,0,1110,88,315,d8a70200060100020000000000000000000000005604583b01
1,4352,0,174080,6,1,0,2,0,0,0,0,0,0,1110,88,315,00a80200060100020000000000000000000000005604583b01
1,4353,0,174120,6,1,0,2,0,0,0,0,0,0,1110,88,315,28a80200060100020000000000000000000000005604583b01
1,4354,0,174160,6,1,0,2,0,0,0,0,0,0,1110,88,315,50a80200060100020000000000000000000000005604583b01
1,4355,0,174200,6,1,0,2,0,0,0,0,0,0,1110,88,315,78a80200060100020000000000000000000000005604583b01
1,4356,0,174240,6,1,0,2,0,0,0,0,0,0,1110,88,315,a0a80200060100020000000000000000000000005604583b01
1,4357,0,174280,6,1,0,2,0,0,0,0,0,0,1110,88,315,c8a80200060100020000000000000000000000005604583b01
1,4358,0,174320,6,1,0,2,0,0,0,0,0,0,1110,88,315,f0a80200060100020000000000000000000000005604583b01
1,4359,0,174360,6,1,0,2,0,0,0,0,0,0,1110,88,315,18a90200060100020000000000000000000000005604583b01
1,4360,0,174400,6,1,0,2,0,0,0,0,0,0,1110,88,315,40a90200060100020000000000000000000000005604583b01
1,4361,0,174440,6,1,0,2,0,0,0,0,0,0,1110,88,315,68a90200060100020000000000000000000000005604583b01
1,4362,0,174480,6,1,0,2,0,0,0,0,0,0,1110,88,315,90a90200060100020000000000000000000000005604583b01
1,4363,0,174520,6,1,0,2,0,0,0,0,0,0,1110,88,315,b8a90200060100020000000000000000000000005604583b01
1,4364,0,174560,6,1,0,2,0,0,0,0,0,0,1110,88,315,e0a90200060100020000000000000000000000005604583b01
1,4365,0,174600,6,1,0,2,0,0,0,0,0,0,1110,88,315,08aa0200060100020000000000000000000000005604583b01
1,4366,0,174641,6,1,0,2,0,0,0,0,0,0,1110,88,315,31aa0200060100020000000000000000000000005604583b01
1,4367,0,174680,6,1,0,2,0,0,0,0,0,0,1110,88,315,58aa0200060100020000000000000000000000005604583b01
1,4368,0,174721,6,1,0,2,0,0,0,0,0,0,1110,88,315,81aa0200060100020000000000000000000000005604583b01
1,4369,0,174760,6,1,0,2,0,0,0,0,0,0,1110,88,315,a8aa0200060100020000000000000000000000005604583b01
1,4370,0,174801,6,1,0,2,0,0,0,0,0,0,1110,88,315,d1aa0200060100020000000000000000000000005604583b01
1,4371,0,174841,6,1,0,2,0,0,0,0,0,0,1110,88,315,f9aa0200060100020000000000000000000000005604583b01
1,4372,0,174880,6,1,0,2,0,0,0,0,0,0,1110,88,315,20ab0200060100020000000000000000000000005604583b01
1,4373,0,174921,6,1,0,2,0,0,0,0,0,0,1110,88,315,49ab0200060100020000000000000000000000005604583b01
1,4374,0,174960,6,1,0,2,0,0,0,0,0,0,1110,88,315,70ab0200060100020000000000000000000000005604583b01
1,4375,0,175000,6,1,0,2,0,0,0,0,0,0,1110,88,315,98ab0200060100020000000000000000000000005604583b01
1,4376,0,175040,6,1,0,2,0,0,0,0,0,0,1110,88,315,c0ab0200060100020000000000000000000000005604583b01
1,4377,0,175080,6,1,0,2,0,0,0,0,0,0,1110,88,315,e8ab0200060100020000000000000000000000005604583b01
1,4378,0,175120,6,1,0,2,0,0,0,0,0,0,1110,88,315,10ac0200060100020000000000000000000000005604583b01
1,4379,0,175161,6,1,0,2,0,0,0,0,0,0,1110,88,315,39ac0200060100020000000000000000000000005604583b01
1,4380,0,175200,6,1,0,2,0,0,0,0,0,0,1110,88,315,60ac0200060100020000000000000000000000005604583b01
1,4381,0,175241,6,1,0,2,0,0,0,0,0,0,1110,88,315,89ac0200060100020000000000000000000000005604583b01
1,4382,0,175280,6,1,0,2,0,0,0,0,0,0,1110,88,315,b0ac0200060100020000000000000000000000005604583b01
1,4383,0,175320,6,1,0,2,0,0,0,0,0,0,1110,88,315,d8ac0200060100020000000000000000000000005604583b01
1,4384,0,175360,6,1,0,2,0,0,0,0,0,0,1110,88,315,00ad0200060100020000000000000000000000005604583b01
1,4385,0,175400,6,1,0,2,0,0,0,0,0,0,1110,88,315,28ad0200060100020000000000000000000000005604583b01
1,4386,0,175440,6,1,0,2,0,0,0,0,0,0,1110,88,315,50ad0200060100020000000000000000000000005604583b01
1,4387,0,175481,6,1,0,2,0,0,0,0,0,0,1110,88,315,79ad0200060100020000000000000000000000005604583b01
1,4388,0,175520,6,1,0,2,0,0,0,0,0,0,1110,88,315,a0ad0200060100020000000000000000000000005604583b01
1,4389,0,175561,6,1,0,2,0,0,0,0,0,0,1110,88,315,c9ad0200060100020000000000000000000000005604583b01
1,4390,0,175600,6,1,0,2,0,0,0,0,0,0,1110,88,315,f0ad0200060100020000000000000000000000005604583b01
1,4391,0,175641,6,1,0,2,0,0,0,0,0,0,1110,88,315,19ae0200060100020000000000000000000000005604583b01
1,4392,0,175680,6,1,0,2,0,0,0,0,0,0,1110,88,315,40ae0200060100020000000000000000000000005604583b01
1,4393,0,175720,6,1,0,2,0,0,0,0,0,0,1110,88,315,68ae0200060100020000000000000000000000005604583b01
1,4394,0,175761,6,1,0,2,0,0,0,0,0,0,1110,88,315,91ae0200060100020000000000000000000000005604583b01
1,4395,0,175800,6,1,0,2,0,0,0,0,0,0,1110,88,315,b8ae0200060100020000000000000000000000005604583b01
1,4396,0,175841,6,1,0,2,0,0,0,0,0,0,1110,88,315,e1ae0200060100020000000000000000000000005604583b01
1,4397,0,175880,6,1,0,2,0,0,0,0,0,0,1110,88,315,08af0200060100020000000000000000000000005604583b01
1,4398,0,175921,6,1,0,2,0,0,0,0,0,0,1110,88,315,31af0200060100020000000000000000000000005604583b01
1,4399,0,175960,6,1,0,2,0,0,0,0,0,0,1110,88,315,58af0200060100020000000000000000000000005604583b01
1,4400,0,176000,6,1,0,2,0,0,0,0,0,0,1110,88,315,80af0200060100020000000000000000000000005604583b01
1,4401,0,176040,6,1,0,2,0,0,0,0,0,0,1110,88,315,a8af0200060100020000000000000000000000005604583b01
1,4402,0,176080,6,1,0,2,0,0,0,0,0,0,1110,88,315,d0af0200060100020000000000000000000000005604583b01
1,4403,0,176120,6,1,0,2,0,0,0,0,0,0,1110,88,315,f8af0200060100020000000000000000000000005604583b01
1,4404,0,176160,6,1,0,2,0,0,0,0,0,0,1110,88,315,20b00200060100020000000000000000000000005604583b01
1,4405,0,176200,6,1,0,2,0,0,0,0,0,0,1110,88,315,48b00200060100020000000000000000000000005604583b01
1,4406,0,176241,6,1,0,2,0,0,0,0,0,0,1110,88,315,71b00200060100020000000000000000000000005604583b01
1,4407,0,176280,6,1,0,2,0,0,0,0,0,0,1110,88,315,98b00200060100020000000000000000000000005604583b01
1,4408,0,176320,6,1,0,2,0,0,0,0,0,0,1110,88,315,c0b00200060100020000000000000000000000005604583b01
1,4409,0,176360,6,1,0,2,0,0,0,0,0,0,1110,88,315,e8b00200060100020000000000000000000000005604583b01
1,4410,0,176401,6,1,0,2,0,0,0,0,0,0,1110,88,315,11b10200060100020000000000000000000000005604583b01
1,4411,0,176440,6,1,0,2,0,0,0,0,0,0,1110,88,315,38b10200060100020000000000000000000000005604583b01
1,4412,0,176481,6,1,0,2,0,0,0,0,0,0,1110,88,315,61b10200060100020000000000000000000000005604583b01
1,4413,0,176520,6,1,0,2,0,0,0,0,0,0,1110,88,315,88b10200060100020000000000000000000000005604583b01
1,4414,0,176560,6,1,0,2,0,0,0,0,0,0,1110,88,315,b0b10200060100020000000000000000000000005604583b01
1,4415,0,176601,6,1,0,2,0,0,0,0,0,0,1110,88,315,d9b10200060100020000000000000000000000005604583b01
1,4416,0,176640,6,1,0,2,0,0,0,0,0,0,1110,88,315,00b20200060100020000000000000000000000005604583b01
1,4417,0,176680,6,1,0,2,0,0,0,0,0,0,1110,88,315,28b20200060100020000000000000000000000005604583b01
1,4418,0,176720,6,1,0,2,0,0,0,0,0,0,1110,88,315,50b20200060100020000000000000000000000005604583b01
1,4419,0,176760,6,1,0,2,0,0,0,0,0,0,1110,88,315,78b20200060100020000000000000000000000005604583b01
1,4420,0,176800,6,1,0,2,0,0,0,0,0,0,1110,88,315,a0b20200060100020000000000000000000000005604583b01
1,4421,0,176840,6,1,0,2,0,0,0,0,0,0,1110,88,315,c8b20200060100020000000000000000000000005604583b01
1,4422,0,176880,6,1,0,2,0,0,0,0,0,0,1110,88,315,f0b20200060100020000000000000000000000005604583b01
1,4423,0,176920,6,1,0,2,0,0,0,0,0,0,1110,88,315,18b30200060100020000000000000000000000005604583b01
1,4424,0,176960,6,1,0,2,0,0,0,0,0,0,1110,88,315,40b30200060100020000000000000000000000005604583b01
1,4425,0,177000,6,1,0,2,0,0,0,0,0,0,1110,88,315,68b30200060100020000000000000000000000005604583b01
1,4426,0,177040,6,1,0,2,0,0,0,0,0,0,1110,88,315,90b30200060100020000000000000000000000005604583b01
1,4427,0,177080,6,1,0,2,0,0,0,0,0,0,1110,88,315,b8b30200060100020000000000000000000000005604583b01
1,4428,0,177120,6,1,0,2,0,0,0,0,0,0,1110,88,315,e0b30200060100020000000000000000000000005604583b01
1,4429,0,177161,6,1,0,2,0,0,0,0,0,0,1110,88,315,09b40200060100020000000000000000000000005604583b01
1,4430,0,177200,6,1,0,2,0,0,0,0,0,0,1110,88,315,30b40200060100020000000000000000000000005604583b01
1,4431,0,177240,6,1,0,2,0,0,0,0,0,0,1110,88,315,58b40200060100020000000000000000000000005604583b01
1,4432,0,177280,6,1,0,2,0,0,0,0,0,0,1110,88,315,80b40200060100020000000000000000000000005604583b01
1,4433,0,177321,6,1,0,2,0,0,0,0,0,0,1110,88,315,a9b40200060100020000000000000000000000005604583b01
1,4434,0,177360,6,1,0,2,0,0,0,0,0,0,1110,88,315,d0b40200060100020000000000000000000000005604583b01
1,4435,0,177401,6,1,0,2,0,0,0,0,0,0,1110,88,315,f9b40200060100020000000000000000000000005604583b01
1,4436,0,177440,6,1,0,2,0,0,0,0,0,0,1110,88,315,20b50200060100020000000000000000000000005604583b01
1,4437,0,177480,6,1,0,2,0,0,0,0,0,0,1110,88,315,48b50200060100020000000000000000000000005604583b01
1,4438,0,177521,6,1,0,2,0,0,0,0,0,0,1110,88,315,71b50200060100020000000000000000000000005604583b01
1,4439,0,177560,6,1,0,2,0,0,0,0,0,0,1110,88,315,98b50200060100020000000000000000000000005604583b01
1,4440,0,177601,6,1,0,2,0,0,0,0,0,0,1110,88,315,c1b50200060100020000000000000000000000005604583b01
1,4441,0,177641,6,1,0,2,0,0,0,0,0,0,1110,88,315,e9b50200060100020000000000000000000000005604583b01
1,4442,0,177680,6,1,0,2,0,0,0,0,0,0,1110,88,315,10b60200060100020000000000000000000000005604583b01
1,4443,0,177720,6,1,0,2,0,0,0,0,0,0,1110,88,315,38b60200060100020000000000000000000000005604583b01
1,4444,0,177761,6,1,0,2,0,0,0,0,0,0,1110,88,315,61b60200060100020000000000000000000000005604583b01
1,4445,0,177800,6,1,0,2,0,0,0,0,0,0,1110,88,315,88b60200060100020000000000000000000000005604583b01
1,4446,0,177840,6,1,0,2,0,0,0,0,0,0,1110,88,315,b0b60200060100020000000000000000000000005604583b01
1,4447,0,177880,6,1,0,2,0,0,0,0,0,0,1110,88,315,d8b60200060100020000000000000000000000005604583b01
1,4448,0,177920,6,1,0,2,0,0,0,0,0,0,1110,88,315,00b70200060100020000000000000000000000005604583b01
1,4449,0,177960,6,1,0,2,0,0,0,0,0,0,1110,88,315,28b70200060100020000000000000000000000005604583b01
1,4450,0,178000,6,1,0,2,0,0,0,0,0,0,1110,88,315,50b70200060100020000000000000000000000005604583b01
1,4451,0,178040,6,1,0,2,0,0,0,0,0,0,1110,88,315,78b70200060100020000000000000000000000005604583b01
1,4452,0,178080,6,1,0,2,0,0,0,0,0,0,1110,88,315,a0b70200060100020000000000000000000000005604583b01
1,4453,0,178120,6,1,0,2,0,0,0,0,0,0,1110,88,315,c8b70200060100020000000000000000000000005604583b01
1,4454,0,178161,6,1,0,2,0,0,0,0,0,0,1110,88,315,f1b70200060100020000000000000000000000005604583b01
1,4455,0,178200,6,1,0,2,0,0,0,0,0,0,1110,88,315,18b80200060100020000000000000000000000005604583b01
1,4456,0,178241,6,1,0,2,0,0,0,0,0,0,1110,88,315,41b80200060100020000000000000000000000005604583b01
1,4457,0,178280,6,1,0,2,0,0,0,0,0,0,1110,88,315,68b80200060100020000000000000000000000005604583b01
1,4458,0,178320,6,1,0,2,0,0,0,0,0,0,1110,88,315,90b80200060100020000000000000000000000005604583b01
1,4459,0,178361,6,1,0,2,0,0,0,0,0,0,1110,88,315,b9b80200060100020000000000000000000000005604583b01
1,4460,0,178400,6,1,0,2,0,0,0,0,0,0,1110,88,315,e0b80200060100020000000000000000000000005604583b01
1,4461,0,178441,6,1,0,2,0,0,0,0,0,0,1110,88,315,09b90200060100020000000000000000000000005604583b01
1,4462,0,178480,6,1,0,2,0,0,0,0,0,0,1110,88,315,30b90200060100020000000000000000000000005604583b01
1,4463,0,178520,6,1,0,2,0,0,0,0,0,0,1110,88,315,58b90200060100020000000000000000000000005604583b01
1,4464,0,178560,6,1,0,2,0,0,0,0,0,0,1110,88,315,80b90200060100020000000000000000000000005604583b01
1,4465,0,178600,6,1,0,2,0,0,0,0,0,0,1110,88,315,a8b90200060100020000000000000000000000005604583b01
1,4466,0,178641,6,1,0,2,0,0,0,0,0,0,1110,88,315,d1b90200060100020000000000000000000000005604583b01
1,4467,0,178680,6,1,0,2,0,0,0,0,0,0,1110,88,315,f8b90200060100020000000000000000000000005604583b01
1,4468,0,178720,6,1,0,2,0,0,0,0,0,0,1110,88,315,20ba0200060100020000000000000000000000005604583b01
1,4469,0,178760,6,1,0,2,0,0,0,0,0,0,1110,88,315,48ba0200060100020000000000000000000000005604583b01
1,4470,0,178800,6,1,0,2,0,0,0,0,0,0,1110,88,315,70ba0200060100020000000000000000000000005604583b01
1,4471,0,178840,6,1,0,2,0,0,0,0,0,0,1110,88,315,98ba0200060100020000000000000000000000005604583b01
1,4472,0,178880,6,1,0,2,0,0,0,0,0,0,1110,88,315,c0ba0200060100020000000000000000000000005604583b01
1,4473,0,178920,6,1,0,2,0,0,0,0,0,0,1110,88,315,e8ba0200060100020000000000000000000000005604583b01
1,4474,0,178960,6,1,0,2,0,0,0,0,0,0,1110,88,315,10bb0200060100020000000000000000000000005604583b01
1,4475,0,179001,6,1,0,2,0,0,0,0,0,0,1110,88,315,39bb0200060100020000000000000000000000005604583b01
1,4476,0,179040,6,1,0,2,0,0,0,0,0,0,1110,88,315,60bb0200060100020000000000000000000000005604583b01
1,4477,0,179081,6,1,0,2,0,0,0,0,0,0,1110,88,315,89bb0200060100020000000000000000000000005604583b01
1,4478,0,179120,6,1,0,2,0,0,0,0,0,0,1110,88,315,b0bb0200060100020000000000000000000000005604583b01
1,4479,0,179160,6,1,0,2,0,0,0,0,0,0,1110,88,315,d8bb0200060100020000000000000000000000005604583b01
1,4480,0,179200,6,1,0,2,0,0,0,0,0,0,1110,88,315,00bc0200060100020000000000000000000000005604583b01
1,4481,0,179240,6,1,0,2,0,0,0,0,0,0,1110,88,315,28bc0200060100020000000000000000000000005604583b01
1,4482,0,179281,6,1,0,2,0,0,0,0,0,0,1110,88,315,51bc0200060100020000000000000000000000005604583b01
1,4483,0,179320,6,1,0,2,0,0,0,0,0,0,1110,88,315,78bc0200060100020000000000000000000000005604583b01
1,4484,0,179360,6,1,0,2,0,0,0,0,0,0,1110,88,315,a0bc0200060100020000000000000000000000005604583b01
1,4485,0,179401,6,1,0,2,0,0,0,0,0,0,1110,88,315,c9bc0200060100020000000000000000000000005604583b01
1,4486,0,179440,6,1,0,2,0,0,0,0,0,0,1110,88,315,f0bc0200060100020000000000000000000000005604583b01
1,4487,0,179481,6,1,0,2,0,0,0,0,0,0,1110,88,315,19bd0200060100020000000000000000000000005604583b01
1,4488,0,179521,6,1,0,2,0,0,0,0,0,0,1110,88,315,41bd0200060100020000000000000000000000005604583b01
1,4489,0,179561,6,1,0,2,0,0,0,0,0,0,1110,88,315,69bd0200060100020000000000000000000000005604583b01
1,4490,0,179600,6,1,0,2,0,0,0,0,0,0,1110,88,315,90bd0200060100020000000000000000000000005604583b01
1,4491,0,179641,6,1,0,2,0,0,0,0,0,0,1110,88,315,b9bd0200060100020000000000000000000000005604583b01
1,4492,0,179680,6,1,0,2,0,0,0,0,0,0,1110,88,315,e0bd0200060100020000000000000000000000005604583b01
1,4493,0,179720,6,1,0,2,0,0,0,0,0,0,1110,88,315,08be0200060100020000000000000000000000005604583b01
1,4494,0,179760,6,1,0,2,0,0,0,0,0,0,1110,88,315,30be0200060100020000000000000000000000005604583b01
1,4495,0,179800,6,1,0,2,0,0,0,0,0,0,1110,88,315,58be0200060100020000000000000000000000005604583b01
1,4496,0,179841,6,1,0,2,0,0,0,0,0,0,1110,88,315,81be0200060100020000000000000000000000005604583b01
1,4497,0,179880,6,1,0,2,0,0,0,0,0,0,1110,88,315,a8be0200060100020000000000000000000000005604583b01
1,4498,0,179921,6,1,0,2,0,0,0,0,0,0,1110,88,315,d1be0200060100020000000000000000000000005604583b01
1,4499,0,179960,6,1,0,2,0,0,0,0,0,0,1110,88,315,f8be0200060100020000000000000000000000005604583b01
1,4500,0,180000,6,1,0,2,0,0,0,0,0,0,1110,88,315,20bf0200060100020000000000000000000000005604583b01
1,4501,0,180040,6,1,0,2,0,0,0,0,0,0,1110,88,315,48bf0200060100020000000000000000000000005604583b01
1,4502,0,180080,6,1,0,2,0,0,0,0,0,0,1110,88,315,70bf0200060100020000000000000000000000005604583b01
1,4503,0,180121,6,1,0,2,0,0,0,0,0,0,1110,88,315,99bf0200060100020000000000000000000000005604583b01
1,4504,0,180160,6,1,0,2,0,0,0,0,0,0,1110,88,315,c0bf0200060100020000000000000000000000005604583b01
1,4505,0,180200,6,1,0,2,0,0,0,0,0,0,1110,88,315,e8bf0200060100020000000000000000000000005604583b01
1,4506,0,180241,6,1,0,2,0,0,0,0,0,0,1110,88,315,11c00200060100020000000000000000000000005604583b01
1,4507,0,180280,6,1,0,2,0,0,0,0,0,0,1110,88,315,38c00200060100020000000000000000000000005604583b01
1,4508,0,180320,6,1,0,2,0,0,0,0,0,0,1110,88,315,60c00200060100020000000000000000000000005604583b01
1,4509,0,180360,6,1,0,2,0,0,0,0,0,0,1110,88,315,88c00200060100020000000000000000000000005604583b01
1,4510,0,180401,6,1,0,2,0,0,0,0,0,0,1110,88,315,b1c00200060100020000000000000000000000005604583b01
1,4511,0,180440,6,1,0,2,0,0,0,0,0,0,1110,88,315,d8c00200060100020000000000000000000000005604583b01
1,4512,0,180481,6,1,0,2,0,0,0,0,0,0,1110,88,315,01c10200060100020000000000000000000000005604583b01
1,4513,0,180520,6,1,0,2,0,0,0,0,0,0,1110,88,315,28c10200060100020000000000000000000000005604583b01
1,4514,0,180560,6,1,0,2,0,0,0,0,0,0,1110,88,315,50c10200060100020000000000000000000000005604583b01
1,4515,0,180600,6,1,0,2,0,0,0,0,0,0,1110,88,315,78c10200060100020000000000000000000000005604583b01
1,4516,0,180640,6,1,0,2,0,0,0,0,0,0,1110,88,315,a0c10200060100020000000000000000000000005604583b01
1,4517,0,180680,6,1,0,2,0,0,0,0,0,0,1110,88,315,c8c10200060100020000000000000000000000005604583b01
1,4518,0,180721,6,1,0,2,0,0,0,0,0,0,1110,88,315,f1c10200060100020000000000000000000000005604583b01
1,4519,0,180760,6,1,0,2,0,0,0,0,0,0,1110,88,315,18c20200060100020000000000000000000000005604583b01
1,4520,0,180800,6,1,0,2,0,0,0,0,0,0,1110,88,315,40c20200060100020000000000000000000000005604583b01
1,4521,0,180840,6,1,0,2,0,0,0,0,0,0,1110,88,315,68c20200060100020000000000000000000000005604583b01
1,4522,0,180880,6,1,0,2,0,0,0,0,0,0,1110,88,315,90c20200060100020000000000000000000000005604583b01
1,4523,0,180920,6,1,0,2,0,0,0,0,0,0,1110,88,315,b8c20200060100020000000000000000000000005604583b01
1,4524,0,180961,6,1,0,2,0,0,0,0,0,0,1110,88,315,e1c20200060100020000000000000000000000005604583b01
1,4525,0,181000,6,1,0,2,0,0,0,0,0,0,1110,88,315,08c30200060100020000000000000000000000005604583b01
1,4526,0,181040,6,1,0,2,0,0,0,0,0,0,1110,88,315,30c30200060100020000000000000000000000005604583b01
1,4527,0,181080,6,1,0,2,0,0,0,0,0,0,1110,88,315,58c30200060100020000000000000000000000005604583b01
1,4528,0,181120,6,1,0,2,0,0,0,0,0,0,1110,88,315,80c30200060100020000000000000000000000005604583b01
1,4529,0,181160,6,1,0,2,0,0,0,0,0,0,1110,88,315,a8c30200060100020000000000000000000000005604583b01
1,4530,0,181200,6,1,0,2,0,0,0,0,0,0,1110,88,315,d0c30200060100020000000000000000000000005604583b01
1,4531,0,181240,6,1,0,2,0,0,0,0,0,0,1110,88,315,f8c30200060100020000000000000000000000005604583b01
1,4532,0,181280,6,1,0,2,0,0,0,0,0,0,1110,88,315,20c40200060100020000000000000000000000005604583b01
1,4533,0,181320,6,1,0,2,0,0,0,0,0,0,1110,88,315,48c40200060100020000000000000000000000005604583b01
1,4534,0,181360,6,1,0,2,0,0,0,0,0,0,1110,88,315,70c40200060100020000000000000000000000005604583b01
1,4535,0,181401,6,1,0,2,0,0,0,0,0,0,1110,88,315,99c40200060100020000000000000000000000005604583b01
1,4536,0,181440,6,1,0,2,0,0,0,0,0,0,1110,88,315,c0c40200060100020000000000000000000000005604583b01
1,4537,0,181480,6,1,0,2,0,0,0,0,0,0,1110,88,315,e8c40200060100020000000000000000000000005604583b01
1,4538,0,181520,6,1,0,2,0,0,0,0,0,0,1110,88,315,10c50200060100020000000000000000000000005604583b01
1,4539,0,181560,6,1,0,2,0,0,0,0,0,0,1110,88,315,38c50200060100020000000000000000000000005604583b01
1,4540,0,181600,6,1,0,2,0,0,0,0,0,0,1110,88,315,60c50200060100020000000000000000000000005604583b01
1,4541,0,181640,6,1,0,2,0,0,0,0,0,0,1110,88,315,88c50200060100020000000000000000000000005604583b01
1,4542,0,181681,6,1,0,2,0,0,0,0,0,0,1110,88,315,b1c50200060100020000000000000000000000005604583b01
1,4543,0,181721,6,1,0,2,0,0,0,0,0,0,1110,88,315,d9c50200060100020000000000000000000000005604583b01
1,4544,0,181760,6,1,0,2,0,0,0,0,0,0,1110,88,315,00c60200060100020000000000000000000000005604583b01
1,4545,0,181800,6,1,0,2,0,0,0,0,0,0,1110,88,315,28c60200060100020000000000000000000000005604583b01
1,4546,0,181840,6,1,0,2,0,0,0,0,0,0,1110,88,315,50c60200060100020000000000000000000000005604583b01
1,4547,0,181880,6,1,0,2,0,0,0,0,0,0,1110,88,315,78c60200060100020000000000000000000000005604583b01
1,4548,0,181920,6,1,0,2,0,0,0,0,0,0,1110,88,315,a0c60200060100020000000000000000000000005604583b01
1,4549,0,181960,6,1,0,2,0,0,0,0,0,0,1110,88,315,c8c60200060100020000000000000000000000005604583b01
1,4550,0,182000,6,1,0,2,0,0,0,0,0,0,1110,88,315,f0c60200060100020000000000000000000000005604583b01
1,4551,0,182040,6,1,0,2,0,0,0,0,0,0,1110,88,315,18c70200060100020000000000000000000000005604583b01
1,4552,0,182080,6,1,0,2,0,0,0,0,0,0,1110,88,315,40c70200060100020000000000000000000000005604583b01
1,4553,0,182120,6,1,0,2,0,0,0,0,0,0,1110,88,315,68c70200060100020000000000000000000000005604583b01
1,4554,0,182160,6,1,0,2,0,0,0,0,0,0,1110,88,315,90c70200060100020000000000000000000000005604583b01
1,4555,0,182200,6,1,0,2,0,0,0,0,0,0,1110,88,315,b8c70200060100020000000000000000000000005604583b01
1,4556,0,182240,6,1,0,2,0,0,0,0,0,0,1110,88,315,e0c70200060100020000000000000000000000005604583b01
1,4557,0,182280,6,1,0,2,0,0,0,0,0,0,1110,88,315,08c80200060100020000000000000000000000005604583b01
1,4558,0,182320,6,1,0,2,0,0,0,0,0,0,1110,88,315,30c80200060100020000000000000000000000005604583b01
1,4559,0,182360,6,1,0,2,0,0,0,0,0,0,1110,88,315,58c80200060100020000000000000000000000005604583b01
1,4560,0,182401,6,1,0,2,0,0,0,0,0,0,1110,88,315,81c80200060100020000000000000000000000005604583b01
1,4561,0,182441,6,1,0,2,0,0,0,0,0,0,1110,88,315,a9c80200060100020000000000000000000000005604583b01
1,4562,0,182481,6,1,0,2,0,0,0,0,0,0,1110,88,315,d1c80200060100020000000000000000000000005604583b01
1,4563,0,182520,6,1,0,2,0,0,0,0,0,0,1110,88,315,f8c80200060100020000000000000000000000005604583b01
1,4564,0,182560,6,1,0,2,0,0,0,0,0,0,1110,88,315,20c90200060100020000000000000000000000005604583b01
1,4565,0,182600,6,1,0,2,0,0,0,0,0,0,1110,88,315,48c90200060100020000000000000000000000005604583b01
1,4566,0,182640,6,1,0,2,0,0,0,0,0,0,1110,88,315,70c90200060100020000000000000000000000005604583b01
1,4567,0,182680,6,1,0,2,0,0,0,0,0,0,1110,88,315,98c90200060100020000000000000000000000005604583b01
1,4568,0,182721,6,1,0,2,0,0,0,0,0,0,1110,88,315,c1c90200060100020000000000000000000000005604583b01
1,4569,0,182760,6,1,0,2,0,0,0,0,0,0,1110,88,315,e8c90200060100020000000000000000000000005604583b01
1,4570,0,182800,6,1,0,2,0,0,0,0,0,0,1110,88,315,10ca0200060100020000000000000000000000005604583b01
1,4571,0,182840,6,1,0,2,0,0,0,0,0,0,1110,88,315,38ca0200060100020000000000000000000000005604583b01
1,4572,0,182880,6,1,0,2,0,0,0,0,0,0,1110,88,315,60ca0200060100020000000000000000000000005604583b01
1,4573,0,182920,6,1,0,2,0,0,0,0,0,0,1110,88,315,88ca0200060100020000000000000000000000005604583b01
1,4574,0,182960,6,1,0,2,0,0,0,0,0,0,1110,88,315,b0ca0200060100020000000000000000000000005604583b01
1,4575,0,183000,6,1,0,2,0,0,0,0,0,0,1110,88,315,d8ca0200060100020000000000000000000000005604583b01
1,4576,0,183040,6,1,0,2,0,0,0,0,0,0,1110,88,315,00cb0200060100020000000000000000000000005604583b01
1,4577,0,183080,6,1,0,2,0,0,0,0,0,0,1110,88,315,28cb0200060100020000000000000000000000005604583b01
1,4578,0,183120,6,1,0,2,0,0,0,0,0,0,1110,88,315,50cb0200060100020000000000000000000000005604583b01
1,4579,0,183160,6,1,0,2,0,0,0,0,0,0,1110,88,315,78cb0200060100020000000000000000000000005604583b01
1,4580,0,183200,6,1,0,2,0,0,0,0,0,0,1110,88,315,a0cb0200060100020000000000000000000000005604583b01
1,4581,0,183240,6,1,0,2,0,0,0,0,0,0,1110,88,315,c8cb0200060100020000000000000000000000005604583b01
1,4582,0,183281,6,1,0,2,0,0,0,0,0,0,1110,88,315,f1cb0200060100020000000000000000000000005604583b01
1,4583,0,183320,6,1,0,2,0,0,0,0,0,0,1110,88,315,18cc0200060100020000000000000000000000005604583b01
1,4584,0,183360,6,1,0,2,0,0,0,0,0,0,1110,88,315,40cc0200060100020000000000000000000000005604583b01
1,4585,0,183400,6,1,0,2,0,0,0,0,0,0,1110,88,315,68cc0200060100020000000000000000000000005604583b01
1,4586,0,183440,6,1,0,2,0,0,0,0,0,0,1110,88,315,90cc0200060100020000000000000000000000005604583b01
1,4587,0,183481,6,1,0,2,0,0,0,0,0,0,1110,88,315,b9cc0200060100020000000000000000000000005604583b01
1,4588,0,183520,6,1,0,2,0,0,0,0,0,0,1110,88,315,e0cc0200060100020000000000000000000000005604583b01
1,4589,0,183560,6,1,0,2,0,0,0,0,0,0,1110,88,315,08cd0200060100020000000000000000000000005604583b01
1,4590,0,183600,6,1,0,2,0,0,0,0,0,0,1110,88,315,30cd0200060100020000000000000000000000005604583b01
1,4591,0,183640,6,1,0,2,0,0,0,0,0,0,1110,88,315,58cd0200060100020000000000000000000000005604583b01
1,4592,0,183680,6,1,0,2,0,0,0,0,0,0,1110,88,315,80cd0200060100020000000000000000000000005604583b01
1,4593,0,183721,6,1,0,2,0,0,0,0,0,0,1110,88,315,a9cd0200060100020000000000000000000000005604583b01
1,4594,0,183760,6,1,0,2,0,0,0,0,0,0,1110,88,315,d0cd0200060100020000000000000000000000005604583b01
1,4595,0,183800,6,1,0,2,0,0,0,0,0,0,1110,88,315,f8cd0200060100020000000000000000000000005604583b01
1,4596,0,183840,6,1,0,2,0,0,0,0,0,0,1110,88,315,20ce0200060100020000000000000000000000005604583b01
1,4597,0,183880,6,1,0,2,0,0,0,0,0,0,1110,88,315,48ce0200060100020000000000000000000000005604583b01
1,4598,0,183920,6,1,0,2,0,0,0,0,0,0,1110,88,315,70ce0200060100020000000000000000000000005604583b01
1,4599,0,183960,6,1,0,2,0,0,0,0,0,0,1110,88,315,98ce0200060100020000000000000000000000005604583b01
1,4600,0,184000,6,1,0,2,0,0,0,0,0,0,1110,88,315,c0ce0200060100020000000000000000000000005604583b01
1,4601,0,184040,6,1,0,2,0,0,0,0,0,0,1110,88,315,e8ce0200060100020000000000000000000000005604583b01
1,4602,0,184080,6,1,0,2,0,0,0,0,0,0,1110,88,315,10cf0200060100020000000000000000000000005604583b01
1,4603,0,184120,6,1,0,2,0,0,0,0,0,0,1110,88,315,38cf0200060100020000000000000000000000005604583b01
1,4604,0,184160,6,1,0,2,0,0,0,0,0,0,1110,88,315,60cf0200060100020000000000000000000000005604583b01
1,4605,0,184201,6,1,0,2,0,0,0,0,0,0,1110,88,315,89cf0200060100020000000000000000000000005604583b01
1,4606,0,184240,6,1,0,2,0,0,0,0,0,0,1110,88,315,b0cf0200060100020000000000000000000000005604583b01
1,4607,0,184280,6,1,0,2,0,0,0,0,0,0,1110,88,315,d8cf0200060100020000000000000000000000005604583b01
1,4608,0,184320,6,1,0,2,0,0,0,0,0,0,1110,88,315,00d00200060100020000000000000000000000005604583b01
1,4609,0,184360,6,1,0,2,0,0,0,0,0,0,1110,88,315,28d00200060100020000000000000000000000005604583b01
1,4610,0,184400,6,1,0,2,0,0,0,0,0,0,1110,88,315,50d00200060100020000000000000000000000005604583b01
1,4611,0,184440,6,1,0,2,0,0,0,0,0,0,1110,88,315,78d00200060100020000000000000000000000005604583b01
1,4612,0,184480,6,1,0,2,0,0,0,0,0,0,1110,88,315,a0d00200060100020000000000000000000000005604583b01
1,4613,0,184520,6,1,0,2,0,0,0,0,0,0,1110,88,315,c8d00200060100020000000000000000000000005604583b01
1,4614,0,184560,6,1,0,2,0,0,0,0,0,0,1110,88,315,f0d00200060100020000000000000000000000005604583b01
1,4615,0,184600,6,1,0,2,0,0,0,0,0,0,1110,88,315,18d10200060100020000000000000000000000005604583b01
1,4616,0,184640,6,1,0,2,0,0,0,0,0,0,1110,88,315,40d10200060100020000000000000000000000005604583b01
1,4617,0,184680,6,1,0,2,0,0,0,0,0,0,1110,88,315,68d10200060100020000000000000000000000005604583b01
1,4618,0,184720,6,1,0,2,0,0,0,0,0,0,1110,88,315,90d10200060100020000000000000000000000005604583b01
1,4619,0,184761,6,1,0,2,0,0,0,0,0,0,1110,88,315,b9d10200060100020000000000000000000000005604583b01
1,4620,0,184800,6,1,0,2,0,0,0,0,0,0,1110,88,315,e0d10200060100020000000000000000000000005604583b01
1,4621,0,184840,6,1,0,2,0,0,0,0,0,0,1110,88,315,08d20200060100020000000000000000000000005604583b01
1,4622,0,184881,6,1,0,2,0,0,0,0,0,0,1110,88,315,31d20200060100020000000000000000000000005604583b01
1,4623,0,184920,6,1,0,2,0,0,0,0,0,0,1110,88,315,58d20200060100020000000000000000000000005604583b01
1,4624,0,184960,6,1,0,2,0,0,0,0,0,0,1110,88,315,80d20200060100020000000000000000000000005604583b01
1,4625,0,185000,6,1,0,2,0,0,0,0,0,0,1110,88,315,a8d20200060100020000000000000000000000005604583b01
1,4626,0,185040,6,1,0,2,0,0,0,0,0,0,1110,88,315,d0d20200060100020000000000000000000000005604583b01
1,4627,0,185080,6,1,0,2,0,0,0,0,0,0,1110,88,315,f8d20200060100020000000000000000000000005604583b01
1,4628,0,185120,6,1,0,2,0,0,0,0,0,0,1110,88,315,20d30200060100020000000000000000000000005604583b01
1,4629,0,185160,6,1,0,2,0,0,0,0,0,0,1110,88,315,48d30200060100020000000000000000000000005604583b01
1,4630,0,185200,6,1,0,2,0,0,0,0,0,0,1110,88,315,70d30200060100020000000000000000000000005604583b01
1,4631,0,185240,6,1,0,2,0,0,0,0,0,0,1110,88,315,98d30200060100020000000000000000000000005604583b01
1,4632,0,185281,6,1,0,2,0,0,0,0,0,0,1110,88,315,c1d30200060100020000000000000000000000005604583b01
1,4633,0,185320,6,1,0,2,0,0,0,0,0,0,1110,88,315,e8d30200060100020000000000000000000000005604583b01
1,4634,0,185360,6,1,0,2,0,0,0,0,0,0,1110,88,315,10d40200060100020000000000000000000000005604583b01
1,4635,0,185400,6,1,0,2,0,0,0,0,0,0,1110,88,315,38d40200060100020000000000000000000000005604583b01
1,4636,0,185440,6,1,0,2,0,0,0,0,0,0,1110,88,315,60d40200060100020000000000000000000000005604583b01
1,4637,0,185480,6,1,0,2,0,0,0,0,0,0,1110,88,315,88d40200060100020000000000000000000000005604583b01
1,4638,0,185521,6,1,0,2,0,0,0,0,0,0,1110,88,315,b1d40200060100020000000000000000000000005604583b01
1,4639,0,185560,6,1,0,2,0,0,0,0,0,0,1110,88,315,d8d40200060100020000000000000000000000005604583b01
1,4640,0,185600,6,1,0,2,0,0,0,0,0,0,1110,88,315,00d50200060100020000000000000000000000005604583b01
1,4641,0,185640,6,1,0,2,0,0,0,0,0,0,1110,88,315,28d50200060100020000000000000000000000005604583b01
1,4642,0,185681,6,1,0,2,0,0,0,0,0,0,1110,88,315,51d50200060100020000000000000000000000005604583b01
1,4643,0,185721,6,1,0,2,0,0,0,0,0,0,1110,88,315,79d50200060100020000000000000000000000005604583b01
1,4644,0,185760,6,1,0,2,0,0,0,0,0,0,1110,88,315,a0d50200060100020000000000000000000000005604583b01
1,4645,0,185801,6,1,0,2,0,0,0,0,0,0,1110,88,315,c9d50200060100020000000000000000000000005604583b01
1,4646,0,185840,6,1,0,2,0,0,0,0,0,0,1110,88,315,f0d50200060100020000000000000000000000005604583b01
1,4647,0,185880,6,1,0,2,0,0,0,0,0,0,1110,88,315,18d60200060100020000000000000000000000005604583b01
1,4648,0,185920,6,1,0,2,0,0,0,0,0,0,1110,88,315,40d60200060100020000000000000000000000005604583b01
1,4649,0,185960,6,1,0,2,0,0,0,0,0,0,1110,88,315,68d60200060100020000000000000000000000005604583b01
1,4650,0,186000,6,1,0,2,0,0,0,0,0,0,1110,88,315,90d60200060100020000000000000000000000005604583b01
1,4651,0,186041,6,1,0,2,0,0,0,0,0,0,1110,88,315,b9d60200060100020000000000000000000000005604583b01
1,4652,0,186080,6,1,0,2,0,0,0,0,0,0,1110,88,315,e0d60200060100020000000000000000000000005604583b01
1,4653,0,186120,6,1,0,2,0,0,0,0,0,0,1110,88,315,08d70200060100020000000000000000000000005604583b01
1,4654,0,186160,6,1,0,2,0,0,0,0,0,0,1110,88,315,30d70200060100020000000000000000000000005604583b01
1,4655,0,186200,6,1,0,2,0,0,0,0,0,0,1110,88,315,58d70200060100020000000000000000000000005604583b01
1,4656,0,186240,6,1,0,2,0,0,0,0,0,0,1110,88,315,80d70200060100020000000000000000000000005604583b01
1,4657,0,186280,6,1,0,2,0,0,0,0,0,0,1110,88,315,a8d70200060100020000000000000000000000005604583b01
1,4658,0,186320,6,1,0,2,0,0,0,0,0,0,1110,88,315,d0d70200060100020000000000000000000000005604583b01
1,4659,0,186360,6,1,0,2,0,0,0,0,0,0,1110,88,315,f8d70200060100020000000000000000000000005604583b01
1,4660,0,186400,6,1,0,2,0,0,0,0,0,0,1110,88,315,20d80200060100020000000000000000000000005604583b01
1,4661,0,186440,6,1,0,2,0,0,0,0,0,0,1110,88,315,48d80200060100020000000000000000000000005604583b01
1,4662,0,186480,6,1,0,2,0,0,0,0,0,0,1110,88,315,70d80200060100020000000000000000000000005604583b01
1,4663,0,186521,6,1,0,2,0,0,0,0,0,0,1110,88,315,99d80200060100020000000000000000000000005604583b01
1,4664,0,186560,6,1,0,2,0,0,0,0,0,0,1110,88,315,c0d80200060100020000000000000000000000005604583b01
1,4665,0,186600,6,1,0,2,0,0,0,0,0,0,1110,88,315,e8d80200060100020000000000000000000000005604583b01
1,4666,0,186640,6,1,0,2,0,0,0,0,0,0,1110,88,315,10d90200060100020000000000000000000000005604583b01
1,4667,0,186680,6,1,0,2,0,0,0,0,0,0,1110,88,315,38d90200060100020000000000000000000000005604583b01
1,4668,0,186721,6,1,0,2,0,0,0,0,0,0,1110,88,315,61d90200060100020000000000000000000000005604583b01
1,4669,0,186760,6,1,0,2,0,0,0,0,0,0,1110,88,315,88d90200060100020000000000000000000000005604583b01
1,4670,0,186800,6,1,0,2,0,0,0,0,0,0,1110,88,315,b0d90200060100020000000000000000000000005604583b01
1,4671,0,186840,6,1,0,2,0,0,0,0,0,0,1110,88,315,d8d90200060100020000000000000000000000005604583b01
1,4672,0,186880,6,1,0,2,0,0,0,0,0,0,1110,88,315,00da0200060100020000000000000000000000005604583b01
1,4673,0,186920,6,1,0,2,0,0,0,0,0,0,1110,88,315,28da0200060100020000000000000000000000005604583b01
1,4674,0,186960,6,1,0,2,0,0,0,0,0,0,1110,88,315,50da0200060100020000000000000000000000005604583b01
1,4675,0,187000,6,1,0,2,0,0,0,0,0,0,1110,88,315,78da0200060100020000000000000000000000005604583b01
1,4676,0,187040,6,1,0,2,0,0,0,0,0,0,1110,88,315,a0da0200060100020000000000000000000000005604583b01
1,4677,0,187080,6,1,0,2,0,0,0,0,0,0,1110,88,315,c8da0200060100020000000000000000000000005604583b01
1,4678,0,187120,6,1,0,2,0,0,0,0,0,0,1110,88,315,f0da0200060100020000000000000000000000005604583b01
1,4679,0,187160,6,1,0,2,0,0,0,0,0,0,1110,88,315,18db0200060100020000000000000000000000005604583b01
1,4680,0,187200,6,1,0,2,0,0,0,0,0,0,1110,88,315,40db0200060100020000000000000000000000005604583b01
1,4681,0,187240,6,1,0,2,0,0,0,0,0,0,1110,88,315,68db0200060100020000000000000000000000005604583b01
1,4682,0,187280,6,1,0,2,0,0,0,0,0,0,1110,88,315,90db0200060100020000000000000000000000005604583b01
1,4683,0,187320,6,1,0,2,0,0,0,0,0,0,1110,88,315,b8db0200060100020000000000000000000000005604583b01
1,4684,0,187361,6,1,0,2,0,0,0,0,0,0,1110,88,315,e1db0200060100020000000000000000000000005604583b01
1,4685,0,187400,6,1,0,2,0,0,0,0,0,0,1110,88,315,08dc0200060100020000000000000000000000005604583b01
1,4686,0,187441,6,1,0,2,0,0,0,0,0,0,1110,88,315,31dc0200060100020000000000000000000000005604583b01
1,4687,0,187480,6,1,0,2,0,0,0,0,0,0,1110,88,315,58dc0200060100020000000000000000000000005604583b01
1,4688,0,187521,6,1,0,2,0,0,0,0,0,0,1110,88,315,81dc0200060100020000000000000000000000005604583b01
1,4689,0,187561,6,1,0,2,0,0,0,0,0,0,1110,88,315,a9dc0200060100020000000000000000000000005604583b01
1,4690,0,187600,6,1,0,2,0,0,0,0,0,0,1110,88,315,d0dc0200060100020000000000000000000000005604583b01
1,4691,0,187641,6,1,0,2,0,0,0,0,0,0,1110,88,315,f9dc0200060100020000000000000000000000005604583b01
1,4692,0,187680,6,1,0,2,0,0,0,0,0,0,1110,88,315,20dd0200060100020000000000000000000000005604583b01
1,4693,0,187720,6,1,0,2,0,0,0,0,0,0,1110,88,315,48dd0200060100020000000000000000000000005604583b01
1,4694,0,187760,6,1,0,2,0,0,0,0,0,0,1110,88,315,70dd0200060100020000000000000000000000005604583b01
1,4695,0,187800,6,1,0,2,0,0,0,0,0,0,1110,88,315,98dd0200060100020000000000000000000000005604583b01
1,4696,0,187840,6,1,0,2,0,0,0,0,0,0,1110,88,315,c0dd0200060100020000000000000000000000005604583b01
1,4697,0,187880,6,1,0,2,0,0,0,0,0,0,1110,88,315,e8dd0200060100020000000000000000000000005604583b01
1,4698,0,187920,6,1,0,2,0,0,0,0,0,0,1110,88,315,10de0200060100020000000000000000000000005604583b01
1,4699,0,187960,6,1,0,2,0,0,0,0,0,0,1110,88,315,38de0200060100020000000000000000000000005604583b01
1,4700,0,188000,6,1,0,2,0,0,0,0,0,0,1110,88,315,60de0200060100020000000000000000000000005604583b01
1,4701,0,188041,6,1,0,2,0,0,0,0,0,0,1110,88,315,89de0200060100020000000000000000000000005604583b01
1,4702,0,188080,6,1,0,2,0,0,0,0,0,0,1110,88,315,b0de0200060100020000000000000000000000005604583b01
1,4703,0,188121,6,1,0,2,0,0,0,0,0,0,1110,88,315,d9de0200060100020000000000000000000000005604583b01
1,4704,0,188160,6,1,0,2,0,0,0,0,0,0,1110,88,315,00df0200060100020000000000000000000000005604583b01
1,4705,0,188201,6,1,0,2,0,0,0,0,0,0,1110,88,315,29df0200060100020000000000000000000000005604583b01
1,4706,0,188240,6,1,0,2,0,0,0,0,0,0,1110,88,315,50df0200060100020000000000000000000000005604583b01
1,4707,0,188281,6,1,0,2,0,0,0,0,0,0,1110,88,315,79df0200060100020000000000000000000000005604583b01
1,4708,0,188320,6,1,0,2,0,0,0,0,0,0,1110,88,315,a0df0200060100020000000000000000000000005604583b01
1,4709,0,188361,6,1,0,2,0,0,0,0,0,0,1110,88,315,c9df0200060100020000000000000000000000005604583b01
1,4710,0,188400,6,1,0,2,0,0,0,0,0,0,1110,88,315,f0df0200060100020000000000000000000000005604583b01
1,4711,0,188440,6,1,0,2,0,0,0,0,0,0,1110,88,315,18e00200060100020000000000000000000000005604583b01
1,4712,0,188481,6,1,0,2,0,0,0,0,0,0,1110,88,315,41e00200060100020000000000000000000000005604583b01
1,4713,0,188520,6,1,0,2,0,0,0,0,0,0,1110,88,315,68e00200060100020000000000000000000000005604583b01
1,4714,0,188560,6,1,0,2,0,0,0,0,0,0,1110,88,315,90e00200060100020000000000000000000000005604583b01
1,4715,0,188600,6,1,0,2,0,0,0,0,0,0,1110,88,315,b8e00200060100020000000000000000000000005604583b01
1,4716,0,188641,6,1,0,2,0,0,0,0,0,0,1110,88,315,e1e00200060100020000000000000000000000005604583b01
1,4717,0,188680,6,1,0,2,0,0,0,0,0,0,1110,88,315,08e10200060100020000000000000000000000005604583b01
1,4718,0,188720,6,1,0,2,0,0,0,0,0,0,1110,88,315,30e10200060100020000000000000000000000005604583b01
1,4719,0,188760,6,1,0,2,0,0,0,0,0,0,1110,88,315,58e10200060100020000000000000000000000005604583b01
1,4720,0,188800,6,1,0,2,0,0,0,0,0,0,1110,88,315,80e10200060100020000000000000000000000005604583b01
1,4721,0,188840,6,1,0,2,0,0,0,0,0,0,1110,88,315,a8e10200060100020000000000000000000000005604583b01
1,4722,0,188881,6,1,0,2,0,0,0,0,0,0,1110,88,315,d1e10200060100020000000000000000000000005604583b01
1,4723,0,188920,6,1,0,2,0,0,0,0,0,0,1110,88,315,f8e10200060100020000000000000000000000005604583b01
1,4724,0,188960,6,1,0,2,0,0,0,0,0,0,1110,88,315,20e20200060100020000000000000000000000005604583b01
1,4725,0,189000,6,1,0,2,0,0,0,0,0,0,1110,88,315,48e20200060100020000000000000000000000005604583b01
1,4726,0,189040,6,1,0,2,0,0,0,0,0,0,1110,88,315,70e20200060100020000000000000000000000005604583b01
1,4727,0,189080,6,1,0,2,0,0,0,0,0,0,1110,88,315,98e20200060100020000000000000000000000005604583b01
1,4728,0,189121,6,1,0,2,0,0,0,0,0,0,1110,88,315,c1e20200060100020000000000000000000000005604583b01
1,4729,0,189160,6,1,0,2,0,0,0,0,0,0,1110,88,315,e8e20200060100020000000000000000000000005604583b01
1,4730,0,189201,6,1,0,2,0,0,0,0,0,0,1110,88,315,11e30200060100020000000000000000000000005604583b01
1,4731,0,189240,6,1,0,2,0,0,0,0,0,0,1110,88,315,38e30200060100020000000000000000000000005604583b01
1,4732,0,189280,6,1,0,2,0,0,0,0,0,0,1110,88,315,60e30200060100020000000000000000000000005604583b01
1,4733,0,189321,6,1,0,2,0,0,0,0,0,0,1110,88,315,89e30200060100020000000000000000000000005604583b01
1,4734,0,189360,6,1,0,2,0,0,0,0,0,0,1110,88,315,b0e30200060100020000000000000000000000005604583b01
1,4735,0,189400,6,1,0,2,0,0,0,0,0,0,1110,88,315,d8e30200060100020000000000000000000000005604583b01
1,4736,0,189440,6,1,0,2,0,0,0,0,0,0,1110,88,315,00e40200060100020000000000000000000000005604583b01
1,4737,0,189480,6,1,0,2,0,0,0,0,0,0,1110,88,315,28e40200060100020000000000000000000000005604583b01
1,4738,0,189521,6,1,0,2,0,0,0,0,0,0,1110,88,315,51e40200060100020000000000000000000000005604583b01
1,4739,0,189560,6,1,0,2,0,0,0,0,0,0,1110,88,315,78e40200060100020000000000000000000000005604583b01
1,4740,0,189600,6,1,0,2,0,0,0,0,0,0,1110,88,315,a0e40200060100020000000000000000000000005604583b01
1,4741,0,189640,6,1,0,2,0,0,0,0,0,0,1110,88,315,c8e40200060100020000000000000000000000005604583b01
1,4742,0,189680,6,1,0,2,0,0,0,0,0,0,1110,88,315,f0e40200060100020000000000000000000000005604583b01
1,4743,0,189720,6,1,0,2,0,0,0,0,0,0,1110,88,315,18e50200060100020000000000000000000000005604583b01
1,4744,0,189761,6,1,0,2,0,0,0,0,0,0,1110,88,315,41e50200060100020000000000000000000000005604583b01
1,4745,0,189800,6,1,0,2,0,0,0,0,0,0,1110,88,315,68e50200060100020000000000000000000000005604583b01
1,4746,0,189840,6,1,0,2,0,0,0,0,0,0,1110,88,315,90e50200060100020000000000000000000000005604583b01
1,4747,0,189881,6,1,0,2,0,0,0,0,0,0,1110,88,315,b9e50200060100020000000000000000000000005604583b01
1,4748,0,189920,6,1,0,2,0,0,0,0,0,0,1110,88,315,e0e50200060100020000000000000000000000005604583b01
1,4749,0,189960,6,1,0,2,0,0,0,0,0,0,1110,88,315,08e60200060100020000000000000000000000005604583b01
1,4750,0,190000,6,1,0,2,0,0,0,0,0,0,1110,88,315,30e60200060100020000000000000000000000005604583b01
1,4751,0,190040,6,1,0,2,0,0,0,0,0,0,1110,88,315,58e60200060100020000000000000000000000005604583b01
1,4752,0,190080,6,1,0,2,0,0,0,0,0,0,1110,88,315,80e60200060100020000000000000000000000005604583b01
1,4753,0,190120,6,1,0,2,0,0,0,0,0,0,1110,88,315,a8e60200060100020000000000000000000000005604583b01
1,4754,0,190161,6,1,0,2,0,0,0,0,0,0,1110,88,315,d1e60200060100020000000000000000000000005604583b01
1,4755,0,190200,6,1,0,2,0,0,0,0,0,0,1110,88,315,f8e60200060100020000000000000000000000005604583b01
1,4756,0,190240,6,1,0,2,0,0,0,0,0,0,1110,88,315,20e70200060100020000000000000000000000005604583b01
1,4757,0,190280,6,1,0,2,0,0,0,0,0,0,1110,88,315,48e70200060100020000000000000000000000005604583b01
1,4758,0,190320,6,1,0,2,0,0,0,0,0,0,1110,88,315,70e70200060100020000000000000000000000005604583b01
1,4759,0,190361,6,1,0,2,0,0,0,0,0,0,1110,88,315,99e70200060100020000000000000000000000005604583b01
1,4760,0,190400,6,1,0,2,0,0,0,0,0,0,1110,88,315,c0e70200060100020000000000000000000000005604583b01
1,4761,0,190441,6,1,0,2,0,0,0,0,0,0,1110,88,315,e9e70200060100020000000000000000000000005604583b01
1,4762,0,190480,6,1,0,2,0,0,0,0,0,0,1110,88,315,10e80200060100020000000000000000000000005604583b01
1,4763,0,190521,6,1,0,2,0,0,0,0,0,0,1110,88,315,39e80200060100020000000000000000000000005604583b01
1,4764,0,190560,6,1,0,2,0,0,0,0,0,0,1110,88,315,60e80200060100020000000000000000000000005604583b01
1,4765,0,190600,6,1,0,2,0,0,0,0,0,0,1110,88,315,88e80200060100020000000000000000000000005604583b01
1,4766,0,190640,6,1,0,2,0,0,0,0,0,0,1110,88,315,b0e80200060100020000000000000000000000005604583b01
1,4767,0,190680,6,1,0,2,0,0,0,0,0,0,1110,88,315,d8e80200060100020000000000000000000000005604583b01
1,4768,0,190721,6,1,0,2,0,0,0,0,0,0,1110,88,315,01e90200060100020000000000000000000000005604583b01
1,4769,0,190760,6,1,0,2,0,0,0,0,0,0,1110,88,315,28e90200060100020000000000000000000000005604583b01
1,4770,0,190801,6,1,0,2,0,0,0,0,0,0,1110,88,315,51e90200060100020000000000000000000000005604583b01
1,4771,0,190840,6,1,0,2,0,0,0,0,0,0,1110,88,315,78e90200060100020000000000000000000000005604583b01
1,4772,0,190880,6,1,0,2,0,0,0,0,0,0,1110,88,315,a0e90200060100020000000000000000000000005604583b01
1,4773,0,190920,6,1,0,2,0,0,0,0,0,0,1110,88,315,c8e90200060100020000000000000000000000005604583b01
1,4774,0,190960,6,1,0,2,0,0,0,0,0,0,1110,88,315,f0e90200060100020000000000000000000000005604583b01
1,4775,0,191001,6,1,0,2,0,0,0,0,0,0,1110,88,315,19ea0200060100020000000000000000000000005604583b01
1,4776,0,191040,6,1,0,2,0,0,0,0,0,0,1110,88,315,40ea0200060100020000000000000000000000005604583b01
1,4777,0,191081,6,1,0,2,0,0,0,0,0,0,1110,88,315,69ea0200060100020000000000000000000000005604583b01
1,4778,0,191120,6,1,0,2,0,0,0,0,0,0,1110,88,315,90ea0200060100020000000000000000000000005604583b01
1,4779,0,191161,6,1,0,2,0,0,0,0,0,0,1110,88,315,b9ea0200060100020000000000000000000000005604583b01
1,4780,0,191201,6,1,0,2,0,0,0,0,0,0,1110,88,315,e1ea0200060100020000000000000000000000005604583b01
1,4781,0,191240,6,1,0,2,0,0,0,0,0,0,1110,88,315,08eb0200060100020000000000000000000000005604583b01
1,4782,0,191281,6,1,0,2,0,0,0,0,0,0,1110,88,315,31eb0200060100020000000000000000000000005604583b01
1,4783,0,191320,6,1,0,2,0,0,0,0,0,0,1110,88,315,58eb0200060100020000000000000000000000005604583b01
1,4784,0,191361,6,1,0,2,0,0,0,0,0,0,1110,88,315,81eb0200060100020000000000000000000000005604583b01
1,4785,0,191400,6,1,0,2,0,0,0,0,0,0,1110,88,315,a8eb0200060100020000000000000000000000005604583b01
1,4786,0,191440,6,1,0,2,0,0,0,0,0,0,1110,88,315,d0eb0200060100020000000000000000000000005604583b01
1,4787,0,191480,6,1,0,2,0,0,0,0,0,0,1110,88,315,f8eb0200060100020000000000000000000000005604583b01
1,4788,0,191520,6,1,0,2,0,0,0,0,0,0,1110,88,315,20ec0200060100020000000000000000000000005604583b01
1,4789,0,191560,6,1,0,2,0,0,0,0,0,0,1110,88,315,48ec0200060100020000000000000000000000005604583b01
1,4790,0,191601,6,1,0,2,0,0,0,0,0,0,1110,88,315,71ec0200060100020000000000000000000000005604583b01
1,4791,0,191640,6,1,0,2,0,0,0,0,0,0,1110,88,315,98ec0200060100020000000000000000000000005604583b01
1,4792,0,191680,6,1,0,2,0,0,0,0,0,0,1110,88,315,c0ec0200060100020000000000000000000000005604583b01
1,4793,0,191720,6,1,0,2,0,0,0,0,0,0,1110,88,315,e8ec0200060100020000000000000000000000005604583b01
1,4794,0,191760,6,1,0,2,0,0,0,0,0,0,1110,88,315,10ed0200060100020000000000000000000000005604583b01
1,4795,0,191800,6,1,0,2,0,0,0,0,0,0,1110,88,315,38ed0200060100020000000000000000000000005604583b01
1,4796,0,191840,6,1,0,2,0,0,0,0,0,0,1110,88,315,60ed0200060100020000000000000000000000005604583b01
1,4797,0,191880,6,1,0,2,0,0,0,0,0,0,1110,88,315,88ed0200060100020000000000000000000000005604583b01
1,4798,0,191920,6,1,0,2,0,0,0,0,0,0,1110,88,315,b0ed0200060100020000000000000000000000005604583b01
1,4799,0,191960,6,1,0,2,0,0,0,0,0,0,1110,88,315,d8ed0200060100020000000000000000000000005604583b01
1,4800,0,192001,6,1,0,2,0,0,0,0,0,0,1110,88,315,01ee0200060100020000000000000000000000005604583b01
1,4801,0,192040,6,1,0,2,0,0,0,0,0,0,1110,88,315,28ee0200060100020000000000000000000000005604583b01
1,4802,0,192080,6,1,0,2,0,0,0,0,0,0,1110,88,315,50ee0200060100020000000000000000000000005604583b01
1,4803,0,192121,6,1,0,2,0,0,0,0,0,0,1110,88,315,79ee0200060100020000000000000000000000005604583b01
1,4804,0,192160,6,1,0,2,0,0,0,0,0,0,1110,88,315,a0ee0200060100020000000000000000000000005604583b01
1,4805,0,192200,6,1,0,2,0,0,0,0,0,0,1110,88,315,c8ee0200060100020000000000000000000000005604583b01
1,4806,0,192241,6,1,0,2,0,0,0,0,0,0,1110,88,315,f1ee0200060100020000000000000000000000005604583b01
1,4807,0,192281,6,1,0,2,0,0,0,0,0,0,1110,88,315,19ef0200060100020000000000000000000000005604583b01
1,4808,0,192320,6,1,0,2,0,0,0,0,0,0,1110,88,315,40ef0200060100020000000000000000000000005604583b01
1,4809,0,192360,6,1,0,2,0,0,0,0,0,0,1110,88,315,68ef0200060100020000000000000000000000005604583b01
1,4810,0,192400,6,1,0,2,0,0,0,0,0,0,1110,88,315,90ef0200060100020000000000000000000000005604583b01
1,4811,0,192441,6,1,0,2,0,0,0,0,0,0,1110,88,315,b9ef0200060100020000000000000000000000005604583b01
1,4812,0,192480,6,1,0,2,0,0,0,0,0,0,1110,88,315,e0ef0200060100020000000000000000000000005604583b01
1,4813,0,192520,6,1,0,2,0,0,0,0,0,0,1110,88,315,08f00200060100020000000000000000000000005604583b01
1,4814,0,192560,6,1,0,2,0,0,0,0,0,0,1110,88,315,30f00200060100020000000000000000000000005604583b01
1,4815,0,192601,6,1,0,2,0,0,0,0,0,0,1110,88,315,59f00200060100020000000000000000000000005604583b01
1,4816,0,192640,6,1,0,2,0,0,0,0,0,0,1110,88,315,80f00200060100020000000000000000000000005604583b01
1,4817,0,192680,6,1,0,2,0,0,0,0,0,0,1110,88,315,a8f00200060100020000000000000000000000005604583b01
1,4818,0,192720,6,1,0,2,0,0,0,0,0,0,1110,88,315,d0f00200060100020000000000000000000000005604583b01
1,4819,0,192760,6,1,0,2,0,0,0,0,0,0,1110,88,315,f8f00200060100020000000000000000000000005604583b01
1,4820,0,192800,6,1,0,2,0,0,0,0,0,0,1110,88,315,20f10200060100020000000000000000000000005604583b01
1,4821,0,192840,6,1,0,2,0,0,0,0,0,0,1110,88,315,48f10200060100020000000000000000000000005604583b01
1,4822,0,192880,6,1,0,2,0,0,0,0,0,0,1110,88,315,70f10200060100020000000000000000000000005604583b01
1,4823,0,192920,6,1,0,2,0,0,0,0,0,0,1110,88,315,98f10200060100020000000000000000000000005604583b01
1,4824,0,192961,6,1,0,2,0,0,0,0,0,0,1110,88,315,c1f10200060100020000000000000000000000005604583b01
1,4825,0,193000,6,1,0,2,0,0,0,0,0,0,1110,88,315,e8f10200060100020000000000000000000000005604583b01
1,4826,0,193040,6,1,0,2,0,0,0,0,0,0,1110,88,315,10f20200060100020000000000000000000000005604583b01
1,4827,0,193080,6,1,0,2,0,0,0,0,0,0,1110,88,315,38f20200060100020000000000000000000000005604583b01
1,4828,0,193120,6,1,0,2,0,0,0,0,0,0,1110,88,315,60f20200060100020000000000000000000000005604583b01
1,4829,0,193160,6,1,0,2,0,0,0,0,0,0,1110,88,315,88f20200060100020000000000000000000000005604583b01
1,4830,0,193200,6,1,0,2,0,0,0,0,0,0,1110,88,315,b0f20200060100020000000000000000000000005604583b01
1,4831,0,193240,6,1,0,2,0,0,0,0,0,0,1110,88,315,d8f20200060100020000000000000000000000005604583b01
1,4832,0,193281,6,1,0,2,0,0,0,0,0,0,1110,88,315,01f30200060100020000000000000000000000005604583b01
1,4833,0,193321,6,1,0,2,0,0,0,0,0,0,1110,88,315,29f30200060100020000000000000000000000005604583b01
1,4834,0,193360,6,1,0,2,0,0,0,0,0,0,1110,88,315,50f30200060100020000000000000000000000005604583b01
1,4835,0,193400,6,1,0,2,0,0,0,0,0,0,1110,88,315,78f30200060100020000000000000000000000005604583b01
1,4836,0,193440,6,1,0,2,0,0,0,0,0,0,1110,88,315,a0f30200060100020000000000000000000000005604583b01
1,4837,0,193480,6,1,0,2,0,0,0,0,0,0,1110,88,315,c8f30200060100020000000000000000000000005604583b01
1,4838,0,193520,6,1,0,2,0,0,0,0,0,0,1110,88,315,f0f30200060100020000000000000000000000005604583b01
1,4839,0,193560,6,1,0,2,0,0,0,0,0,0,1110,88,315,18f40200060100020000000000000000000000005604583b01
1,4840,0,193601,6,1,0,2,0,0,0,0,0,0,1110,88,315,41f40200060100020000000000000000000000005604583b01
1,4841,0,193640,6,1,0,2,0,0,0,0,0,0,1110,88,315,68f40200060100020000000000000000000000005604583b01
1,4842,0,193680,6,1,0,2,0,0,0,0,0,0,1110,88,315,90f40200060100020000000000000000000000005604583b01
1,4843,0,193720,6,1,0,2,0,0,0,0,0,0,1110,88,315,b8f40200060100020000000000000000000000005604583b01
1,4844,0,193760,6,1,0,2,0,0,0,0,0,0,1110,88,315,e0f40200060100020000000000000000000000005604583b01
1,4845,0,193800,6,1,0,2,0,0,0,0,0,0,1110,88,315,08f50200060100020000000000000000000000005604583b01
1,4846,0,193840,6,1,0,2,0,0,0,0,0,0,1110,88,315,30f50200060100020000000000000000000000005604583b01
1,4847,0,193880,6,1,0,2,0,0,0,0,0,0,1110,88,315,58f50200060100020000000000000000000000005604583b01
1,4848,0,193920,6,1,0,2,0,0,0,0,0,0,1110,88,315,80f50200060100020000000000000000000000005604583b01
1,4849,0,193960,6,1,0,2,0,0,0,0,0,0,1110,88,315,a8f50200060100020000000000000000000000005604583b01
1,4850,0,194000,6,1,0,2,0,0,0,0,0,0,1110,88,315,d0f50200060100020000000000000000000000005604583b01
1,4851,0,194040,6,1,0,2,0,0,0,0,0,0,1110,88,315,f8f50200060100020000000000000000000000005604583b01
1,4852,0,194081,6,1,0,2,0,0,0,0,0,0,1110,88,315,21f60200060100020000000000000000000000005604583b01
1,4853,0,194120,6,1,0,2,0,0,0,0,0,0,1110,88,315,48f60200060100020000000000000000000000005604583b01
1,4854,0,194161,6,1,0,2,0,0,0,0,0,0,1110,88,315,71f60200060100020000000000000000000000005604583b01
1,4855,0,194200,6,1,0,2,0,0,0,0,0,0,1110,88,315,98f60200060100020000000000000000000000005604583b01
1,4856,0,194240,6,1,0,2,0,0,0,0,0,0,1110,88,315,c0f60200060100020000000000000000000000005604583b01
1,4857,0,194280,6,1,0,2,0,0,0,0,0,0,1110,88,315,e8f60200060100020000000000000000000000005604583b01
1,4858,0,194320,6,1,0,2,0,0,0,0,0,0,1110,88,315,10f70200060100020000000000000000000000005604583b01
1,4859,0,194361,6,1,0,2,0,0,0,0,0,0,1110,88,315,39f70200060100020000000000000000000000005604583b01
1,4860,0,194400,6,1,0,2,0,0,0,0,0,0,1110,88,315,60f70200060100020000000000000000000000005604583b01
1,4861,0,194440,6,1,0,2,0,0,0,0,0,0,1110,88,315,88f70200060100020000000000000000000000005604583b01
1,4862,0,194480,6,1,0,2,0,0,0,0,0,0,1110,88,315,b0f70200060100020000000000000000000000005604583b01
1,4863,0,194520,6,1,0,2,0,0,0,0,0,0,1110,88,315,d8f70200060100020000000000000000000000005604583b01
1,4864,0,194560,6,1,0,2,0,0,0,0,0,0,1110,88,315,00f80200060100020000000000000000000000005604583b01
1,4865,0,194601,6,1,0,2,0,0,0,0,0,0,1110,88,315,29f80200060100020000000000000000000000005604583b01
1,4866,0,194640,6,1,0,2,0,0,0,0,0,0,1110,88,315,50f80200060100020000000000000000000000005604583b01
1,4867,0,194680,6,1,0,2,0,0,0,0,0,0,1110,88,315,78f80200060100020000000000000000000000005604583b01
1,4868,0,194720,6,1,0,2,0,0,0,0,0,0,1110,88,315,a0f80200060100020000000000000000000000005604583b01
1,4869,0,194760,6,1,0,2,0,0,0,0,0,0,1110,88,315,c8f80200060100020000000000000000000000005604583b01
1,4870,0,194800,6,1,0,2,0,0,0,0,0,0,1110,88,315,f0f80200060100020000000000000000000000005604583b01
1,4871,0,194840,6,1,0,2,0,0,0,0,0,0,1110,88,315,18f90200060100020000000000000000000000005604583b01
1,4872,0,194880,6,1,0,2,0,0,0,0,0,0,1110,88,315,40f90200060100020000000000000000000000005604583b01
1,4873,0,194920,6,1,0,2,0,0,0,0,0,0,1110,88,315,68f90200060100020000000000000000000000005604583b01
1,4874,0,194960,6,1,0,2,0,0,0,0,0,0,1110,88,315,90f90200060100020000000000000000000000005604583b01
1,4875,0,195000,6,1,0,2,0,0,0,0,0,0,1110,88,315,b8f90200060100020000000000000000000000005604583b01
1,4876,0,195040,6,1,0,2,0,0,0,0,0,0,1110,88,315,e0f90200060100020000000000000000000000005604583b01
1,4877,0,195081,6,1,0,2,0,0,0,0,0,0,1110,88,315,09fa0200060100020000000000000000000000005604583b01
1,4878,0,195120,6,1,0,2,0,0,0,0,0,0,1110,88,315,30fa0200060100020000000000000000000000005604583b01
1,4879,0,195161,6,1,0,2,0,0,0,0,0,0,1110,88,315,59fa0200060100020000000000000000000000005604583b01
1,4880,0,195200,6,1,0,2,0,0,0,0,0,0,1110,88,315,80fa0200060100020000000000000000000000005604583b01
1,4881,0,195240,6,1,0,2,0,0,0,0,0,0,1110,88,315,a8fa0200060100020000000000000000000000005604583b01
1,4882,0,195280,6,1,0,2,0,0,0,0,0,0,1110,88,315,d0fa0200060100020000000000000000000000005604583b01
1,4883,0,195320,6,1,0,2,0,0,0,0,0,0,1110,88,315,f8fa0200060100020000000000000000000000005604583b01
1,4884,0,195361,6,1,0,2,0,0,0,0,0,0,1110,88,315,21fb0200060100020000000000000000000000005604583b01
1,4885,0,195400,6,1,0,2,0,0,0,0,0,0,1110,88,315,48fb0200060100020000000000000000000000005604583b01
1,4886,0,195441,6,1,0,2,0,0,0,0,0,0,1110,88,315,71fb0200060100020000000000000000000000005604583b01
1,4887,0,195480,6,1,0,2,0,0,0,0,0,0,1110,88,315,98fb0200060100020000000000000000000000005604583b01
1,4888,0,195520,6,1,0,2,0,0,0,0,0,0,1110,88,315,c0fb0200060100020000000000000000000000005604583b01
1,4889,0,195560,6,1,0,2,0,0,0,0,0,0,1110,88,315,e8fb0200060100020000000000000000000000005604583b01
1,4890,0,195600,6,1,0,2,0,0,0,0,0,0,1110,88,315,10fc0200060100020000000000000000000000005604583b01
1,4891,0,195640,6,1,0,2,0,0,0,0,0,0,1110,88,315,38fc0200060100020000000000000000000000005604583b01
1,4892,0,195680,6,1,0,2,0,0,0,0,0,0,1110,88,315,60fc0200060100020000000000000000000000005604583b01
1,4893,0,195721,6,1,0,2,0,0,0,0,0,0,1110,88,315,89fc0200060100020000000000000000000000005604583b01
1,4894,0,195760,6,1,0,2,0,0,0,0,0,0,1110,88,315,b0fc0200060100020000000000000000000000005604583b01
1,4895,0,195800,6,1,0,2,0,0,0,0,0,0,1110,88,315,d8fc0200060100020000000000000000000000005604583b01
1,4896,0,195840,6,1,0,2,0,0,0,0,0,0,1110,88,315,00fd0200060100020000000000000000000000005604583b01
1,4897,0,195880,6,1,0,2,0,0,0,0,0,0,1110,88,315,28fd0200060100020000000000000000000000005604583b01
1,4898,0,195920,6,1,0,2,0,0,0,0,0,0,1110,88,315,50fd0200060100020000000000000000000000005604583b01
1,4899,0,195960,6,1,0,2,0,0,0,0,0,0,1110,88,315,78fd0200060100020000000000000000000000005604583b01
1,4900,0,196000,6,1,0,2,0,0,0,0,0,0,1110,88,315,a0fd0200060100020000000000000000000000005604583b01
1,4901,0,196040,6,1,0,2,0,0,0,0,0,0,1110,88,315,c8fd0200060100020000000000000000000000005604583b01
1,4902,0,196081,6,1,0,2,0,0,0,0,0,0,1110,88,315,f1fd0200060100020000000000000000000000005604583b01
1,4903,0,196120,6,1,0,2,0,0,0,0,0,0,1110,88,315,18fe0200060100020000000000000000000000005604583b01
1,4904,0,196161,6,1,0,2,0,0,0,0,0,0,1110,88,315,41fe0200060100020000000000000000000000005604583b01
1,4905,0,196200,6,1,0,2,0,0,0,0,0,0,1110,88,315,68fe0200060100020000000000000000000000005604583b01
1,4906,0,196240,6,1,0,2,0,0,0,0,0,0,1110,88,315,90fe0200060100020000000000000000000000005604583b01
1,4907,0,196280,6,1,0,2,0,0,0,0,0,0,1110,88,315,b8fe0200060100020000000000000000000000005604583b01
1,4908,0,196320,6,1,0,2,0,0,0,0,0,0,1110,88,315,e0fe0200060100020000000000000000000000005604583b01
1,4909,0,196361,6,1,0,2,0,0,0,0,0,0,1110,88,315,09ff0200060100020000000000000000000000005604583b01
1,4910,0,196401,6,1,0,2,0,0,0,0,0,0,1110,88,315,31ff0200060100020000000000000000000000005604583b01
1,4911,0,196440,6,1,0,2,0,0,0,0,0,0,1110,88,315,58ff0200060100020000000000000000000000005604583b01
1,4912,0,196480,6,1,0,2,0,0,0,0,0,0,1110,88,315,80ff0200060100020000000000000000000000005604583b01
1,4913,0,196520,6,1,0,2,0,0,0,0,0,0,1110,88,315,a8ff0200060100020000000000000000000000005604583b01
1,4914,0,196561,6,1,0,2,0,0,0,0,0,0,1110,88,315,d1ff0200060100020000000000000000000000005604583b01
1,4915,0,196600,6,1,0,2,0,0,0,0,0,0,1110,88,315,f8ff0200060100020000000000000000000000005604583b01
1,4916,0,196640,6,1,0,2,0,0,0,0,0,0,1110,88,315,20000300060100020000000000000000000000005604583b01
1,4917,0,196681,6,1,0,2,0,0,0,0,0,0,1110,88,315,49000300060100020000000000000000000000005604583b01
1,4918,0,196720,6,1,0,2,0,0,0,0,0,0,1110,88,315,70000300060100020000000000000000000000005604583b01
1,4919,0,196760,6,1,0,2,0,0,0,0,0,0,1110,88,315,98000300060100020000000000000000000000005604583b01
1,4920,0,196800,6,1,0,2,0,0,0,0,0,0,1110,88,315,c0000300060100020000000000000000000000005604583b01
1,4921,0,196840,6,1,0,2,0,0,0,0,0,0,1110,88,315,e8000300060100020000000000000000000000005604583b01
1,4922,0,196880,6,1,0,2,0,0,0,0,0,0,1110,88,315,10010300060100020000000000000000000000005604583b01
1,4923,0,196920,6,1,0,2,0,0,0,0,0,0,1110,88,315,38010300060100020000000000000000000000005604583b01
1,4924,0,196960,6,1,0,2,0,0,0,0,0,0,1110,88,315,60010300060100020000000000000000000000005604583b01
1,4925,0,197000,6,1,0,2,0,0,0,0,0,0,1110,88,315,88010300060100020000000000000000000000005604583b01
1,4926,0,197040,6,1,0,2,0,0,0,0,0,0,1110,88,315,b0010300060100020000000000000000000000005604583b01
1,4927,0,197081,6,1,0,2,0,0,0,0,0,0,1110,88,315,d9010300060100020000000000000000000000005604583b01
1,4928,0,197120,6,1,0,2,0,0,0,0,0,0,1110,88,315,00020300060100020000000000000000000000005604583b01
1,4929,0,197161,6,1,0,2,0,0,0,0,0,0,1110,88,315,29020300060100020000000000000000000000005604583b01
1,4930,0,197200,6,1,0,2,0,0,0,0,0,0,1110,88,315,50020300060100020000000000000000000000005604583b01
1,4931,0,197240,6,1,0,2,0,0,0,0,0,0,1110,88,315,78020300060100020000000000000000000000005604583b01
1,4932,0,197280,6,1,0,2,0,0,0,0,0,0,1110,88,315,a0020300060100020000000000000000000000005604583b01
1,4933,0,197321,6,1,0,2,0,0,0,0,0,0,1110,88,315,c9020300060100020000000000000000000000005604583b01
1,4934,0,197360,6,1,0,2,0,0,0,0,0,0,1110,88,315,f0020300060100020000000000000000000000005604583b01
1,4935,0,197400,6,1,0,2,0,0,0,0,0,0,1110,88,315,18030300060100020000000000000000000000005604583b01
1,4936,0,197441,6,1,0,2,0,0,0,0,0,0,1110,88,315,41030300060100020000000000000000000000005604583b01
1,4937,0,197480,6,1,0,2,0,0,0,0,0,0,1110,88,315,68030300060100020000000000000000000000005604583b01
1,4938,0,197521,6,1,0,2,0,0,0,0,0,0,1110,88,315,91030300060100020000000000000000000000005604583b01
1,4939,0,197561,6,1,0,2,0,0,0,0,0,0,1110,88,315,b9030300060100020000000000000000000000005604583b01
1,4940,0,197600,6,1,0,2,0,0,0,0,0,0,1110,88,315,e0030300060100020000000000000000000000005604583b01
1,4941,0,197641,6,1,0,2,0,0,0,0,0,0,1110,88,315,09040300060100020000000000000000000000005604583b01
1,4942,0,197680,6,1,0,2,0,0,0,0,0,0,1110,88,315,30040300060100020000000000000000000000005604583b01
1,4943,0,197720,6,1,0,2,0,0,0,0,0,0,1110,88,315,58040300060100020000000000000000000000005604583b01
1,4944,0,197760,6,1,0,2,0,0,0,0,0,0,1110,88,315,80040300060100020000000000000000000000005604583b01
1,4945,0,197801,6,1,0,2,0,0,0,0,0,0,1110,88,315,a9040300060100020000000000000000000000005604583b01
1,4946,0,197840,6,1,0,2,0,0,0,0,0,0,1110,88,315,d0040300060100020000000000000000000000005604583b01
1,4947,0,197880,6,1,0,2,0,0,0,0,0,0,1110,88,315,f8040300060100020000000000000000000000005604583b01
1,4948,0,197920,6,1,0,2,0,0,0,0,0,0,1110,88,315,20050300060100020000000000000000000000005604583b01
1,4949,0,197960,6,1,0,2,0,0,0,0,0,0,1110,88,315,48050300060100020000000000000000000000005604583b01
1,4950,0,198000,6,1,0,2,0,0,0,0,0,0,1110,88,315,70050300060100020000000000000000000000005604583b01
1,4951,0,198040,6,1,0,2,0,0,0,0,0,0,1110,88,315,98050300060100020000000000000000000000005604583b01
1,4952,0,198080,6,1,0,2,0,0,0,0,0,0,1110,88,315,c0050300060100020000000000000000000000005604583b01
1,4953,0,198120,6,1,0,2,0,0,0,0,0,0,1110,88,315,e8050300060100020000000000000000000000005604583b01
1,4954,0,198160,6,1,0,2,0,0,0,0,0,0,1110,88,315,10060300060100020000000000000000000000005604583b01
1,4955,0,198200,6,1,0,2,0,0,0,0,0,0,1110,88,315,38060300060100020000000000000000000000005604583b01
1,4956,0,198240,6,1,0,2,0,0,0,0,0,0,1110,88,315,60060300060100020000000000000000000000005604583b01
1,4957,0,198281,6,1,0,2,0,0,0,0,0,0,1110,88,315,89060300060100020000000000000000000000005604583b01
1,4958,0,198320,6,1,0,2,0,0,0,0,0,0,1110,88,315,b0060300060100020000000000000000000000005604583b01
1,4959,0,198360,6,1,0,2,0,0,0,0,0,0,1110,88,315,d8060300060100020000000000000000000000005604583b01
1,4960,0,198400,6,1,0,2,0,0,0,0,0,0,1110,88,315,00070300060100020000000000000000000000005604583b01
1,4961,0,198440,6,1,0,2,0,0,0,0,0,0,1110,88,315,28070300060100020000000000000000000000005604583b01
1,4962,0,198481,6,1,0,2,0,0,0,0,0,0,1110,88,315,51070300060100020000000000000000000000005604583b01
1,4963,0,198520,6,1,0,2,0,0,0,0,0,0,1110,88,315,78070300060100020000000000000000000000005604583b01
1,4964,0,198560,6,1,0,2,0,0,0,0,0,0,1110,88,315,a0070300060100020000000000000000000000005604583b01
1,4965,0,198600,6,1,0,2,0,0,0,0,0,0,1110,88,315,c8070300060100020000000000000000000000005604583b01
1,4966,0,198640,6,1,0,2,0,0,0,0,0,0,1110,88,315,f0070300060100020000000000000000000000005604583b01
1,4967,0,198681,6,1,0,2,0,0,0,0,0,0,1110,88,315,19080300060100020000000000000000000000005604583b01
1,4968,0,198721,6,1,0,2,0,0,0,0,0,0,1110,88,315,41080300060100020000000000000000000000005604583b01
1,4969,0,198760,6,1,0,2,0,0,0,0,0,0,1110,88,315,68080300060100020000000000000000000000005604583b01
1,4970,0,198801,6,1,0,2,0,0,0,0,0,0,1110,88,315,91080300060100020000000000000000000000005604583b01
1,4971,0,198841,6,1,0,2,0,0,0,0,0,0,1110,88,315,b9080300060100020000000000000000000000005604583b01
1,4972,0,198880,6,1,0,2,0,0,0,0,0,0,1110,88,315,e0080300060100020000000000000000000000005604583b01
1,4973,0,198920,6,1,0,2,0,0,0,0,0,0,1110,88,315,08090300060100020000000000000000000000005604583b01
1,4974,0,198960,6,1,0,2,0,0,0,0,0,0,1110,88,315,30090300060100020000000000000000000000005604583b01
1,4975,0,199000,6,1,0,2,0,0,0,0,0,0,1110,88,315,58090300060100020000000000000000000000005604583b01
1,4976,0,199040,6,1,0,2,0,0,0,0,0,0,1110,88,315,80090300060100020000000000000000000000005604583b01
1,4977,0,199080,6,1,0,2,0,0,0,0,0,0,1110,88,315,a8090300060100020000000000000000000000005604583b01
1,4978,0,199121,6,1,0,2,0,0,0,0,0,0,1110,88,315,d1090300060100020000000000000000000000005604583b01
1,4979,0,199160,6,1,0,2,0,0,0,0,0,0,1110,88,315,f8090300060100020000000000000000000000005604583b01
1,4980,0,199200,6,1,0,2,0,0,0,0,0,0,1110,88,315,200a0300060100020000000000000000000000005604583b01
1,4981,0,199240,6,1,0,2,0,0,0,0,0,0,1110,88,315,480a0300060100020000000000000000000000005604583b01
1,4982,0,199280,6,1,0,2,0,0,0,0,0,0,1110,88,315,700a0300060100020000000000000000000000005604583b01
1,4983,0,199320,6,1,0,2,0,0,0,0,0,0,1110,88,315,980a0300060100020000000000000000000000005604583b01
1,4984,0,199360,6,1,0,2,0,0,0,0,0,0,1110,88,315,c00a0300060100020000000000000000000000005604583b01
1,4985,0,199400,6,1,0,2,0,0,0,0,0,0,1110,88,315,e80a0300060100020000000000000000000000005604583b01
1,4986,0,199440,6,1,0,2,0,0,0,0,0,0,1110,88,315,100b0300060100020000000000000000000000005604583b01
1,4987,0,199480,6,1,0,2,0,0,0,0,0,0,1110,88,315,380b0300060100020000000000000000000000005604583b01
1,4988,0,199520,6,1,0,2,0,0,0,0,0,0,1110,88,315,600b0300060100020000000000000000000000005604583b01
1,4989,0,199560,6,1,0,2,0,0,0,0,0,0,1110,88,315,880b0300060100020000000000000000000000005604583b01
1,4990,0,199600,6,1,0,2,0,0,0,0,0,0,1110,88,315,b00b0300060100020000000000000000000000005604583b01
1,4991,0,199640,6,1,0,2,0,0,0,0,0,0,1110,88,315,d80b0300060100020000000000000000000000005604583b01
1,4992,0,199680,6,1,0,2,0,0,0,0,0,0,1110,88,315,000c0300060100020000000000000000000000005604583b01
1,4993,0,199720,6,1,0,2,0,0,0,0,0,0,1110,88,315,280c0300060100020000000000000000000000005604583b01
1,4994,0,199760,6,1,0,2,0,0,0,0,0,0,1110,88,315,500c0300060100020000000000000000000000005604583b01
1,4995,0,199800,6,1,0,2,0,0,0,0,0,0,1110,88,315,780c0300060100020000000000000000000000005604583b01
1,4996,0,199840,6,1,0,2,0,0,0,0,0,0,1110,88,315,a00c0300060100020000000000000000000000005604583b01
1,4997,0,199880,6,1,0,2,0,0,0,0,0,0,1110,88,315,c80c0300060100020000000000000000000000005604583b01
1,4998,0,199921,6,1,0,2,0,0,0,0,0,0,1110,88,315,f10c0300060100020000000000000000000000005604583b01
1,4999,0,199960,6,1,0,2,0,0,0,0,0,0,1110,88,315,180d0300060100020000000000000000000000005604583b01
1,5000,0,200000,10,1,0,2,0,0,0,0,0,0,1110,88,315,400d03000a0100020000000000000000000000005604583b01
